:10000000000002209D650100C5650100C765010073
:10001000C9650100CB650100CD650100000000004D
:10002000000000000000000000000000CF6501009B
:10003000D165010000000000D3650100D565010015
:10004000D7650100FD5501003D6401000164010018
:1000500015640100D7650100094F0100ED6B010037
:10006000256001002D60010035600100D7650100A9
:10007000D7650100D7650100D7650100D76501008C
:10008000D7650100D7650100D7650100D76501007C
:10009000D7650100D7650100D7650100D76501006C
:1000A000D7650100D76501003D6001004560010092
:1000B000D7650100D76501000000000000000000C6
:1000C000D7650100D7650100D765010029640100EB
:1000D000D7650100D7650100D7650100D76501002C
:1000E0006564010000000000000000000000000046
:1000F00000000000D765010000000000516401000D
:1001000000000000000000000000000000000000EF
:1001100000000000000000000000000000000000DF
:1001200000000000000000000000000000000000CF
:1001300000000000000000000000000000000000BF
:1001400000000000000000000000000000000000AF
:10015000000000000000000000000000000000009F
:10016000000000000000000000000000000000008F
:10017000000000000000000000000000000000007F
:10018000000000000000000000000000000000006F
:10019000000000000000000000000000000000005F
:1001A000000000000000000000000000000000004F
:1001B000000000000000000000000000000000003F
:1001C000000000000000000000000000000000002F
:1001D000000000000000000000000000000000001F
:1001E000000000000000000000000000000000000F
:1001F00000000000000000000000000000000000FF
:100200007CB0EE877CB0EE87FF00FF00FF00FF00B0
:10021000FF00FF00FF00FF00FF00FF00FF00FF00E6
:10022000FF00FF00FF00FF00FF00FF00FF00FF00D6
:10023000FF00FF00FF00FF002DE9F04F85B00391A4
:100240000778A7F10903042B044607F07F0200F1A9
:100250000100F5D9202AF3D02B2F04BF677804467C
:100260002D2F72D09FED427B8DED007B4FF000086B
:100270004FF000098FB34FF0000E4FF0000ADFF887
:1002800000B1754619E019F0EFFA8046894630460C
:1002900019F084FA42464B4619F034F9524680462A
:1002A00089465B46DDE9000135B319F007FCCDE96D
:1002B0000001AE4614F8017F7FB1A7F13006092E88
:1002C00052465B4640464946DDD9C5B92E2F16D168
:1002D00014F8017F0125002FEFD142464B46DDE99E
:1002E000000119F0C1FA80468946039B4046494601
:1002F0001C6005B0BDE8F08F4FF0010EDAE7BEF1EB
:10030000000F29D042464B46DDE9000119F0ACFA56
:1003100007F0DF07452F80468946E6D10399601C28
:100320000A2219F0D3F816490246002019F0FCFD04
:1003300002460B464046494619F096FA80468946E1
:100340004046494605B0BDE8F08F9FED0B7B6778CE
:100350008DED007B013489E7DFF828904FF000082D
:100360004046494605B0BDE8F08F00BFAFF30080BE
:10037000000000000000F03F000000000000F0BF9F
:10038000000024400000F87F2DE9F84F16460023B6
:10039000002204460D4619F0D9FC002840F09D804B
:1003A000002200232046294619F0C6FC28B130223D
:1003B000002332707370BDE8F88F2046294617F08D
:1003C00055FD19F001FD7BA3D3E9002381462946A1
:1003D000204619F0BBFC002800F08680B9F1000F20
:1003E000C0F2BE804A4600206F4919F09DFD0246CA
:1003F0000B462046294619F061FB04460D4666A1CE
:10040000D1E9000101274FF0000822462B4619F0E0
:100410002BFA0022654B19F075F819F0C1FD002F79
:10042000CC464FF0FF3AC1464FF0000840F38580BC
:10043000DFF888E15E4C0122AEF1700945F6F32544
:100440004FF02E0BA94208BFA0424FF0300309D352
:10045000001B61EB0501A94208BFA04203F10103A3
:10046000F6D2DBB2337050EA010306F1010409D180
:10047000BA4210DACE4502F101020CD026467EE8DF
:100480000245DFE7BA4204BF86F801B0B41CCE458E
:1004900002F10102F2D1B8F1000F0DD02246302155
:1004A00002F8011BC2F1010353442344002BF7DC83
:1004B0002AEAEA7301331C44BCF1010F4CD06523D6
:1004C000BCF1000F2370C5BF2B236370611CA11CFE
:1004D0006046BDE8F84F0FF05FBF05F100431D46D1
:1004E0002D23337001365BE72DA3D3E9002320468B
:1004F000294619F049FC00287FF470AFB9F10E0FBE
:1005000009F101073DDDA9F10E0842460020264908
:1005100019F00AFD02460B462046294619F0CEFA8C
:100520000022224B18F0EEFF19F03AFD002FA9F13E
:100530000F0A4FF0010C3FF77BAF334630222E24D9
:1005400003F8022B74707FEA090618D01E4403F8E2
:10055000012BB342FBD16BE700232370BDE8F88F7A
:10056000C9F100020020104919F0DEFC02460B46DA
:100570002046294619F078F904460D463FE71E4605
:1005800056E7C9F10E0200200749C84619F0CCFC15
:100590004FF0010939E700BF0000901EC4BCD642ED
:1005A00050EFE2D6E41A4B44000024400000E03F44
:1005B00000407A108DEDB5A0F7C6B03EB8AA010094
:1005C00070B54FF0FF3006F035FA04466FF07F400B
:1005D00006F030FA0646204619F0D0F800220C4BFF
:1005E00019F042F9044630460D4619F0C7F806A343
:1005F000D3E9002319F062FA02460B462046294649
:1006000018F080FF70BD00BF0000E0DFFFFF6F4308
:100610000000F03D000000002DE9F04F2DED028BB1
:10062000044683B0C06819F0B9F88046206989464D
:1006300019F0B4F8824660698B4619F0AFF80246AB
:1006400001F1004306460F464046494617F0BAFA04
:1006500019F002FCE062054617F068F9019028469F
:1006600017F018F9019B0546184619F0A9F84246FB
:100670004B4619F0F9F880462846894619F0A0F84B
:1006800032463B4619F0F0F802460B4640464946D2
:1006900018F036FF02460B465046594617F092FABC
:1006A00019F0DAFB002208EE100A00233046394622
:1006B00019F06AFB28B3B5EEC08AF1EE10FA1CDD22
:1006C00011A7D7E9006718EE100A19F079F8024669
:1006D0000B463046394618F013FF32463B4618F0B9
:1006E00011FF19F0B9FBA062E38843F00203E38035
:1006F00003B0BDEC028BBDE8F08F05A7D7E900671A
:10070000E1E784ED0A8AEFE7EA2E4454FB21F93F42
:10071000EA2E4454FB21F9BF08B511F02BF9DFEDA7
:100720000C7A07EE100A67EE277A17EE900A19F096
:1007300047F805A3D3E9002319F0C0F919F044FBE9
:1007400008BD00BFAFF30080EA2E4454FB211940DE
:100750000000B4430000000008B511F01FF9DFED00
:100760000C7A07EE100A67EE277A17EE900A19F056
:1007700027F805A3D3E9002319F0A0F919F024FB09
:1007800008BD00BFAFF30080EA2E4454FB2119409E
:100790000000B44300000000494A21F000439342A6
:1007A0002DE9704304460D464BDC464A93420E4603
:1007B0000EDC3FA3D3E9002318F0A4FE0022424B35
:1007C00019F0E2FA00284CD020462946BDE8708393
:1007D0003E4A93423BDCB3F1804F42DD16F040FFCE
:1007E0002246804689462B462046294619F03CF889
:1007F0000022354B18F086FE17F0F6FD02460B4638
:100800004046494618F07EFE02460B4600202E491F
:1008100019F054F9424604460D464B4640464946B7
:1008200018F070FE02460B462046294618F06AFE74
:1008300002F06AF8002EC9DC01F100431946BDE858
:10084000708302460B4618F05DFEBDE8708316F01B
:1008500007FF02F059F818A3D3E9002318F052FE5D
:10086000E8E722462B462046294618F0FDFF804641
:1008700089462046294616F0F3FE002204460D461E
:10088000114B4046494618F03DFE17F0ADFD0022E1
:100890000D4B18F037FE02460B464046494619F00C
:1008A0000DF922462B4618F02DFE00F0C5FAC1E7DF
:1008B0009C7500883CE4377EEF39FAFE422EE63F15
:1008C000FFFFEF7FFFFF2F3E0000F03F0000B04131
:1008D0002DE9F84FC44B21F000469E4204460D46D8
:1008E0008A460EDDC14B9E4200F3AC8000F0A7802B
:1008F000BAF1000F40F3EA809FA1D1E90001BDE801
:10090000F88FBB4B9E4200F3B580A3F1DE739E428D
:1009100040F3A0804FF0FF3B22462B46204629465D
:1009200018F0A2FF02460B468046894618F09CFF4D
:1009300093A3D3E9002306460F4618F095FF92A330
:10094000D3E9002318F0DEFD32463B4618F08CFF59
:100950008FA3D3E9002318F0D5FD32463B4618F0AB
:1009600083FF8DA3D3E9002318F0CCFD32463B462C
:1009700018F07AFF8AA3D3E9002318F0C3FD3246AA
:100980003B4618F071FF88A3D3E9002318F0BAFDA5
:1009900042464B4618F068FF85A3D3E90023804602
:1009A00089463046394618F05FFF83A3D3E9002318
:1009B00018F0A6FD32463B4618F056FF80A3D3E957
:1009C000002318F09DFD32463B4618F04DFF7EA3F4
:1009D000D3E9002318F094FD32463B4618F044FF5B
:1009E0007BA3D3E9002318F08BFD32463B4618F079
:1009F0003BFFBBF1FF3F02460B466CD040464946E9
:100A000018F080FD22462B4618F02EFF794E7A4BC7
:100A10004FEACB0B5E449B44DBE9002318F070FDEA
:100A200022462B4618F06CFD02460B46D6E9000123
:100A300018F066FDBAF1000F43DBBDE8F88F00281F
:100A40003FF456AF22462B462046294618F05AFD61
:100A5000BDE8F88F60A3D3E9002318F053FD00220E
:100A6000664B19F091F900283FF454AF204629460F
:100A7000BDE8F88F16F0F4FD614B9E4204460D462A
:100A800039DCA3F550239E425EDC02460B4618F08B
:100A900039FD0022594B18F033FD002206460F465F
:100AA0004FF080432046294618F02CFD02460B46A5
:100AB0003046394619F002F84FF0000B04460D4657
:100AC0002AE701F100431946BDE8F88F44A1D1E9B6
:100AD0000001BDE8F88F4046494618F013FD224654
:100AE0002B4618F0C1FE02460B462046294618F058
:100AF00007FDBDE8F88F434B9E421ADC0022424BB3
:100B000018F0FEFC002206460F463F4B20462946C1
:100B100018F0AAFE0022394B18F0F4FC02460B46EE
:100B20003046394618F0CAFF4FF0020B04460D4616
:100B3000F2E602460B460020344918F0BFFF4FF0A2
:100B4000030B04460D46E7E600222C4B18F0D8FCB8
:100B5000002206460F46294B2046294618F0D2FCB3
:100B600002460B463046394618F0A8FF4FF0010BFD
:100B700004460D46D0E600BF182D4454FB21F93F32
:100B800011DA22E33AAD903FEB0D76244B7BA93F7F
:100B9000513DD0A0660DB13F6E204CC5CD45B73F4D
:100BA000FF8300922449C23F0D5555555555D53FF9
:100BB0002F6C6A2C44B4A2BF9AFDDE522DDEAD3FED
:100BC0006D9A74AFF2B0B33F711623FEC671BC3F8D
:100BD000C4EB98999999C93F9C7500883CE4377E8D
:100BE000182D4454FB21F9BFFFFF0F440000F07F94
:100BF000FFFFDB3FC8AA0100E8AA01000000F03FA8
:100C0000FFFFF23FFF7F03400000F83F0000F0BF0E
:100C10002DE9F843C1F30A59A9F2FF35132D024615
:100C20000B460C4606468846074622DC002D50DB64
:100C3000DFF8F09049FA05F901EA090E5EEA0606C6
:100C40001CD036A3D3E9002318F05CFC002200235B
:100C500019F09AF848B1002C04DD4FF4801343FAE0
:100C600005F5A84428EA0904002721463846BDE8CE
:100C7000F883332D06DDB5F5806F3DD0104619465B
:100C8000BDE8F883A9F213494FF0FF3E2EFA09F9A7
:100C900010EA090FF2D021A3D3E9002318F032FCA7
:100CA0000022002319F070F80028DED0002C09DDA6
:100CB000142D2BD00127C5F1340507FA05F5AE191F
:100CC00028BFB844444626EA090721463846BDE80D
:100CD000F88312A3D3E9002318F014FC00220023A8
:100CE00019F052F80028C0D0002C0BDB54EA06079C
:100CF00006D00027084CB8E718F004FCBDE8F883DC
:100D00003C46B2E700274FF00044AEE704F101088B
:100D1000D8E700BFAFF300800000F03F9C7500886B
:100D20003CE4377EFFFF0F002DE9F041C1F30A5785
:100D3000A7F2FF35132D02460B460C4688460646A1
:100D40001CDC002D3FDB3A4F2F41864601EA070CA1
:100D50005CEA0E0E17D034A3D3E9002318F0D2FBBF
:100D60000022002319F010F820B1002C3FDB28EA04
:100D70000704002621463046BDE8F081332D06DD0C
:100D8000B5F5806F2FD010461946BDE8F081A7F267
:100D900013474FF0FF3E2EFA07F73842F3D022A355
:100DA000D3E9002318F0AEFB0022002318F0ECFF7B
:100DB0000028DFD0002C20DB444626EA0706214627
:100DC0003046BDE8F08118A3D3E9002318F09AFB60
:100DD0000022002318F0D8FF0028CBD0002C17DB0E
:100DE00000263446C6E718F08DFBBDE8F0814FF4CD
:100DF000801343FA05F5A844B9E7142D10D0012358
:100E0000C5F1340503FA05F5AE1928BF9844D3E7B8
:100E100024F00042074B324318BF1C460026A9E7C6
:100E200004F10108C8E700BF9C7500883CE4377EE8
:100E3000FFFF0F000000F0BF2DE9F04FD84B9942A3
:100E400087B0804689460E4613DCD64B21F000441D
:100E50009C4218DD0022D44B18F06EFF002879D098
:100E6000002200230020D14918F028FE07B0BDE879
:100E7000F08FCF4B99422FDD42464B4618F042FB94
:100E800007B0BDE8F08FCB4B9C4270DDCA4B1E44CF
:100E90009E427ED80022C94B4046494618F032FB9C
:100EA0004FEA215AAAF2FF3ABAF1000F04460D4662
:100EB0000E4640F3DE8142464B4618F021FB0246C7
:100EC0000B460020BD4918F01BFB22462B4618F0AC
:100ED000F5FDCDE902010BE0B94B9E42DADD9FED55
:100EE0009A7B8DED027B4FEA265A4446AAF2FF3ADE
:100EF000B44BC6F313069E4246F07F5500F3E780DD
:100F000045F44015204629460022AC4B18F0F8FA6B
:100F1000002204460D46AC4B18F0A6FC22462B4698
:100F200018F0A2FCA046CDE90401A946CDE90001D4
:100F3000002E3AD1002200232046294618F0FCFE5C
:100F4000002800F0CE80BAF1000F40F0748100203C
:100F5000002195E742464B464046314618F0D0FA0C
:100F600002460B4618F0AAFD07B0BDE8F08F00223C
:100F7000964B18F0C7FA0022002318F005FF00284E
:100F800000F0CC80924B9C4200F3C880404649461A
:100F900076E700228C4B18F067FC42464B4618F06F
:100FA00063FCCDE900014FF0000A00224FF08043BE
:100FB0004046494618F0A6FA02460B4640464946C6
:100FC00018F07CFD02460B4606460F4618F04CFC16
:100FD0005FA3D3E9002304460D4618F045FC5EA349
:100FE000D3E9002318F08EFA22462B4618F03CFC79
:100FF0005BA3D3E9002318F085FA22462B4618F0AC
:1010000033FC59A3D3E9002318F07CFA22462B467F
:1010100018F02AFC56A3D3E9002318F073FA2246ED
:101020002B4618F021FC54A3D3E9002318F06AFAE8
:1010300022462B4618F018FC51A3D3E9002318F0E0
:1010400061FA22462B4618F00FFC04460D46BAF111
:10105000000F00F0BF80504618F0A0FB4AA3D3E970
:10106000002382468B4618F0FFFBDDE90023CDE923
:1010700004012046294618F045FA32463B4618F04E
:10108000F3FB43A3D3E9002304460D4650465946DB
:1010900018F0EAFBDDE9022318F034FA02460B46A9
:1010A0002046294618F02EFA02460B46DDE90001DB
:1010B00018F026FA42464B4618F022FA02460B4632
:1010C000DDE9040118F01CFA07B0BDE8F08F45F423
:1010D0000015C6F5801620462946B6100AF1010A09
:1010E00012E72DA3D3E900232046294618F0BCFBC4
:1010F00002460B460020314918F002FADDE90423CC
:1011000018F0B2FB06460F46BAF1000F73D1024643
:101110000B462046294618F0F3F9B1E642464B4605
:101120004046494618F0A0FB0022274B18F09CFBD4
:1011300002460B464046494618F0E2F907B0BDE8C2
:10114000F08F00BFAFF3008000000000000000003F
:1011500044523EDF12F1C23F9FC678D0099AC33F86
:10116000DE03CB966446C73FAF788E1DC571CC3F7A
:10117000599322942449D23F04FA97999999D93FD7
:10118000935555555555E53F0000E0FE422EE63F8C
:10119000763C7935EF39EA3D555555555555E53F7E
:1011A0007982DA3FFFFFEF3F0000F0BF000050C33D
:1011B000FFFFEF7FFFFF1F3E3C412D400000F03F4F
:1011C000FFFF3F439DA006000000E03F00005043AA
:1011D000FFFF8F3CDDE9004522462B4618F092F9CF
:1011E00032463B4618F040FB02460B462046294655
:1011F00018F086F99CE7504618F0D0FA23A3D3E9FB
:10120000002382468B4618F02FFB22A3D3E900234C
:10121000804689465046594618F026FBDDE90223F0
:1012200018F070F902460B463046394618F068F956
:1012300022462B46DCE7504618F0B0FA15A3D3E956
:10124000002306460F4618F00FFBDDE9022318F0D5
:1012500059F90EA3D3E9002304460D46304639461A
:1012600018F002FB02460B462046294618F04AF9C0
:1012700006E60022044B18F043F902460B464046AE
:10128000494618F03DF920E60000F03F0000E0FE7E
:10129000422EE63F763C7935EF39EA3D000000000A
:1012A00008B516F063FD04A3D3E9002318F006FC8B
:1012B00008BD00BFAFF30080EF39FAFE422EE63FD3
:1012C0002DE9F043DFF8B4808BB004460D4601F001
:1012D000F3F898F90030013306460F462BD022462A
:1012E0002B462046294618F059FD814618BB20465A
:1012F000294616F0B5F91FA3D3E9002318F044FDE1
:10130000C8B1194A98F90030CDF820900321CDE9F1
:101310000445CDE902458DE806008BB9134B4FF02B
:101320006042CDE90623684617F0ECFE70B1089BD9
:101330009BB9DDE90667304639460BB0BDE8F0835E
:101340000B490020022BCDE90601ECD118F066F81C
:1013500022230360089B002BEBD018F05FF8089B5A
:101360000360E6E7AFF30080CCBD0100FFFFEF476D
:101370000000F07F7DF8B98FCE338640FB0100205E
:101380002DE9F043DFF8E4808BB004460D4601F010
:1013900043F998F90030013306460F4633D0204612
:1013A000294617F0A9FE70B32CA3D3E900232046E9
:1013B000294618F0E9FC814650BB2AA3D3E9002353
:1013C0002046294618F0C2FCE8B198F90030204ABE
:1013D000CDF82090002600270421022BCDE90445FA
:1013E000CDE90245CDE906678DE8060029D06846BB
:1013F00017F088FE28B3089B1BB118F00FF8089B64
:101400000360DDE90667304639460BB0BDE8F0837E
:101410000F4A98F90030019203210022CDE90445DA
:10142000CDE90245009108922BB90A4B4FF060427A
:10143000CDE90623DBE708490020022BCDE90601B0
:10144000D5D117F0EBFF22230360D4E7AFF3008080
:10145000D4BD0100FFFFEF470000F07FEF39FAFE37
:10146000422E864051302DD5104987C0FB01002007
:101470002DE9F04FDFF80C938DB006460F46144669
:101480001D4601F0C5FC99F90080B8F1FF3FCDE998
:10149000000136D022462B462046294618F07EFC15
:1014A000834670BB32463B463046394618F076FCE0
:1014B0008246002840F0A2803046394600220023B0
:1014C00018F03AFC10B3002200232046294618F0F9
:1014D00033FC834600286AD09FEDA17B0122A44BF8
:1014E000CDF828A00292CDE90467CDE906458DED3F
:1014F000087B0393B8F1000F45D09FED9B7B8DEDEA
:10150000007BDDE900010DB0BDE8F08FDDE90001F1
:1015100017F0F2FD8046002800F08D804FF0000AA1
:101520004FF0000BDDE9000152465B4618F004FC69
:101530000028E6D03046394617F0DEFD0028E0D01E
:101540002046294617F0D8FD0028DAD099F9003056
:10155000874A039204210022022BCDE90467CDE9DA
:101560000645CDE908AB02910A9203D002A817F014
:10157000C9FD68B917F052FF2223036008E09FED10
:10158000787B8DED087B02A817F0BCFD002830D0D9
:101590000A9B1BB117F042FF0A9B03609DED087B7D
:1015A0008DED007BDDE900010DB0BDE8F08F204638
:1015B000294617F0A1FD0028A3D0002200232046D1
:1015C000294618F0C3FB00289BD099F90030684ADF
:1015D000CDF828B00121CDE90467CDE90645029197
:1015E0000392002BCBD063490020022BCDE90801E8
:1015F000C9D117F013FF21230360C9E7002200239C
:101600002046294618F098FB00283FF47AAF5A4B41
:101610005749CDF828B000220120B8F1020FCDE9DA
:1016200004670290CDE90645CDE908230391AAD1CC
:10163000CDE9002365E73046394617F05DFD002807
:101640003FF46CAF2046294617F056FD00283FF4C2
:1016500065AFDDE900231046194618F09FFB00280E
:101660005FD1032399F900800293414B0A90CDE9A1
:101670000467CDE906450393B8F1000F2BD1DFF8DD
:1016800008B14FF0604A0022002330463946CDE9C8
:1016900008AB18F05BFB00283FF468AF0022374B23
:1016A0002046294618F0E0F804460D4617F032FDB2
:1016B00002460B462046294618F03EFB70BB304BD5
:1016C00099F900804FF06042CDE90823B8F1020F8C
:1016D0007FF44CAF4EE7DFF8B4B04FF0000A0022C1
:1016E000002330463946CDE908AB18F02FFB00281F
:1016F000ECD00022214B2046294618F0B5F80446CC
:101700000D4617F007FD02460B462046294618F005
:1017100013FB18B9174B0022CDE9082399F9008073
:10172000D4E799F90090124BCDF828800122CDE939
:101730000467CDE9064502920393B9F1000F3FF427
:101740001EAF002200231046194618F0B7F9B9F170
:10175000020FCDE908013FF44CAF14E7AFF300806E
:101760000000000000000000000000000000F03F4A
:10177000ECBD01000000F0FF0000F03F0000E03F82
:10178000FFFFEFC7FB010020FFFFEF470000F07FE6
:101790002DE9F84FC44E21F00043B34204460D46F4
:1017A0000DDD03F1404303F58013034340F0B9809E
:1017B000002940F3408100200021BDE8F88FBB4E96
:1017C000B34240F3A6800029C0F2788102460B465E
:1017D0000020B74917F094FE0022B64B18F044F8E9
:1017E00004460D4616F000FE95A3D3E90023894672
:1017F00080462946204618F037F893A3D3E9002302
:1018000017F080FE22462B4618F02EF890A3D3E95D
:10181000002317F075FE22462B4618F025F88EA3FC
:10182000D3E9002317F06EFE22462B4618F01CF871
:101830008BA3D3E9002317F063FE22462B4618F052
:1018400013F889A3D3E9002317F05CFE22462B4648
:1018500018F00AF886A3D3E9002382468B46204677
:10186000294618F001F884A3D3E9002317F048FEB5
:1018700022462B4617F0F8FF81A3D3E9002317F087
:1018800041FE22462B4617F0EFFF7FA3D3E900234A
:1018900017F036FE22462B4617F0E6FF0022844B57
:1018A00017F030FE02460B465046594618F006F92E
:1018B00042464B4617F0D8FF002682468B463246FA
:1018C0004B463046494617F0CFFF02460B462046AE
:1018D000294617F015FE324604460D464B46404653
:1018E000494617F00FFE02460B462046294618F0DF
:1018F000E5F802460B465046594617F003FE3246BD
:101900004B4617F0FFFD02460B4617F0FBFDBDE806
:10191000F88F694A93420EDC5DA1D1E90001BDE870
:10192000F88F02460B4617F0EBFD02460B4618F007
:10193000C5F8BDE8F88F02460B4617F095FF40A3A7
:10194000D3E9002306460F4617F08EFF3EA3D3E9E6
:10195000002317F0D7FD32463B4617F085FF3CA326
:10196000D3E9002317F0CCFD32463B4617F07CFF4D
:1019700039A3D3E9002317F0C5FD32463B4617F0E3
:1019800073FF37A3D3E9002317F0BAFD32463B4675
:1019900017F06AFF34A3D3E9002317F0B3FD3246F2
:1019A0003B4617F061FF32A3D3E900238046894606
:1019B0003046394617F058FF2FA3D3E9002317F01C
:1019C0009FFD32463B4617F04FFF2DA3D3E900237E
:1019D00017F098FD32463B4617F046FF2AA3D3E99D
:1019E000002317F08DFD32463B4617F03DFF0022E5
:1019F0002F4B17F087FD02460B464046494618F02C
:101A00005DF822462B4617F02FFF02460B4622A117
:101A1000D1E9000117F074FD02460B462046294625
:101A200017F06EFD02460B4619A1D1E9000117F02F
:101A300067FDBDE8F88F1AA1D1E90001BDE8F88F74
:101A400009F7FD0DE13D023F88B20175E0EF493F26
:101A50003B8F68B52882A43F5544880E55C1C93FC5
:101A60007D6FEB0312D6D43F555555555555C53F9F
:101A700082922EB1C5B8B33F59018D1B6C06E63F6B
:101A8000C88A599CE52A00404B2D8A1C273A0340FE
:101A9000182D4454FB21F93F075C143326A6913CD2
:101AA000182D4454FB210940FFFFEF3FFFFFDF3FAC
:101AB0000000F03F0000E03F0000603C00225C4B73
:101AC00017F020FD00225B4B17F0CEFE40A3D3E9B8
:101AD000002304460D4617F0C7FE3FA3D3E90023B9
:101AE00017F010FD22462B4617F0BEFE3CA3D3E9AB
:101AF000002317F005FD22462B4617F0B5FE3AA34A
:101B0000D3E9002317F0FEFC22462B4617F0ACFE6B
:101B100037A3D3E9002317F0F3FC22462B4617F036
:101B2000A3FE35A3D3E9002317F0ECFC22462B4695
:101B300017F09AFE804689462046294616F054FC46
:101B40002FA3D3E9002306460F462046294617F067
:101B50008BFE2DA3D3E9002317F0D2FC22462B469F
:101B600017F082FE2AA3D3E9002317F0CBFC22460C
:101B70002B4617F079FE28A3D3E9002317F0C0FC09
:101B800022462B4617F070FE0022294B17F0BAFCB4
:101B900002460B464046494617F090FF32463B4608
:101BA00017F062FE1EA3D3E9002317F0A9FC32460A
:101BB0003B4617F0A7FC02460B4617F0A3FC024673
:101BC0000B4619A1D1E9000117F09AFCBDE8F88F86
:101BD00009F7FD0DE13D023F88B20175E0EF493F95
:101BE0003B8F68B52882A43F5544880E55C1C93F34
:101BF0007D6FEB0312D6D43F555555555555C53F0E
:101C000082922EB1C5B8B33F59018D1B6C06E63FD9
:101C1000C88A599CE52A00404B2D8A1C273A03406C
:101C2000075C143326A6913C182D4454FB2109402F
:101C30000000F03F0000E03F434A91422DE9F843A5
:101C400004460D4639DD414A914209DD02F17952DF
:101C5000914240DD02460B4617F054FCBDE8F88384
:101C600001F1404202F58012024330D0B1F1804FC1
:101C70003ADC0022364B17F043FC02460B46044682
:101C80000D4617F03FFC224606460F462B462046DF
:101C9000294617F0E9FD02460B463046394617F053
:101CA00031FC16F0A1FB0B4602462946204617F0F0
:101CB00029FCBDE8F843FFF7BFB802460B4617F012
:101CC0001FFC02460B4617F0F9FEBDE8F883002022
:101CD0000021BDE8F88300F017FE19A3D3E9002323
:101CE00017F010FCBDE8F88302460B4617F0BCFD68
:101CF0000022174B17F004FC16F076FB22468046B4
:101D000089462B462046294617F0FCFB42460646EC
:101D10000F464B462046294617F0F4FB02460B4679
:101D200000200B4917F0CAFE0B46024639463046E2
:101D300017F0E6FBBDE8F84300F0E6BDAFF3008026
:101D4000EF39FAFE422EE63FFFFFEF3FFFFFAF41C4
:101D50000000F03F000000002DE9F047BE4B21F0ED
:101D60000048984584B004460D4612DD08F140480D
:101D700008F58018034658EA030321D002460B46B3
:101D800017F0BEFB02460B4617F098FE04B0BDE804
:101D9000F087B24B98458A4629DCB8F1795F80F22A
:101DA000658191A3D3E9002317F0ACFB0022AC4B73
:101DB00017F0EAFFD8B12046294604B0BDE8F08705
:101DC0008BA3D3E9002317F04FFD8BA3D3E90023A6
:101DD00006460F462046294617F046FD02460B46AA
:101DE0003046394617F08EFB04B0BDE8F087204638
:101DF000294615F035FC02460B460020984917F09D
:101E00007FFB0022974B17F02FFD7DA3D3E9002322
:101E100004460D4617F028FD7BA3D3E9002317F0F5
:101E200071FB22462B4617F01FFD79A3D3E900234F
:101E300017F066FB22462B4617F016FD76A3D3E972
:101E4000002317F05FFB22462B4617F00DFD74A30D
:101E5000D3E9002317F054FB22462B4617F004FD6C
:101E600071A3D3E9002317F04DFB22462B4617F050
:101E7000FBFC6FA3D3E90023CDE9000120462946EE
:101E800017F0F2FC6CA3D3E9002317F039FB2246CC
:101E90002B4617F0E9FC6AA3D3E9002317F032FBC5
:101EA00022462B4617F0E0FC67A3D3E9002317F086
:101EB00027FB22462B4617F0D7FC694B002217F070
:101EC00021FBCDE902012046294616F08DFA664B2A
:101ED000984506460F4666DCDDE90223DDE9000190
:101EE00017F0ECFD3246CDE900013B46304639465D
:101EF00017F008FB02460B46DDE9000117F0B4FCC1
:101F00004FF00008CDE9000142463B4640463946C5
:101F100017F0AAFC02460B462046294617F0F0FAB5
:101F2000424604460D463B463046394617F0EAFA2B
:101F300002460B462046294617F0C0FD02460B46D6
:101F400017F0E0FA02460B462BA1D1E9000117F089
:101F5000D7FA02460B46DDE9000117F0D1FA4246F6
:101F600004460D463B464046394617F0CBFA02463A
:101F70000B4637A1D1E9000117F0C2FA02460B4621
:101F80002046294617F0BCFA02460B4630A1D1E99B
:101F9000000117F0B5FABAF1000F3FF7F7AE01F103
:101FA00000431946F2E6DDE90223DDE9000117F0FE
:101FB00085FD32463B4617F057FC32463B4617F04C
:101FC000A1FA02460B4617F09DFA0BA3D3E90023B2
:101FD00017F096FA02460B4605A1D1E9000117F069
:101FE0008FFAD8E7AFF300809C7500883CE4377E19
:101FF000182D4454FB21F93F075C143326A6913C6D
:1020000009F7FD0DE13D023F88B20175E0EF493F60
:102010003B8F68B52882A43F5544880E55C1C93FFF
:102020007D6FEB0312D6D43F555555555555C53FD9
:1020300082922EB1C5B8B33F59018D1B6C06E63FA5
:10204000C88A599CE52A00404B2D8A1C273A034038
:10205000182D4454FB21E93FFFFFEF3FFFFFDF3F17
:102060000000F03F0000E03F3233EF3F02460B46F6
:1020700017F0FAFB37A3D3E9002306460F4617F003
:10208000F3FB36A3D3E9002317F03CFA32463B4674
:1020900017F0EAFB33A3D3E9002317F031FA3246F5
:1020A0003B4617F0E1FB31A3D3E9002317F02AFAEE
:1020B00032463B4617F0D8FB2EA3D3E9002317F096
:1020C0001FFA32463B4617F0CFFB2CA3D3E900237F
:1020D00017F018FA32463B4617F0C6FB29A3D3E99E
:1020E0000023804689463046394617F0BDFB27A3BA
:1020F000D3E9002317F004FA32463B4617F0B4FB4D
:1021000024A3D3E9002317F0FDF932463B4617F02C
:10211000ABFB22A3D3E9002317F0F2F932463B468A
:1021200017F0A2FB00220A4B17F0ECF902460B460F
:102130004046494617F0C2FC22462B4617F094FB56
:1021400022462B4617F0DEF904B0BDE8F08700BF49
:102150000000F03F09F7FD0DE13D023F88B2017537
:10216000E0EF493F3B8F68B52882A43F5544880E75
:1021700055C1C93F7D6FEB0312D6D43F5555555518
:102180005555C53F82922EB1C5B8B33F59018D1B3D
:102190006C06E63FC88A599CE52A00404B2D8A1CF4
:1021A000273A0340000000002DE9F84F1D46534236
:1021B000134325F0004ADFF8E0E14AEAD3737345A0
:1021C000144606460F4647D8C0F1000848EA000802
:1021D00021F0004343EAD878F0458B463CD805F11E
:1021E000404808F5801858EA020850D04FEAA57810
:1021F00008F0020848EAD17850EA030134D052EAE4
:102200000A023CD0F24557D0734538D0A3EB0A03FD
:102210001B153C2B42DC002D70DB22462B46304642
:10222000394617F04BFC15F01BFAFEF751FBB8F1DD
:10223000010F5FD0B8F1020F4ED0B8F1000F62D09D
:1022400043A3D3E9002317F05BF943A3D3E90023A9
:1022500017F056F9BDE8F88F32463B46204629462E
:1022600017F050F9BDE8F88FB8F1020F1AD0B8F1A5
:10227000030F10D13AA1D1E90001BDE8F88FBBF1FD
:10228000000F14DB38A1D1E90001BDE8F88FBDE8EB
:10229000F84FFEF71DBB3946BDE8F88F32A1D1E9F2
:1022A0000001C4E72CA1D1E90001BDE8F88F30A1FD
:1022B000D1E90001BDE8F88F534526D0B8F1020FEF
:1022C000F0D0B8F1030FD5D0B8F1010F4FF00000F6
:1022D00029D00021BDE8F88F1DA3D3E9002317F012
:1022E0000FF902460B461CA1D1E9000117F008F9CD
:1022F000BDE8F88F01F10041BDE8F88F3C338CDA7E
:102300000020002193E7BDE8F88FB8F1020F18D044
:10231000B8F1030F10D0B8F1010F08D016A1D1E920
:102320000001BDE8F88F4FF00041BDE8F88F14A11F
:10233000D1E90001BDE8F88F13A1D1E90001BDE8A2
:10234000F88F13A1D1E90001BDE8F88FAFF3008049
:10235000075C143326A6A13C182D4454FB210940E8
:10236000182D4454FB2109C0182D4454FB21F93F7A
:10237000182D4454FB21F9BF182D4454FB21E93F8B
:10238000182D4454FB21E9BFD221337F7CD902C0F0
:10239000D221337F7CD902400000F07F0000000092
:1023A00043422DE9F047034321F000463E4A46EA06
:1023B000D373934204460D4613D896423DD03B4B0F
:1023C0009E428A4617DC36A3D3E9002317F09AF819
:1023D0000022002317F0D8FCA8B320462946BDE808
:1023E000F08702460B4617F08BF802460B4617F0B3
:1023F00065FBBDE8F0872E4B9E42354624DD334613
:102400000246314617F07EF8224606460F462B4616
:102410000020254917F074F802460B46304639462D
:1024200017F04CFBFEF708FD0022224B17F01CFAB8
:10243000BAF1000F2FDBBDE8F0870022002317F070
:102440003DFBBDE8F087354622462B46204629460F
:1024500017F058F822462B4606460F4617F004FAA6
:102460002246804689462B4600200F4917F048F83F
:1024700002460B464046494617F020FB32463B4693
:1024800017F040F8FEF7D8FC00220A4B17F0ECF9E1
:10249000BAF1000FCFDA01F100431946BDE8F08729
:1024A0009C7500883CE4377E0000F03FFFFF2F3E24
:1024B000FFFFDF3F0000E03F2DE9F8434E4B21F0E6
:1024C00000449C4206460F461BDC4C4B9C4222DDDE
:1024D0004B4B9C4263DD4B4B9C427BDD4A4B9C4209
:1024E00046DD01339C4240D041A3D3E9002310468E
:1024F000194617F0B9F906460F4630463946BDE889
:10250000F88302460B4617F0AFF906460F463046F1
:102510003946BDE8F88315F0A3F802F0B1FC0022BB
:102520003A4B8046894616F0EDFFB4F1725F0646DD
:102530000F46ECDB42464B464046494617F094F9BD
:1025400032463B4604460D463046394616F0DAFF21
:1025500002460B462046294617F0B0FA00222B4BC4
:1025600016F0D0FF06460F46D1E7294B9842BBD85C
:102570003046394615F074F80022264B17F074F9EE
:1025800000F04AF8002204460D46224B17F06CF981
:1025900022462B4617F068F906460F46B7E715F0B6
:1025A0005FF800F039F800221A4B06460F4617F084
:1025B0005BF932463B4604460D460020154917F0AC
:1025C0007DFA02460B462046294616F09BFF06463A
:1025D0000F469CE715F044F800F01EF800220D4B62
:1025E00017F042F906460F4691E700BFAFF30080AF
:1025F0009C7500883CE4377EFFFFEF7F422ED63F7C
:10260000FFFF3540412E8640CD3386400000F03F2D
:102610007DF8B98F0000E03F2DE9F04FB04E21F07A
:102620000042B24283B004460D464FEAD1770DD93D
:10263000AC4EB24225D9C1F31303034340F0EC8002
:102640000FB10020002103B0BDE8F08FA64B9A42E5
:1026500000F2CB80A54B9A4200F2DC808AA3D3E93A
:10266000002316F04FFF0022A14B17F08DFB00282E
:1026700000F006812046294600229D4B16F042FFBD
:10268000E1E783A3D3E9002317F07EFB002840F0A5
:10269000C88081A3D3E900232046294617F056FBC2
:1026A0000028CED1934E7EA3D3E9002306EBC706C4
:1026B0002046294617F0D8F8D6E9002316F022FF65
:1026C00017F082FB064617F069F877A3D3E90023D9
:1026D0008046894617F0C8F802460B462046294630
:1026E00016F00EFF72A3D3E90023CDE900014046A6
:1026F000494617F0B9F882468B4652465B46DDE9FB
:10270000000116F0FDFE04460D4622462B462046EB
:10271000294617F0A9F868A3D3E900238046894623
:1027200017F0A2F866A3D3E9002316F0E9FE4246AB
:102730004B4617F099F864A3D3E9002316F0E2FEA4
:1027400042464B4617F090F861A3D3E9002316F0F8
:10275000D7FE42464B4617F087F85FA3D3E9002324
:1027600016F0D0FE42464B4617F07EF802460B4666
:102770002046294616F0C4FE80468946002E58D0D1
:102780002046294642464B4617F06EF8424604461C
:102790000D464B4600204FF0804116F0B1FE024638
:1027A0000B462046294617F089F902460B4650464B
:1027B000594616F0A5FEDDE9002316F0A1FE0B46F2
:1027C00002464B49002016F09BFE6FF47F739E4239
:1027D00051DA06F57A7601EB065100224FF0B87314
:1027E00017F042F803B0BDE8F08F434B9A423FF632
:1027F00059AF424BFC002344D3E9002316F080FE7E
:102800003F4BC7F101062344CDE90001D3E900ABFA
:10281000F61B72E7002678E702460B4616F072FEBA
:1028200011E719A3D3E900231046194617F01CF845
:1028300009E702460B462046294617F015F8002204
:1028400006460F464FF080434046494616F058FE74
:1028500002460B463046394617F030F922462B46E1
:1028600016F04EFE02460B460020214916F048FEA7
:1028700003B0BDE8F08F01EB065103B0BDE8F08F67
:10288000064642E7AFF300809C7500883CE4377E43
:10289000EF39FAFE422E864051302DD5104987C0BF
:1028A000FE822B654715F73F0000E0FE422EE63F13
:1028B000763C7935EF39EA3DD0A4BE726937663E81
:1028C000F16BD2C541BDBB3E2CDE25AF6A56113F30
:1028D00093BDBE166CC1663F3E5555555555C53F17
:1028E000412E8640FFFFEF7F422ED63FFFFF2F3E57
:1028F0000000F03F08AB0100B1A2F03F18AB0100AF
:1029000028AB0100000000002DE9F04FB1F5801F59
:1029100085B006460F460B465ADA024621F00044BF
:10292000224300F0F8800029C0F27A810022D64BC1
:1029300016F09AFFD54A0B46934206460F466FF0B3
:10294000350C4ADCC3F3130505F5152E0EF6647E2F
:102950000EF4801E8EF07F5282F440121C1542EA63
:102960000507A4F2FF3464440022C94B30463946BF
:1029700004EB1E5416F0C4FDAB1CC3F31303022B6F
:1029800082468B464FF0000230DC002317F0D4F96A
:10299000002800F0C980002C00F04B81204616F082
:1029A000FDFEA5A3D3E9002306460F4616F05CFF03
:1029B000A3A3D3E9002304460D463046394616F05A
:1029C00053FF02460B462046294616F09BFD0AE0BF
:1029D000AE4A93424FF0000CB4DD32463B463046DF
:1029E000394616F08FFD05B0BDE8F08F4FF08043FB
:1029F00016F088FD02460B465046594617F05EF821
:102A0000064620460F4616F0C9FE3246CDE90001C3
:102A10003B4630463946CDE9026716F025FF0246AF
:102A20000B468046894616F01FFF87A3D3E9002393
:102A300006460F4616F018FF85A3D3E9002316F0CB
:102A400061FD32463B4616F00FFF83A3D3E9002316
:102A500016F058FD32463B4616F006FF80A3D3E938
:102A6000002316F04FFD42464B4616F0FDFE7EA3B6
:102A7000D3E90023804689463046394616F0F4FEF5
:102A80007BA3D3E9002316F03DFD32463B4616F00A
:102A9000EBFE79A3D3E9002316F034FD32463B4622
:102AA00016F0E2FE0B4602464946404616F02AFD65
:102AB000A5F5C223C5F5D725A3F27A4351351D43A9
:102AC000002D8046894656DD0022724B50465946FD
:102AD00016F0CAFE52465B4616F0C6FE06460F4684
:102AE000002C68D132463B464046494616F00AFD66
:102AF000DDE9022316F0B8FE02460B4630463946A1
:102B000016F0FEFC02460B465046594616F0F8FCFD
:102B100005B0BDE8F08F0022002300205E4916F0CA
:102B2000CDFF05B0BDE8F08F55A3D3E90023504693
:102B3000594616F099FE02460B460020554916F0FC
:102B4000DFFC524606460F465B465046594616F095
:102B50008BFE02460B463046394616F085FE064689
:102B60000F46002C40F09A8002460B4650465946CC
:102B700016F0C6FC37E7002C00F0A4802EA3D3E9A2
:102B80000023DDE9000116F06FFE42464B46044685
:102B90000D465046594616F0B3FCDDE9022316F007
:102BA00063FE27A3D3E9002306460F46DDE90001B3
:102BB00016F05AFE21E020A3D3E90023DDE900014D
:102BC00016F052FE32463B4604460D464046494604
:102BD00016F098FCDDE9022316F046FE18A3D3E9AF
:102BE000002380468946DDE9000116F03DFE0246DD
:102BF0000B464046494616F085FC02460B463046D9
:102C0000394616F07DFC52465B4616F079FC0246CA
:102C10000B462046294616F073FC05B0BDE8F08F40
:102C200002460B4616F06CFC0022002316F046FF0D
:102C3000D9E600200021D6E60000E0FE422EE63F65
:102C4000763C7935EF39EA3D44523EDF12F1C23F1E
:102C5000DE03CB966446C73F599322942449D23F62
:102C6000935555555555E53F9FC678D0099AC33FB2
:102C7000AF788E1DC571CC3F04FA97999999D93FC9
:102C8000555555555555D53F00005043FFFFEF7F33
:102C90000000F03F0000E03F000050C3204616F067
:102CA0007DFD0FA3D3E900238046894616F0DCFDA5
:102CB0000DA3D3E9002304460D464046494616F0CD
:102CC000D3FD9AE702460B465046594616F018FCCB
:102CD000DDE9022316F0C8FD14E700BFAFF3008062
:102CE0000000E0FE422EE63F763C7935EF39EA3DC2
:102CF000B1F5801F2DE9F84304460D460B461ADA5C
:102D0000024621F00046324359D000295FDB002201
:102D10003B4B16F0A9FD3B4A0D462B469342044619
:102D20006FF035010CDD22462B462046294616F071
:102D3000E9FBBDE8F883334A93424FF00001F2DC2F
:102D40001815A0F2FF3008444FEAD0794844C3F385
:102D5000130816F023FDC9F57F73033348EA0355C2
:102D600006460F4620462946FFF7CEFD1EA3D3E9AF
:102D70000023804689463046394616F075FD1CA36F
:102D8000D3E9002304460D464046494616F06CFD43
:102D900002460B462046294616F0B4FB16A3D3E99B
:102DA000002304460D463046394616F05DFD0246C6
:102DB0000B462046294616F0A5FBBDE8F883002205
:102DC00000230020104916F079FEBDE8F883024682
:102DD0000B4616F095FB0022002316F06FFEBDE8AF
:102DE000F88300BFAFF30080362BF111F3FE593D9D
:102DF0000EE526157BCBDB3F00609F501344D33F8D
:102E000000005043FFFFEF7F000050C300000000B0
:102E10002DE9F04F23F0004757EA020493B037D072
:102E2000674C21F00046A64283460D4629DC9A46AF
:102E3000964625D0A74224DC614CA74279D0002DCC
:102E400080468946CDE9002377DB0024BEF1000FE0
:102E50002CD15B4B9F4200F08B805A4B9F4261D03C
:102E6000BAF1804F00F0C383574B9A451ED1002D15
:102E70001CDB4046494613B0BDE8F04F15F0B4BA2C
:102E800058B106F1404606F5801656EA0B0306D106
:102E90004C49002013B0BDE8F08FB742CCDD4B4861
:102EA00013B0BDE8F04F16F02FB900244046494654
:102EB00014F0D6FBBBF1000F19D126B1414B25F020
:102EC00040429A4213D1BAF1000FC0F2CA83002DDA
:102ED000E0DA06F1404606F5801656EA040300F0F3
:102EE000A584012CD6D101F100431946D2E7ED0F9C
:102EF000013D54EA05034ED0354B9F426EDD03F190
:102F000004739F4240F3FE83324B9E424EDDBAF182
:102F1000000F4EDD28A3D3E900231046194616F012
:102F2000A3FCB7E7BAF1000FC0F25284404649460D
:102F3000B0E7BEF1000F82D0A3E7274B9F4228DC09
:102F4000A3F154739F4280DD3B15A3F2FF33142B92
:102F500040F35484C3F134032EFA03F202FA03F36C
:102F60009E457FF472AF02F00102C2F102046DE7E8
:102F700006F1404303F5801353EA0B0388D0154B49
:102F80009E4240F33B83BAF1000F12DBDDE9000102
:102F900080E702245AE742464B461046194616F08F
:102FA000AFFA02460B4616F089FD73E7BAF1000F3F
:102FB000B0DB002000216DE79C7500883CE4377E83
:102FC0000000F07F0000F03F0000E03F54B301003C
:102FD0000000E041FFFFEF3FFFFF3F43B6F5801FDA
:102FE0004FF0000205DAD84B16F03EFC6FF03402C9
:102FF0000E463315D54FC6F31306A3F2FF33134421
:1030000046F07F5ABE421A460D934AF4401A40F3E6
:103010002F83CF4B9E4240F30D849FEDB57B8DED0A
:10302000087B8DED0E7B9FEDB47B13468DED067B0B
:1030300001330D93AAF5801A0027DDE906235146D6
:10304000CDE90A0116F05CFADDE9062380468946DF
:10305000DDE90A0116F056FA02460B460020BD498A
:1030600016F02CFD0A460146CDE9101213464946DA
:103070000246404616F0F8FB4FEA6A0343F000535D
:103080008C46834603F50023CDE904BCDA468B4623
:10309000D9190023CDE902AB0293DDE902AB002090
:1030A00006460F4602460B465046594616F0DCFBD4
:1030B00002460B464046494616F022FADDE9062351
:1030C000804689463046394616F01AFA02460B46C3
:1030D000DDE90A0116F014FA52465B4616F0C4FB0D
:1030E00002460B464046494616F00AFADDE910232F
:1030F00016F0BAFBDDE90467CDE9060132463B462E
:103100003046394616F0B0FB7DA3D3E900230646CE
:103110000F4616F0A9FB7CA3D3E9002316F0F2F9C1
:1031200032463B4616F0A0FB79A3D3E9002316F004
:10313000E9F932463B4616F097FB77A3D3E9002323
:1031400016F0E0F932463B4616F08EFB74A3D3E945
:10315000002316F0D7F932463B4616F085FB72A3E2
:10316000D3E9002316F0CEF93246804689463B4625
:103170003046394616F078FB02460B464046494633
:1031800016F072FB524606460F465B46DDE9040127
:1031900016F0B8F9DDE9062316F066FB32463B4629
:1031A00016F0B0F95246804689465B46504659466D
:1031B00016F05AFB0022684BCDE90A0116F0A2F97D
:1031C00042464B4616F09EF902980F460646324696
:1031D0003B465046594616F047FB002282468B4636
:1031E0005D4B3046394616F08BF9DDE90A2316F0BF
:1031F00087F902460B464046494616F081F9DDE95B
:10320000042316F031FB3246804689463B46DDE911
:10321000060116F029FB02460B464046494616F0C9
:1032200071F98046894602460B4650465946CDE91B
:1032300004AB16F067F9DDE902AB3DA3D3E9002347
:1032400050460F4616F010FBDDE90423CDE90201DC
:103250003946504616F054F902460B464046494658
:1032600016F04EF934A3D3E9002316F0FDFA34A387
:10327000D3E90023804689465046394616F0F4FAD1
:1032800002460B464046494616F03CF9DDE90E235E
:1032900016F038F980460D98894616F07FFA4246B6
:1032A00006460F464B46DDE9020116F02BF9DDE933
:1032B000082316F027F932463B4616F023F932462A
:1032C0003B4650468B4616F01BF9DDE9082316F005
:1032D00017F9DDE9022316F013F902460B464046C2
:1032E000494616F00DF98046894637E0AFF3008075
:1032F0000000000000000000000000000000F03F9F
:10330000EF4E454A287ECA3F65DBC9934A86CD3FCA
:1033100001411DA96074D13F4D268F515555D53FB0
:10332000FFAB6FDBB66DDB3F033333333333E33F48
:10333000000000E009C7EE3FFD033ADC09C7EE3F9D
:10334000F5015B14E02F3EBE000040438E98030061
:1033500079B60B000000F03F00000840013C54EA41
:10336000050300F079819FEDC87B8DED047BDDE9DD
:1033700000120B461446CDE9023400230293DDE926
:10338000024508462B461146224616F0B9F8524629
:103390005B4616F069FADDE9002306460F46404613
:1033A000494616F061FA02460B463046394616F099
:1033B000A9F82246804689462B4650465946CDE913
:1033C000008916F051FA0B46024606460F46404663
:1033D000494616F097F8C64B994204460D468A4670
:1033E00040F3168101F13F4303F5E003034340F04E
:1033F000F781A7A3D3E90023DDE9000116F082F8E5
:103400003246804689463B462046294616F078F8E3
:1034100002460B464046494616F0B6FC002840F0EE
:10342000DF81A8464FEA28534FF48012A3F2FE33FF
:1034300042FA03F35344C3F30A52AE4DA2F2FF32F1
:103440001541C3F3130423EA05010020C2F1140B54
:1034500044F48014BAF1000F02460B4644FA0BFB09
:1034600030463946B8BFCBF1000B16F049F802469A
:103470000B4606460F46DDE9000116F043F84FEA19
:103480000B5A0D46002484A3D3E900232046294685
:1034900016F0EAF93246804689463B4620462946E0
:1034A00016F02EF802460B46DDE9000116F028F86A
:1034B0007BA3D3E9002316F0D7F97BA3D3E900233C
:1034C00006460F462046294616F0CEF902460B4620
:1034D0003046394616F016F806460F4602460B46A9
:1034E0004046494616F00EF842464B4604460D4605
:1034F00016F006F802460B463046394616F000F83C
:103500002246804689462B462046294616F0ACF9CD
:1035100067A3D3E9002306460F4616F0A5F966A374
:10352000D3E9002315F0ECFF32463B4616F09CF938
:1035300063A3D3E9002315F0E5FF32463B4616F0BE
:1035400093F961A3D3E9002315F0DAFF32463B4635
:1035500016F08AF95EA3D3E9002315F0D3FF3246B3
:103560003B4616F081F902460B462046294615F0E7
:10357000C7FF06460F4602460B462046294616F070
:1035800073F90022CDE900014FF0804330463946FF
:1035900015F0B6FF02460B46DDE9000116F08EFA83
:1035A000424606460F464B462046294616F05CF931
:1035B00042464B4615F0A6FF02460B4630463946BA
:1035C00015F09EFF22462B4615F09AFF02460B4649
:1035D0000020494915F094FF8A44BAF5801FC0F2D3
:1035E00039815146DDE9042316F03EF952E44246A2
:1035F0004B464046494616F037F94BE4BAF1000F06
:10360000BFF6D7ACDDE90034184604F1004141E4CF
:103610003A4B21F00048984540F3FF80384B0B446B
:1036200003430CD132463B4615F06AFF02460B4677
:10363000DDE9000116F094FB00283FF4F3AEDDE96C
:10364000040125A3D3E9002316F00EF922A3D3E940
:10365000002316F009F91DE49FED217B8DED047B1D
:1036600085E602460B460020234916F027FA2EE491
:103670009FED1D7B8DED087B8DED0E7B9FED027B1D
:1036800000278DED067BD8E4000000000000F03F2D
:10369000FE822B654715973C00000000432EE63F55
:1036A000EF39FAFE422EE63F396CA80C615C20BE71
:1036B000D0A4BE726937663EF16BD2C541BDBB3E38
:1036C0002CDE25AF6A56113F93BDBE166CC1663F16
:1036D0003E5555555555C53F59F3F8C21F6EA501C6
:1036E000000000000000F0BF00000000000000002B
:1036F000FFFF8F40FFFF0F000000F03FFFCB904027
:1037000000346F3F684B9E427FF750AC674B9E4240
:103710003FF7FDAB0022654B15F0F2FE52A3D3E953
:10372000002306460F4616F09FF851A3D3E9002365
:10373000804689463046394616F096F80022824681
:103740008B465B4B3046394616F08EF802460B46E8
:1037500049A1D1E9000115F0D3FE32463B4616F0EF
:1037600083F802460B460020524915F0C9FE324646
:10377000CDE902013B463046394616F075F802465F
:103780000B46DDE9020116F06FF83DA3D3E90023F3
:1037900016F06AF802460B465046594615F0B0FE40
:1037A00002460B4606460F464046494615F0AAFE1D
:1037B00042464B46002082468B4615F0A1FE02464B
:1037C0000B463046394615F09BFE80468946C5E5D6
:1037D00042464B460020354916F070F9FFF75ABBB8
:1037E000DDE9040128A3D3E9002316F03DF826A360
:1037F000D3E9002316F038F8FFF74CBBBEF1000FF9
:103800007FF453ABC3F1140347FA03F202FA03F354
:103810009F4223D07446FFF720BB264B98453FF7C5
:1038200001AEDDE90223924693462BE602460B46A3
:10383000FFF7B3BB9FED167B8DED087B9FED167BED
:103840008DED0E7B9FED167B4FF480278DED067B73
:10385000FFF7F3BB5A4601F04FFDC3E602F0010249
:10386000C2F10204FFF7F9BA000000604715F73F04
:1038700044DF5DF80BAE543E555555555555D53F73
:10388000FE822B654715F73F9C7500883CE4377E28
:103890000000004003B8E23F06D0CF43EBFD4C3EB2
:1038A000000000000000F83FFEFFEF3F0000F03F87
:1038B0000000D03F0000E03F2DE9F0479C4B21F095
:1038C00000479F4290B08046894640F38E80994BD6
:1038D0009F420C46924626DC00298BA3D3E90023A5
:1038E00040F3B08115F00CFE934B9F4204460D4609
:1038F00000F0908086A3D3E9002315F001FE024674
:103900000B46CAE900232046294615F0F9FD80A39D
:10391000D3E9002315F0F4FD0125CAE90201284688
:1039200010B0BDE8F087854B9F4240F39080844BF8
:103930009F4265DC3D15A5F21645A7EB05531946D8
:103940001F46064616F040FA15F028FF80468946C5
:1039500042464B4630463946CDE90A8915F0D0FD3E
:103960000022784B15F080FF8946804616F02CFA2D
:1039700015F014FF06460F4632463B464046494680
:10398000CDE90C6715F0BCFD00226E4B15F06CFF05
:1039900000220023CDE90E0116F0CEF9002800F038
:1039A0006F81002330463946002216F0C5F9002801
:1039B00014BF01230223644A019202212A46009186
:1039C0000AA8514600F08CFB002C054614DADAF800
:1039D0000420DAF80C3002F1004203F100434542C2
:1039E000CAF80420CAF80C3006E000200021C2E921
:1039F0000089C2E902010025284610B0BDE8F08721
:103A000002460B4615F07CFD0025CAE90201CAE911
:103A10000001F1E740A3D3E9002315F071FD40A3B5
:103A2000D3E900230D46044615F06AFD02460B4615
:103A3000CAE900232946204615F062FD38A3D3E9E0
:103A4000002315F05DFD0125CAE90201D4E713F05A
:103A500007FE35A3D3E900238046894615F004FF0D
:103A600000223A4B15F04EFD16F0AEF9054615F062
:103A700095FE25A3D3E90023CDE9060115F0F4FE58
:103A800002460B464046494615F03AFD20A3D3E9CD
:103A90000023CDE90201DDE9060115F0E5FE1F2D49
:103AA00080468946CDE9048954DC294B6A1E53F8C7
:103AB00022309F424ED002460B46DDE9020115F04E
:103AC0001FFD80468946CAE9008942464B46DDE92A
:103AD000020115F015FDDDE9042315F011FD002CA0
:103AE000CAE9020188DA09F1004401F100436D429C
:103AF000CAF80080CAF80440CAF80800CAF80C30B6
:103B00007AE700BFAFF3008000004054FB21F93F8B
:103B10003163621A61B4D03D0000601A61B4D03DD7
:103B20007370032E8A19A33B83C8C96D305FE43FCD
:103B3000FB21E93F7BD90240FB21F93FFB213941C1
:103B4000FFFFEF7F0000704188BE01000000E03FF2
:103B500008BE0100DDE90423DDE9020115F0D0FC17
:103B60003F15C1F30A53FB1A80468946102BCAE958
:103B70000089AADD58A3D3E90023DDE9060115F089
:103B800073FE8046894602460B46DDE9020115F0C8
:103B9000B7FC02460B46DDE90201CDE9082315F02A
:103BA000AFFC42464B4615F0ABFC4DA3D3E90023D6
:103BB00080468946DDE9060115F056FE42464B4631
:103BC00015F09EFC0B46CDE904010246DDE9080133
:103BD00015F096FCC1F30A53FF1A80468946312F2F
:103BE000CAE900896CDD41A3D3E90023DDE90601C0
:103BF00015F03AFEDDE9088906460F4602460B46F7
:103C00004046494615F07CFC02460B464046494674
:103C1000CDE9022315F074FC32463B4615F070FCEA
:103C200034A3D3E9002306460F46DDE9060115F06B
:103C30001BFE32463B4615F063FC02460B46CDE9BF
:103C400004233AE715F05EFC274B9F4204460D46DD
:103C500018D01FA3D3E9002315F054FC02460B46ED
:103C6000CAE900232946204615F04AFC18A3D3E9E7
:103C7000002315F047FC4FF0FF35CAE90201BBE60F
:103C8000032398E614A3D3E9002315F03BFC14A307
:103C9000D3E900230D46044615F034FC02460B46DA
:103CA000CAE900232946204615F02AFC0CA3D3E9D3
:103CB000002315F027FC4FF0FF35CAE902019BE60F
:103CC0009DED087B8DED027BFFE600BFAFF300802A
:103CD0003163621A61B4D03D0000601A61B4D03D16
:103CE0007370032E8A19A33BFB21F93F0000002EBD
:103CF0008A19A33BC14920259A837B390000000023
:103D0000594A2DE9F84F21F00048904506460F46E4
:103D10002BDC564B0029B4BF554D564D98454FF0FE
:103D2000000410DC544B984570DC4DA3D3E900230C
:103D300015F0E8FB0022514B16F026F8D8B13046BA
:103D40003946BDE8F88F4E4B98457CDD4D4B984584
:103D500044DD013398453ED03046394640A3D3E98F
:103D6000002315F081FDBDE8F88F02460B4615F0E3
:103D7000C9FBBDE8F88F3046394613F071FC01F0FD
:103D80007FF806460F4632463B463046394615F028
:103D9000B9FB324682468B463B463046394615F0E3
:103DA00063FD002280468946344B3046394615F083
:103DB000A9FB02460B464046494615F07FFE0246E7
:103DC0000B465046594615F09BFB22462B4615F0F4
:103DD0004BFDBDE8F88F2C4B9842BDD83046394694
:103DE00013F03EFC0022234B15F03EFDFEF714FCC1
:103DF00006460F4602460B462046294615F034FD7E
:103E000032463B4615F030FDBDE8F88F13F028FC34
:103E100001F036F81D4B984506460F46B3DD0022EB
:103E2000164B15F06FFB02460B463046394615F02F
:103E300045FE32463B4615F065FB22462B4615F003
:103E400013FDBDE8F88F13F00BFCFEF7E5FB02460F
:103E50000B462046294615F007FDBDE8F88F00BF48
:103E60003374AC3C1F7BAC7FFFFFEF7FFFFF35401F
:103E70000000E0BF0000E03FFFFF2F3E0000F03FEA
:103E8000412E8640CD3386407DF8B98FFFFFEF3F4E
:103E90002DE9F04F21F00048B8F1795F85B0064672
:103EA0000F4692469B466BDA15F08EFF002800F015
:103EB000EA8032463B463046394615F0D5FC74A3BD
:103EC000D3E9002304460D4615F0CEFC72A3D3E9D6
:103ED000002315F017FB22462B4615F0C5FC70A3F6
:103EE000D3E9002315F00CFB22462B4615F0BCFC51
:103EF0006DA3D3E9002315F005FB22462B4615F0F0
:103F0000B3FC6BA3D3E9002315F0FAFA22462B4643
:103F100015F0AAFC68A3D3E9002315F0F3FA2246B2
:103F20002B4615F0A1FCCDE900010022664B20468E
:103F3000294615F099FCDDE9002380468946204694
:103F4000294615F091FC524604460D465B46304624
:103F5000394615F089FC02460B462046294615F0E5
:103F6000CFFA02460B464046494615F0C9FA0246CA
:103F70000B460020554915F0C3FA05B0BDE8F08F97
:103F800002460B4615F070FC41A3D3E9002304461A
:103F90000D4615F069FC40A3D3E9002315F0B2FAF1
:103FA00022462B4615F060FC3DA3D3E9002315F013
:103FB000A7FA22462B4615F057FC3BA3D3E9002372
:103FC00015F0A0FA22462B4615F04EFC38A3D3E993
:103FD000002315F095FA22462B4615F045FC36A332
:103FE000D3E9002315F08EFA2B46224615F03CFC4F
:103FF000374B9845CDE9000197DD364B984539DCC4
:10400000A8F500130022002030499046994615F08B
:1040100077FACDE9020100222B4B2046294615F004
:1040200023FC42464B4615F06BFADDE9002380463F
:1040300089462046294615F017FC524604460D468F
:104040005B463046394615F00FFC02460B462046CB
:10405000294615F055FA02460B464046494615F0EA
:104060004FFA02460B46DDE9020115F049FA05B0A8
:10407000BDE8F08F9FED127B4FF000088DED027BC5
:10408000DFF85490C7E71149002005B0BDE8F08F74
:10409000D43888BEE9FAA8BDC4B1B4BD9EEE213EB5
:1040A000AD529C804F7E923E9015CB19A001FA3EF6
:1040B0007751C1166CC1563F4C5555555555A53FC6
:1040C000000000000000E73F0000E03F0000F03F7C
:1040D0003233D33F0000E93F0000D23F0000000030
:1040E0002DE9F04FADF51B7D9F4CA49E9F4D54F8DC
:1040F000264007942646D41E85FB0475E417C4EBBE
:10410000A50424EAE4741D460A93631CA3EB83030D
:10411000013D02EBC30306932B460B940395651BED
:10412000F418049008911AD42C4400260027013476
:104130000DF18808DDF8949208E059F8250015F093
:104140002DFB0135A542E8E8020108D0002DF4DA84
:10415000013530463946A542E8E80201F6D1079B11
:10416000002BC0F2DF83079B03F1010B0A9B22A9FE
:10417000DB001A4601EB03090093049B0DF5E47A7A
:1041800019460AEBCB0B01EB0208039B002BC0F294
:10419000F582049C4D460026002775E90223F4E8C9
:1041A000020115F061FB02460B463046394615F018
:1041B000A9F9444506460F46EFD1EAE80267DA4519
:1041C00009F10809E1D107990098049C009101F1D7
:1041D0008043013B9B0020441A1F83460EA80244E3
:1041E00003440C920D93009A9AA901EBC203002A92
:1041F00053E9284529DD0DF5E47A0AEBC2080DF1F3
:10420000340900225A4B2046294615F02DFB15F0A3
:10421000DBFD15F0C3FA0022564B06460F4615F09B
:1042200023FB02460B462046294615F069F915F096
:10423000CBFD78E9022349F8040F3946304615F0E2
:1042400061F9D04504460D46DBD1DDF818902046D3
:1042500029464A4601F050F800224FF07F530446A9
:104260000D4615F001FBFCF75FFD0022424B15F0F7
:10427000FBFA02460B462046294615F041F90D4649
:10428000044615F0A1FD804615F088FA0B4602465B
:104290002946204615F034F94B46002B06460F46BA
:1042A00040F3F980009A0EA9013AC9F1180351F8B8
:1042B000225045FA03F101FA03F30EA8EB1A40F875
:1042C0002230C9F11705884443FA05F5002D6DDD4C
:1042D000009B002B08F1010840F36F820E9C002C1C
:1042E00040F01683009B012B40F38F820EAA01231E
:1042F00052F8044F002C00F08382581C0EAAC4F11F
:10430000807442F82340009A824219DD0EAA0EAC56
:1043100052F820106FF07F42511A44F82010009993
:10432000023399420CDD1046009A0EA901EB83037B
:1043300001EB82011A68821A43F8042B8B42F9D1EF
:10434000069B002B1ADD069B012B4FF0010440F069
:104350003C82009B5A1E0EAB0EA953F82230C3F3C9
:10436000160341F822303CE228C30100ABAAAA2A76
:104370000000703E0000704100002040022D15D169
:1043800032463B460020924915F0BAF806460F46E1
:10439000069A8F49002000F0AFFF02460B463046D8
:1043A000394615F0ADF8022506460F4600220023D7
:1043B0003046394615F0C0FC002800F03782009ADC
:1043C000079B501E83420FDC02F18043013B0EAA83
:1043D0000D9C02EB8303002253F80419A34242EA26
:1043E0000102F9D1002A67D1079B0EAA013B52F8BE
:1043F0002330002B40F018820C9A012352F8041944
:1044000001330029FAD0009AD31802F1010A9A4523
:1044100009933DDC009B0A990B9A0B4409990AEB1E
:104420000208994622AB08F1804803EBC9098B18B2
:10443000A59A08F1FF3802EB880872AA02EBCA0AB3
:10444000A59A02EB8303009358F8040F15F0A6F920
:10445000039B002BE9E802014FF000064FF0000734
:1044600011DB049C4D4675E90223F4E8020115F0C6
:10447000FBF902460B463046394615F043F85C45D9
:1044800006460F46EFD1009B9845EAE80267DBD16C
:10449000099B0093A7E606D1009B0EAA013B52F8A8
:1044A0002350ED1512E700224A4B15F063FC00285B
:1044B00040F06E81054679E70EA9039551F820304A
:1044C0000699CDF8248018390246009006916BB900
:1044D00000F18043013B0EA800EB830353F804096D
:1044E000013A18390028F9D000920691069A384905
:1044F000002000F001FF009B002B04460D46C0F297
:10450000F781DA0072A901EB020B06920EAA02EB08
:104510008306DFF8C4904FF000080BF1080704365B
:1045200056F8040D15F03AF922462B4615F09CF981
:104530004B4667E9020142462046294615F094F9A8
:104540000EAB9E4204460D46EAD14AACDDF81C9003
:1045500004944FF0000AB9F1000FC0F22B81DFF88C
:104560007C805D4618A1D1E90001002600270024C7
:1045700003E0544510DCF8E80201F5E8022315F0E9
:1045800073F902460B463046394614F0BBFF01343E
:10459000A14506460F46ECDA049B03EBCA03ABF1D8
:1045A000080BC3E9006770AB9B450AF1010AD2D141
:1045B000A49B049C032B00F28980DFE803F0C58EE6
:1045C0008E1100BFAFF3008000000040FB21F93FD7
:1045D0000000F03F0000E03F0000703E50AB0100E3
:1045E000009B002B40F38181069A04EB020ADAE972
:1045F000008902F1080525440DF5987B1AED027B30
:1046000042464B4651EC170B8DED047B14F07AFFBC
:1046100006460F4602460B46DDE9040114F070FF22
:1046200042464B4614F06EFF65E902015D45B04617
:10463000B9466AE90267E1D1009B012B40F355813D
:10464000069BE518D5E9008903F1080B04EB0B0A7A
:1046500015ED027B42464B4651EC170B8DED007B6E
:1046600014F050FF06460F4602460B46DDE90001F6
:1046700014F046FF4B46424614F044FF6AE902013B
:104680004EAB5345B046B94665E90267E0D100201C
:10469000002104EB0B0575E9022314F033FFAA4552
:1046A000F9D1039B002B00F00A816268E368089F40
:1046B0002568A4683D6002F1004203F1004301F166
:1046C00000417A60FB60BC6038617961099B03F04E
:1046D00007000DF51B7DBDE8F08F069D08352544CC
:1046E0000020002175E9022314F00CFFA542F9D146
:1046F000039B002B00F0D280089E024601F100438C
:1047000086E80C000B460246D4E9000114F0F8FEDE
:10471000009B002B0BDD4CAD0124F5E8022314F0C7
:10472000F1FE009B0134A342F7DA039B13B101F1C0
:1047300000431946089BC3E90201099B03F00700E7
:104740000DF51B7DBDE8F08F069D0835002000218A
:10475000254475E9022314F0D5FEAC42F9D1039B40
:1047600013B101F100431946089BC3E90001099BFD
:1047700003F007000DF51B7DBDE8F08F0026002734
:10478000EAE80267DA4509F108097FF4FEAC1AE5A8
:10479000009B002B08F10108C8BF02253FF79EAD22
:1047A00032463B460020614914F0AAFE0225064627
:1047B0000F46FBE500260027EEE6069B002B27DDD3
:1047C0000024069B012B3FF4C4AD022B09D1009BB2
:1047D0005A1E0EAB0EA953F82230C3F3150341F84D
:1047E0002230022D7FF4E2AD32463B4600204F4995
:1047F00014F086FE06460F46002C3FF4D7ADC7E501
:104800000099013399427FF473AD069B002BD8DCED
:10481000022D7FF4CBAD32463B460020434914F0D5
:104820006FFE06460F46C1E50123ECE53946069FBB
:1048300003957A423046CDF8248000F05DFD0022D9
:104840003B4B04460D4615F095FA002843D0002254
:10485000384B2046294615F007F815F0B5FA0646FC
:1048600014F09CFF0022324B14F0FEFF02460B4670
:104870002046294614F044FE15F0A6FA00990B468E
:1048800001331A4600933B46183306930B460EA994
:1048900041F82300134641F8236027E6089B0246AF
:1048A000C3E900010B46D4E9000114F029FE009B86
:1048B000002B3FF730AF089BC3E902013DE7D4E985
:1048C0000067D4E90223089DC5E90401C5E9006732
:1048D000C5E90223FAE62946204615F075FA009A42
:1048E0000EA941F8220001E64AAC00200021D8E6DA
:1048F000A49B032B3FF6EAAE01A252F823F000BFBF
:104900001F4900001749000017490000E94800004E
:1049100001200023F2E4002000214AACE8E6002058
:1049200000211CE70A9BDB0000934CE40000F03FF1
:10493000000070410000703E2DE9F04F21F000466C
:10494000B6F1795F85B004460D469046994604DA83
:1049500015F03AFA002800F0858022462B462046C2
:10496000294614F081FF06460F4602460B462046B4
:10497000294614F079FF41A3D3E9002382468B46F0
:104980003046394614F070FF3EA3D3E9002314F0FB
:10499000B7FD32463B4614F067FF3CA3D3E9002342
:1049A00014F0B0FD32463B4614F05EFF39A3D3E964
:1049B000002314F0A5FD32463B4614F055FF37A303
:1049C000D3E9002314F09EFD0E9BCDE900019BB3BB
:1049D0000022294B4046494614F046FFDDE90023FA
:1049E000CDE902015046594614F03EFF02460B46FF
:1049F000DDE9020114F084FD32463B4614F034FF39
:104A000042464B4614F07CFD19A3D3E90023064629
:104A10000F465046594614F027FF02460B463046D3
:104A2000394614F06FFD02460B462046294614F025
:104A300067FD05B0BDE8F08F02460B4630463946AB
:104A400014F012FF0AA3D3E9002314F059FD5246D3
:104A50005B4614F009FF22462B4614F053FD05B0C7
:104A6000BDE8F08F2046294605B0BDE8F08F00BFB5
:104A7000495555555555C53F0000E03F7CD5CF5AA7
:104A80003AD9E53DEB9C2B8AE6E55A3E7DFEB157CF
:104A9000E31DC73ED561C119A0012A3FA6F8101138
:104AA0001111813F000000002DE9F04FBE4C21F0B4
:104AB000004687B0A64282468B460F46CDE90023CA
:104AC0001BDC15F081F9002837D153461E43109B9B
:104AD0000133334300F0B381109B012B00F0C881F8
:104AE00052465B460020B14914F0E8FF04460D46EB
:104AF0002046294607B0BDE8F08FAD4B9E421CDD35
:104B00000029C0F2A98152465B4687A1D1E9000184
:104B100014F0F6FCDDE9002304460D4684A1D1E93A
:104B2000000114F0EDFC9FED847B22462B468DEDB9
:104B3000007B14F0E7FC82468B4652465B465046AB
:104B4000594614F091FE02460B468046894614F001
:104B50008BFE424604460D464B465046594614F0DD
:104B600083FE77A3D3E90023CDE90201204629463D
:104B700014F07AFE74A3D3E9002314F0C3FC224698
:104B80002B4614F071FE72A3D3E9002314F0BAFC93
:104B900022462B4614F068FE6FA3D3E9002314F0DD
:104BA000B1FC22462B4614F05FFE6DA3D3E900232F
:104BB00014F0A8FC22462B4614F056FE6AA3D3E953
:104BC000002314F09FFC42464B4614F04DFE68A3B0
:104BD000D3E90023CDE904012046294614F044FE20
:104BE00065A3D3E9002314F08DFC22462B4614F074
:104BF0003BFE63A3D3E9002314F084FC22462B463A
:104C000014F032FE60A3D3E9002314F07BFC2246AB
:104C10002B4614F029FE5EA3D3E9002314F072FCA6
:104C200022462B4614F020FE5BA3D3E9002314F0A8
:104C300069FC02460B46DDE9040114F063FCDDE982
:104C4000022314F011FEDDE9004522462B4614F044
:104C500059FC42464B4614F007FE02460B462046DE
:104C6000294614F04FFC4EA3D3E9002304460D4619
:104C7000DDE9020114F0F8FD22462B4614F042FC57
:104C80000B460246804689465046594614F03AFC87
:104C9000474B9E4204460D4600F38E80109B012B2D
:104CA0003BD002460B460020404914F007FF002489
:104CB00006460F462046294652465B46CDE9006728
:104CC000CDE90201009414F01BFCDDE900AB0246C3
:104CD0000B464046494614F013FC52465B4614F01E
:104CE000C3FD524604460D465B46DDE9020114F061
:104CF000BBFD00222F4B14F005FC02460B4620465C
:104D0000294614F0FFFB32463B4614F0ADFD5246F7
:104D10005B4614F0F7FB04460D462046294607B0D3
:104D2000BDE8F08FAFF30080182D4454FB21E93F1C
:104D3000075C143326A6813C000000000000000040
:104D4000D47ABF74702AFB3EE9A7F0320FB8123F45
:104D500068108D1AF726303F1583E0FEC8DB573FF9
:104D600093846EE9E326823FFE41B31BBAA1AB3FB9
:104D7000735360DBCB75F3BEA69237A0887E143FD9
:104D80000165F2F2D844433F280356C9226D6D3FB6
:104D900037D60684F464963F7AFE10111111C13F94
:104DA000635555555555D53FFFFF2F3E0000F0BFC9
:104DB0002794E53F0000F03F109814F0EFFC2246E6
:104DC000CDE900012B462046294614F04DFDDDE9D2
:104DD0000023CDE902012046294614F093FB024648
:104DE0000B46DDE9020114F069FE42464B4614F021
:104DF00087FB02460B465046594614F081FB02469B
:104E00000B4614F07FFB02460B46DDE9000114F06F
:104E100077FB0446B81700F00200C0F101000D4610
:104E200014F0BCFC02460B462046294614F01CFD3B
:104E300004460D462046294607B0BDE8F08F50468F
:104E4000594612F00DFC02460B4600200A4914F0A8
:104E500035FE04460D4660E7DDE9004501F10041FD
:104E6000224605F1004382468B46CDE900234AE6FF
:104E700054465D4651E700BF0000F03F00000000CF
:104E80002DE9F04FD24A21F00043934285B082468B
:104E90008B460C462DD9CF4A93421AD8002C80F26B
:104EA0001681B5A3D3E900235046594614F02AFBD6
:104EB0000022002314F04AFFC0B9B1A3D3E90023B4
:104EC0005046594614F0D0FC02460B460020C24919
:104ED00008E1C24A934240F2D0800346C1F3130274
:104EE000134340F0F481002980F2C4800020BC49C3
:104EF000C0E0BC4A934200F22981BB4A934240F28F
:104F0000DE80002301930022B84B5046594614F02E
:104F1000ABFC06460F4602460B465046594614F077
:104F2000A3FC99A3D3E9002304460D4614F09CFC8E
:104F300097A3D3E9002314F0E5FA22462B4614F098
:104F400093FC95A3D3E9002314F0DAFA22462B460A
:104F500014F08AFC92A3D3E9002314F0D3FA22467A
:104F60002B4614F081FC90A3D3E9002314F0C8FA77
:104F700022462B4614F078FC00229D4B14F0C2FA16
:104F80008046894602460B463046394614F06CFC92
:104F900002460B460020974914F0B2FA0646024634
:104FA0000B460F464046494614F0AAFA3246804660
:104FB00089463B465046594614F056FC02460B467D
:104FC00000208D4914F09CFA02460B4640464946A3
:104FD00014F074FD22462B4614F046FC019E024656
:104FE0000B46002E38D0DDE9026732463B4614F00E
:104FF00087FA52465B4614F037FC32463B4614F0C3
:105000007FFA2B46224614F07BFA019B01330646B9
:105010000F4600F00F81019B012B00F0F180019BF6
:105020000133392B39D8019B132B40F31281019C9A
:10503000C4F57F75033500222B0514F063FA024690
:105040000B465046594614F05BFA0022684B14F0A8
:1050500059FA01EB04510DE05046594614F004FC96
:1050600022462B4614F04CFA02460B46504659464F
:1050700014F046FA05B0BDE8F08F4DA3D3E9002344
:1050800014F082FE00283FF409AF4BA3D3E90023BC
:105090001046194614F0E8FBECE752465B4614F064
:1050A0002FFA02460B460020514914F029FA019AC2
:1050B0004F4B01EB0251002214F022FADAE73EA333
:1050C000D3E9002314F01EFA02460B46CAE72CA3CC
:1050D000D3E900235046594614F0C6FB0B4643491A
:1050E0000246002014F00EFA14F06EFE019014F047
:1050F00055FB33A3D3E9002306460F4614F0B4FB57
:1051000002460B465046594614F0FAF92EA3D3E94D
:105110000023804689463046394614F0A5FB0646F2
:105120000F4632463B464046494614F0E9F90246EE
:105130000B4682468B464046494614F0E1F932461A
:105140003B4614F0DDF9CDE90201DCE62B4A93423F
:1051500000F2958000291AA3D3E90023C0F2AC80A5
:1051600014F0CEF9012380468946019316A7D7E9AA
:105170000067D6E7AFF3008059F3F8C21F6EA501B0
:10518000FE822B654715F73F2DC3096EB7FD8ABE1A
:105190003952E686CACFD03EB7DBAA9E19CE143F5D
:1051A0008555FE19A0015A3FF41011111111A13FAC
:1051B000EF39FAFE422E86409C7500883CE4377E2B
:1051C0000000E0FE422EE63F763C7935EF39EA3DBD
:1051D00079684340412E86400000E0BFFFFFEF7F2B
:1051E0000000F0BF422ED63FFFFF8F3C0000E03FA3
:1051F0000000F03F0000084000001840B1A2F03F5E
:105200000022394B5046594614F0A0FD002844D0E6
:10521000504659460022354B14F074F902460B46AD
:105220003046394614F06CF900224FF0404314F038
:105230001BFB1FE702460B465046594614F060F927
:1052400000222A4B14F010FB0022284B14F058F9CE
:1052500010E7019C4FF400132341C3F17F575246DE
:105260005B4614F04DF9002607F5401702460B4641
:105270003046394614F044F901EB0451FAE616A31E
:10528000D3E9002314F0F0FA002C02460B464FF04D
:105290000000FFF61CAE154924E732463B46504657
:1052A000594614F02DF902460B4614F02BF9002252
:1052B0000F4B14F027F9DDE614F024F94FF0FF331B
:1052C00080468946019306A7D7E9006729E7024689
:1052D0000B4614F017F9CDE6FE822B654715F73F14
:1052E000763C7935EF39EABD0000D0BF0000E03FE1
:1052F0000000F03F00000000F8B5C1F30A56044674
:105300000D460B4617460EBB21F00043034386466D
:1053100025D00022344B14F0A7FA344A97420446B1
:105320000D460B462ADBC1F30A56363E3E4440F298
:10533000FE72964228DC002E12DD23F0FF4323F498
:10534000E00343EA065520462946F8BD40F2FF72C5
:105350009642EBD102460B4614F0D4F8F8BDF8BDE6
:1053600016F1350F1DDA4CF250339F4222462B4680
:1053700025DC19A1D1E9000114F034F816A3D3E912
:10538000002314F071FAF8BD22462B4614A1D1E98E
:10539000000114F027F812A3D3E9002314F064FAF3
:1053A000F8BD23F0FF4323F4E003363643EA065505
:1053B0002046294600220E4B14F056FAF8BD08A1EB
:1053C000D1E9000114F00EF805A3D3E9002314F08D
:1053D0004BFAF8BDAFF3008059F3F8C21F6EA50178
:1053E0009C7500883CE4377E00005043B03CFFFFD2
:1053F0000000903C10B5054C237833B9044B13B131
:105400000448AFF300800123237010BD1005002075
:105410000000000080C401000C4B43B10C480D4952
:1054200010B5AFF300800C48036823B910BD0A48DB
:10543000036833B97047094B002BF7D0BDE8104023
:105440001847064B002BF5D0184700BF000000009E
:1054500080C401001405002010020020000000009C
:10546000154B002B08BF134B9D46A3F5803A002136
:105470008B460F461348144A121A08F055FE0F4B7C
:10548000002B00D098470E4B002B00D098470020EF
:10549000002104000D000D48002802D00C48AFF395
:1054A000008013F0D5FF2000290005F049F913F022
:1054B000BBFF00BF00000800000002200000000049
:1054C0000000000000040020AC0C002000000000E0
:1054D0000000000070B504460E4600F0D1F888B117
:1054E00003681B6B05469847082C0CD0A4F10903F0
:1054F000012B14D93246214610230D20BDE87040FF
:1055000004F0DEB870BD2B6828469B6A98470228D5
:10551000F0DC2B6828465B6A04219847EAE72B6891
:1055200028469B6A98470528E4DC2B6828465B6A76
:1055300008219847DEE700BF30B52DED028B83B020
:10554000054600F09DF8044640B103681B6B984780
:10555000032D50D8DFE805F0373F47080190019848
:1055600003B0BDEC028B30BD20460CF0D9F907EE3C
:10557000900A2046F8EEE78A0CF0E0F907EE900A70
:105580002046B8EEE78A0CF0E7F968EE087A07EEF5
:10559000100AE8EEA87AB8EEC77AE7EE077AF5EED9
:1055A000407AF1EE10FAB1EEE78A03D517EE900AD1
:1055B00012F0A2FDFDEEC87ACDED017A019803B09C
:1055C000BDEC028B30BD204603B0BDEC028BBDE8C4
:1055D00030400CF0A5B9204603B0BDEC028BBDE80D
:1055E00030400CF0ABB9204603B0BDEC028BBDE8F7
:1055F00030400CF0B1B900230193B0E738B505464F
:1056000000F03EF858B103681B6B0446984745B15B
:10561000012D04D12046BDE83840FBF79DB800209D
:1056200038BD2046BDE83840FBF776B810B50446D3
:1056300000F026F828B1036821465B6ABDE81040F7
:10564000184710BD0048704716FCFFFF704700BFA9
:1056500010B5034B036004460BF05EFF204610BDFF
:10566000F8B8010010B5054B036004460BF054FF79
:10567000204614F03BFE204610BD00BFF8B80100E4
:105680002DE9F043C04C236885B01BB1986805B084
:10569000BDE8F0834FF0FF31012001F0FFFCC0B204
:1056A00004F000FB002800F0ED800C2014F020FE38
:1056B00003210646512001F0F1FCDFF8FCE2B34B78
:1056C000054605F00F07C5F3031815F4807518BFDC
:1056D0007346AF48394642460BF0BEF82A1C18BF45
:1056E00001223946434630460EF008F90023A94806
:1056F000B3600BF0B1F84FF0FF31032001F0CEFCA6
:10570000C0B204F0CFFA4FF0FF310546022001F09D
:10571000C5FCC0B204F0C6FA002D00F09A80002843
:1057200000F097800146284604F0ACF807460028B0
:1057300000F0A4804FF0FF31462001F0AFFC32288A
:1057400080462BD028DD382869D068283FD14FF01B
:10575000FF31012001F0A2FCC0B204F0A3FA81469F
:105760005C2014F0C5FD0523054601934A46CDF89B
:105770000080394633460DF093F82846B060036840
:10578000DB6A9847B06803681B6B984782480BF048
:1057900063F82660B0687AE7302818D14FF0FF31FF
:1057A000012001F07BFCC0B204F07CFA814650205D
:1057B00014F09EFD1FFA88F1054605234A46009124
:1057C0000193394633460CF03DFE2846D6E73A6849
:1057D0000125002301950095D2F82480B3600F22A3
:1057E0000DF10F0332213846C047002856D14FF043
:1057F0003208414669480BF02FF84FF0FF31012085
:1058000001F04CFCC0B204F04DFA8146502014F077
:105810006FFD052305464A46CDF80080D0E74FF0DE
:10582000FF31012001F03AFCC0B204F03BFA81469E
:10583000502014F05DFD052305464A46CDF8008052
:105840003946019333460CF007FF554B2B60284631
:1058500094E754480BF000F84FF0FF31192001F0A5
:105860001DFCC0B204F01EFA4FF0FF3105461820AF
:1058700001F014FCC0B204F015FA53E74A480AF0EC
:10588000EBFF86E74FF0FF31032001F007FCC0B2C9
:1058900004F008FA00287FF408AFF8E63B680195A9
:1058A0000095D3F824800F220DF10F0330213846E4
:1058B000C04718B94FF0300841469BE73B68019557
:1058C0000095D3F824800D220DF10F0338213846BE
:1058D000C047C0B9382131480AF0BEFF4FF0FF3150
:1058E000284601F0DBFBC0B204F0DCF98046502012
:1058F00014F0FEFC4FF0050E3823054642463946AB
:105900008DE808409EE73A6801950095D2F824801A
:105910000DF10F03752268213846C047E0B96821B0
:105920001E480AF099FF4FF0FF31284601F0B6FB00
:10593000C0B204F0B7F980465C2014F0D9FC4FF0F7
:10594000050E682305468DE8084042463946334631
:105950000CF0A6FF284611E714480AF07DFFB06856
:1059600000287FF40CAF4FF0FF31032001F096FBCD
:10597000C0B204F097F918B10D480AF06DFF08E7BE
:105980000C480AF069FF04E72C050020E0AB010099
:10599000E8AB010008AC0100A0AC0100C4AC010000
:1059A000A0AB010018AC01002CAC0100B0AC0100B0
:1059B00044AC010080AC0100D8AB010008B501F097
:1059C0009FFCFBF76DFCBDE8084001F0FDB900BF8E
:1059D00008B501F095FCFBF7D3FCBDE8084001F0E9
:1059E000F3B900BF08B501F08BFC11F0AFFEBDE8C4
:1059F000084001F0E9B900BF08B501F081FC12F0E0
:105A0000B7FABDE8084001F0DFB900BF08B501F002
:105A100077FCFBF755FCBDE8084001F0D5B900BFA5
:105A200008B501F06DFC12F0CFF8BDE8084001F0B8
:105A3000CBB900BF08B501F063FCFAF7ADFEBDE8D5
:105A4000084001F0C1B900BF08B501F059FC12F0DF
:105A50000FF8BDE8084001F0B7B900BF70B5049E6B
:105A600096420C4628DB15466BB1002A00EB02017A
:105A700007DD2046A21811F8013D00F8013B9042D5
:105A8000F9D1002070BD042A0FD0022A02D110F0F3
:105A9000010306D001462A46204607F055F90020AA
:105AA00070BD02880A80184670BD10F00303F1D162
:105AB00002680A60184670BD0846002108F034FBF1
:105AC0004FF0FF3070BD00BF0830704740B1002973
:105AD00005DB4368994202DA0844007A70470020E7
:105AE000704700BF30B1002904DB43689942BCBF56
:105AF00040180272704700BF40B1002905DB4368BF
:105B0000994202DA0844007A70470020704700BFCB
:105B1000830705D120B1030F0CBF0120002070477F
:105B20000120704730B1002904DB43689942BCBFB3
:105B300040180272704700BF002B23DB002921DBD5
:105B400070B54668B1421ADC5568761A1446EA1AEE
:105B5000B242A8BF3246002A11DB84420D4607D06C
:105B6000083408300844E11807F0EEF8002070BD52
:105B70000834E118601914F0E9FB002070BD4FF003
:105B8000FF3070BD4FF0FF30704700BF4068704776
:105B900010B4141E10DB426894420DDC33EA230378
:105BA00028BF1346121B08309A422044A8BF1A4649
:105BB0005DF8044B08F0B8BA5DF8044B704700BFBD
:105BC00043688B4210B400F108041846A8BF084689
:105BD00032EA220128BF19461B1A99422044A8BF65
:105BE00019465DF8044B00F0F3BE00BF002BBCBFAC
:105BF00043689B1A002A70B50E4620DB446899184A
:105C0000A1421CDC8A421ADCCBB136F0004116D02E
:105C100059428E4214DDB34212DD0830002E00EBF3
:105C2000020515DB9C1B2246A919284614F08EFBA1
:105C3000324628190021BDE8704008F075BA70BDE1
:105C4000002211464FF0FF33BDE87040FFF7A0BFC0
:105C500074429A192946281914F078FB22462846DE
:105C60000021BDE8704008F05FBA00BF034608306D
:105C7000596800F02DBE00BF70B504460020616871
:105C8000490000F0A7FD6668002E11DD094D04F102
:105C9000080100EB4606034611F8012B141102F02F
:105CA0000F022C5DAA5C9C71DA7102339E42F3D123
:105CB00070BD00BFD8AC0100002BBCBF43689B1A6D
:105CC000002A2FDB70B445689C18AC4229DCA24244
:105CD00027DC33B331F0004423D00029B8BF01EBF7
:105CE000032191FBF3F603FB1616002E00F10800CA
:105CF000B8BFF61802441644B242134411D03046DD
:105D000004E0B24208460ED090420AD00146147810
:105D100011F8015B02F8015B8B420470F1D130464F
:105D2000F2E770BC70470E46EEE700BF00B583B0E7
:105D30004FF0FF3300930023FFF7FEFE03B05DF842
:105D400004FB00BF10B50C1E0EDD4168083002F0E8
:105D5000FFF81F2C09DC0123A34020FA04F4013BC7
:105D6000444004EA030010BD002010BD014600209D
:105D700000F02EBE38B50021054600F0D7FD0146E3
:105D8000002000F025FE044600F10801284600F03E
:105D9000CDFD204638BD00BF30B5013A83B0044682
:105DA0000D460F2A16D8DFE802F01717838D9417D7
:105DB0002E08081F424D5C367462184601F034FB11
:105DC000012DADF8000005DD9DF800209DF80130A3
:105DD0002370627003B030BD184601F025FB002D22
:105DE000F8DD207003B030BD184601F01DFB032D17
:105DF0000090EFDD6A46231D12F8011B03F8011D18
:105E00009C42F9D1E6E7184601F00EFB002DC0B226
:105E1000E0DD2070E6E7184601F072FA072DCDE9C3
:105E20000001D7DD6B4603CB20606160D2E71846E6
:105E300001F08EFA032DCDDDA3070CBF206020609A
:105E400003B030BD184601F083FA032D0090C1DD88
:105E50006A46231D12F8011B03F8011D9C42F9D16B
:105E6000B8E7184601F078FB032DE5DCB2E71846E9
:105E700001F046FA072DCDE90001ABDD0DF1FF324F
:105E800004F1080312F8011F03F8011DA342F9D120
:105E9000A0E7184601F060FB032D00909ADD6A46EA
:105EA000231D12F8011B03F8011DA342F9D191E74C
:105EB000184601F0B9FA012D8CDDE20754BF2080AD
:105EC000208087E7184601F0AFFA012D82DD80B20D
:105ED000F3E7184601F0A8FA032DADDC7AE700BF1E
:105EE00030B4141E07DB456808300A462044291BDD
:105EF00030BCFFF751BF30BC704700BF00B5013A5E
:105F000085B00F2A00F28880DFE802F01623303DCA
:105F10004A56595C5F626571748083080091012361
:105F200008220DEB0201FFF799FDDDE9020100F007
:105F30004BFF05B05DF804FB00910023012202A98C
:105F4000FFF78CFD9DF9080001F044F805B05DF8FD
:105F500004FB00910023012202A9FFF77FFD9DF8B9
:105F6000080001F037F805B05DF804FB009100234C
:105F7000022202A9FFF772FDBDF9080001F02AF81C
:105F800005B05DF804FB00910023022202A9FFF78F
:105F900065FDBDF8080001F01DF805B05DF804FBD3
:105FA00000910023042202A9FFF758FD029801F096
:105FB00011F805B05DF804FB01230091BEE7012351
:105FC0000091C8E700910123D2E700910123DCE7AB
:105FD00000910123E6E700910023042202A9FFF7C4
:105FE0003DFD029801F000F805B05DF804FB00915A
:105FF0000123F2E700910023042202A9FFF72EFDFE
:10600000029800F0DFFF05B05DF804FB009100236B
:1060100086E700910123EFE700208AE7131E09DBE2
:1060200010B4446808300A461844E11A5DF8044B7D
:10603000FFF764BF002000F0CDBF00BF03F022BA1D
:1060400008B503F023FA20F0404008BD03F038BB48
:1060500010F08EB8C11703F0D9B900BF03F0EAB948
:1060600003F0FAB900B583B003F00AFA02AB63E9B2
:1060700002010821184601F06BFF20F0404003B0F8
:106080005DF804FB00B583B003F0FAF902AB63E9F5
:1060900002010821184600F09BFC03B05DF804FBE8
:1060A00081B138B50B680C4608461B6A98472368CF
:1060B00005465B6A2046984701462846BDE83840B9
:1060C00004F05EB9704700BF01F064BE012002F029
:1060D00005B900BF08B5022002F000F940F2933084
:1060E000BDE8084008F0FABD014B1860704700BFDA
:1060F00030050020704700BF00207047002A2DE9BE
:10610000F04340F3BB8000242546ED27DFF8CCE1C7
:1061100009E07F2B04F1010415D8013508B10370A3
:106120000130A24221DD0B5D1E06F2D503F0E00630
:10613000C02E1DD003F0F006E02E33D003F0F80699
:10614000F02E51D0013402350028EAD04FEA931CDA
:1061500006466CF03F0C06F802CB03F03F0363F0F9
:106160007F03A24243703046DDDC2846BDE8F08361
:10617000661CB242DEDD01EB040C9CF801C00CF0A1
:10618000C008B8F1800FD5D14FEA83180CF03F0C4E
:1061900008F4F86848EA0C0CBCF17F0F70DD634628
:1061A0000234D0E7A61CB242C8DD0E1996F801C031
:1061B0000CF0C008B8F1800FC0D196F8028008F04A
:1061C000C006802EBAD11E0308F03F084FEA8C1C8F
:1061D000B6B20CF47C6C46EA080646EA0C06B6F544
:1061E000006FAFDB033430E0E61CB242AADD0E19CB
:1061F00096F801C00CF0C008B8F1800FA2D196F853
:10620000028008F0C009B9F1800F9BD196F8039085
:1062100009F0C006802E95D19E0409F03F094FEA8F
:106220000C3C06F4E0160CF47C3C4FEA881846EA75
:10623000090646EA0C0608F47C6846EA0806A6F554
:10624000803CF4453FF67EAF0434B6F5803F1DD266
:10625000033500283FF465AF4FEA163CC6F38513BB
:1062600006F03F066CF01F0C63F07F0366F07F06BC
:1062700080F800C043708670033052E7002574E751
:106280000235344600287FF461AF4CE7A6F580362E
:10629000B30A063503F5584300283FF442AFC6F36E
:1062A000090606F55C46C6F38518C3F3851C06F09F
:1062B0003F0603F03F0368F07F0866F07F066CF04E
:1062C0007F0C63F07F030770C77080F8048046710D
:1062D00080F801C08370063023E700BFFFFF0F0086
:1062E0000378024618461B0600D4704700F0E0030E
:1062F000C02B10D000F0F003E02B00D07047537893
:10630000927800039B0103F47C6380B2184302F08F
:106310003F03184370475378800103F03F0300F4B4
:10632000F8601843704700BF704700BF70B4C5885D
:106330008D422BD30B0962BB826886882D0902EB44
:1063400045054BB103F10040013832F81030F61A20
:10635000B6B21D4401F00F010022134602E00133E2
:106360009E4213DB0132914205EB0300EC5C0EDB35
:106370002006F4D504F0E000C02804F0F00414D0A6
:10638000E02C08BF023301339E42EBDA002070BCE0
:1063900070472D0900F1080202EB45058688002BA5
:1063A000DAD000EB4300C388D1E70133D7E700BF61
:1063B00080880A30800870470630704780887047B0
:1063C00083888B4226BF063040180020704700BFEC
:1063D00080880A3080087047063070478088704790
:1063E0008188E1B130B4841D0020034602E001330E
:1063F000994210DDE25C150600F10100F7D502F0CC
:10640000E005C02D02F0F00207D0E02A08BF0233F9
:1064100001339942EEDC30BC70470133E7E70846B0
:10642000704700BF70B400228688851D134602E0C5
:1064300001339E4213DB0132914205EB0300EC5C19
:106440000EDB2006F4D504F0E000C02804F0F004D0
:1064500008D0E02C08BF023301339E42EBDA002063
:1064600070BC70470133E3E7C38880681B0900EB09
:10647000430070470022FFF759BF00BFC3888088E0
:106480001B0900EB43000C3080087047704700BFC9
:10649000C38800F108021B0902EB4300704700BFEC
:1064A00080887047C08870470122FFF73FBF00BF58
:1064B0000320704740680B30800870472DE9F8438F
:1064C00004460B46002A4FD0C788B0F804803F0925
:1064D00000F1080606EB470721B14246384606F0B0
:1064E00033FC002307F80830E3881B09D3B306EB1D
:1064F0004309B8443846B8EB00041BD40278102195
:10650000002307E001339C4200EB030512DB013955
:10651000C25C1ED01506F5D502F0E005C02D02F0D4
:10652000F00214D0E02A08BF023301339C4200EB92
:106530000305ECDA4FF45C7008F0D0FB002318463A
:10654000DB1B26F8023BB145D5D1BDE8F88301330A
:10655000D8E72B46DB1B26F8023BB1452846CAD1BB
:10656000BDE8F883BDE8F8831546C2888768B0F8AF
:106570000480120907EB420729B907F80810C388FD
:106580001B09A668B2E74246384606F0DDFB07F86D
:106590000850E3881B09F4E7806808B101F078BD72
:1065A000704700BF10B50446406801F09DFDA0682B
:1065B000BDE8104001F098BD2DE9F04F414D83B08A
:1065C000A9880090002970D13E48009ADFF8FC901D
:1065D000064602F0E1FB0027B846AB8830468BB197
:1065E00002F0EEFB03684B45044647D09B6A984790
:1065F000236880445B6A20469847AB88074430464E
:10660000002BEDD14FEA18146400781C204402F0EE
:1066100099F9A9880190044400294CD12948009A8D
:10662000DFF8A8A0814602F0B7FBAA884846BAB1B5
:1066300002F0C6FB0268524583462AD0526A904750
:10664000DBF800200646136A584698473246014652
:10665000204606F079FBAA8834444846002AE7D150
:1066600000980199184B816011468780A0F8068038
:10667000036003B0BDE8F04FFFF720BF8268A98830
:10668000304602F089FB6268A988304602F084FB3C
:10669000A3E78268A988484602F07EFBDBF8042065
:1066A000A988484602F078FBBFE740F2713008F055
:1066B00015FBA98888E740F2713008F00FFBA98824
:1066C000ACE700BF3805002090AD010048AD0100E7
:1066D00010B50446FFF770FFE08810BD10B5044602
:1066E000FFF76AFFA08810BD10B50446FFF764FFEE
:1066F000E388A0681B0900EB430010BD38B50D46C8
:106700000446FFF759FF294620460022BDE83840DD
:10671000FFF70CBE0320704703207047704700BF8F
:1067200080887047C0887047704700BF8088704776
:1067300060B143688B4200D02BB9531C06D08368EC
:106740009A4203D013B100680028F2D1704700BF0D
:10675000084B1B685BB15A68904201D0002AF8D1FF
:106760004A1C04D09A68914201D0002AF1D11846FF
:10677000704700BF34050020F0B5154E336883B074
:1067800013B90AE01B6843B15C688442FAD19C6883
:106790008C42F7D1DA6003B0F0BD044610201746F2
:1067A0000D4602F0E1F8034620B100221A605A605B
:1067B0009A60DA6018463268019383E83400012158
:1067C00040F80C7F02F080F9019B336003B0F0BD0C
:1067D00034050020F8B50C1E064625DB4CB3002E10
:1067E00063D0002C0CDD96F90030002B23DB731CEA
:1067F000311903E013F9012B002A1CDB9942F9D16E
:10680000E01D01F0E9FF0546002856D02C4B2B6017
:10681000AC8026B131462246A81D06F095FA2C44DC
:106820000023A3712846F8BD13F0D4FD0446002CC4
:10683000D5D12448F8BD132C2EDD00210B4602E0F3
:1068400001339C4210DDF25C100601F10101F7D525
:1068500002F0E000C02802F0F00224D0E02A08BFD5
:10686000023301339C42EEDC8FB20029B8BF0F31F6
:10687000091104F1090000EB410001F0ADFF0546EC
:1068800008B1114B03602846AC80EF8031460122ED
:10689000FFF714FE2846F8BDE01D01F09DFF0546F8
:1068A00058B10A4BB3E70133CAE7E01D01F094FF8A
:1068B00005460028AAD1B480B1E7AC80AAE700BFA2
:1068C000F0AD010018AF010020AE0100C0AD010025
:1068D000F8B50C1E054603DB3CB9134C2046F8BD49
:1068E00013F078FD0446002CF7D0224629460020FC
:1068F000FFF704FC8442064610D002F035F8224629
:1069000007462946FFF7FAFB31463846FFF762FF94
:106910000446384601F044FF2046F8BD214628468B
:10692000BDE8F840FFF756BF18AF01002DE9F84366
:10693000036804461B6A0F469847236806465B6A4D
:10694000204698470146002840D000242546335D64
:10695000ED2B06EB040008D007B17B55013501345F
:106960008C42F4D32846BDE8F88304F10508884535
:10697000F2D2FFF7B5FC8146E01C3044FFF7B0FCD3
:10698000A9F55843B3F5806FE9D2A0F55C42B2F5A2
:10699000806FE4D200F5105000EB83239FB1981470
:1069A00060F00F0078557A19C3F30534C3F38510EE
:1069B00003F03F0364F07F0460F07F0063F07F0327
:1069C00054709070D37004354446C8E7BDE8F8832E
:1069D00070B50D1E12DD064605F1080001F0FCFE43
:1069E000044608B1084B036065602A46314604F14D
:1069F00008002EB106F0A8F9204670BD034870BD0E
:106A000007F092FB204670BD8CAE01000CAF010078
:106A1000014B1860704700BF04000020034A044B7C
:106A2000116803FB00F0484010607047040000202C
:106A3000CB5725CA30B40E4D2A68044621460020A3
:106A4000930983EAD273534083EA121383EA9203D1
:106A50005208534042EAC37202F00103490843EA74
:106A60004000EDD18442E9D32A6030BC704700BFBA
:106A7000040000200048704718AF010000B583B241
:106A80007F2B83B02CDDB3F5006F17DB00F03F00E8
:106A90001A1360F07F00C3F3851362F01F0263F0E6
:106AA0007F038DF80600032101A88DF804208DF8DE
:106AB0000530FFF78FFE03B05DF804FB00F03F00E8
:106AC00060F07F009B1163F03F038DF80500022109
:106AD00001A88DF80430FFF77DFE03B05DF804FBDC
:106AE000012101A88DF80430FFF774FE03B05DF8B2
:106AF00004FB00BF2DE9F0470C46002876D0054680
:106B0000444B002976D098427CD09C4218D02B6808
:106B1000414EB34217D05B6A284698472368074620
:106B20005B6A20469847C619322E804631D90C2020
:106B300001F052FE08B1384B0360456084600546A1
:106B40002846BDE8F0872368B342F0D0A868036800
:106B5000B342ECD05B6A9847236807465B6A2046DD
:106B6000984738443228E2D80C2001F035FE074619
:106B700000B10660384601F0C1FF6B687B602146BA
:106B8000A868FFF7B7FFB860384601F0C7FF3D4679
:106B9000D6E72B6828461B6A9847236882461B6AFB
:106BA00020469847314681460020FFF713FE0368D0
:106BB0001B6A054698473A460446514606F0C4F813
:106BC00042464946E01906F0BFF8002EB8D094F9C5
:106BD0000030002B07DB3219631C9342B0D013F94D
:106BE000011B0029F9DA0D4B2B60A9E70C4D59B1B7
:106BF000084B8AE798420AD00368074E084CB34214
:106C000089D1A3E70D469BE7064B2C4683E7044D4D
:106C100096E700BF18AF010048AD0100C0AD01000C
:106C20006CAF0100F0AD0100884228D0F8B50368D0
:106C30000D465B6A044698472B6807465B6A284600
:106C40009847236806461B6A204698472B680446E7
:106C50001B6A28469847BE4228BF3E46621E03462E
:106C600013F8011B12F8014F8C42A3EB000503D16E
:106C7000B542F5D90020F8BD03DB0120F8BD0020A6
:106C800070474FF0FF30F8BD03689B6A184700BF9C
:106C9000F8B5161E21DD03689B6A0C460546984729
:106CA000002CBCBF241824EAE474001B864212DACC
:106CB0002B682146DB6A284698472B68A1190746AE
:106CC000DB6A28469847044658B1E11B3846BDE8C0
:106CD000F840FFF77FBD002801DC0448F8BD0646F8
:106CE000E6E740F2723007F0F9FFEEE718AF010077
:106CF000002859D0002957D003682DE9F0471B6AB6
:106D0000054614460E4698472B6824EAE4718046EF
:106D1000DB6A284698472B6804465B6A28469847F2
:106D20003368A4EB0805451B5B6A30469847074665
:106D30009CB3854231D3336830461B6A98478146FD
:106D400090F800A002E0BD42344626D32378534594
:106D500005F1FF3504F10106F5D13A4649462046D2
:106D600013F0E5FA0028EED1A4EB0804002C03464A
:106D700003DC14E00130844211DD18F80020110614
:106D800003F10103F6D502F0E001C02902F0F002A0
:106D900008D0E02A08BF0230ECE74FF0FF33184676
:106DA000BDE8F0870130E5E74FF0FF331846704744
:106DB00008B5FFF79DFF013018BF012008BD00BFD7
:106DC00080F00100704700BF38B50C1E034612D199
:106DD000002845D002460B4604460D4612F0DEFF61
:106DE00000283FD10C2001F0F7FC08B11E4B0360D6
:106DF0004460856038BDC4F30A55A5F2FF321D2AF0
:106E000025D8142A0DDC0028E4D1A5F2F33514FAB4
:106E100005F3DFD1E002C2F11F0240F00040D04094
:106E20000EE0A5F2134510FA05F5D3D1E002C2F148
:106E30001F0140F00040C2F13402C840D340184363
:106E4000002CB8BF4042400040F0010038BD1E2A6F
:106E5000C0D10028BED1054B9C42BBD1044838BDEF
:106E6000012038BD0E2038BDBCAE01000000D0C1ED
:106E7000010000802DE9F041036882B01B6A984749
:106E800001A9F9F7D9F90022002306460F4612F0AE
:106E900053FF68BB27F00045304629464FF0FF32CC
:106EA0001D4B34464FF0010812F078FF38B94FF00F
:106EB000FF32194B3046294612F066FFF8B118F040
:106EC000FF0F20D100224FF48013204629464FF0B7
:106ED000010812F063FF40B92046294600224FF412
:106EE000801312F033FF00B9804618F0FF0F0AD16B
:106EF00030463946FFF768FF02B0BDE8F0818046B2
:106F000018F0FF0FDED0054F002630463946FFF758
:106F10005BFF02B0BDE8F081FFFFEF7F0000F87F6C
:106F200008B512F03BFCBDE80840FFF74DBF00BFBD
:106F3000F8B50368DB6A04469847E0B10646FFF7F8
:106F4000CFF9054638B14300B0EB630F10D0BDE870
:106F5000F840FFF7E5BF236820461B6A984723687F
:106F600007465B6A204698473844864203D02B4642
:106F700043F00100F8BD0E20F8BD00BF08B1FFF7D7
:106F8000D7BF0E20704700BFB8B110B5FFF7D0FFD4
:106F90000E2804460FD0C30704D56010BDE810408A
:106FA000FFF76CBD40F2713007F098FE6010BDE84D
:106FB0001040FFF763BD024810BD0148704700BF95
:106FC00018AF010008B512F0FBFBBDE80840FFF761
:106FD000FBBE00BF4300B0EB630F01D0FFF7A0BFC3
:106FE00043F00100704700BFB0F1804F08B503D2F5
:106FF000400040F0010008BD12F0C0FBBDE80840B1
:10700000FFF7E2BE002814BF42200A20704700BFED
:1070100008B5F9F7D5FABDE80840FFF7D5BE00BFBF
:1070200001FB00F0704700BF90FBF1F0704700BF1C
:1070300010B50C2001F0D0FB044608B101F0C8FFE8
:10704000204610BD00897047043001F02FBF00BFFB
:1070500003460A460430198901F008BF043001F0E4
:1070600037BF00BF03894268994234BF52F82100FC
:1070700000207047043001F0F9BE00BF043001F079
:1070800035BF00BF043001F057BF00BF024B1B6883
:10709000588CC000704700BF7805002038B51C4BE5
:1070A0001B688BB15C6AACB1236898422BD08BB162
:1070B000002300E072B1023354F823208242F9D158
:1070C00001339B00E05838BD124B1C6844F210227B
:1070D000944216D00D46044603F0DCF878B10368FC
:1070E0009C4212D05BB1002300E042B1023350F861
:1070F00023209442F9D101339B00C05838BD284663
:1071000038BD5B68CEE70423DCE70423F5E700BF66
:107110007805002040A50100406870474160704735
:1071200010B5082001F058FB044608B101F05AFFE1
:10713000204610BD70B50C1E054616460EDB838832
:107140009C420BDA05EB8404E36823B10B2140F287
:10715000863001F0A9FFE660284670BD0A2140F2A2
:10716000863001F0A1FFEDE707F0B8BD18B1024B82
:10717000984208BF0020704718AF0100003018BFC8
:107180000120704710B5142001F026FB044608B119
:1071900001F030FF204610BD10B5044601F036FF67
:1071A000002806DB238AE268984202D252F82000C7
:1071B00010BD002010BD00BF214B1B68DB6A9A6820
:1071C0002DE9F0411C68904204F1FF3503F10408F9
:1071D0001ED358F8253098421AD8002D14DD6410BB
:1071E00058F82430984210D0012203E058F8243097
:1071F00098420AD098428CBF621C04F1FF355419A2
:10720000AA424FEA6404F1DD00242046BDE8F08183
:10721000002DF9DD0746012605E0B4BF661C04F128
:10722000FF35B542F0DB74196410394658F8240074
:10723000FFF7FAFC0028F0D12046BDE8F08100BF3E
:1072400078050020034B1B680131DB6A53F82110DD
:10725000FFF7A2BF7805002070B50E46154604461C
:1072600001F0D4FE011E06DB2A4604F10C00BDE845
:10727000704001F0FBBD32462189201D01F0F6FD72
:107280002A46218A04F10C00BDE8704001F0EEBDF1
:10729000034B1B680131DB6A53F82110FFF7DCBF99
:1072A00078050020014B1868704700BF7405002066
:1072B000704700BF820708B508D1E0B1036823F02A
:1072C0000103DA78F92A14D0042008BDB0B1C3074D
:1072D00001D5022008BD0E28FBD042280CD00A2878
:1072E0000AD00628F0D040F2213007F0F7FC042045
:1072F00008BD987808BD08BD012008BD08BD00BFC5
:107300000E2820D010B5044678B916E02046FFF7C5
:10731000D1FF0346022B204612D0032B0DD1FFF7DD
:10732000A9FD0E28044608D03CB1A307EED02046A4
:1073300000F00EF812F032FA10BD0020034910BD23
:107340006068A16810BD0020004970470000F87F08
:10735000C107034601D540107047820749D4002871
:1073600053D02DE9F041FFF7CBFF21F000450F4648
:107370004FF0FF3229462A4B064604464FF00108DB
:1073800012F00CFD38B94FF0FF32254B304629463C
:1073900012F0FAFC90B318F0FF0F33D100224FF433
:1073A0008013204629464FF0010812F0F7FC40B93F
:1073B0002046294600224FF4801312F0C7FC00B982
:1073C000804618F0FF0F1DD13046394610F032FAD2
:1073D0000022144B10F06CFC0022002304460D46E2
:1073E00012F0B4FC98B92046294612F015FDBDE80C
:1073F000F0819B0914BF012000207047804618F0DF
:10740000FF0FCBD00020BDE8F08100207047204660
:1074100029460022034B12F075F804460D46E2E7B8
:10742000FFFFEF7F0000F041FFF792BF38B50D4638
:10743000FFF78EFF04462846FFF78AFF00F01F0083
:1074400004FA00F04300B0EB630F03D0BDE838400E
:10745000FFF766BD43F0010038BD00BF38B50D46EB
:10746000FFF776FF04462846FFF772FF00F01F0083
:1074700044FA00F04300B0EB630F03D0BDE838409E
:10748000FFF74EBD43F0010038BD00BF38B50D46D3
:10749000FFF75EFF04462846FFF75AFF60404300AF
:1074A000B0EB630F03D0BDE83840FFF739BD43F0C0
:1074B000010038BD38B50D46FFF74AFF044628469F
:1074C000FFF746FF20434300B0EB630F03D0BDE856
:1074D0003840FFF725BD43F0010038BD08B5FFF780
:1074E00037FFC0434300B0EB630F03D0BDE8084053
:1074F000FFF716BD43F0010008BD00BF38B50D46CB
:10750000FFF726FF04462846FFF722FF20404300EE
:10751000B0EB630F03D0BDE83840FFF701BD43F087
:10752000010038BD38B50D46FFF712FF0446284666
:10753000FFF70EFF00F01F0024FA00F0B0F1804FBB
:1075400003D2400040F0010038BD12F017F9BDE849
:107550003840FFF739BC00BF0E2816D008B50346E7
:10756000C0B19B0708D1FFF7CBFE12F075FC07EE08
:10757000900A17EE900A08BDFFF7EAFE07EE900AA0
:10758000F8EEE77A17EE900A08BDDFED047A17EE01
:10759000900A7047DFED017AEBE700BF0000C07F83
:1075A00070B50E46FFF7ACFE044630460D46FFF7B9
:1075B000A7FE02460B462046294611F0A3FFBDE870
:1075C0007040FFF701BC00BF70B50E46FFF798FE94
:1075D000044630460D46FFF793FE02460B46204612
:1075E000294611F08DFFBDE87040FFF7EDBB00BFED
:1075F00001F00103184203D0C3130133012B12D948
:10760000D0B50C46FFF77CFE064620460F46FFF736
:1076100077FE02460B463046394612F025F9BDE8A2
:10762000D040FFF7D1BBCB130133012BE8D8431077
:10763000481000FB03F04300B0EB630F01D0FFF7ED
:107640006FBC43F001007047032912D0D0B50C463F
:10765000FFF756FE064620460F46FFF751FE02464C
:107660000B463046394612F029FABDE8D040FFF704
:10767000ABBB7047F8B50C46C107034615D5E2070A
:1076800013D5620811D0FFF763FE05462046FFF7C9
:107690005FFE95FBF0F303FB10504300B0EB630F6C
:1076A00015D0BDE8F840FFF73BBC1846FFF728FEB1
:1076B000064620460F46FFF723FE0B460246394694
:1076C000304610F0F5FABDE8F840FFF77DBB43F017
:1076D0000100F8BD70B50E46FFF712FE04463046B5
:1076E0000D46FFF70DFE02460B4620462946F9F7E8
:1076F000BFFEBDE87040FFF767BB00BFC2072DE9C2
:10770000F8430C461CD4FFF7FBFD064620460F4607
:10771000FFF7F6FD04460D4602460B463046394655
:1077200012F032FB88BB22462B463046394612F017
:1077300003FB20B330463946BDE8F843FFF744BBAE
:10774000CB07E0D540106410844208DB04D1600010
:1077500040F00100BDE8F883234604461846001BAC
:10776000FFF768F920444400B0EB640F03D0BDE894
:10777000F843FFF7D5BB44F00100BDE8F88322468B
:107780002B4634463D4616461F46F8F719FF22465B
:10779000804689462B463046394611F0B1FE4246B6
:1077A0004B4612F061F822462B4611F0ABFEBDE8C5
:1077B000F843FFF709BB00BF08B5FFF7A1FD10F0C4
:1077C000D5FABDE80840FFF7FFBA00BF08B5FFF7DC
:1077D00097FD10F04BFBBDE80840FFF7F5BA00BF7E
:1077E00008B5FFF78DFDF9F79FFABDE80840FFF7F0
:1077F000EBBA00BF08B5FFF783FDF9F709FABDE85A
:107800000840FFF7E1BA00BF08B5FFF779FD10F0B7
:1078100011F8BDE80840FFF7D7BA00BF08B5FFF779
:107820006FFD054B002211F06DFEF9F77DFABDE802
:107830000840FFF7C9BA00BF0000E03F0E2830D073
:107840000E292ED08842F8B505462CD001F0010251
:10785000104201D00020F8BD0C46FFF72BFD064674
:107860002046FFF727FD8642F4D145EA04039B0733
:10787000F0D1032E19D0022EECD12846FFF740FD9F
:10788000064620460F46FFF73BFD0B4602463946AB
:10789000304612F051FA4FF0010300B90346D8B256
:1078A000F8BD002070470120F8BD21462846FFF7AB
:1078B000BBF9B0FA80F04009F8BD00BF08B5FFF78A
:1078C000BDFF002814BF42200A2008BD08B5FFF7FD
:1078D000B5FF00280CBF42200A2008BD0E285CD04E
:1078E0000E29F8B50C4614D00628054646D0422885
:1078F00048D00A2830D00629034600F08180422C67
:1079000009D00A2C42D09C423ED004F001031D4213
:1079100004D00020F8BD0322934235D02846FFF75B
:10792000C9FC06462046FFF7C5FC032E30D00328CD
:1079300016D0012E3DD0012831D08642E9D145EA4A
:1079400004039B07E5D1032852D0022836D0601BE0
:10795000B0FA80F04009F8BD0123062CDED0CEE756
:10796000022E2BD0012ED4D1062DD2D0422D4FF095
:1079700002063BD00A2DDED10125DCE7062903D023
:107980000023BCE70323E8E70120F8BD0122C3E799
:10799000022813D00328CED1D1E700207047062C4F
:1079A0004FF002001ED0422C1ED00A2CC5D101245B
:1079B000C3E7062DDAD102260025BCE72846FFF7EB
:1079C0009FFC064620460F46FFF79AFC02460B46F0
:1079D0003046394612F0B0F94FF0010400B90446C0
:1079E000E0B2F8BD0024A8E70324A6E70325A2E738
:1079F00021462846FFF718F9B0FA80F04009F8BD93
:107A0000002289E7FFF76ABF08B5FFF767FF002884
:107A100014BF42200A2008BD08B5FFF75FFF002809
:107A20000CBF42200A2008BDF8B5078945687FB120
:107A30000E46043D002402E00134A74208D031463E
:107A400055F8040FFFF74AFF0028F5D02046F8BD8F
:107A50004FF0FF30F8BD00BF10B500220446FFF71D
:107A6000E3FF011E04DB201D01F040FA012010BDE0
:107A7000002010BD38B58307044608D1B0B1FFF728
:107A800019FC03280FD0022812D0012038BD0A2883
:107A90000CD05CB10E2C09D0062C07D014F1FF30AD
:107AA00018BF012038BD0D4B9C42EED1002038BDDF
:107AB0002046FFF725FC02460B4604460D4612F011
:107AC0006DF90028F2D1204629460022002312F049
:107AD00033F9B0FA80F0400938BD00BF18AF01009B
:107AE000422805D00A2801D0FFF7C4BF0020704704
:107AF000012070470E2847D00E2945D0F8B50C4616
:107B00000546FFF7D7FB06462046FFF7D3FB032EBB
:107B10002AD0A54230D02846FFF7F2FB0646204681
:107B20000F46FFF7EDFB324604460D463B46304616
:107B3000394612F033F908BB22462B462046294627
:107B400012F02CF9D0B922462B463046394612F0B5
:107B5000FDF8B0B922462B463046394612F014F9EA
:107B6000003018BF0120F8BD0328D2D12146284695
:107B7000BDE8F840FFF758B80020F8BD6FF00100ED
:107B8000F8BD4FF0FF30F8BD6FF00100704700BF47
:107B900038B501F0010313EA000405D1FFF7AAFF8D
:107BA000831C06D0C00F38BD8842ACBF0020012026
:107BB00038BD204638BD00BF10B501F00104204299
:107BC00007D1FFF797FF831C01D0002803DD0A20AF
:107BD00010BD8842FBDC422010BD00BF10B501F093
:107BE0000104204207D1FFF785FF831C01D0002844
:107BF00003DB0A2010BD8842FBDA422010BD00BF23
:107C000010B501F00104204205D1FFF773FF0028F1
:107C100003DB422010BD8842FBDA0A2010BD00BF02
:107C200010B501F00104204205D1FFF763FF0028E1
:107C300003DD422010BD8842FBDC0A2010BD00BFDE
:107C4000F0B591B00446FFF735FB032847D0022872
:107C500010D0052835D0002C59D00A2C59D00E2C24
:107C600040D0422C57D02D4B2D48062C08BF18462B
:107C700011B0F0BDE30727D40E2C33D02046FFF718
:107C80003FFB21F000450F464FF0FF322946254BC0
:107C9000064612F083F838BB304629464FF0FF32D3
:107CA000204B12F05DF8F8B9002330463946002227
:107CB00012F04CF81C4C1D4B002814BF20461846EF
:107CC000D6E71B4811B0F0BD6946601008F064FBB0
:107CD00068464FF0FF31FEF77DFD11B0F0BD204644
:107CE00011B0F0BD1348C3E732463B463046394633
:107CF00012F054F80028F5D1304639466A46F8F7B4
:107D000043FB68464FF0FF31FEF764FDB0E70A48D9
:107D1000AEE70A48ACE70A48AAE700BF6CAF01002B
:107D200090AF0100FFFFEF7F5CAF010040AF0100AB
:107D3000A0AF010050AF0100FCAE010084AF010014
:107D400078AF010008B5FFF7B5FA052810D8DFE8CD
:107D500000F0030507090B0D084808BD084808BDD9
:107D6000084808BD084808BD084808BD084808BDBF
:107D700040F2223006F0B2FF002008BD30AF010013
:107D8000ECAE0100B4AF0100D4AF0100C4AF0100FC
:107D900020AF010070B50446FFF78CFA042816D016
:107DA0002046FFF74DFF05462046FFF7CBFF03684F
:107DB0001B6A98472B6806461B6A28469847224646
:107DC000034631460F48BDE8704008F045BD0CB190
:107DD000A30705D021460C48BDE8704008F03CBD23
:107DE00021680A4821F001025369834203D02046EA
:107DF000BDE870401847138805481289BDE87040F7
:107E000008F02ABD70AE010080AE0100957D000033
:107E100050AE010010B504460A461248214608F04B
:107E20001BFD1CB1A3070AD0062C15D02046FFF776
:107E300041FABDE8104000F5757006F04FBF2168AB
:107E400021F00101CB78F92BEED10B898A78064815
:107E500008F002FD062CE9D140F2DD30BDE810400B
:107E600006F03CBFECAC01000CAD010008B50146CA
:107E7000044808F0F1FC4FF46470BDE8084006F0D7
:107E80002DBF00BF78AD010010B501F001FB044625
:107E9000102000F069FD22690260206110BD00BF62
:107EA00038B501F0F5FA0469054634B123682B6151
:107EB0002046BDE8384000F073BC40F2533006F075
:107EC0000DFFF3E7F0B585B0074601F0E1FA04696C
:107ED000064684B194E80F0030618DE80F0020461B
:107EE00000F05EFC094B77611B68684631469B6B6E
:107EF000984705B0F0BD064808F0AEFC3846FFF7DD
:107F000049FF40F2E73006F0E9FEE3E7780500209C
:107F10002CAD010010B501F0BBFA446912239C425C
:107F2000436101D0204610BD40F2533006F0D6FE2A
:107F3000204610BD08B501F0ABFA4369122B05D0FD
:107F4000FFF7E8FFBDE80840FFF7BCBF08BD00BF72
:107F500079B110B4084B094C014410F8012B04FB13
:107F600003F3884283EA0203F7D118465DF8044B15
:107F70007047014B18467047C59D1C819301000155
:107F800038B5046834F0030405460FD0A30F11D0B0
:107F9000C4F3990525B1B5F5004F05D9002C03DBD5
:107FA00040F2493006F09AFE284638BD40F2513082
:107FB00006F094FE2846E36998470546EAE700BFC5
:107FC00038B5144B9A881B6892B1551E53F825108A
:107FD00088421AD0023A03EB82032A4602E0216863
:107FE00081420BD0013A511C1C46A3F10403F6D187
:107FF0004FF45270BDE8384006F070BE954204D090
:10800000044800F0DDFE206038BD0248BDE838407D
:1080100000F0D6BE4C05002018210148FEF7D8BC60
:1080200054050020036823F0010318888008704776
:1080300068B338B5C5680446ADB155F8043C2A6844
:108040006868A96862605A0F032AA060E16005D0E1
:1080500040F2493006F042FE55F8043C43F000433C
:1080600045F8043C38BD50F8043C5A0F032A05D0AB
:1080700040F2493006F032FE54F8043C43F000432D
:1080800044F8043C0020BDE8384001F009BA7047CC
:1080900038B550F8043CDB070546A0F104041CD4B5
:1080A000104B1B6873B103F108029442F9D359686D
:1080B0000A449442F5D255F8043C43F0010345F8D4
:1080C000043C38BD40F24A3006F008FE55F8043C46
:1080D00043F0010345F8043C38BD40F24F3006F050
:1080E000FDFDDDE740050020820700D0704730B37A
:1080F00038B5030F00D138BD0568114B1D42FAD1C8
:10810000EB78F92BF7D10F4B04461B688BB103F1C9
:1081100008018C42F9D35A6811448C42F5D20A48BE
:1081200045F00105256022468188BDE8384000F011
:1081300033BE40F24A3006F0D1FD2568EFE77047C4
:10814000030000404005002038050020002955D0DC
:108150002DE9F04F83B0DFF8B090DFF8B080284F02
:1081600001908B46061F002556F804AF1AF0030F46
:108170000DD1BAF1000F0AD05FEA1A7307D0DAF80E
:10818000000010EA090F02D1C378F92B05D00135A0
:10819000AB45E9D103B0BDE8F08FD8F8003053B15A
:1081A00003F10804A24503D359680C44A24508D33F
:1081B0001B68002BF4D140F24A3006F08FFDDAF84C
:1081C0000000B98840F00100CAF8000052460C488F
:1081D00000F0E2FDBB88642BD9D90C2009F0B4F87B
:1081E000084A019B11681060013503EB8503ABEB76
:1081F000050580E82A0003B0BDE8F08F704700BF96
:108200003805002044050020030000404005002000
:1082100038B505684DB104462846FFF739FFA188F7
:108220002846BDE83840FFF791BF38BD830703D12A
:10823000002849D0030F00D170472DE9F041234BAE
:1082400005681D4201D0BDE8F081EB78F92BFAD129
:108250001F4B04461B68002B30D003F108029442E8
:10826000F8D359680A449442F4D225F0030345F048
:1082700001059B6925600BB120469847154F164CA8
:10828000B846BB887BB923681846002BDBD093E83F
:108290006400226009F07EF831462846FFF756FF59
:1082A000BB88002BEFD0404600F08AFD036823F026
:1082B00003039B69002BE4D09847E2E740F24A3081
:1082C00006F00CFD2568D0E7704700BF03000040B2
:1082D0004005002038050020440500202DE9F04F1E
:1082E000924B85B01B780390980705D54FF45270D8
:1082F00006F0F4FC8D4B1B788C498D4A43F0020349
:108300000B70039B1568978813F0020640F0F3800A
:1083100077B1043D002455F8040F20F0010310F05C
:10832000010F18BF18680134FFF780FFA742F2D190
:10833000804D039801F0BAF82B68A3B17E4B1B68FF
:108340005C8D00F0CBFE2D68071B05EB8405002E2D
:1083500040F0DA803FB10024013455F8040BFFF7F8
:1083600065FFA742F8D1754A754B16781D683EB176
:108370000024013455F8040BFFF758FFA642F8D14A
:10838000704B714A1B686F48126801920133036099
:108390006E4B114600221A60002900F0C280904600
:1083A000174691460292019A536802F108059B080C
:1083B000029A05EB83061A44B542029246D22B6814
:1083C00013F001017FD11A0F062A7CD0AE4240F291
:1083D0008A802C4600E02368002B4FEA13720FDBE3
:1083E000D90714D4062A12D05A0009D4DB78F92B05
:1083F00040F2493001D006F071FC204600F0B6FC96
:108400002046FFF7BDFD04EB8004A642E3D8A4EBB1
:10841000050A4FEAAA0AD0454FEA8A024FF0FF0147
:10842000284642F0004BB8BFD04605F07DFEBAF1B9
:10843000010FD144C5F800B04EDD00236B60002F62
:108440004CD07D602F462546AE42B8D8019B1B68B4
:108450000193002BA7D13E48036847469BB13B4B95
:108460001B684FEA590473B11968C1F399018C4232
:1084700006D24FE01A68C2F3990211448C424AD3E3
:108480005B68002BF6D1029B4FEA89019A00BF007E
:108490002C4B2C485B69C16007618BB18B420FD8B4
:1084A000039BDB0703D53B462A4808F0D5F91F4B51
:1084B0001E4A1B7823F00203137005B0BDE8F08F4D
:1084C000204B5961ECE723F001032B602846FFF7AE
:1084D00057FD05EB8005B7E72546B5E71B4B2F4653
:1084E0001D602546B0E74FF00043B8F1000F2B6048
:1084F000AADA8846A8E7184808F0AEF93A462946AD
:10850000164808F0A9F903E73A462946144808F046
:10851000A3F91FE70A462244511A03EB81030360C3
:10852000B1E7019F3A463946B2E700BF9A0C0020F6
:108530004C05002074050020780500209B0C0020CD
:108540006C05002054050020400500207005002027
:108550004805002038B0010018B0010020B001002B
:108560002CB00100F8B5474E336843B119680029B3
:108570007AD00220FFF7B2FE152006F0AFFB0021F3
:10858000CF20FEF78BFD4FF480510746CE20FEF73B
:1085900085FD0546002008F073FE2A460446014684
:1085A0003948651B08F058F9002F42D1284608F0D9
:1085B000CBFEA5F10801044687614160224633489D
:1085C00008F04AF96268930746D13149DFF8C8E0FC
:1085D0008D684868DFF8C4C03768D31C23F00043B7
:1085E000154423F00303013043F000438D604860DD
:1085F00004F1080101EB9202A360DEF80030E360B1
:10860000CEF80010CCF800201FB3A74221D83A685A
:108610000AB1944207D213463A4623601460F8BD6B
:10862000A342FAD81A461368002BF9D123601460CC
:10863000F8BD04F5FF447F3424F4FF4424F07F04A4
:10864000A4EB872000280DDD2D1A08F07DFE0746DB
:10865000ACE727603460F8BD4FF4527006F03EFB83
:108660006268B2E70027A1E7CD20FEF717FDA0F56D
:108670000130031F002B7FF77CAF064CA0F10C01EB
:1086800061609BE74005002054B0010074B0010018
:108690005405002000040220700500204805002039
:1086A000F0B1104B1B68CBB103F108029042F9D333
:1086B00059680A449042F5D250F8043C5A0F032AF4
:1086C00010B5044605D040F2493006F007FB54F8D7
:1086D000043C43F0004344F8043C10BD08F05ABE8B
:1086E000704700BF40050020072955DD002853D002
:1086F0002DE9F0410646002001F10308FFF7EEFDE9
:10870000264B28F003081D6808F10708043E4FEACD
:108710009807B5B93DE006F0E1FA2C68002C40F26C
:108720004B3001DB06F0DAFA721B9310C4F39904A4
:10873000E41B072BA4EB030401DD072C09DC6D68A7
:108740003DB315F0030F40F25130E4D12B0FE2D0CE
:10875000E3E71F4428F0C04805EB870628F003082C
:10876000A40022F00302686848F0C04142F00042D1
:1087700044F0004445F82740706005EB830485E829
:108780004400002045F82310FFF7A8FD201DBDE898
:10879000F0810020BDE8F0810020704770050020C6
:1087A00050F8043C5A0F032A10B5044605D040F295
:1087B000493006F093FA54F8043C43F0004344F87F
:1087C000043C204610BD00BF024A137843F0040366
:1087D000137070479A0C00202DE9F04F85B0C51C2E
:1087E000B0F5003F03904FEA950500F392804F4BA0
:1087F000DFF848815B68C3F30803BBBB98F800301F
:10880000190733D143F0010388F8003000F040FE2F
:1088100018B14368002B00F08380DFF82491444FA7
:108820000024D9F800B00026BBF1000F25D014B900
:108830003B685B4554D31BF0030F26D040F2513008
:1088400006F04CFADBF800A0BAF1000F03DB40F2AF
:108850004B3006F043FACAF399035B1B002B18DA7E
:10886000DBF804305E4643B19B46E0E740F29230CD
:1088700006F034FA98F80030C4E78CB3012C3AD0F3
:10888000152006F02BFA0134CBE75FEA1B73D5D035
:10889000D8E7DBF804100AD0980040F000404BF80D
:1088A00025000BEB8505012B1CBF69602946002EB6
:1088B00033D071600023CBF8003039B14B682BB155
:1088C0009A0711D04FF4547006F008FA98F8003067
:1088D000584623F0010388F8003005B0BDE8F08F5A
:1088E0000020FFF7FBFCCEE71B0FEFD14FF45470D5
:1088F00006F0F4F9EAE70F490E4B0E4A09699B6846
:10890000D2680D480091039907F0A6FFFFF72AFEF1
:10891000B9E7162006F0E2F969E7C9F80010C9E7DF
:1089200040F24E3006F0DAF977E700BF00ED00E0E4
:108930004805002054050020E4AF01009A0C0020F7
:1089400070050020033010B520F00304201DFFF750
:1089500043FFE31D23F0804323F0030343F08043F0
:1089600040F8043B10BD00BF08B540B1FFF7EAFF77
:1089700050F8042C42F0005240F8042C08BD08BD09
:10898000F8B5204B5B68C3F3080305460F46FBB9F7
:1089900000F07EFD1C4E1D4AEB1B9B1033700446FD
:1089A0001760D0B10C20FFF7CDFF50F8043CE2680F
:1089B0006768A168416043F00053076040F8043CD9
:1089C0008260E06000233370A56063602046F8BDDC
:1089D00040F2923006F082F9DAE71820FFF7B2FF92
:1089E0000B4A50F8043C1268C46043F00053122153
:1089F0000746046140F8043C0260416100F050FD0C
:108A00003C46DFE700ED00E09B0C00206C050020F9
:108A10007405002008B50D4B5B68C3F308030246DC
:108A200073B90B4B1B785BB940B1FFF78BFF50F864
:108A3000043C43F00053024640F8043C104608BD95
:108A40001046BDE8084008F07FBC00BF00ED00E024
:108A50009A0C00201B4B1B6893B370B503F10804FC
:108A6000A04203D35D682C44A04206D31B68002BB0
:108A7000F4D1BDE8704008F0BDBC044608460D4680
:108A8000FFF7C8FF0646CCB1C6B154F8042C530F0B
:108A9000032B05D040F2493006F020F954F8042C9D
:108AA00022F0704222F00302AA4228BF2A46214641
:108AB000304604F049F92046FFF7F2FD304670BD1C
:108AC00008F098BC4005002061B1012938B50ADDE5
:108AD0004C1E013C0121051DFFF7F6FF631C2846D3
:108AE000F7D138BD7047044B40F001029988184611
:108AF000BDE8384000F050B94C050020830702D192
:108B000040B1030F00D17047034B024699881846C5
:108B100000F042B9704700BF4C05002082070346B1
:108B200002D120B11B0F00D17047FFF749BA70473F
:108B30004068FFF7D9BA00BF0430FFF769BB00BF38
:108B400003460C309988FFF701BB00BF4068FFF770
:108B5000CBBA00BF10B504460430FFF759FB04F14F
:108B60000C00BDE81040FFF753BB00BF50F8043BBA
:108B700023F00103198804398908FFF7E7BA00BF19
:108B80000320704703207047808880000F308008E2
:108B9000704700BF02207047052070470449054A0E
:108BA00000230B608B80CB8013609380D380704751
:108BB0004C0500203805002000F02ABC002801DB0D
:108BC00000F022BC704700BF002343810381436053
:108BD000704700BF704700BF00234381038143609B
:108BE00043820382C3607047054B10B41A688468DF
:108BF00083880146A21A03485DF8044B07F02CBE97
:108C00007805002070B1010001464268014807F074
:108C100023BE00BF88B0010001460289014807F069
:108C20001BBE00BF20B10100F8B5C3888B420546CA
:108C30000E4618D223BB0424B442B8BF3446A00069
:108C400008F082FBEB8807464BBBE21A920007EB69
:108C50008300002105F068FA286808F09BFB2F606C
:108C6000EC80AE80F8BD82889142FAD20068521A38
:108C700000EB81009200002105F056FAAE80F8BDAD
:108C80003F2B12DDB3F5007F11DB03F580734FF648
:108C9000FE724FF6FF74934298BF1C46CCE79A00D1
:108CA000296804F051F8EB88CFE75C00C4E7044C76
:108CB00003EB830384FB0324A4EBE374BCE700BF52
:108CC00056555555704700BF704700BF0B6823F0DD
:108CD000010370B51B89042B0C46054609D01048CA
:108CE000012240F2853107F0B7FD40F2853005F0F2
:108CF000F5FF0DB9204670BDE81C8000FFF76CFD44
:108D0000064608B1074B0360A368B360AAB2B580FA
:108D10009200002106F10C0005F006FA304670BD05
:108D200060B10100D4B0010038B502690D4B9A4220
:108D3000054609D00C4803224FF4627107F08CFD00
:108D40004FF4627005F0CAFF2888FFF745FD04461E
:108D500000B105602A880021043A201D05F0E4F9DD
:108D6000204638BDC58C000060B10100036823F0C7
:108D700001031B69184700BF036823F001031B6947
:108D8000184700BF036823F0010301461A88014811
:108D900007F062BDB8B001004FF6FE7399420DD8DE
:108DA0008388994270B5054616460C4602D30131B8
:108DB000FFF73AFF2B6843F8246070BD704700BF8F
:108DC00083884BB1013B9BB202688380002152F83B
:108DD000230042F82310704718467047F8B5C3883F
:108DE00005460C46A3B903290E4629DC0426344661
:108DF0001020FFF7A7FDEB8807467BBBF21A920015
:108E000007EB8300002105F08FF92F60EC80F8BD9F
:108E10003F2B20DDB3F5007F14DB03F580724FF6A6
:108E2000FE718A4295BF91B24FF6FF720A46114613
:108E300094422646BCBF0C462646B34200DBF8BD32
:108E4000A000D6E7084A03EB830182FB0102A2EBF4
:108E5000E17291B2ECE75A0091B2E9E79A00296811
:108E600003F072FFEB88C9E75655555530B5C388F6
:108E70008B4283B005460C4609D9036843F821208C
:108E8000AB889C4224BF0134AC8003B030BD4FF6A8
:108E9000FE739942F9D8013189B20192FFF79EFF22
:108EA0002B68019A43F82420EAE700BF38B5C3884D
:108EB0008B42054602D28AB29A4202DA8CB2AC8068
:108EC00038BD14461146FFF789FFAC8038BD00BF9E
:108ED00083884BB1013B9BB202688380002152F82A
:108EE000230042F82310704718467047F8B583886E
:108EF0008B421DD905684A1C8F009342044655F8E1
:108F0000216005EB070007D8013B9BB20022A3803C
:108F1000304645F82320F8BD5A1A02F18042013A42
:108F2000391D2944920011F011FAA3882568EBE756
:108F300000263046F8BD00BF83888B421CD970B52F
:108F40000E461546591CC28889B2914204460FDA72
:108F5000701C216880009B1B061F9A000844314446
:108F600011F0F4F9A388226801339551A38070BDF4
:108F7000FFF734FFA388EBE7FFF778BF70B505462E
:108F80000A48EB88AA88296807F066FCEB885BB181
:108F9000074E00242B68304653F8241007F05CFC81
:108FA000EB880134A342F5D870BD00BF34B1010095
:108FB00058B1010010B5014604460289034807F084
:108FC0004BFC201DBDE81040FFF7D8BF9CB001004E
:108FD000034A02600022426002814281704700BF62
:108FE000ECB10100024A026000224260704700BFFB
:108FF000BCB10100044A0260002242600281428149
:10900000C2600282428270478CB101002DE9F843B0
:10901000068947680C46002E34D03B688B423DD011
:109020003B46002003E053F8042FA24228D0013031
:10903000B042F8D1236820465B6A9847236880468F
:109040001B6A20469847043F8146002402E0013411
:10905000B4421FD057F8045F2B6828465B6A9847D4
:109060004045F4D12B6828461B6A98474246014682
:10907000484611F05CF90028E9D12046BDE8F883A4
:10908000BDE8F8830B6808465B6A9847236820466A
:109090001B6A98474FF0FF30BDE8F8830020BDE819
:1090A000F88300BF704700BF10B504460A46044865
:1090B000214607F0D1FB2046BDE8104005F00EBE6A
:1090C00060B10100014B1B681869704778050020EA
:1090D000014B1B689869704778050020014B1B689D
:1090E000188C704778050020014B1B68D86B7047BF
:1090F000780500200268F8B544F210239A4200D0A7
:10910000FEE741681B4B0A681B4F9A4204463960D0
:1091100025D0088C194E8000FFF726FC3B68306094
:109120001A8C0021920004F0FFFF3D68144B2A685E
:1091300031689A420E6000D0FEE7A3682A699A421D
:10914000FAD100F053FA3A680023146B05F140009D
:109150001A461946A047BDE8F84000F053B909483F
:10916000103107F079FB40F29F30BDE8F84005F080
:10917000B5BD00BF718E3B927805002074050020BC
:10918000708E3B9204B101000148FFF7B3BF00BFEE
:1091900040A5010048B110F003030ED1026822F08F
:1091A0000102D178F92901D0184670471089A0F141
:1091B0000600B0FA80F0400970470020704700BFF9
:1091C00070B505460C20FFF707FB044628B1164B87
:1091D000036000234360038143813DB1AB0705D1A8
:1091E0002B6823F00103DA78F92A01D0204670BDFC
:1091F0000E4A9342FAD12E89002EF7D02046FFF76F
:109200007DFC63899E4204D903DB3146201DFFF7B4
:10921000E5FD2681B2006968606803F095FD20468F
:10922000FFF77CFCE2E700BFECB101008CB101006C
:1092300038B50D46044608B1830714D040F29B3080
:1092400005F04CFD29462046FFF7E0FE051E08DB31
:109250002946201DFFF74AFE294604F10C00FFF7BE
:1092600045FE422038BD036823F00103DA78F92A6D
:10927000E4D1024A9342E5D0E0E700BF8CB101009F
:1092800070B50E46FEF73CF8044630460D46FEF734
:1092900037F802460B46204629460EF093FCBDE8FF
:1092A0007040FDF791BD00BF08B5FEF729F80EF03C
:1092B0001FFABDE80840FDF787BD00BF08B5FEF7FF
:1092C0001FF80EF0D1F9BDE80840FDF77DBD00BFE5
:1092D00008B5FEF715F80EF07BF9BDE80840FDF77C
:1092E00073BD00BF08B5FEF70BF8F7F7F1FABDE85C
:1092F0000840FDF769BD00BF08B5FEF701F80EF0A4
:109300000DFCBDE80840FDF75FBD00BF08B5FDF7E7
:10931000F7FF0EF059FBBDE80840FDF755BD00BF53
:1093200008B5FDF7EDFF0EF089FEBDE80840FDF73A
:109330004BBD00BF054B1A6810B4146B0023A44644
:109340001A4619465DF8044B604700BF78050020B7
:109350002DE9F04385B08DE80F009DE80F00BDF8C2
:109360000260124CBDF8007084E80F0038463146A8
:10937000FDF7EEF904463046FDF72CFE94B1DFF818
:1093800030908046D9F80030E0681D6B00231A4603
:109390004146A847206832463946FDF7C9F90446D8
:1093A0000028EFD105B0BDE8F08300BF0005002024
:1093B0007805002008B5FFF7B1FBBDE8084007F0CD
:1093C000F9BD00BF08B5064E054632680023146B90
:1093D00019461A462846A047142007F0B5FDF4E7C1
:1093E0007805002010B5044607F020FB034640B185
:1093F00000200CB144F820301B6A0130002BF8D15A
:1094000010BD10BD07F0D6BD07F09EBD08F076B8C0
:1094100050B110B50446FFF771FB2146034A0448DA
:10942000BDE8104007F07CBC704700BF851001000C
:10943000C593000050B110B50446FFF75FFB21460D
:10944000034A0448BDE8104007F06ABC704700BFFB
:10945000B59300003593000089B280B207F098BD43
:10946000064B10B51C68FDF711FE04F6FF7420448E
:1094700020F47F6020F00F0010BD00BF78050020B1
:109480000CF068BE08B508F017FC08BD08F024BC55
:10949000024B186800B1406A704700BF140B0020EF
:1094A000014B1B6858627047140B00202DE9F04FE8
:1094B000DFF81881D8F8003087B0002B7AD08246C8
:1094C00007F0B4FA0446002867D00023246A013369
:1094D000002CFBD198001C46029307F035FF039047
:1094E000FFF780FFA04203D04FF44B7005F0F6FB6E
:1094F000029B002B3DDD002300939946039B043B18
:109500000AF0020A0193019B53F8047F01937E6ADB
:109510004EB37069FEF78AFE0436D8F8003034681E
:109520009F422CD03868BD680CF05EFED8F8003041
:10953000281A9F420444756807D03868D7F808B0E5
:109540000CF052FEABEB00000544BAF1000F1AD14B
:10955000A54205D954F8040BFEF768FEAC42F9D3D6
:10956000B668002ED9D1009B029A01339342009332
:10957000C9D1039807F00EFF07B0BDE8F08F7568FA
:10958000BAF1000FE4D02B1B49469B1022460E482F
:1095900007F062F909F10109DAE707F0D5FE039057
:1095A000FFF720FF0028E4D04FF44B70029405F041
:1095B00095FB9DE7012007F0C7FE0590059807F091
:1095C000E9FE07B0BDE8F08F2CB20100140B0020BB
:1095D00010B500F0B1FD0446302010F089FE2146A0
:1095E00001230022BDE8104008F0C6BB70B5FFF7AC
:1095F000EFFF00F051FE1E4B1B681C8D3CBB1D4C49
:109600001D481E4E07F064FA04F5807501E0AC4277
:109610000AD054F8040F0028F9D003681B68B3423D
:10962000F5D09847AC42F4D100F0A6FE4FF0FF31E0
:109630000D20FDF733FDC0B200F034FB18B1036814
:1096400000211B689847BDE8704000F0D1BD21465D
:109650004FF02020FFF748F821460546024608480B
:1096600007F0FAF8002DCAD1142005F037FBC6E741
:10967000780500200C0600207C05002045560000DF
:109680001CB2010010B5084C08480AF0D7F9204672
:1096900009F0BEFB064A0749204610F03AFE064B89
:1096A000064A1A6010BD00BF7C050020000500209E
:1096B00000000020A52E0100A4050020A8B601008E
:1096C0002DE9F04F8DB016461F4604460D46FDF7B6
:1096D0003FF838B1324629462046FDF74DF80DB027
:1096E000BDE8F08F0F2CBFB242D0282010F000FE52
:1096F000A1B280460097214BAAB207F093FE4146E3
:109700001F4809F079F950BB002DE3D14FF0FF312C
:109710002046FDF71DF807460028DBD0DFF85CB0D7
:10972000DFF85CA01FFA84F94FF010083A89CDF8F1
:1097300000805B46494602A807F074FE02A9504625
:1097400009F012F902A807F085FE38684FF0FF32E1
:109750002146FCF7EDFF07460028E7D1BAE740466F
:1097600007F078FE404610F0C1FD002DB2D1CDE7E4
:10977000C02FBAD0002DADD1C8E700BF5193000073
:109780007C05002000B585B08AB2012381B268460D
:109790000AF034F905B05DF804FB00BF4FF0FF316B
:1097A0000148FDF795B800BF38B2010008B509F0CF
:1097B000F7FA08BD08B503681B6A9847BDE808407A
:1097C0000146014807F048B840B20100036810B5EF
:1097D0001B6A0C46984722460146BDE810400148E6
:1097E00007F03AB848B20100014820F060407047E5
:1097F00000000220F8B538B30E46054621B31D4FD0
:109800003C6814B90CE0E46954B123689D42FAD174
:1098100063689E42F7D1184807F01EF82046F8BD4D
:10982000164807F019F8202010F062FD0446324671
:109830002946002384E8600008300AF03BFB3B68BF
:10984000E3613C602046F8BD0D4807F005F84FF095
:10985000FF311920FDF722FCC0B200F023FA4FF0CF
:10986000FF3105461820FDF719FCC0B200F01AFAC6
:109870000646C4E7A80500208CB2010070B20100C2
:1098800054B2010008B5FFF7B5FF083008BD00BFAE
:109890002DE9F041074682B00C46002011461646DD
:1098A0009846FDF795F80546FFF728F9610089B25B
:1098B000334605F10802CDF8008007F108000AF0F0
:1098C0003FFC04462846FFF729F9002C0CBF284628
:1098D000002002B0BDE8F08110B5546882B04900A4
:1098E000009389B22346083208300AF0C7FB02B061
:1098F00010BD00BF00207047002070470020704757
:10990000002070476FF47D70704700BF6FF47D706A
:10991000704700BF6FF47D70704700BF38B5094DC8
:10992000286800B138BD102010F0E2FC064B044658
:10993000214640F8043B6FF0030208F065FC2C6000
:10994000204638BDAC050020ACB20100FFF7E6BFF1
:1099500008B5FFF7E3FF002008BD00BFFFF7DEBF3B
:10996000FFF7DCBF2DE9F04702EB8207F03782B04A
:109970008046384615460E4610F0D0FC3A46002187
:10998000044604F0D1FB8022114678234FF0000EEC
:10999000AE4525DAE05C1043E054501004EB0309B7
:1099A00038D016F80EA0921011EA0A0F5FFA80FC68
:1099B000D0B23BD099F800A04CEA0A0A89F800A07E
:1099C000002A3ED101331022E05C60F07F00E054B9
:1099D00049101DD10EF1010EAE454FF08001D9DBCB
:1099E00000221146404600F091FC03681C491B68A8
:1099F000054698472968002300933A462846CD68D3
:109A00002146A847204602B0BDE8F04710F06EBCE2
:109A1000C9B2BDE716F80E20114203F101030AD1C5
:109A20004020420815D101334022D1E7002AF8D165
:109A300001332022CCE7E25C62F03F02E2542020B6
:109A4000EFE740EA0A0089F800005FEA9C00EFD0E7
:109A5000E7E78010C2B20028BAD101338022B7E70D
:109A600000093D00182A01D9FFF77CBF0CF0E2BBCA
:109A700002682DE9F0471268089E0C46002107464F
:109A8000994690472025236801211B682046984766
:109A9000236800211B6820469847013DF3D109EB5C
:109AA000060AE6B119F8018B082680253B6818EAFA
:109AB000050F14BF012100211B6838469847236811
:109AC00001211B6820469847236800211A68204618
:109AD0009047013E4FEA5505E8D1CA45E2D13B68BF
:109AE00038461B68012198472025236801211B68FF
:109AF00020469847236800211B6820469847013D6F
:109B0000F3D1BDE8F08700BF2DE9F04383B00A46EA
:109B100000211E460A9F00F0F9FB00240368009410
:109B20000546D3F80C80144923460422C0472B680D
:109B3000009431463A46DE6828462346B0472B68F3
:109B40000094DE680C49234628460422B047FF08EB
:109B50000ED0DFF82890A0462B68CDF80080DE6894
:109B600020340023042249462846B047BC42F3D3A0
:109B700003B0BDE8F08300BFB0050020080000205E
:109B800070B4039C38B131B12BB124B1182C04D975
:109B900070BCFFF7B9BF70BC7047039470BCFFF78F
:109BA00067BF00BFA0B19BB130B55C6883B06CB13A
:109BB000042A07D0224603F1080103B0BDE8304073
:109BC000FFF750BF00940833FFF7DAFF03B030BD52
:109BD000704700BF2DE9F84385B22F2D3CDC214EA4
:109BE000745D44B1204B04F180441B68013C53F880
:109BF0002400BDE8F8831D4FDFF86C903978D9F860
:109C0000000001318900FEF725FFC9F80000182087
:109C100010F06EFB4FF0FF3121FA05F2002302F045
:109C2000010213430CBF01230323EAB205F16401CF
:109C300080460BF049F83978D9F800304A1CD2B286
:109C4000144604F1804443F82180013C72553A7077
:109C500053F82400BDE8F8834FF4637005F03EF834
:109C6000BDE700BFB4050020E40500209C0C0020E7
:109C700038B54FF0FF310546FDF710FA04460130C4
:109C800004D02046BDE83840FFF7A4BF2946044869
:109C900006F0E2FD2046BDE83840FFF79BBF00BF5D
:109CA000C8B20100002804DBFF2802D080B2FFF711
:109CB00091BF0020704700BF08B54FF0FF31FDF79E
:109CC000EDF9002806DBFF2804D080B2BDE808408B
:109CD000FFF780BF002008BD0B4B10B403F5807464
:109CE00001E0A3420AD053F8042F002AF9D091884A
:109CF0008142F6D110465DF8044B704700221046B1
:109D00005DF8044B704700BF0C060020FFF7D4BF7E
:109D100001460020FCF75CBE014B9868704700BF0D
:109D20000005002003685B69184700BF0368DB6813
:109D3000184700BF704700BF0048704716FCFFFF80
:109D400010B5044B036000230446C38006F06CFC8E
:109D5000204610BD84B6010010B5064B03600023F9
:109D60000446C38006F060FC204610F0BFFA20468F
:109D700010BD00BF84B6010090F82C3003B97047C5
:109D80002DE9F04705468068036884B01B68002110
:109D90009847A868036801211B6898470824002693
:109DA0002869036801219B688E409847002108B10B
:109DB00046F00106E86803681B689847E86803688E
:109DC00001211B689847013CEAD1AA696B6956409A
:109DD0009E4228D005F11C0705F12C094FF001081F
:109DE00012E01E420CD140F6020A01235146684699
:109DF00009F004FE514601230022684609F0FEFDE9
:109E0000B94504F101040DD037F8022B08FA04F328
:109E1000002AF5D069690B42E3D11E42F0D040F62A
:109E2000030AE2E76E6104B0BDE8F08708B5036895
:109E30005B689847003018BF012008BD03681B68A5
:109E4000184700BF70B5036804460D4616461B6DE3
:109E5000032198473246294620891023BDE87040E7
:109E6000FFF72EBC8B1E70B50D4604461646032B1D
:109E700013D8DFE803F00F0F0202036803211B6D04
:109E8000204698473246294620891023BDE8704075
:109E9000FFF716BC03680221F1E770BD2DE9F0471A
:109EA000A1F1040A04461646D71707F015FFBAFABF
:109EB0008AFA4FEA5A1A8046894609E007F00CFFF1
:109EC000B0EB080061EB09018F4208BF864220D346
:109ED000236820465B68984750450546EED107F059
:109EE000FBFE824609E007F0F7FEB0EB080061EBED
:109EF00009018F4208BF86420BD3236820465B6866
:109F000098478542EFD007F0E7FEA0EB0A00BDE8D6
:109F1000F0870020BDE8F08731B1036801290CBF4C
:109F2000022100211B6C1847036801211B6C184794
:109F3000F8B5274D2C680CB12046F8BD302010F044
:109F4000D7F9244B84800646C480036006F0F8FAF3
:109F5000214B33604FF0FF314720FDF79FF8C0B22F
:109F6000FFF7A0FE4FF0FF31B0604820FDF796F8F4
:109F7000C0B2FFF797FE4FF0FF31F0604920FDF7C8
:109F80008DF8C0B2FFF78EFEF46134627462B46281
:109F9000F288036874614FF47A6742F40052B78024
:109FA0000127F280B4613946306186F82C709B68D5
:109FB0009847B068036839461B689847F06803689B
:109FC00039461B68344698472E602046F8BD00BFCE
:109FD000E805002084B60100E0B2010070B5A0F2EF
:109FE0001A45072D04460E460ED9A4F57A73072BA1
:109FF00001D9002070BDFFF79BFFA4F5777400EB3B
:10A0000044040120A68070BDFFF792FF01228369FE
:10A0100002FA05F52B43323C8361E6E7104B10B49E
:10A020001C68CCB104F11C02002332F8021B8842E8
:10A0300006D00133082BF8D100205DF8044B70479F
:10A0400061695DF8044B012202FA03F30B420CBF75
:10A0500000204FF40070704720465DF8044B7047B5
:10A06000E8050020F8B54FF0FF3107464820FDF71E
:10A0700015F8C0B2FFF716FE002428B3FFF758FF0B
:10A0800005468068036800211B689847A868036834
:10A0900001211B689847002F16DD264628690368B2
:10A0A00001219B688C4098470136002108B144F09B
:10A0B0000104E86803681B689847E86803680121A1
:10A0C0001B689847B742E9D12046F8BD10B54FF05C
:10A0D000FF314820FCF7E2FFC0B2FFF7E3FDA0B17B
:10A0E000FFF726FF04460069036800219B68984734
:10A0F000A068036800219B689847E0680368002116
:10A100009B689847002384F82C3010BD03685B6B74
:10A11000184700BF026810B4146940F2DC53A4462B
:10A120004FF4FA625DF8044B604700BF0368DB6AD6
:10A13000184700BF704700BF2DE9F0412549264D63
:10A1400082B0DA20FCF7AAFFDFF894E0DEF80070B6
:10A1500018264FF0010C20FA06F1C9B2102936D0AA
:10A160000124112304E0994211D015F8323014462D
:10A17000621C002BF7D1083E16F1080FEBD14FF40B
:10A18000677004F0ABFD002002B0BDE8F0810CFA6E
:10A1900004F21742EFD105EBC4046368D3F80483DB
:10A1A000B8F1000FE7D13A4310390C48CEF800203F
:10A1B000019306F051FB182010F09AF8019B94F9D6
:10A1C0000120054619460BF041FF2846DCE7002434
:10A1D0000122DEE7131012111CB30100FCB20100D2
:10A1E000EC0500204FF080430122C3F800257047A2
:10A1F00008B52348FCF70CFC4FF01023D3F80C22D1
:10A200002AB9D3F8043303F00703052B37D01D48D0
:10A2100006F022FB1C4B0122C3F80425D3F80024CE
:10A22000002AFBD04FF01023D3F80C2212B10022E9
:10A23000C3F80C224FF01022D2F8043303F00703C6
:10A24000052B07D0D2F8043323F0070343F00503AE
:10A25000C2F804330C4B0022C3F80425D3F80024C1
:10A26000002AFBD0BFF34F8F0849094BCA6802F49C
:10A27000E0621343CB60BFF34F8F00BFFDE708BD23
:10A28000A10D0C0010B3010000E0014000ED00E062
:10A290000400FA0500207047704700BF2DE9F04127
:10A2A000164F3C6882B014B90DE0646B5CB1256850
:10A2B000A842FAD163689942F7D1A3689A4218D0AC
:10A2C000646B002CF3D10546382090460E4610F002
:10A2D0000FF80446002200924346056032462946A4
:10A2E0000C306660C4F808800BF00CFC3B686363BC
:10A2F0003C60204602B0BDE8F08100BFF0050020C0
:10A3000008B55A2004F0EAFC002008BD08B5FFF7A4
:10A31000C5FF0C3008BD00BF0C300BF0B5BC00BF52
:10A3200030B50C4685B0054698B174B104F108010A
:10A330006468AAB1506802F108030090224605F152
:10A340000C000BF05DFC05B030BD002AFBD02146AF
:10A35000F0E740F2DD30039204F0C0FC039AE4E73A
:10A3600010461346E9E700BF0C300BF0C1BA00BF3E
:10A370000C3008220BF00CBB704700BF0020704768
:10A38000024B1B6803B11847704700BFF40500205B
:10A3900010B50A4C23687BB1082109489847094841
:10A3A0002368016843B104309847236823B1022130
:10A3B0000548BDE81040184710BD00BFF405002057
:10A3C0004CB301001007002058B3010008B5036822
:10A3D000DB699847002814BF4FF40070002008BDC7
:10A3E00010B588B08DE80F00BDF80020A2F57A62A4
:10A3F00092B2012340F6020104A809F0FFFA08B066
:10A4000010BD00BF10B588B08DE80F00BDF800206A
:10A41000A2F57A6292B2012340F6030104A809F082
:10A42000EDFA08B010BD00BF10B5034B0360044641
:10A4300007F02CFD204610BD64B3010010B5054B9C
:10A440000360044607F022FD20460FF04FFF204630
:10A4500010BD00BF64B3010010B5034B0360044698
:10A4600007F014FD204610BD64B3010010B5054B84
:10A470000360044607F00AFD20460FF037FF204630
:10A4800010BD00BF64B3010038B5054610200FF0C1
:10A490002FFF2A6845600446002352690360A360C9
:10A4A00028469047034BA0811A6822601C60204612
:10A4B00038BD00BFF805002010B50446FEF7E2FFE6
:10A4C000A368C31A312B01D8A08910BD6368A060AE
:10A4D0001A6818465369984780B2A08110BD00BF22
:10A4E00038B504468069FFF7E7FFB4F91C30002B4C
:10A4F000ACBFA0F50074C0F500743221D820FCF781
:10A50000CDFD4FF4FA710546D920FCF7C7FD641B59
:10A51000401B640294FBF0F0B0F5007FA8BF4FF43D
:10A52000007020EAE07038BD10B504468069FFF77E
:10A53000C3FFB4F91C30002BAEBFA0F50070C0F50E
:10A5400000705B42984209DCA27F22B103EB430317
:10A55000B0EBA30F05DC0020A07710BD0120A07791
:10A5600010BD012010BD00BF10B50446081ED8BFA5
:10A5700004F57A60FFF7B0FB20B10368BDE8104036
:10A580005B6A18472046FFF749FD002814BF4FF4C7
:10A590000070002010BD00BF2DE9F0410B4682B0D5
:10A5A00006464FF0FF311846FCF778FD431C0CD0EF
:10A5B000C0F3074306F57A67002B0546384614BFFB
:10A5C0001C462024FFF788FB10B102B0BDE8F081E3
:10A5D000ADB231462846FFF701FD03460028F4D10D
:10A5E000A5F24C46C72E5ED904F0F002102A00F006
:10A5F0008780202A00F08C80302A00F0838040F28F
:10A6000023301E4604F06AFB2846FFF74BFB8046CA
:10A6100018200FF06DFE04F00F0405468DE8500081
:10A6200001234146BAB207F0FBFC3A4B2B602C46A3
:10A63000A5880F2DC9D0384E282037680FF058FE56
:10A640001023294600930122344B804606F0EAFE8F
:10A650003B6838465B684146984728B1404606F05B
:10A66000F9FE40460FF042FEA58834680F2DACD0AD
:10A6700028200FF03DFE1023294600930222284B8C
:10A68000064606F0CFFE236831465B6820469847B1
:10A6900000289AD0304606F0DDFE304602B0BDE814
:10A6A000F0410FF023BE4FF49671D520FCF7F6FC75
:10A6B000632EC8BFA5F596668046C8BFC0F10008E6
:10A6C0003046FFF7EFFA174B1C6814B91CE02468FA
:10A6D000D4B163689842FAD120200FF009FE002619
:10A6E0000546616801960123BAB2009607F098FC0E
:10A6F0000D4BAC61A5F81C80AE772B602C4697E71C
:10A70000012681E706467FE7FFF7BEFE0446E3E742
:10A71000022679E764B30100480B002005A400007D
:10A72000E1A30000F805002094B30100704700BFCA
:10A73000704700BF704700BF00207047002070477F
:10A7400008B5FEF721FD002008BD00BF416070473D
:10A75000064A136883EA433383EA534383EA431385
:10A7600098B2A0F5FF4013607F38704710000020BA
:10A77000B1F5007F0846A8BFA1F50070B0F5807F55
:10A78000C8BFC0F5007000FB00F240F63B1303FBAE
:10A7900002F31B14A3F5A4433A3B02FB03F34CF66C
:10A7A000FE0202EB234300FB03F00012B1F5007F31
:10A7B00028BF4042704700BF8901A1F5FF407F38A4
:10A7C000704700BFB1F5007F07D3C1F57F7103313A
:10A7D000C901A1F5FF407F387047C801A0F5FF40CF
:10A7E0007F38704710B4036A064A1C78064866230F
:10A7F00013FB042347F6FF728B42D8BF10465DF867
:10A80000044B704704FCFFFF0180FFFF30B48469F4
:10A8100004F03F0393421BD00F4D2B6883EA433370
:10A8200083EA534383EA431302F03F0203F40044F4
:10A8300022432B60826144B1084847F6FF74B1F5AA
:10A84000007F28BF204630BC7047204630BC704790
:10A8500004F40044EFE700BF0C0000200180FFFF7C
:10A8600010B4036A0D481B780D4C1844012310F8EE
:10A87000100C0240501102F01F0254F8200003FA9D
:10A8800002F2104006D0074847F6FF72B1F5007F8C
:10A8900028BF10465DF8044B704700BFE8B30100C5
:10A8A000E0B301000180FFFF00207047F8B5104BB6
:10A8B0001049016003F128020646C0F85831C0F87B
:10A8C000602100F5AC7700F5BE7500F5C274043C5C
:10A8D000204609F03FF9A542F9D1074BC6F8583197
:10A8E00000233846A6F85E3105F09EFE3046F8BDDE
:10A8F000C8BA0100C4B3010084B60100F8B5124B18
:10A900001249016003F128020546C0F85831C0F829
:10A91000602100F5AC7700F5BE7600F5C274043C0A
:10A92000204609F017F9A642F9D1094BC5F858316C
:10A9300000233846A5F85E3105F076FE28460FF074
:10A94000D5FC2846F8BD00BFC8BA0100C4B3010059
:10A9500084B601002DE9F04FD0F85051DFF8D0E077
:10A960004FF0FF374FF0020C4FF0010B002D53D08A
:10A970002B466FF07F4809E084681A68121B002A92
:10A9800012DD9B689045A8BF904653B11979002904
:10A99000F2D06FF07F429B689045A8BF9046002B95
:10A9A000F4D14046BDE8F08F81464FF0FF3808EB08
:10A9B000880200EBC20AD9F82C2092B3B8F1FF3F0D
:10A9C00005D0DAF81020D9F81060B24200D28846DB
:10A9D0000131082909F12809E9D108EB880200EBC7
:10A9E000C2021032D16909B181F804C0D3F80C80D9
:10A9F000D361D8F8041083F804B0AEFB0113DB0870
:10AA000008F1080103EB430301EB83031460536275
:10AA10001162D760002DABD16FF07F484046BDE892
:10AA2000F08F01EB810100EBC1021032DAE700BFC9
:10AA3000ABAAAAAA002A01DD00F002B801207047E3
:10AA40002DE9F04F2DED028B8BB015460791069244
:10AA50000990FFF77FFFA842C0F23E81099E069B46
:10AA6000079FD6F850415D000021641A2A463846F7
:10AA700018BF012403F058FBF068AF4A030282FBC1
:10AA80000312DB17C3EBA21305930EF087FE0B46F0
:10AA90000246AA4900200FF011F80FF0DDF93B46FD
:10AAA0002B44049308EE100A06F5A87306F1100A69
:10AAB0000893DAF81C20002A00F0B580DAF820307C
:10AAC0000699DAF808800C3B0029CAF8203040F3D8
:10AAD00019810024DDF81C90029426460394A346B5
:10AAE00025460194002D40F0D880DAF82030DAF8BD
:10AAF000241003F10C028A42CAF8202080F0E08082
:10AB0000D989187B1D8AB3F91260B3F91440DA8A27
:10AB1000132940F3C08044F62063994228BF1946A8
:10AB2000132A40F3B68044F620639A4228BF1A469F
:10AB300040F2FF37BE423346A8BF3B46BC42A8BFE7
:10AB40003C4623EAE37324EAE474002D00F0AA8073
:10AB50004EF66026B54228BF3546461E042E00F24A
:10AB6000A380DFE806F08A0393908D00744802907A
:10AB7000059805FB00F50198E41A2D0A240494FBBE
:10AB8000F5F4002800F0C88007EE901AF8EEE77A96
:10AB9000914267EE887A4FEA034BFCEEE77A17EEB4
:10ABA000906A7CD007EE902AF8EEE77A67EE887A12
:10ABB000FCEEE77A17EE907ABF1B97FBF5F3039351
:10ABC0001F464FEA9862C8F30941029B50469847D6
:10ABD0004FEA2B41B9F80020019B00FB01F0013343
:10ABE00002EB204229F8022B0193049B9945B044C3
:10ABF00005F1FF35A3443E447FF474AFDAF820201A
:10AC0000DAF824309A425BD2002D08BF0125CAF839
:10AC10000880039BCAF80450CAF80CB0CAF8143074
:10AC2000CAF810600124089B0AF1280A9A457FF4AB
:10AC300040AF099A0698936800280344936016DD94
:10AC4000079B049D4FF6016040F2FF1103E019805D
:10AC500002339D420BD0B3F90020B2F5007FF6DA43
:10AC600012F5007FD8BF188002339D42F3D12046F1
:10AC70000BB0BDEC028BBDE8F08F3248029077E755
:10AC80003148029074E73148029071E730480290F1
:10AC90006EE714224CE7142142E7039F91E7002757
:10ACA00003978EE7012558E7A0F10B06042E10D973
:10ACB000284F294E1038022898BF3746029757E789
:10ACC000DAF81C200223137100230124CAF81C3077
:10ACD000A9E7224802904BE7079E099D04460246D9
:10ACE00031462846FFF7A6FE069B06EB44011A1BD9
:10ACF0002846FFF79FFE012420460BB0BDEC028BD7
:10AD0000BDE8F08FDAF824108B42DBD200230393E6
:10AD10001E469B4601257CE7DAF80CB0BBF1FF3FED
:10AD20003FF432AFDAF814300393DAF80450DAF86B
:10AD300010601F4645E700BFD34D621000009041F0
:10AD4000B9A70000C5A7000051A700000DA800008A
:10AD500071A70000A9A8000061A80000E5A70000F5
:10AD60002DE9F0414B6882B00546002B3AD00E46E3
:10AD700001224FF4007101A808F0C2FE019F3C1DA2
:10AD800021464FF480723046FFF75AFE804606F5A2
:10AD9000AC7009F081FA214607F50172B1F9003073
:10ADA000C3F5007300FB03F39B1221F8023B9142B1
:10ADB000F4D1B8F1000F0FD0706810B103681B68B0
:10ADC000984701A9284608F0BDFE01A808F0C2FE78
:10ADD000284602B0BDE8F08186F85481284608F084
:10ADE00089FEF2E708F086FE284602B0BDE8F08151
:10ADF00070B54FF0FF3105461A20FCF74FF9C0B28D
:10AE0000FEF750FF60B104464FF0FF311A20FCF707
:10AE100045F92368294620461B68BDE8704018475D
:10AE200070BD00BF70B51A4B0360044682B00025A8
:10AE300000F5AC7613232246656030460093154931
:10AE4000154B09F071FA4FF0FF314120FCF726F95C
:10AE5000C0B2FEF727FF2A460146304609F03CFC07
:10AE60003046A56084F8545109F014FA07EE900AB0
:10AE7000FDEEE77A2946C4ED037A04F110004FF4A1
:10AE8000A07203F051F92046C4F8505102B070BDD1
:10AE9000C4B3010000C0014000007A4638B5074D38
:10AEA000286800B138BD4FF4C4700FF021FA044691
:10AEB000FFF7B8FF2C60204638BD00BFFC0500201E
:10AEC000FFF7ECBF2DE9F0410C460746FFF7E6FF20
:10AED00006462046FDF712FE10200FF009FAF3682F
:10AEE0001D4AB168C46003FB07F3054682FB0302F9
:10AEF000DB17C3EBA2130B4400222A712B600BF06B
:10AF00001FF9D6F85041AC60C6F8505154B910E062
:10AF1000A368E068AB60FDF701FE20460FF0E6F99C
:10AF2000AC6834B12379022BF2D02546A468002CFA
:10AF3000F8D10BF0F7F896F854310BB1BDE8F08179
:10AF40007068012386F854310028F7D00368BDE803
:10AF5000F0411B68184700BFD34D621038B5FFF7AA
:10AF60009DFF05460BF0ECF80022D5F85041C5F8DE
:10AF700050212B4605F5A071DA6228338B42FBD1B4
:10AF80004CB1E068A568FDF7C9FD20460FF0AEF9A9
:10AF90002C46002DF5D1BDE838400BF0C3B800BFFA
:10AFA000002070470020704700207047704700BFA6
:10AFB000704700BF704700BF704700BF704700BFB9
:10AFC000704700BF704700BF70B50C461546064677
:10AFD000FFF764FF00218C42C560416005DD224619
:10AFE0003146BDE87040FFF72BBD012070BD00BFAA
:10AFF000704700BF704700BF024B1B6803EB400067
:10B00000704700BF78050020704700BF704700BF41
:10B01000704700BF38B5074D286800B138BD2820FB
:10B020000FF066F9092104460AF072FA2C602046F6
:10B0300038BD00BF0006002038B5FFF7EBFF18B39E
:10B04000134D2B7813B1134B1B78EBB10368DB69FD
:10B050009847044698B92B7823B10E4B01221A70F9
:10B06000204638BDFFF7D6FF21460AF0FFFAFFF76A
:10B07000D1FF06210AF076FA01232B70EDE72B2091
:10B0800003F02CFE204638BD034C204638BD00BFDF
:10B090009E0C00209D0C002016FCFFFF08B5FFF75A
:10B0A000B9FF28B103681B6A984710B9034B1870A1
:10B0B00008BD2B20BDE8084003F010BE9D0C002009
:10B0C00008B5FFF7A7FF30B10368DB69984718B9E7
:10B0D000044B01221A7008BD2B20BDE8084003F084
:10B0E000FDBD00BF9D0C00202DE9F04186B0064655
:10B0F0000F46FFF7A1FFA8B90446FFF78BFF02AD8B
:10B1000080462346BAB2B1B2284608F077FC06ABB7
:10B1100013E9030095E80C008DE8030008F1200016
:10B120000AF0AAFB06B0BDE8F08100BF70B58AB096
:10B13000FFF782FF18BB0546FFF76CFF00F118010F
:10B1400068460AF011FB009E74882CB9684608F026
:10B1500001FD20460AB070BD2946242201A802F054
:10B16000E3FF2246311D01A801F0EEFD6FF0480318
:10B1700001A824210993FBF72BFC0446E6E70024F1
:10B1800020460AB070BD00BF38B50546FFF754FF32
:10B1900070B975B16C68043C002C09DDFFF73AFF0B
:10B1A000224605F108011830BDE838400AF00EBB10
:10B1B00038BD38BD10B582B00446FFF73DFF78B901
:10B1C0002246102301210920FEF77AFAFFF722FF19
:10B1D00000F1180101A80AF0C7FA01A808F0BAFCAA
:10B1E00002B010BD10B50446FFF726FF00B110BD38
:10B1F000FFF710FFE1B2BDE810400AF037BA00BF18
:10B2000010B50446FFF718FF00B110BDFFF702FFAD
:10B210002146BDE810400AF0A5B900BF10B50446AC
:10B22000FFF70AFF00B110BDFFF7F4FE2146BDE8AD
:10B2300010400AF0A7B900BF704700BF0B689842E2
:10B2400020D10B6998421DDC8B6998421ADA0028DC
:10B2500030B408DB4B681468A3425468B8BF13606D
:10B26000A342C8BF53600B6B002B05DD4A688D6A93
:10B270000C6A2A444A601B1B30BC4A6A01301344E2
:10B2800008600B63704700BF0B6898422CD1F0B583
:10B290004B684F69BB4226DB8C69A04223DA0C6BFA
:10B2A000D1F820E00BE0CD6A4E6A05443444A84250
:10B2B0000D60744403F1FF3313D1BB4211DB00284E
:10B2C00007DB15689D425568C8BF13609D42B8BF33
:10B2D0005360002CE7DC0D68A842744403F1FF338F
:10B2E000EBD00C634B60F0BD704700BF0B68984219
:10B2F0002CD1F0B54B684F69BB4226DC8C69A0426B
:10B3000023DA0C6BD1F820E00BE0CD6A4E6A0544DD
:10B31000A41BA8420D60744403F1010313D1BB4286
:10B3200011DC002807DB15689D425568C8BF136013
:10B330009D42B8BF5360002CE7DC0D68A8427444FE
:10B3400003F10103EBD00C634B60F0BD704700BF0D
:10B350004268014693890248528905F07DBA00BFD0
:10B3600018B4010070B506464068457A012D82B0D8
:10B3700000F1100414D0042D29D183899B001F33C0
:10B380005B119B0001FB0343F2B9D20704D41A7886
:10B3900002F00F0002B070BD1A78101102B070BD3B
:10B3A00083890733DB1001FB03430AB103EBE2039C
:10B3B000197802F00702012303FA02F20A4214BFCD
:10B3C0001846002002B070BD03EB6203DDE740F2D7
:10B3D00035308DE8060003F081FC0099019A631A6C
:10B3E0007168497A32B10129E0D00429ECD00020FB
:10B3F00002B070BD0429CAD00129F8D1D8E700BF36
:10B4000070B506464068447A012C84B000F11005FE
:10B410001DD0042C2ED1808980001F304011800067
:10B4200001FB0051002A37D1D20708D40A7803F073
:10B430000F0022F00F0303430B7004B070BD0A78B5
:10B4400002F00F0242EA03130B7004B070BD808952
:10B450000730C01001FB00510AB101EBE20102F01C
:10B46000070001228240D3B90B7823EA02020A7056
:10B4700004B070BD40F2353003930292019103F0A5
:10B480002DFC01997068029A039B407A691A5AB19F
:10B490000128E2D00428D0D101EB6201C4E70B7887
:10B4A0001A430A7004B070BD0428BFD00128D6D05A
:10B4B00004B070BD2DE9F04F83B098460C9FDDF8C5
:10B4C00034A0BF1A48BF7F42A3EB010B4FEA4707E6
:10B4D0004CBF4FF0FF3301238845A7EB0B040D460B
:10B4E0001646814601934FEA4B0B10DB2946534623
:10B4F00032464846FFF784FF002C05F1010503DDC5
:10B50000019BA4EB0B041E44A8453C44EEDA03B0B7
:10B51000BDE8F08F2DE9F04F83B05B1ADDF8308085
:10B52000DDF834B0154648BF5B42A8EB02094FEA8C
:10B5300043074CBF4FF0FF320122A845A7EB090497
:10B540000E46824601924FEA490910DB2A465B46C5
:10B5500031465046FFF754FF002C05F1010503DD8D
:10B56000019BA4EB09041E44A8453C44EEDA03B059
:10B57000BDE8F08F8368426801338360930708D089
:10B5800010B55168044602F10800FBF721FA60602B
:10B5900010BD002AF4D0130FF2D0704710B44468E5
:10B5A0000B686089A489013823EAE3739842A8BF35
:10B5B000184608601368013C23EAE373A342A8BF5E
:10B5C000234613605DF8044B704700BF38B5FBF7A6
:10B5D000FFF90546FDF792FA0C20FDF7FDF8044649
:10B5E00028B1084A456000230260836025B12846DF
:10B5F000FDF794FA204638BD40F2353003F06EFB7B
:10B60000F5E700BF34B40100B0F5FA6F20D8B1F50A
:10B61000FA6F1DD8012A70B51CD0042A16D18B00F0
:10B620001F335C11830003FB04F308330D4604460B
:10B63000194600201646FFF7C9FF436887210022FC
:10B640005E7219725C819D81DA8170BD002070BDCF
:10B6500000207047CB1DDB1000FB03F30833E5E748
:10B6600038B14368082B02DD027A872A02D0002015
:10B6700070477047427A012A0FD0042AF7D1828995
:10B68000408992001F325211800000FB02F0083006
:10B69000181AB0FA80F04009704782894089073251
:10B6A000D21000FB02F00830F2E700BF48B1426858
:10B6B000042A04DD037AE12B14D0E42B02D000200D
:10B6C00070477047817A437A1F2000EB81009B000E
:10B6D000401103FB00F30833181F801AB0FA80F002
:10B6E00040097047817A437AC81DC01003FB00F3FC
:10B6F0000833F1E743685889704700BF4368988969
:10B70000704700BF4368587AA0F10100B0FA80F09A
:10B710004009704743689A0705D123B11B0F0CBF3E
:10B720000120002070470120704700BF8068003072
:10B7300018BF0120704700BF00291ADB2DE9F04136
:10B7400045686E89B142044611DA002A0FDBAD89E3
:10B75000AA420CDA0D461F461646FFF70BFF3B4682
:10B76000324629462046BDE8F041FFF749BEBDE814
:10B77000F08170470B1E0FDB70B444686689B342DA
:10B7800007DA002A05DBA3899A4202DA70BCFFF7C8
:10B79000E9BD002070BC70470020704770B4466857
:10B7A000707A042801D070BC704770898142FADA3F
:10B7B0000029F8DBB4895568401A04FB00F0A300A7
:10B7C000A84203F11F034FEA6313A8BF28469B005A
:10B7D0001036401001FB0361E5D008440A320C46E4
:10B7E00011F8013B03F00F0302F8023C2378884272
:10B7F0004FEA231302F8013C02F10202EFD170BCC0
:10B80000704700BF2DE9F04143685D7A042D01D0F7
:10B81000BDE8F0815D89A942FADA0029F8DB074624
:10B8200014469E898846FFF7A5FE7B685A7A012A4E
:10B8300003F1100725D0042A27D1998989001F31E7
:10B84000491189006368A5EB080506FB05F59D42D3
:10B85000A8BF1D466D1001FB0871D9D00D4404F13D
:10B860000A0212F8023C12F8010C03F00F0343EA3B
:10B87000001301F8013B8D4202F10202F1D1BDE853
:10B88000F08199890731C910DCE740F2353003F0C7
:10B8900025FA4FF0FF31D5E72DE9F04786B0039147
:10B8A00002920E9C0F9D03B114B906B0BDE8F0875B
:10B8B0004768B7F80AE071450646F6DABF89BA422A
:10B8C000F3DA01390B44013A1444002B0493059434
:10B8D000EBDB002CE9DB05AA04A9FFF75FFE02AA57
:10B8E00003A93046FFF75AFE02A91EC9706887896E
:10B8F00001330134A3EB02087B07A4EB010402D15E
:10B90000002A00F0A3803046FFF734FE71684B7ABE
:10B91000012B00F0AA80042B40F0D480B1F80CC0B9
:10B92000039A029B4FEA8C0C0CF11F0C05F00F07D9
:10B930004FEA6C1C07EB07174FEA8C0CFFB201F1C2
:10B940001009B1F80CE04FEA8E0E0EF11F0E4FEA0F
:10B950006E1E4FEA8E0E02FB0E9E002B40F0AF8053
:10B96000B8F1000F08F1FF3006DC9EE7042B39D058
:10B970000138431CE64498D073685B7A012BF5D1FB
:10B98000029A002C02F0070203FA02F3F0DDF046FF
:10B99000002206E041EA090188F8001001329442D1
:10B9A000E6DDB3F5807F0AD0D9B25B0098F800904D
:10B9B000002DEFD129EA010188F80010EEE7A31A63
:10B9C000072BA3F1080308DD0832944208F8017F31
:10B9D000CEDD072BA3F10803F6DC08F101080223F2
:10B9E0000121E3E7029B13F0010F14BF4FF0F008B1
:10B9F0004FF00F08002CBBDDF14600220FE05FFA8C
:10BA000088F14FEA081899F8003083EA070A01EA3A
:10BA10000A0101324B40944289F80030A8DDB8F5A4
:10BA2000706FECD1A31A012BA3F1020308DD0232DF
:10BA3000944209F8017F9BDD012BA3F10203F6DCA0
:10BA400009F101094FF0F0080F21DCE700297FF42C
:10BA50005AAF438998457FF456AFBC427FF453AF49
:10BA60002946304600F050F81FE7B1F80CC00CF141
:10BA7000070C4FEAEC0CE646039A029B01F1100911
:10BA800045F300070EFB029EFFB2002B3FF468AFA8
:10BA90000EEBE30E64E740F235300192009303F0C1
:10BAA0001DF9019A009BA9EB020E53B37268527AFA
:10BAB000012A4FF0FF3CEBD0042A7FF451AF0EEB8C
:10BAC000630E4DE740F2353003F008F97168487AAB
:10BAD000012808D1B1F80CE00EF1070E4FEAEE0E86
:10BAE0004FF0FF3CC8E705F00F0707EB07170428E6
:10BAF000FFB2039A029B01F11009CCD14FF0FF3C39
:10BB00001FE74FF0FF3C2BE730B5054683B00C46EE
:10BB100019B1436899894A0728D12846FFF72AFDB9
:10BB200069684A7A012A01F1100328D0496804F0B3
:10BB30000F04083904EB04140329E2B20ED9980764
:10BB40000DD102EB022021F0030400EB00401C4465
:10BB500043F8040BA342FBD101F0030121B11944C6
:10BB60001A7001338B42FBD103B030BD00225B89D8
:10BB7000009101941146FFF78FFE03B030BD496874
:10BB8000083944F300020329D2B2E7D9D7E700BF4E
:10BB900010B582B014140193009413B20A1409B2C0
:10BBA000FFF77AFE02B010BD2DE9F04387B0039194
:10BBB00002920BB10E9C14B907B0BDE8F083456842
:10BBC0006E898E420746F7DDAE89B242F4DA6D7AAD
:10BBD000042DF1D10F9C65680F2DEDDD01390B446B
:10BBE0000E990493013A0A44002B0592E4DB002AE3
:10BBF000E2DB05AA04A9FFF7D1FC02AA03A9384693
:10BC0000FFF7CCFC03A90EC9029C01320133384670
:10BC1000A2EB01081C1BFFF7ADFC7A68537A012BDD
:10BC200040D0042B50D197890F99039E029BBF00EF
:10BC30001F377F11BF0002F1100901F108053A46D4
:10BC400002FB0696002B61D1B8F1000F08F1FF301E
:10BC5000B2DD002C21DD029BDB075AD431460122E4
:10BC60000DE001324FEA231E03F00F0315F80EE03A
:10BC7000944243EA0E1301F8013B0EDD01320B78CA
:10BC800003F00F0C23F00F0E15F80C3003F00F0328
:10BC900043EA0E0394420B70E3DC0138421C3E443D
:10BCA000D7D189E797890F99039E029B0737FF1029
:10BCB00002F1100901F108053A4602FB0696002B35
:10BCC000C2D006EBE306BFE740F2353003F006F8DA
:10BCD0007A680F98517A039E029B012902F110099C
:10BCE00000F1080524D004291AD040F23530019320
:10BCF00002F0F4FF019BA9EB060673B17A68527A51
:10BD0000012A4FF0FF37DCD0042A9DD106EB6306F1
:10BD10009AE7337831460122A4E74FF0FF3793E7E3
:10BD2000928992001F32521192004FF0FF3787E73D
:10BD300092890732D2104FF0FF37BEE710B582B0BC
:10BD400014140193009413B20A1409B2FFF72CFFE4
:10BD500002B010BD81B140684968426808B54B68BF
:10BD60009A4201D0002008BD083108300EF0DFFAF9
:10BD7000B0FA80F0400908BD084670474068416845
:10BD80000830FFF723BC00BF2DE9F0410746FFF75D
:10BD9000F1FB7B685A8942B300269C89013C002C48
:10BDA000C8BF00251BDD2A4631463846FFF7DAFAC0
:10BDB0002246804631463846FFF7D4FA2A460346E3
:10BDC00031463846FFF71CFB0135224643463146D3
:10BDD0003846013CFFF714FBA542E4DB7B685A8937
:10BDE00001369642D9DBBDE8F081BDE8F08100BFA5
:10BDF00070B5436805465A7A59899889FFF704FC5B
:10BE00006B685A890646B2B100249A897AB12146F4
:10BE100000222846FFF7A6FA2246034600213046B4
:10BE2000FFF7EEFA6B689A890134002AEFD15A893C
:10BE300001349442E9DB304670BD00BF4368998904
:10BE40007E292DE9F04750DC81465A7A588949000D
:10BE5000FFF7DAFBD9F804304268597A5F89012983
:10BE6000804602F1100403F1100A47D0042949D199
:10BE70009E89B6001F367611B600537A012B39D051
:10BE8000042B48D19589AD001F356D11AD00D9F84F
:10BE9000043024485A7A244B012A08BF18460FB3AD
:10BEA000D4464FF0000905F1FF3E002D634614DD36
:10BEB0000022197801F00F017245415C217008BF22
:10BEC000013405D0197809110234415C04F8011CD1
:10BED0000232AA4203F10103EBDB09F10109B94582
:10BEE000B444E2D14046BDE8F0874FF00008404638
:10BEF000BDE8F08795890735ED10C8E79E890736BC
:10BF0000F610BAE740F2353002F0E8FE4FF0FF36A7
:10BF1000D8F80420B1E740F2353002F0DFFE4FF0F0
:10BF2000FF35B4E708B40100F8B30100F8B5436881
:10BF30005B7A042B00D0F8BD02F00F078F42FAD0D5
:10BF400005460E46FFF716FB6B6816BB9A8952072B
:10BF50001FD05A89C2B1002404E06B6859890134AA
:10BF60008C4211DA324621462846FFF7FBF90028B9
:10BF7000F3D121463B4632462846FFF741FA6B682B
:10BF8000598901348C42EDDB9A8901369642E0DB17
:10BF9000F8BD5A68083A03F11003CCD03C01981858
:10BFA00064B203E003F8012B834212D01A7802F046
:10BFB0000F018E4204BF22F00F023A43B6EB121F6C
:10BFC000F0D102F00F022243D2B203F8012B8342D8
:10BFD000ECD1F8BD2DE9F0411C4684B08C420746F7
:10BFE0000A9D0B9B06DB66E02E46204615460C4656
:10BFF00032460146A142F7DBB2EB0508A1EB04068D
:10C000000FD156B34FF0010E0B932A4606EB0E03E9
:10C0100021463846CDF828E004B0BDE8F041FFF7EE
:10C020003BBC7EB9B8F1000F1FDD08F101020A9296
:10C030000B932A4621463846012304B0BDE8F0415F
:10C04000FFF72ABC002905DBD7F804E0BEF80A0098
:10C05000A0420FDC04B0BDE8F0812A4621463846F4
:10C0600004B0BDE8F041FFF767BBC8F101010A91D8
:10C070000B93DFE7002C4DDB884207DC0138411AC7
:10C0800008FB01FC01469CFBF6F002449542BEF819
:10C090000C0017DA8542DDDA002ADBDB002D56DBE7
:10C0A00082421FDB0138821A06FB02FE02469EFB1B
:10C0B000F8F0014416E0164608462A462146354661
:10C0C000044699E78242C5DA002DC3DB002A37DB3C
:10C0D000854207DB0138451B06FB05FE05469EFB36
:10C0E000F8F004443846039302920191FFF742FAB4
:10C0F00001A9B8F1000F0EC913DB46450B930A9254
:10C100000B462A462146384615DC04B0BDE8F0410E
:10C11000FFF700BA04FB08F494FBF6F42D1B00248F
:10C12000AAE7C8F1000846450B9317DD0A920B46B3
:10C130002A462146384604B0BDE8F041FFF7BAB9B7
:10C1400006FB02F292FBF8F2891A0022C0E706FB16
:10C1500005F595FBF8F5641B0025A1E70A95234634
:10C160003846D2E710B582B014140193009413B28C
:10C170000A1409B2FFF72EFF02B010BDF0B5002976
:10C18000059C10DB47687D89A9420CDAB889002834
:10C190006BD0002C5ADBAC4205DA069D002D02DD87
:10C1A0007D7A042D00D0F0BDD3F804E09EF809306C
:10C1B000042BF8D1069BBEF80A509E188642A8BFF1
:10C1C0000646002A4FEA054595FBF3F53FDB4FEAAB
:10C1D000800303F11F034FEA63134FEA830307F160
:10C1E000100701FB037141D001EB62010EF1100752
:10C1F0000023BEF80C0080001F30401180009642E2
:10C2000004FB00770ADCCEE704F00F04013244EAB5
:10C210000010964201F8010B2B4416D05C14204606
:10C2200013F4803F14BF385D385C0C7814BF0011E4
:10C2300000F00F0012F0010FE6D124F00F040132DC
:10C240002043964208702B44E8D1F0BDF0BD800039
:10C250001F30401180005342103705FB03F301FBF0
:10C2600000710EF110070022C3E7F0BD1346F8E796
:10C2700030B51D1483B01CB28DE8300013460A148B
:10C2800009B2FFF77BFF03B030BD00BF2DE9F04FCF
:10C290008BB09146029010898B4608B1536818689C
:10C2A000FBF7C2F8B9F808300190012B8ABFD9F822
:10C2B000043000205868FBF7B7F8B9F80830022BB3
:10C2C00088BFD9F8043004468CBF98680020FBF77B
:10C2D000ABF8B9F808300390032B8ABFD9F80430C3
:10C2E0000020D868FBF7A0F8B9F808300690042BB6
:10C2F0008ABFD9F8043000201869FBF795F8B9F81F
:10C300000830052B88BFD9F8043005468CBF586922
:10C310000020FBF789F8B9F80830062B88BFD9F858
:10C32000043080468CBF98690020FBF77DF8B9F88F
:10C330000830072B88BFD9F8043006468CBFD8696F
:10C340000020FBF771F8B9F80830D9F80420082B61
:10C3500007462ED9106A422800F0DD800A2800F036
:10C36000D780002800F0DD80062800F0D180FBF7A0
:10C3700081FB011C18BF0121D9F80420B9F808304D
:10C380000091092B40F2C180506A422800F0C6801B
:10C390000A2800F0BA80002800F0B780062800F0D4
:10C3A000B480FBF767FB10F1000918BF4FF00109DB
:10C3B00002E0002300939946029BDBF804105B68BF
:10C3C0004A89B3F80CC0B3F80AE089890198AB191F
:10C3D0009A42A8BF1A4608EB07038B42A8BF0B4638
:10C3E00000EAE07104910399360496FBF1FA4618CD
:10C3F00004992D0401FB1A550699059560181B0434
:10C4000076454FEA08484FEA0747079397FBF1F74D
:10C4100004EAE4733D46A8BF76468445A8BF844637
:10C42000049908970198CDF818C0170403FB1582EA
:10C43000059D411A25EAE57522EAE272E31A05959F
:10C44000049103921C46B9F1000F5AD0069A944207
:10C4500045DA079B039A934241DDCDF82490A1462B
:10C46000039B4FEA2348049BB3422BDA059CA74267
:10C4700028DDCDF80490049DC146B046099E09E030
:10C48000002832D1009B83B10135A845544416D011
:10C49000A74214DD4A4621145846FEF763FF002EDA
:10C4A000EED1009B0BB10028EED003462946019A3D
:10C4B00002980135FEF7A4FFA8455444E8D1DDF801
:10C4C00004904646039B089A13440393069B09F184
:10C4D0000109994503D0079B039A9342C0DC4FF0B2
:10C4E000000948460BB0BDE8F08F019A0298294632
:10C4F000FEF738FF0028C7D0B14648460BB0BDE86C
:10C50000F08F0298FFF736F8A0E74FF0000953E7E5
:10C510000021009135E70121009132E74FF0010938
:10C520004AE700902DE700BFFFF7B0BE2DE9F04FBE
:10C5300089B05C000594C4F1010403945C1E54D4DA
:10C54000012306928B46824607930493002507E059
:10C55000049A013C02321344AC420492039344DB3C
:10C56000069E129B01934FEA4509A6EB050809F1C7
:10C570000109424601230BEB04015046CDF800901F
:10C580006700FFF789F90137129B0193361B32468A
:10C5900001230BEB050150460097FFF77DF9129B35
:10C5A000019342460123ABEB04015046CDF80090C5
:10C5B000FFF772F9129B0193324601230097ABEB10
:10C5C00005015046FFF768F9039B059A002BA3EB82
:10C5D0000203BDDC039B079A19460135134611443B
:10C5E0000233AC4203910793BADA09B0BDE8F08F89
:10C5F00010B582B00C46009309B213462214FFF71F
:10C6000095FF02B010BD00BFF0B4BDF910608160AD
:10C61000B41A84EAE4775D1AA7EBE477BD42C260FE
:10C620000361056280E806004462466110DD002C6B
:10C63000B6BF644201234FF0FF336400621B836284
:10C640006D0000234462026305624363F0BC7047DF
:10C650000123002CC36209DB6D002A1B0223640046
:10C660000562446202634363F0BC70479D402A192F
:10C670009C400562026344624363E7E7F0B5054608
:10C680004068467A85B0012E9DF8287000F11004AC
:10C690002DD0042E3AD1808980001F3040118000B7
:10C6A00001FB0041002A44D10F25002B19DD002099
:10C6B0000AE0ECB22D010A7887EA02063440013024
:10C6C000624083420A700CDDB5F5706FF1D11A1A21
:10C6D000012AA2F1020206DD0230834201F8017F45
:10C6E000F6DC05B0F0BD0131F0250F24E3E78089C9
:10C6F0000730C01001FB0041002AD5D001EBE20158
:10C7000012F0010F14BFF0250F25CEE740F23530AF
:10C7100003930292019102F0E1FA0199029A039BBC
:10C72000611A002AC0D06868407A0128E6D004283F
:10C73000E6D101EB6201E3E72DE9F04FB9B08B429E
:10C7400005911F468146439C80F2DA80A14208464B
:10C7500040F3E680BC4206DB2146449B429844906D
:10C760003C4642930F46BDF91061BDF914B0BDF9C6
:10C77000088115B224B20FFA87FA21463246009595
:10C780005B460EA8FFF740FF324621465346CDF8E0
:10C7900000801CA8FFF738FF4246514600955B46D3
:10C7A0002AA8FFF731FF624A379B1B9D299CD9F8C5
:10C7B000046007CA0DF12C0E8EE8070038A800EBC4
:10C7C000830338AA02EB850102EB8402B5897489E0
:10C7D00053F8B48C30944FF0FF33484622941494AD
:10C7E0000A9351F8B46C52F8B4AC31952395159571
:10C7F0000995FEF7BFFED9F804305B7A012B459B03
:10C8000016BF03F00F0343F3000303EB0313DBB284
:10C810000493631E9F421E9C0793A8BF1F46BC4201
:10C820002EDC4FF0FF3B05EB0B030693039709AAA1
:10C830000EA920460995CDF828B0B04709AA1CA931
:10C840002046D047002C17DB099AAA4214DA0A9B2B
:10C85000002B214648460FDB002ABCBF002209926C
:10C86000AB42A8BF069B049FA8BF0A93C2F1010E6A
:10C8700000977344FFF702FF039B01349C42D6DD0F
:10C8800009AA2AA92C98C047079B059A2C9C934279
:10C89000A8BF134601349C421F462EDC4FF0FF3ADE
:10C8A00005EB0A0B039609AA0EA92046039B0995DE
:10C8B000CDF828A0984709AA2AA92046C047002CED
:10C8C00018DB099AAA4215DA0A9B002B2146484632
:10C8D00010DB002ABCBF00220992AB42C2F1010E5C
:10C8E000A8BF5B46049E00967344A8BFCDF828B04D
:10C8F000FFF7C4FE0134BC42D5DD39B0BDE8F08F8E
:10C90000A34206DD059B059711461F46429A4291B8
:10C9100020E7449B449221461A46059C059122E754
:10C92000449B44922146059104461A4612E700BFF3
:10C93000ECB301002DE9F04FC9B0994206911D46B4
:10C940000790539CDDF8549117B280F2EC800BB243
:10C9500010AA0FFA85FBBDF94861029310460592B3
:10C9600019463A465B460096FFF74EFE1EABA542BF
:10C970000FFA84FABDF950810493184680F2CC80F6
:10C98000324659465346CDF80080FFF73DFE2CABAA
:10C990004C450FFA89FBBDF958610393184680F2A4
:10C9A000B380424651465B460096FFF72DFE069B3C
:10C9B0004B450DF1E80880F29F8000965B463A46B1
:10C9C00002994046FFF720FE079A5F4B56681D9F6D
:10C9D00093E807000DAB83E8070048A901EB870740
:10C9E0008E462B997389479AB68940934C450EEB36
:10C9F000810E3999329320460DF5907CB8BF484698
:10CA0000A8420CEB810A06992493B8BF28464C45EE
:10CA1000A8BF4C4681420CEB82028B4603F1FF3CDF
:10CA2000B8BF8346A542A8BF25465EF8EC4C0294E9
:10CA3000E34516935C464FF0FF33A8BF6446079862
:10CA40005AF8EC9C0C938D42A8BF0D4652F8ECAC02
:10CA5000419657F8EC7C3396259617960B96FEF781
:10CA600089FD079A53685B7A012B579B16BF03F029
:10CA70000F0343F3000303EB0313DBB2A542089358
:10CA800037DC4FF0FF3B06EB0B03099306940BAA30
:10CA900005990B962846CDF830B0B847029B04990B
:10CAA0000BAA284698470BAA03992846C8470BAA01
:10CAB00041462846D047002D17DB0B9AB24214DAC4
:10CAC0000C9B0798002B29460FDB002ABCBF0022D5
:10CAD0000B92B342A8BF099B089CA8BF0C93C2F15C
:10CAE000010E00947344FFF7C9FD069B01359D427A
:10CAF000CDDD49B0BDE8F08F0097029B3246594624
:10CB00004046FFF781FD5FE7CDF800805346594668
:10CB10003246FFF779FD4AE700965B4651464246AA
:10CB2000FFF772FD33E7BDF94861009710AA0FFACD
:10CB300083FB1046BDF918300592594632460293E0
:10CB4000FFF762FD12E700BFECB301002DE9F04FE3
:10CB50000546088985B00C4608B14B681868FAF795
:10CB600063FC2389012B88BF636806468CBF586825
:10CB70000020FAF759FC2389022B88BF6368074617
:10CB80008CBF98680020FAF74FFC2389032B88BFDD
:10CB9000636880468CBFD8680020FAF745FC23897B
:10CBA000042B88BF636881468CBF18690020FAF7A0
:10CBB0003BFC2389052B88BF636882468CBF58697C
:10CBC0000020FAF731FC2389062B88BF636883466F
:10CBD0008CBF98690020FAF727FCCDF808B00390C5
:10CBE0008DE8000643463A4631462846FFF7A4FD45
:10CBF00005B0BDE8F08F00BF2DE9F04F044608896D
:10CC000089B0884608B14B681868FAF70DFCB8F887
:10CC10000830012B88BFD8F8043005468CBF58680F
:10CC20000020FAF701FCB8F80830022B88BFD8F8CA
:10CC3000043006468CBF98680020FAF7F5FBB8F878
:10CC40000830032B88BFD8F8043007468CBFD8685B
:10CC50000020FAF7E9FBB8F808300690042B8ABFE9
:10CC6000D8F8043000201869FAF7DEFBB8F808306D
:10CC7000052B88BFD8F8043081468CBF5869002046
:10CC8000FAF7D2FBB8F80830062B88BFD8F8043082
:10CC900082468CBF98690020FAF7C6FBB8F80830C6
:10CCA000072B88BFD8F8043083468CBFD869002092
:10CCB000FAF7BAFBB8F80820082A88BFD8F8042089
:10CCC000034688BF106A079398BF0020FAF7ACFBB1
:10CCD000079B0493069B05900093CDF80CB0CDF80C
:10CCE00008A0CDF804903B46324629462046FFF77F
:10CCF00021FE09B0BDE8F08F10B50422FEF784FCD8
:10CD00000446D8B143685A68083A032A03F110036D
:10CD10000BD913F0030009D122F00301194443F8A1
:10CD2000040B8B42FBD102F003022AB11A4400210A
:10CD3000197001339A42FBD1204610BD40F2913068
:10CD400001F0CCFFF8E700BF032A70B41DD940EA18
:10CD500001039B071DD122F00303CE18041F51F8D5
:10CD6000045B44F8045F8E42F9D102F003023146BD
:10CD7000034442B11A440C78E4B21C70013393426C
:10CD800001F10101F7D170BC70470346002AF1D1CF
:10CD9000F9E70346EEE700BF70B542684C68568974
:10CDA0006589AE4200D070BDA6899589AE42FAD1A0
:10CDB000647A527A9442F6D10D460446FEF7DAFBC5
:10CDC000696860684A681030083A1031BDE8704000
:10CDD000FFF7BABF2DE9F04F80464868D8F8044005
:10CDE000B0F80A9065898DB0009509EB0205002D19
:10CDF00001954FDD9A46009B9A424BDA85890AEBF2
:10CE00000506002E46DDA789BA4543DABAF1000FC0
:10CE100044DBA7EB0A03AB42A8BF2B460493437A3B
:10CE2000169894F809B0023004D11AB9BAF1000F7B
:10CE300000F09B80012B00F08D82042B40F04E858A
:10CE4000AD001F356D11AD005846012800F07E82FF
:10CE5000042840F01C85A08980001F30401180000C
:10CE600002904868103010340390BAF1000F08D0D7
:10CE7000D8F80400407A012800F07083042800F0FC
:10CE80007482BBF1040F0FD0BBF1010F02D1012B53
:10CE900000F0968100200DB0BDE8F08FBE42334611
:10CEA000A8BF3B460493BAE7042B6DD0012BF1D108
:10CEB000BAF1000FC0F2E681B9F1000FEAD0CAF171
:10CEC000000B0BF007034FF0010B0BFA03FB169B53
:10CED0000299039F0AF00109BAF1000F4FEA031A01
:10CEE000049BB4BF4FF000094FF0010B4B44CDF849
:10CEF0000CB0DDF804B0CDF80890013701FB024416
:10CF00009C464FFA8AFA8946002A28DB009B934206
:10CF100025DD029B17F801EC63452046B8461EDA72
:10CF2000039901920CE0DA07067840F1C78106F018
:10CF30000F064AEA060606700130013363450DD03C
:10CF4000B1F5807F00F0B3810E4649001EEA060F5E
:10CF5000E9D1DE07F0D401336345F1D1019A013202
:10CF60005A452F444C44CFD194E75B457FF462AFE0
:10CF7000009881457FF45EAFBD427FF45BAF4046D1
:10CF8000FFF70AFF504686E7AB100793B9F1000F91
:10CF900080D00299CDF820A001FB0244BE42A8BF78
:10CFA0003E46211D9B000491A6F10800A7F108014F
:10CFB00005930AF00103B346099006938A46002AB6
:10CFC000C0F28581009B934240F381811699039BB7
:10CFD0000029C0F2C682089806990446002940F04C
:10CFE000C78100F1070800F1060C00F1050E071DCE
:10CFF000079D04986BE011F00F0907D010F8046C3E
:10D0000026F00F0646EA090600F8046C11F0F00F4E
:10D0100009D010F8049C21F00F0609F00F0949EA25
:10D02000060600F8046CC1F30329B9F1000F07D01C
:10D0300010F8036C26F00F0646EA090600F8036CA8
:10D040004FEA113919F00F0F07D010F8036C06F0F2
:10D050000F0646EA091600F8036CC1F30349B9F15B
:10D06000000F07D010F8026C26F00F0646EA0906FA
:10D0700000F8026C4FEA115919F00F0F07D010F8A1
:10D08000026C06F00F0646EA091600F8026CC1F3BE
:10D090000369B9F1000F07D010F8016C26F00F06F4
:10D0A00046EA090600F8016C090F07D010F8016C78
:10D0B00006F00F0646EA011100F8011C083404309E
:10D0C00008F108080CF1080C0EF1080E083715F1EC
:10D0D000FF35C0F0FC80002C53F8041B05DBA24593
:10D0E00089DA11F00F0940F0258111F0F00F0DD011
:10D0F000661C0BD4B34509DD10F8049C21F00F0623
:10D1000009F00F0949EA060600F8046CC1F303268A
:10D1100066B114F1020909D4CB4507DD10F8039C70
:10D1200029F00F0949EA060600F8036C0E0B16F009
:10D130000F0F0CD014F1030909D4CB4507DD10F80B
:10D14000039C09F00F0949EA061600F8036CC1F3C5
:10D1500003465EB1002F09DBBB4507DD10F8029CDA
:10D1600029F00F0949EA060600F8026C0E0D16F0C8
:10D170000F0F0CD0BEF1000F09DBF34507DD10F8EF
:10D18000029C09F00F0949EA061600F8026CC1F387
:10D19000036666B1BCF1000F09DBE34507DD10F85B
:10D1A000019C29F00F0949EA060600F8016C090FF5
:10D1B00084D0B8F1000F81DBC3457FF77FAF75E7FF
:10D1C000D8F80410487A8B8901F11007012803F17F
:10D1D000FF33A7EB040B00F0EC84042840F0F2844A
:10D1E000002B40F00285CDF810B0B9F1000F3FF4EC
:10D1F00051AE0AF0070806EB080319460693029B96
:10D200000498039FCDF80CA01E4606FB0203DDF830
:10D2100004A0ABEB00000590A1F1080904EB030B9F
:10D22000002A7FDB009B93427CDD049B039CABEBDD
:10D230000301059B4C453E4603EB0B0C80F2B58485
:10D240000020019207E040EA0E0008704C4501F111
:10D250000101184649DA16F8013B614504F108045A
:10D2600003FA08F3F2D343EA20208B45C0B2EDD392
:10D27000169A91F800E00132E5D110EA0E0FE5D0E0
:10D28000012008E64F687B7A07F11000012B03901C
:10D29000CAF1000400F0AF84042B40F0B284039B79
:10D2A00003EB64030393D8F80440103404E698F8C1
:10D2B00000E0022108F10108012647E6169A26F04F
:10D2C0000F061643067038E60A9ADDF82CA0039B79
:10D2D00005990B4403930299049B0B440493019B0F
:10D2E00001329A427FF46BAED4E5019A0698041B92
:10D2F000002C17DD614515D38B4513D3307800FA28
:10D3000008F040EA2320C4F10804FF2343FA04F4A0
:10D3100000EA040316980130DBB200F0408408787C
:10D3200003430B700132029B52459B442F447FF410
:10D3300077AFAFE5A3457FF7D8AE10F8046C26F0C1
:10D340000F0646EA090600F8046CCEE6A08907300D
:10D35000C01085E50735ED10584676E5BAF1000FA7
:10D3600000F064844FF0FF30029004EB6A0488E51B
:10D3700000F1070C00F1060E471D061D079D0498DD
:10D38000914666E00A0707D010F8042C02F00F025D
:10D3900042EA011200F8042CC1F30318B8F1000F9F
:10D3A00007D010F8032C22F00F0242EA080200F81E
:10D3B000032C4FEA112818F00F0F07D010F8032C98
:10D3C00002F00F0242EA081200F8032CC1F30338FE
:10D3D000B8F1000F07D010F8022C22F00F0242EA39
:10D3E000080200F8022C4FEA114818F00F0F07D07E
:10D3F00010F8022C02F00F0242EA081200F8022C88
:10D40000C1F30358B8F1000F07D010F8012C22F037
:10D410000F0242EA080200F8012C4FEA116818F0E6
:10D420000F0F07D010F8012C02F00F0242EA081289
:10D4300000F8012C090F04D0027822F00F021143EA
:10D440000170083404300CF1080C0EF1080E083796
:10D45000083615F1FF357CD3002C53F8041B03DB91
:10D4600054458FDD0A0769D1C1F3031262B114F18B
:10D47000010809D4C34507DD10F8038C28F00F0814
:10D4800048EA020200F8032C0A0A12F00F0F0CD02F
:10D4900014F1020809D4C34507DD10F8038C08F025
:10D4A0000F0848EA021200F8032CC1F3033262B1FC
:10D4B00014F1030809D4C34507DD10F8028C28F0E5
:10D4C0000F0848EA020200F8022C0A0C12F00F0FB3
:10D4D0000BD0002E09DB5E4507DA10F8028C08F04D
:10D4E0000F0848EA021200F8022CC1F303525AB1A5
:10D4F000002F09DBBB4507DD10F8018C28F00F0871
:10D5000048EA020200F8012C4FEA116818F00F0FE8
:10D510000CD0BEF1000F09DBF34507DD10F8012C3C
:10D5200002F00F0242EA081800F8018C090F88D0B7
:10D53000BCF1000F85DBE34583DD7DE75C4593DAD5
:10D5400010F8042C02F00F0242EA011200F8042C39
:10D550008AE74A46BBE64FF0FF30029004EBEA044C
:10D560008FE416990231069900F0C981089C204683
:10D57000002940F0C78004F1070C04F1060E671D76
:10D58000261D079D049C002D3FF4A1AE002853F8F2
:10D59000041B5DDB824550DB11F00F0F05D014F842
:10D5A000048C18F00F0F7FF46BAE11F0F00F05D064
:10D5B00014F8048C18F0F00F7FF462AE11F4706F61
:10D5C00005D014F8038C18F00F0F7FF459AE11F446
:10D5D000704F05D014F8038C18F0F00F7FF450AEA4
:10D5E00011F4702F05D014F8028C18F00F0F7FF48F
:10D5F00047AE11F4700F05D014F8028C18F0F00F3C
:10D600007FF43EAE11F0706F05D014F8018C18F065
:10D610000F0F7FF435AE090F05D014F8011C11F07F
:10D62000F00F7FF42DAE013D083004340CF1080CEE
:10D630000EF1080E08370836A5E711F00F0F07D0D6
:10D64000834505DD14F8048C18F00F0F7FF418AE35
:10D6500011F0F00F0AD010F1010807D4C34505DD21
:10D6600014F8048C18F0F00F7FF40AAE11F4706F08
:10D670000AD010F1020807D4C34505DD14F8038C65
:10D6800018F00F0F7FF4FCAD11F4704F0AD010F1B9
:10D69000030807D4C34505DD14F8038C18F0F00F18
:10D6A0007FF4EEAD11F4702F09D0002E07DBB345E7
:10D6B00005DD14F8028C18F00F0F7FF4E1AD11F4C2
:10D6C000700F09D0002F07DBBB4505DD14F8028C75
:10D6D00018F0F00F7FF4D4AD11F0706F0AD0BEF1E6
:10D6E000000F07DBF34505DD14F8018C18F00F0F70
:10D6F0007FF4C6AD090F96D0BCF1000F93DBE34574
:10D7000091DD8AE704F1070C04F1060E671D261D62
:10D71000079D049C002D3FF4DAAD002853F8041B4C
:10D720005BDB82454EDB11F00F0F05D014F8048C43
:10D7300018F0F00F7FF4A4AD11F0F00F05D014F83D
:10D74000038C18F00F0F7FF49BAD11F4706F05D0B0
:10D7500014F8038C18F0F00F7FF492AD11F4704FB1
:10D7600005D014F8028C18F00F0F7FF489AD11F476
:10D77000702F05D014F8028C18F0F00F7FF480ADF4
:10D7800011F4700F05D014F8018C18F00F0F7FF40E
:10D7900077AD11F0706F05D014F8018C18F0F00F10
:10D7A0007FF46EAD090F03D0217809077FF468ADCF
:10D7B000013D083004340CF1080C0EF1080E083756
:10D7C0000836A7E711F00F0F07D0834505DD14F8E1
:10D7D000048C18F0F00F7FF453AD11F0F00F0AD065
:10D7E00010F1010807D4D84505DA14F8038C18F0B5
:10D7F0000F0F7FF445AD11F4706F0AD010F10208DD
:10D8000007D4C34505DD14F8038C18F0F00F7FF43E
:10D8100037AD11F4704F0AD010F1030807D4C34597
:10D8200005DD14F8028C18F00F0F7FF429AD11F408
:10D83000702F09D0002E07DBB34505DD14F8028CEC
:10D8400018F0F00F7FF41CAD11F4700F09D0002F09
:10D8500007DBBB4505DD14F8018C18F00F0F7FF4D2
:10D860000FAD11F0706F0AD0BEF1000F07DBF3456A
:10D8700005DD14F8018C18F0F00F7FF401AD090FED
:10D8800096D0BCF1000F93DBE34591DD8CE740F2CD
:10D89000353005920391029301F020FAD8F8044044
:10D8A0000399607A4B68059A10330128039304F1B9
:10D8B0001004029B00F0B68104283FF44FAD40F203
:10D8C000353007920691059301F008FA4FF0FF33C7
:10D8D0000293079A0699059BFFF7C7BA40F23530C5
:10D8E00005920391029301F0F9F9D8F80440059AE2
:10D8F000607A0399029B4FF0FF35FFF7A6BA002923
:10D9000040F0A3800898CDF82CA0044600F1070849
:10D9100000F1060C00F1050E071DC61C0499079DB9
:10D920000A92DDF824A015E04FEA1229100C01F844
:10D93000042C120E01F8039C01F8020C01F8012CD2
:10D940000834043108F108080CF1080C0EF1080E37
:10D950000837083615F1FF35FFF4B6AC002C53F844
:10D96000042B0DDBA245DFDAA34509DD11F8040C19
:10D9700002F00F0920F00F0040EA090001F8040C42
:10D98000601C0BD4834509DD11F8040C22F00F094B
:10D9900000F00F0040EA090001F8040CA01C0BD4B1
:10D9A000834509DD11F8030CC2F3032920F00F00B1
:10D9B00040EA090001F8030C002E0BDBB34509DD3A
:10D9C00011F8030C4FEA123900F00F0040EA091079
:10D9D00001F8030C002F0BDBBB4509DD11F8020C2D
:10D9E000C2F3034920F00F0040EA090001F8020CDD
:10D9F000BEF1000F0BDBF34509DD11F8020C4FEA15
:10DA0000125900F00F0040EA091001F8020CBCF1B5
:10DA1000000F0BDBE34509DD11F8010CC2F30369CC
:10DA200020F00F0040EA090001F8010CB8F1000FE6
:10DA300086DBC34584DD11F8010C120F00F00F00E6
:10DA400040EA021201F8012C7AE7089CCDF82CA0DC
:10DA5000204604F1070804F1060C04F1050E271D09
:10DA6000E61C0499079D0A92DDF824A021E011F834
:10DA7000049C0C7809F00F0924F00F0449EA0219FC
:10DA800044EA127401F8049C0C704FEA1219140B4A
:10DA9000120D01F8039C01F8024C01F8012C08302A
:10DAA000043108F108080CF1080C0EF1080E0837D3
:10DAB000083615F1FF35FFF407AC002853F8042BA6
:10DAC0000BDB8245D3DA834507DD11F8044C04F003
:10DAD0000F0444EA021401F8044C441C0BD4A3457F
:10DAE00009DD11F8034CC2F3031924F00F0444EAD2
:10DAF000090401F8034C841C0BD4A34509DD11F87B
:10DB0000034C4FEA122904F00F0444EA091401F807
:10DB1000034C002E0BDBB34509DD11F8024CC2F3B8
:10DB2000033924F00F0444EA090401F8024C002FE1
:10DB30000BDBBB4509DD11F8024C4FEA124904F03A
:10DB40000F0444EA091401F8024CBEF1000F0BDB8C
:10DB5000F34509DD11F8014CC2F3035924F00F0419
:10DB600044EA090401F8014CBCF1000F0BDBE3456A
:10DB700009DD11F8014C4FEA126904F00F0444EA80
:10DB8000091401F8014CB8F1000F88DBC34586DDAC
:10DB90000C7824F00F0444EA12720A707FE70978C7
:10DBA0000B423FF4BFABFFF76BBB039C0023FFF7B7
:10DBB0009DBB002B3FF417AB07EBE3031B1B049348
:10DBC000FFF713BB40F235300592049301F086F85D
:10DBD000049B059A002B3FF406ABD8F80400407A6A
:10DBE0000128E9D004287FF4FEAA07EB63031B1B7E
:10DBF0000493FFF7FABA039B03EBE4030393FFF7E5
:10DC000052BB40F235300692059101F067F8059954
:10DC1000069A4B685B7A012BEDD0042B7FF443AB63
:10DC2000FFF73DBBBAF1000F7FF495AC4FF0FF302A
:10DC30000290FFF726B900BF2DE9F04182B00E46F1
:10DC40001746984605460024FDF794FC43463A469D
:10DC5000314628460094FFF7BDF802B0BDE8F081D8
:10DC600010B582B04FF0FF340094FFF7B3F802B064
:10DC700010BD00BF2DE9F041044682B00D461646A6
:10DC80001F46FDF777FC63686A685B7A042B16D041
:10DC90004FF000085389CDF80480928900923146F4
:10DCA0003A462046FDF7F8FDCDF800803B46324667
:10DCB00029462046FFF78EF802B0BDE8F081537A7E
:10DCC000042BE5D16FF0010E3B4632462946204633
:10DCD000CDF800E0FFF77EF802B0BDE8F08100BFAC
:10DCE0002DE9F04780460F461546FDF743FCD8F86E
:10DCF0000400437A012B00F08180042B40F0A980BE
:10DD00008489A4001F346411A4004689002D4CD1DD
:10DD1000002F1DDB1AD0B74274DB04FB06F4032C82
:10DD200000F110000BD910F0030209D124F0030315
:10DD3000034440F8042B9842FBD104F003042CB1B7
:10DD40000444002303700130A042FBD1BDE8F087FA
:10DD5000C7F10009B14539DB427A012A00F1100709
:10DD600068D0042A40F08380828992001F325211C9
:10DD7000920004FB06F4032C05FB02730BD913F08D
:10DD800003010AD124F003021A4443F8041B93420E
:10DD9000FBD104F00304002CD8D01C4400221A70DC
:10DDA0000133A342FBD1BDE8F08741680830FDF79D
:10DDB0000DFC002104464046FDF7A6FE2B463A46E0
:10DDC00021464046BDE8F047FFF754BF437A012B98
:10DDD00000F1100A32D0042B34D1818989001F311F
:10DDE00049118900BD1901FB09A1504604FB05F248
:10DDF0000CF0ACFA4E46D8F80400ADE7848907343D
:10DE0000E41082E7437A012B00F110052AD0042B9D
:10DE100034D1808980001F30401180002946F21BD8
:10DE200004FB02F200FB07500CF090FA3E46D8F8D3
:10DE3000040072E782890732D2109AE7818907319C
:10DE4000C910CFE740F2353000F048FF4FF0FF3106
:10DE5000C8E740F2353000F041FF4FF0FF34D8F80A
:10DE6000040052E780890730C0102946D7E740F206
:10DE7000353000F033FF4FF0FF327AE740F23530B3
:10DE800000F02CFFD8F804104FF0FF301031C6E737
:10DE90002DE9F843054600AFFDF76CFB6C68637A2B
:10DEA000012B2FD0042B38D1A689B4F80A80B600F4
:10DEB0001F367611B6003246354608F1FF38103469
:10DEC000073208FB054522F00702ADEB020DA54223
:10DED000E84614D9C6F10009214632464046FEF70D
:10DEE00033FF294632462046FEF72EFF34442846AB
:10DEF000324641464D44FEF727FFAC42ECD3BD46C7
:10DF0000BDE8F883A689B4F80A800736F6103246D1
:10DF1000354608F1FF381034D2E740F2353000F0D2
:10DF2000DDFE6B685A7A5D89012A05F1FF3803F13D
:10DF300010040AD0042A0FD040F2353000F0CEFE93
:10DF40004FF0FF3216461546BAE79B894FF0FF3275
:10DF50000733DD101646B3E79B899B001F335B1127
:10DF60004FF0FF329D001646AAE700BF2DE9F843A7
:10DF700043685A897E2A2EDC0446998950005A7AD1
:10DF8000FDF742FB636841685A7A5E89012A0746B9
:10DF900001F1100803F1100521D0042A23D19C8936
:10DFA000A4001F346411A40096B14FF00009294663
:10DFB00022464046A044FEF7C7FE09F1010940464B
:10DFC00029462246FEF7C0FE4E45A0442544EED128
:10DFD0003846BDE8F88300273846BDE8F8839C89B9
:10DFE0000734E410E0E740F2353000F077FE4FF000
:10DFF000FF34D9E738B5FFF7B9FF0446FAF77EFDDD
:10E000002046FDF71BFF05462046FAF787FD284608
:10E0100038BD00BF38B50546FDF722FBA8B10C207E
:10E02000FAF7DAFB044628B10B4A45600023026088
:10E0300083605DB12046FAF761FD2046FFF7DAFF05
:10E0400005462046FAF76AFD686838BD40F235306B
:10E0500000F044FEEEE700BF34B40100F8B5054619
:10E06000FDF7FEFA68BB07462846FDF71FFB0028B0
:10E0700033D0696838460431F8F7AAFC8723037265
:10E080002B7A03F00F0343726B7A6A684381AB7A91
:10E090008381043A05F10C010646C7811030FEF772
:10E0A00053FE3046FAF72AFD0C20FAF795FB04469A
:10E0B00010B10E4B80E8C8003046FAF72FFD20461D
:10E0C000F8BD0C20FAF788FB044630B1074A4560DA
:10E0D00000230260836015B1F8BD0020F8BD40F256
:10E0E000353000F0FBFD2046F8BD00BF34B4010020
:10E0F000F0B50C4683B0064615461F46FDF73AFAC2
:10E100002046FFF7ABFF50B143685B7A012B06D185
:10E110000146009730462B142AB2FEF75BFE03B08F
:10E12000F0BD00BFFFF79ABF032A19D9830720D19A
:10E1300030B422F0030301EB012505EB0545034450
:10E14000044644F8045BA342FBD102F003022AB167
:10E15000C9B21A44197001339342FBD130BC7047E5
:10E16000034642B1C9B21A44197001339342FBD13C
:10E1700070470346F6E7704782B030B50C4685B06D
:10E1800049680546206802AC03C4039908A880E8E2
:10E190000C00CB0712D54910029B6A58D4580D4485
:10E1A0000AAB93E8030008AB0CCB8DE803002846CC
:10E1B000A04705B0BDE8304002B0704705EB6105EF
:10E1C000029CEDE782B000B585B00DF1180E00217C
:10E1D0008EE80C0080F81912012341F29202072107
:10E1E000684605F00BFC05B05DF804EB02B0704723
:10E1F000F8B51C460B0A0F46054616461AD1330CD5
:10E200001ED1AA7805F10C01881805F1FC031B1A30
:10E2100004F1040E734518D3E4B28C54330A4770EA
:10E220008670C370AB78073424F003041C44AC70D0
:10E230000430F8BD40F28F3000F050FD330CE0D0D8
:10E2400040F28F3000F04AFDDBE70020F8BD00BF50
:10E2500090F8193203B9704741F29201072002F099
:10E2600097BE00BF10B52030FFF7C2FF044608B1CB
:10E27000204610BD40F28F3000F030FD204610BD2A
:10E2800030B50446C06885B018B1036800211B682A
:10E290009847A068064903680191FC220294009205
:10E2A0001D6904F1200104F58E73A84705B030BD47
:10E2B00049E700002DE9F047CB6833F0FF0384B055
:10E2C00021D10C7BA410012C01F1100118DD5B4D54
:10E2D0005B4E5C4F012309E0B2423CD0BA4208BF1A
:10E2E00080F81E320133DBB29C4209DD51F8232055
:10E2F000AA42F1D180F81B320133DBB29C42F5DC3B
:10E3000004B0BDE8F087B3F5000FF9D04B7B90F86F
:10E310001E229A4227D090F81B229A422FD090F8C2
:10E320001C229A42ECDC90F81D229342E8DCCA8958
:10E3300041F201139A42E3D10F7B01F1100406462A
:10E340008A46274400254FF00109A74245D9637842
:10E350001F2B21DCFEE790F81C220AB980F81C3242
:10E3600080F81D32BEE7CB89B3F5845F30D041F22F
:10E3700081129342C4D10B69C0F83432C0E7CB8913
:10E3800041F2811293424CD041F282129342B7D1B2
:10E390000B8AA0F82232B3E794F80080B8F1080F96
:10E3A00046D0A8F10903012B45D908F1FF33062B0C
:10E3B0000CD89AF80D3096F81C229B1AC3EBC303B5
:10E3C0004344002BC4BF09FA03F31D430234BCE7E6
:10E3D0000B699B0AA0F8383292E7D6F82422AA42A9
:10E3E0008ED00024012706E0134212D00134202CE5
:10E3F0001BD0D6F8242207FA04F32B42F4D113429F
:10E40000F4D0012340F60201A2B2684605F0F6FA04
:10E41000ECE70123A2B240F60301684605F0EEFAEC
:10E42000E4E70B8AA0F820326AE7C6F8245267E7CF
:10E430004FF00708BDE707F09BFEB6E7E536FA1692
:10E440006EA0EA1D0636C61F2DE9F0410446C068DD
:10E4500084B018B1036801211B68984707F070FE6B
:10E46000206903685B689847002876D0002504F18E
:10E47000200684F81A5247F6CD2707F053FE25628E
:10E480007560B560F5602784FAF7FAFFB4F81C31BF
:10E4900060624BF2CD329342A16205D0BB4264D0A0
:10E4A0001946A54802F0D8F994F81B12002900F08B
:10E4B0009F80E369002B00F0B28040234FF40252AA
:10E4C0003046FFF795FE0546002800F01481E36909
:10E4D000284603F140021F685D689968D3F80CE094
:10E4E000C0F80CE01033934207604560816000F192
:10E4F0001000F0D10023E3618122082394F81B125D
:10E500003046FFF775FE0546002800F0FE802346E2
:10E5100003CB28606960304694F81B12012342F255
:10E520000102FFF765FE0546002800F0E98094F837
:10E530003A32824AC3EB032382FB0312DB17C3EB9D
:10E5400062132B7094F81E32002B40F0848020461A
:10E55000FFF796FE04B0BDE8F081012384F81A327B
:10E5600007F0E0FD04B0BDE8F08194F81E31002B07
:10E570009AD004F58E774FF0FF0839462046FFF712
:10E5800099FE94F8280194F81E31C11D21F0030171
:10E590008B4289DD021DA51895F82851FF2D32D038
:10E5A00094F81F01621820F0020084F81F0192F80D
:10E5B00028C10CF10402881801F10C0E8342BE44FC
:10E5C00064DB04F59270734653F8045B40F8045F13
:10E5D000A3EB0E05AA42F7DC0CF10703224423F05B
:10E5E0000303A444194482F828818CF82D11C4E750
:10E5F0000B460A462046FFF735FE2046FFF740FE51
:10E6000004B0BDE8F081204490F82D118B427FF7D3
:10E610004BAF8A42C4DB4A4802F01EF944E7656901
:10E62000002D3CD094F818329D4228BF1D4630463C
:10E630002B468322FFF7DCFD064600286AD02A46D7
:10E640003046A169FEF780FBA26963692A445B1B1F
:10E65000A26163617BE7FAF719FFD4F82C22D4F8A2
:10E66000283232B1C3EB03139B1A03441B09C4F8CD
:10E670002832B4F83822C4F82C02C3F3552302FB25
:10E6800003F39B0A9B00C4F8303260E72D4802F088
:10E69000E3F894F81B1200297FF40BAFA8E794F875
:10E6A0001E1201B3D4F83422D4F830329A421AD26E
:10E6B00094F818529B1A9D42A8BF1D4630462B461F
:10E6C0008022FFF795FD064688B3B4F8382269101A
:10E6D0003046FCF779FC074608B3D4F834322B44B3
:10E6E000C4F8343233E7012341F29302072168462C
:10E6F00005F084F936E740F28F3000F0EFFAE6E6F5
:10E7000040F28F3000F0EAFA11E740F28F3000F06B
:10E71000E5FAFCE640F28F3000F0E0FA8FE72A4697
:10E7200030463946FFF700FDC4F830720FE740F27B
:10E730008F3000F0D3FAC8E764B401001F85EB51B5
:10E740007CB4010098B40100FFF77EBE82B08DE872
:10E750000C0090F81A320BB902B0704702B0FFF704
:10E7600073BE00BFF8B51D46DB0704460F461646CC
:10E7700000D47DBB40F28F3000F0B0FAA3889E42F7
:10E780002DD040F28F3000F0A9FA94F819326BBB0B
:10E7900063881BB1B4F82222934219DA6D0805FB95
:10E7A00006F60122EC23B3FBF5F313FB05F5069BFC
:10E7B00084F819226661A761E36184F81852FC228B
:10E7C000002104F12000FFF7AFFC2046FFF73CFEDC
:10E7D0000020F8BD002ACDD0A3889E42D1D1E38885
:10E7E0009D42CED194F81932002BD1D040F28F3017
:10E7F00000F074FACCE700BF2DE9F04F83B0BDF80C
:10E800003880DDF83090DDF834A0002B3FD0B9F12E
:10E81000000F3FD00F2937D0074628201D460E464F
:10E8200093460BF065FD0446103005F007F91820FB
:10E830002680A4F802B00BF05BFD8DE800060246CE
:10E840006B46064603CB42F8045B00233D689360A9
:10E85000D360A660706048F0020851600F48E36022
:10E86000236263627061A4F804806B6838462146B5
:10E87000984730B1204602F0EDFD20460BF036FD02
:10E88000074803B0BDE8F08FB8F1C00FC4D06FF4F3
:10E890007A70F6E71AF0010FBCD1F8E779E10000D1
:10E8A00016FCFFFFF0B589B0044600252848059501
:10E8B000049004A8A16003C81E466423E26084F8A3
:10E8C0003A324AF6444246F2BC63A4F83822C4F80D
:10E8D000283284F8195284F81A5284F81B5284F8AA
:10E8E0001C5284F81D5284F81E52C4F82452C4F8F5
:10E8F0003452C4F82C5226618DE80300154F1022C3
:10E90000234638680292072141F29302FFF774FF11
:10E91000336830469B68012198470F4B0795069353
:10E9200008AB13E903003F683589C0228DE8030076
:10E9300023462946029238460222FFF75DFF3368DC
:10E9400030461B6D02219847204609B0F0BD00BF3C
:10E95000C5E10000480B00204DE700002DE9F04123
:10E96000002480460E461546CCB121466408D8F8EE
:10E97000040039400368C9B2003118BF01211B6887
:10E980009847D8F80000036801211B689847D8F819
:10E990000000036800211B689847002CE5D16B1E1E
:10E9A0002DB137781D46402401368021DFE7BDE8D0
:10E9B000F08100BF70B50446806803680E461B688E
:10E9C000002115469847E06818B1036800211B68CC
:10E9D0009847012231462046FFF7C0FFA068036830
:10E9E00001211B6898476A1E002A03DD711C20461E
:10E9F000FFF7B4FFE06828B1036801211B68BDE898
:10EA00007040184770BD00BFF0B5054687B00026BE
:10EA10002C230F46144601A90122019602968DF877
:10EA20000430039604960596FFF7C4FFA8680368B0
:10EA300001211B689847E86818B1036831461B68D4
:10EA400098473B12013443EA07133A1164108DF8DA
:10EA500006708DF805308DF8042006D0032201A938
:10EA60002846FFF77BFF013CF8D1E86818B103683E
:10EA700001211B68984707B0F0BD00BFF0B50B46F9
:10EA800089B0074610E05E788DF8002026F08004FB
:10EA90002246FEF759F9621C69463846FFF78AFF9D
:10EAA000320605EB040308D41A789D1C29460DF1A3
:10EAB0000100002AE7D109B0F0BD2A5D4FF47A7059
:10EAC0005C1C00FB02F002F019FD2346ECE700BFDE
:10EAD000F0B585B0013B0A9C0B44013C144415463B
:10EAE0001E120022009202924FEA242E8DF804306A
:10EAF0008DF803602A2306468DF802102B2702A901
:10EB000005228DF80BE08DF808308DF80A508DF84D
:10EB10000C408DF80070FFF74DFF30466946052226
:10EB2000FFF748FF05B0F0BDF0B583B013468DF890
:10EB30000110170C160A694602223625B1248DF8F9
:10EB400007308DF804408DF8057004468DF8066096
:10EB50008DF80050FFF72EFF9DF80730FF2B204661
:10EB60000CBF0322042201A9FFF724FF03B0F0BD6C
:10EB700070B54FF0FF3104462220F8F78FFAC0B28B
:10EB8000FBF790F84FF0FF3160602020F8F786FA2D
:10EB9000C0B2FBF787F84FF0FF3120602320F8F771
:10EBA0007DFAC0B2FBF77EF84FF0FF31E060242021
:10EBB000F8F774FAC0B2FBF775F84FF0FF31A060B8
:10EBC0002C20F8F76BFAC0B2FBF76CF84FF0FF316E
:10EBD00006462B20F8F762FAC0B2FBF763F8054649
:10EBE000E06818B1036801211B689847A0680368B2
:10EBF00001211B68984726B1336830461B68012104
:10EC000098478DB12B6800211B682846984744F629
:10EC1000206002F073FC2B6828461B68012198478E
:10EC200044F6206002F06AFC40212720F8F736FA0B
:10EC300040F2036105462820F8F730FA0A490646F3
:10EC40002046FFF71BFF3246E9B22046FFF76CFF74
:10EC5000A0212520F8F722FA802120822620F8F72B
:10EC60001DFA608270BD00BFF0B401002DE9F04FC5
:10EC7000184F01EB810185B00F4498467B1D8146FA
:10EC8000934603934FF0030A17F8016B5D46002487
:10EC900046FA04F313F0010F04F101040BD1052C23
:10ECA00005F10405F4D1039B9F4208F10408EBD160
:10ECB00005B0BDE8F08F424629464846CDF800A091
:10ECC0000323FFF705FF09220E994846FFF79CFE34
:10ECD000E5E700BFB8B40100704700BF2DE9F0417F
:10ECE000054688B072B607F02BFA2946604801F055
:10ECF000B3FD72B65F4E347804B1FEE7F9F764FDF8
:10ED000001234FF0FF3122203370F8F7C7F9C0B26A
:10ED1000FAF7C8FF002854D003A8FFF729FFBDF871
:10ED20001E20BDF81C3000922146224603A8FFF7A2
:10ED3000CFFEBDF81C30BDF81E204F4F214602FB10
:10ED400003F203A8FFF760FE4FF4706346220A2126
:10ED500003A800931423FFF789FF484BEC1783FBAC
:10ED60000523C4EB631387FB0312D917C1EBA20180
:10ED70004FF47F6601EB8101A3EB4101322203A82E
:10ED80003C230096FFF772FF87FB0523C4EBA30427
:10ED900087FB0437E117C1EBA70101EB8101A4EB6D
:10EDA000410103A83C234A22009604EB8404FFF7A8
:10EDB0005DFFA5EB4401009603A83C236222FFF708
:10EDC00055FF2846FFF788FF4FF0FF310D20F8F779
:10EDD00065F9C0B2FAF766FF0446294DDFF8AC804A
:10EDE000284F04B9FEE70326236801211B6820464B
:10EDF0009847284602F082FB236800211B682046C2
:10EE00009847284602F07AFB013EEDD1404602F0D9
:10EE100075FB0326236801211B6820469847384666
:10EE200002F06CFB236800211B68204698472846A7
:10EE300002F064FB013EEDD1404602F05FFB032689
:10EE4000236801211B6820469847284602F056FB9C
:10EE5000236800211B6820469847284602F04EFB95
:10EE6000013EEDD1084802F049FB002CBAD0BAE7C8
:10EE700004B501009F0C0020676666661F85EB5194
:10EE8000A0860100E0930400C0270900400D0300A4
:10EE90002DE9F04F002185B004462920F8F7FEF84F
:10EEA000402180462720F8F7F9F840F20361054633
:10EEB0002820F8F7F3F841F6376181464E20F8F73D
:10EEC000EDF8002607464FF0FF3184F86060A66039
:10EED0002120F8F7E3F8C0B2FAF7E4FE41F292031A
:10EEE0009F424FEA186A00F04F81B346BAF1000F13
:10EEF00000F0DF8040F28F30FFF7F0FE41F637631D
:10EF00009F424FF0000600F0008142F27D439F4295
:10EF100000F0948141F292039F4200F0148140F28C
:10EF20008F30FFF7DBFE15F0807F0CBF00206FF005
:10EF30007F40290A2A0CEDB2606684F85E1084F8DE
:10EF40005F203B462A464946B44801F085FC26B37B
:10EF500018F0FF0818BFB249336808BFB1491B68F1
:10EF600018BF01FB08F130469847336808225B68F8
:10EF70000021304698474FF0FF312320F8F78EF8F4
:10EF8000C0B2FAF78FFE18B1036801211B689847D9
:10EF9000336830469B68002198474FF0FF312B20A3
:10EFA000F8F77CF8C0B2FAF77DFE064670B1036848
:10EFB00000211B689847142001F0C6FF33683046D3
:10EFC0001B6801219847142001F0BEFF6368ABB1B4
:10EFD0004FF0FF312C20F8F761F8C0B2FAF762FE6B
:10EFE00018B1036801211B689847606803681B68B3
:10EFF00098474A462946606804F0BEFBA0212520B8
:10F00000F8F74CF88021A4F858002620F8F746F8C5
:10F01000666882B2A4F85A20A4F85C20A6B380B235
:10F02000B4F8583094F85F2094F85E1000903046A1
:10F0300004F074FBB4F85810B4F85A2094F85E3019
:10F0400094F85F000090784801F006FC94F8603076
:10F0500033BBB4F85830B4F85A0000FB03F000EBAF
:10F06000D07040101430F9F77FFC2346002520654E
:10F0700043F8545F01211846F9F726FD204684F82D
:10F080004D5005B0BDE8F08FA56894F85E3094F857
:10F090005F00B4F85810A9802B806880EA80D1E71F
:10F0A000B4F85830B4F85A005B10401000FB03F07D
:10F0B000D5E74FF0FF312220F7F7F0FFC0B2FAF7A3
:10F0C000F1FD4FF0FF3103902020F7F7E7FFC0B2CA
:10F0D000FAF7E8FD029028200BF00AF9039A029B48
:10F0E000CDF800A011465A46064606F00BFD082052
:10F0F0000BF0FEF83146824604F080FB41F63763A0
:10F100009F42C4F800A07FF400AF4FF0FF312320EE
:10F11000F7F7C4FFC0B2FAF7C5FD4FF0FF318346E1
:10F120002420F7F7BBFFC0B2FAF7BCFD02903020F5
:10F130000BF0DEF8029B216882465A4603F04EFF30
:10F14000C4F804A0EFE6002363604FF0FF312320F2
:10F15000F7F7A4FFC0B2FAF7A5FD4FF0FF318346E1
:10F160002420F7F79BFFC0B2FAF79CFD02904FF402
:10F170000F700BF0BDF8029B82465A463146FFF7EE
:10F1800091FBC4F808A0CEE68346284801F064FB52
:10F1900004E0642001F0D8FEAB0170D44FF0FF31E1
:10F1A0002B20F7F77BFFC0B2FAF77CFD0021064663
:10F1B00068B103681B6898470A2002F09FF933681A
:10F1C00030461B6801219847032001F0BDFE112045
:10F1D000FAF748FF06460028DBD00146144801F044
:10F1E0003BFB144B9E425FD016F0200FC6F38216F5
:10F1F0000CBF40258025022E49D0032E4FD0012E72
:10F200004AD040F28F30FFF769FD31464B462A461F
:10F21000094801F021FB4FF0200833E078B50100E8
:10F2200040420F00C0E1E400A8B501001CB5010098
:10F2300048B50100FFFF010054B501004FF0FF3158
:10F240002320F7F72BFFC0B2FAF72CFD4FF0FF3168
:10F2500083462420F7F722FFC0B2FAF723FD02907D
:10F2600030200BF045F8029B21685A46824602F096
:10F2700059FF0123C4F804A084F8603053E60C4819
:10F2800001F0EAFA41F637674FF0000B2EE645F041
:10F290000805DFF82090B8E740F20369B5E745F0CC
:10F2A000807540F20369B0E7FAF710FF1EE600BF71
:10F2B00030B50100FF140E0038B50C4D286800B1C0
:10F2C00038BD4FF0FF312220F7F7E8FEC0B2FAF761
:10F2D000E9FC40B168200BF00BF80446FFF7D8FDBD
:10F2E0002C60204638BD286838BD00BF04060020C9
:10F2F00008B5FFF7E1FF18B183680BB1012008BD25
:10F300004FF0FF312C20F7F7C9FEC0B2FAF7CAFC64
:10F31000002008BD642870B5A8BF642020EAE0740E
:10F32000FFF7CAFF20B1836813B183F83A4270BD7A
:10F330004FF0FF312C20F7F7B1FEC0B2FAF7B2FC64
:10F340000546D8B1DCB1642C1FD0FFF7D1FFA8B1BE
:10F350002B684FF47A715B6B2846984704FB04F4E2
:10F360000D492B68C4EB842481FB0421E417C4EB12
:10F3700021312846DB68BDE87040184770BD03683E
:10F3800021461B68BDE870401847036801211B68CF
:10F39000BDE87040184700BFAD8BDB68F8B5044688
:10F3A000FFF78AFFE8B16368302B054603D040F2CF
:10F3B0008F30FFF793FC6F6E204604F1300605F1A5
:10F3C0000802437A047A817A1B0243EA04430B431E
:10F3D00003307B40864242F8043FF2D1012385F896
:10F3E0004C30F8BD70B582B00546FFF765FF10B12F
:10F3F00090F860300BB102B070BDB0F85A4046686A
:10F40000641BA4B2A0F85C405EB1B0F8583090F82C
:10F410005F2090F85E100094304604F07FF902B04F
:10F4200070BD836890F85F10B0F8582090F85E00C7
:10F43000188059809A80DC8002B070BD10B50446F7
:10F44000FFF73AFF08B104B1446510BDF0B583B0D1
:10F450000546FFF731FF002800F08A8090F84D3014
:10F460000446002B40F0848090F860200123002A9D
:10F470000CBF1946022180F84D303DB36B685A7AB3
:10F48000042A7CD040F28F30FFF728FC6068002807
:10F4900000F0B78003F0F0FE94F84C3004F10C0655
:10F4A000002B67D0002384F84C306968206D4A68CF
:10F4B0001031083AFDF748FC6B6860685A89216D85
:10F4C0009B8900286CD0009603F0E6FF636D002B4B
:10F4D0004BD094F86030002B47D16068002800F0D2
:10F4E000A48003F0C9FE656D69684B7A042B00F0B7
:10F4F0008C8040F28F30FFF7F1FB69684A68206D1D
:10F50000083A1031FDF720FC606800285ED0B4F89E
:10F510005C20B4F85A6094F85F70B4F8583094F8EE
:10F520005E10B61A00963A4404F0F8F86B6860680A
:10F530005A89216D9B8900285DD00025009503F034
:10F54000ABFF6068002874D003F096FE606878B363
:10F55000B4F85C50B4F8583094F85F2094F85E101A
:10F56000009504F0DBF800236365002384F84D3038
:10F5700003B0F0BDA368002B08BF002695E75A89A9
:10F58000B0F8580001FB02F282427FF47BAF9A8907
:10F59000B4F85C3001FB02F199427FF473AF75E778
:10F5A000A0680096FFF7DEF8636D002B91D1DCE7D1
:10F5B000A36894F85F00B4F85810B4F85C2094F88D
:10F5C0005E501D8058809980DA80CCE7B4F85C608A
:10F5D00094F85F10B4F85A206868A368B4F85850DB
:10F5E00094F85E701F803144921B5980DA809D80B0
:10F5F00042898389216DA06800250095FFF7B2F844
:10F600009FE7A068FEF724FE46E7B4F85A30B4F846
:10F610005C008A891B1A93427FF46BAFB4F85820C0
:10F620004B899A427FF465AF68E7A068FEF710FE49
:10F6300059E7A068FEF70CFE88E700BF704700BFDF
:10F640004FF080531869704741EA020080073ED1AD
:10F6500098073CD170B463B14C1ED618104614F80C
:10F66000015FFF2D02D00578FF2D2CD10130B04273
:10F67000F5D1184801259C08C0F80455D0F800348D
:10F68000DB07FBD502EB8404944201F1040011492D
:10F690000ED013685E1C02F1040205D040F8043C51
:10F6A000D1F80034DD07FBD5944200F10400F0D11D
:10F6B000084A0023C2F80435D2F80034DB07FBD532
:10F6C000002070BC70476FF0020070BC70474FF0B4
:10F6D000FF30704700E00140036808491A684FF0A6
:10F6E00080538A4210B55C6903D1186904FB00F0AD
:10F6F00010BD0021904704FB00F010BD41F6000052
:10F700000368164A1B68934210B50C4623D14FF08C
:10F71000805318690138204218D1114A0223C2F8D7
:10F720000435D2F80034D907FBD50D49C2F8084595
:10F73000D1F80034DA07FBD50023094AC1F80435B3
:10F74000D2F80034DB07FBD5002010BD40F29A3020
:10F75000FFF7C4FAE1E79847DCE700BF41F6000095
:10F7600000E00140F8B504461D4601601C4BA2674D
:10F770000020B5F5003F0F461646E567E36184F8C3
:10F7800074006060E060A06020616061A061E06280
:10F790002067A4F876001DD83B6838461B683146C0
:10F7A0009847431E334204D1B5FBF0F300FB1350DE
:10F7B00058B140F29A30FFF791FA0A4D2B8813B9ED
:10F7C00003F0EEFA28802046F8BD012BF1D9DB07C3
:10F7D000F3D5EEE740F29A30FFF780FADCE700BF9E
:10F7E000806967FF980C00202DE9F041074600680A
:10F7F00003681B680C4601EB02089847431E23422E
:10F80000064626D1444522D23868036821461B6843
:10F810009847864203D040F29A30FFF75FFA386883
:10F82000036821465B689847002E04EB060509DD56
:10F8300014F8013BFF2B40F29A3001D0FFF74EFA4B
:10F84000A542F5D1A8452C46DED8BDE8F081BDE83B
:10F85000F08140F29A30FFF741FAD3E708B5C26F62
:10F86000816FFFF7C1FF40F29A30BDE80840FFF713
:10F8700035BA00BFF8B5836F324AC46F1E68650899
:10F88000964203EB050105D05B59934244D0002218
:10F890001046F8BDD3F804E05F59A4EB0E02B2FAAB
:10F8A00082F2B7424FEA52123BD0002AF0D00D4606
:10F8B000194655F8082C41600132C560A5F10803CE
:10F8C00003D053F8082D0132FBD15C6803F1080224
:10F8D0000134026103F1040303D153F8044D0134F0
:10F8E000FBD00B3323F00703044683601868013014
:10F8F00002D15868013006D02046FFF7AFFFE56817
:10F9000061682269A36810485B1A521A691A00F0EC
:10F91000A3FF01221046F8BD4B689C42B7D10D44AD
:10F92000C7E74E68B442C0D17445F8D19C688A6874
:10F93000661C9642F3D0561CB442B8D09442B6D856
:10F940000D44B6E7DAE0767740B60100C16A01B946
:10F950007047024670B5064652F8300B03689C6843
:10F960004023A04798B906F12F05002415F8013F60
:10F97000FF2B06D0F26A125D9A42304601D0FFF7A3
:10F980006DFF0134402CF1D10023F36270BD30468D
:10F99000FFF764FFE7E700BF4BB32DE9F04781466F
:10F9A0000E4690461D4600F1300A06F03F07D9F892
:10F9B0002C30F41B9C4209D04846FFF7C7FF402279
:10F9C000FF215046FEF7B0FBC9F82C40C7F14004B8
:10F9D000AC4228BF2C4641460AEB07002246FDF701
:10F9E000B3F92D1B2644A044DFD1BDE8F087704752
:10F9F000F0B50446006F002385B0A361636130B1A8
:10FA0000036823670AF072FC206F0028F8D11548BC
:10FA100000F022FFE36FA16F13485A084FF0FF3642
:10FA20008D58039685424FF0010601EB02070296BE
:10FA300011D02046FFF7D8FE0B4BE56FA16F009366
:10FA40006A46102320460195FFF7A6FF2046FFF7E0
:10FA50007DFF05B0F0BD78688342EAD1BB68013311
:10FA60000293E6E730B60100DAE07677F8B5076F83
:10FA70004D8867B33E46B21C002302E00133202BC1
:10FA80000DD032F8024FAC42F8D1B1F90420002A6F
:10FA90001BDB06EB430300229A800120F8BD366889
:10FAA000002EE8D1B1F90430002B21DABA1C002372
:10FAB00002E00133202B1DD032F8026F002EF8D166
:10FAC00007EB430330469D80F8BD0120F8BDB1F936
:10FAD0000430002B0CDA044644200AF009FC4422CE
:10FAE00006460021FEF720FB236FB58033602667B2
:10FAF0000020F8BD3F68002FD8D1ECE743680BB178
:10FB000001207047FFF7B6BE426802B1704710B5DA
:10FB10000446FFF7AFFE20B92046FFF769FF636890
:10FB200003B110BD2046FFF7A5FE0028F9D12046FD
:10FB3000BDE81040FFF792BE38B590F87430044627
:10FB40004BB1094D298840F2FF3001F021FA94F8B9
:10FB50007430002BF6D1012384F874302046BDE8C0
:10FB60003840FFF7D1BF00BF980C002010B590F8C7
:10FB7000743084B004461BB940F29A30FFF7AEF8F7
:10FB80002046FFF7E3FE064A002384F8743012880B
:10FB9000012340F2FF31684603F030FF04B010BD8E
:10FBA000980C00202DE9F843814608460F460AF0DC
:10FBB00011FC01463846F8F7CBF980EA1045384683
:10FBC0000AF008FCD9F81040D9F80C60A64217D901
:10FBD0000130ADB21FFA80F802E00834A6420FD916
:10FBE0002388AB42F9D16388D9F80400424618440F
:10FBF00039460AF09CFB0028EFD12046BDE8F88387
:10FC000000242046BDE8F883F8B50C4616461F468A
:10FC10000546FFF791FFCCB121462846FFF7C2FF0A
:10FC2000A861A8B1C3889BB18488C4F30E0446B10F
:10FC30006968A7423A46304628BF22461944FDF774
:10FC400083F82846FFF792FF2046F8BDA869E8E749
:10FC50004FF0FF34F5E700BF10B5044682B0FFF760
:10FC60006BFF63690BB936E06369E268934221D2A6
:10FC7000186859686A46083303C2636169462046BA
:10FC8000FFF7F4FE0028EFD1BDF80630002BEBD0D3
:10FC9000BDF80420BDF802106368A084C2F30E0210
:10FCA0000B4420462262A362FFF760FF04F12000AC
:10FCB00002B010BD206F0023636130B10368236779
:10FCC0000AF014FB206F0028F8D12046FFF74EFF02
:10FCD000002002B010BD206F236963610028C4D0EA
:10FCE000036823670AF002FB206F0028F8D1BBE706
:10FCF000F0B58168CB1D23F0070383B000260027F1
:10FD00005D1A0446CDE9006708D153F8043C01337D
:10FD100010D02046FFF71AFE03B0F0BD2B466A460E
:10FD2000FFF73AFEA3681D44A5602046FFF70EFECC
:10FD300003B0F0BD6A460823FFF72EFEA368083320
:10FD4000A3602046FFF702FE03B0F0BD2DE9F04F9F
:10FD50000569846801F120032D1B9D428BB003DDF2
:10FD600001200BB0BDE8F08F04461746039101F067
:10FD7000A3FFB4F87630002B40F0C1802A460399E7
:10FD80007D4800F069FDA26F6168002391426361C4
:10FD9000A3610ABFE36F049201EB5303204608BF3F
:10FDA0000493FFF7D3FD049DE26F294652082046D5
:10FDB000FFF71AFD2B461033E26FA360012305EB1A
:10FDC000520B0193206F30B1036823670AF08EFA5B
:10FDD000206F0028F8D12669E3689E4240D2083699
:10FDE0004FF0100A324606AB52F8080D65685168AC
:10FDF00003C3BDF81A30B0461D4417B12846B847B2
:10FE000048B306A92046FFF731FE20BBBDF81E30DF
:10FE10000BB328460AF0DEFABDF81C2000F10109F8
:10FE2000C2F30E0202EB09030293019B012B7DD06A
:10FE30001FFA8AF5ABF1080BA944ADF81C2059460E
:10FE4000082306AA2046ADF81E90ADF81A50FFF719
:10FE5000A3FD029B9A44E368434506F10806C1D816
:10FE6000019B012B44D0019B022B44D1206F30B168
:10FE7000036823670AF03AFA206F0028F8D1204679
:10FE8000FFF764FDA1683D48ABEB010100F0E4FC25
:10FE90006268049E9168E06F394B0693013106AAAF
:10FEA000102308910790314620464FF0FF35099501
:10FEB000FFF772FD2046FFF749FDE26FA368666019
:10FEC00006EB5201ABEB0302039BC4F810B04033C6
:10FED0009A42E1603FF744AF27B32A4B0399994216
:10FEE00020D0294800F0B8FC00200BB0BDE8F08F0E
:10FEF0002046FFF7FDFE019B0133019362E7E169B4
:10FF0000C3EBC37200EB42020B449342B6BF1346ED
:10FF1000E361E26183427FF731AF40F29930FEF74F
:10FF2000DDFE2BE700200BB0BDE8F08FA368059342
:10FF30002A46194620464B46FFF72EFDA168BDF81C
:10FF40001C50BDF81E0062684944C5F30E052B46DF
:10FF50000244A1602046FFF71FFDA368029A1D44DA
:10FF6000059BA560EB1A93423FF473AF40F29A30C1
:10FF7000FEF7B4FE6DE700BFDCB5010004B601007A
:10FF8000DAE076770000FF7F18B6010038B50D463D
:10FF90000446FFF7D1FD2A4620460449FFF7D6FE66
:10FFA0002046BDE83840FFF7E1BD00BF0000FF7FFD
:10FFB0002DE9F047884682B01D4604469146002A46
:10FFC0005FD02046FFF7B8FD41462046FFF7EAFD27
:10FFD00000270646A761D4F804A000283BD0294694
:10FFE000073121F00701083100222046FFF7AEFE5D
:10FFF000002800F08C806368534504D041462046B9
:020000040001F9
:10000000FFF7D0FD0646002E44D032887388ADF845
:100010000020ADF802302FB30023ADB2ADF80630AA
:100020006FEA45456FEA5545ADF804502046FFF7A5
:100030005FFE21690839216108236A462046FFF7DF
:10004000ABFC2046FFF782FC2046FFF78FFD002027
:1000500002B0BDE8F08740460AF0BCF9691C0144D3
:100060003746BDE72B464A46A1682046FFF794FC79
:10007000A36861685A195B1AADF80630A260ADB288
:10008000CEE7013334D0002D9BD040F29A30FEF7FA
:1000900025FE96E740460AF09DF901464046F7F7EF
:1000A00057FF80EA10434046ADF800300AF092F95D
:1000B00000F1010A42465346A1682046FFF76CFC56
:1000C000A368626803EB0A019B1AA160ADF80230D5
:1000D0001FBB2B464A462046FFF75EFCA3686268BA
:1000E000ADF804501D449B1AA560ADF806309DE79D
:1000F000FFF722FD41462046FFF754FDC4F8189053
:100100000646D4F804A010B12946012768E7204626
:10011000FFF72CFD4FF0FF309AE7ADF80660ADF821
:10012000045083E74FF0FF330022FFF741BF00BFC9
:100130000078A0F12300B0FA80F04009704700BFBA
:100140002DE9F041194D286808B1BDE8F0818820FB
:100150000AF0CEF8DFF85C80154BD8F80070064640
:10016000B7F5003F044646F8043B03D9FFF7B4FA5D
:10017000874215D32046FFF7AFFAA0F5004230467C
:100180004FF400432146FFF7EDFA002242F21073CC
:100190002C6084F88420A4F87A302046BDE8F081F1
:1001A000D8F80020A2F50042E9E700BF08060020C9
:1001B000CCB501001410001038B5FFF7C1FF051DC4
:1001C00004462846FFF79AFC28B903461A462846F3
:1001D0000249FFF719FD204638BD00BF74B6010083
:1001E00070B505460C46FFF7E7FF2B6806461B6A0D
:1001F000284698476368014604F10802301DBDE8AF
:100200007040FFF7D5BE00BF38B50446FFF7D4FFF6
:10021000236805461B6A204698470146281DBDE80D
:100220003840FFF77FBF00BF38B50446FFF7C4FF73
:10023000236805461B6A20469847002301461A4654
:10024000281DFFF7E1FCC043C00F38BD38B5044698
:10025000FFF7B2FF2368051D1B6A2046984700235D
:1002600001461A462846FFF7CFFC011E11DB00208D
:10027000F6F7AEFB0446F8F741FC2846636804F144
:1002800008020021FFF7C0FC2046F8F747FC204693
:1002900038BD0024FBE700BF38B5FFF78DFF0446EB
:1002A000051D0C4800F0D8FA0B492846FFF76EFEF2
:1002B000D4F880302269E1685B0803EB4303521AEB
:1002C000B2EB930F00D338BD2846BDE83840FFF7A6
:1002D0008FBB00BF60B60100310101002DE9F0477E
:1002E0000446FFF769FF002383610546F6F7A0FE89
:1002F0008146F8F703FC236820461B6A9847236869
:1003000007465B6A204698473E788046043509F1E7
:10031000040A2846FFF7A0FC10B3232E846802D0FD
:100320002378232BF5D042463946204609F0FFFFBB
:100330000028EED14FF0FF312046F6F7C9FA044607
:10034000F8F7DCFB2246B9F808105046F8F78EFDA6
:100350002046F8F7E3FB2846FFF77EFC0028DCD1B7
:100360004846F8F7DBFB4846BDE8F08788B110B592
:1003700004460AF02FF801382044844207D223783B
:10038000027804F8012B00F801398442F7D30020E9
:1003900010BD6FF47A707047F8B539B380EAE07435
:1003A000C4EBE0744E1E0027DFF848E000E01F4673
:1003B0008EFB0423E217C2EBA30202EB8203C4EB21
:1003C00043033033554206F8013F14467B1C002D91
:1003D000EDD1002806DB00220846CA54FFF7C6FF0D
:1003E0002846F8BD2D22CA54BB1CF4E76FF47A7579
:1003F000F6E700BF67666666014B1860002070472D
:100400000C06002030B40C4D0C4A2B68026000240E
:100410009842C4800BD02A46012301E0402B09D02A
:1004200052F8041F88421C4603F10103F6D1002351
:1004300045F8243030BC70471006002084B6010017
:100440000048704716FCFFFF38B50F4D0F4A2B6868
:1004500004469C424FF000002260E0800BD02A4608
:10046000012301E0402B09D052F8041F8C421846AA
:1004700003F10103F6D1002345F82030204609F0AE
:1004800035FF204638BD00BF1006002084B60100AD
:10049000013908B503290AD8DFE801F00B0B020285
:1004A0000368084ADB68934201D000219847002086
:1004B00008BD0368034ADB689342F8D001219847DE
:1004C000F5E700BF399D000070B584B004AC04E9C5
:1004D0000F00BDF80230012B18D0022B14D1154C9F
:1004E000154E04F5807501E0AC420DD054F8040FB0
:1004F0000028F9D0C3885B04F6D503689B68B34233
:10050000F2D09847AC42F1D104B070BD094C0B4E0B
:1005100004F5807501E0A542F6D054F8040F0028D8
:10052000F9D0C3889A04F6D503685B68B342F2D069
:100530009847F0E70C060020359D00004D5600005E
:100540002DE9F041334D2C6882B054B12A46012385
:1005500001E0402B07D052F8041F1C46013300294C
:10056000F7D145F824002C4C237813F001030BD16C
:100570002A4D2A6842B10093102201234FF47A6079
:10058000002101F0B9FB10B102B0BDE8F0812820D4
:10059000D5F80080224E09F0ABFEC0230093012263
:1005A000204B1021074600F03DFFD8F800305B6873
:1005B000B34222D1384600F04DFF384609F096FE8E
:1005C00028202F6809F094FEC02300930222154BC7
:1005D0000F21054600F026FF3B685B68B34212D14D
:1005E000284600F037FF284609F080FE237843F0C4
:1005F0000103237002B0BDE8F081404639469847B8
:100600000028DDD0D6E73846294698470028EDD0A7
:10061000E6E700BF10060020A00C0020480B0020D9
:1006200041040100C904010030B40B4D2B6898420D
:1006300010D02A46012301E0402B09D052F8041FB4
:1006400081421C4603F10103F6D1002345F8243012
:1006500030BC70470024F8E71006002000487047BF
:1006600038B20100084600F06FBC00BF084600F039
:1006700047BF00BF0846FEF731BB00BF05F06ABDAB
:10068000084600F039BF00BF05F072BDF8B51A4D3D
:100690000E46044605F054FD28688319B3F5806FB3
:1006A000B64616D204302844771E1EB3431EC11925
:1006B00014F8012B03F8012F9942F9D1013738447E
:1006C000002303702B6873442B60BDE8F84005F0ED
:1006D00029BD0A4B6B6040F2FA3304229E422A6025
:1006E00006DD074C4FF0150E142705F10800DDE775
:1006F0000820D8E7B646E3E7100700202E2E2E0A82
:10070000C8B60100F0B587B062B901AC2146FFF769
:1007100043FE204609F05EFE01462046FFF7B6FF85
:1007200007B0F0BD07461C22002001AC27FA02F3F7
:1007300003F00F03A1B99BB902B120B1461C2518E3
:10074000303330462B70043A131DEFD106AB03440F
:1007500000220221074803F8142CFFF797FFD8E77F
:10076000092B00F1010604EB0005E9DD37333046C3
:10077000E8E700BFC4B601002DE9F047DFF8D090EC
:10078000DFF8D08082B082460F46161F544602E042
:10079000252A1C4612D02346254613F8012B002A91
:1007A000F6D1A4EB0A015046FFF770FF1FB10221FA
:1007B0002648FFF76BFF02B0BDE8F0876FEA0A0139
:1007C00019445046FFF762FF237856F8044F01940E
:1007D000642B05F1020A1DD00CD9732B20D02CD923
:1007E000752B17D0782B0BD1204601220021FFF763
:1007F00089FFCBE7582B22D0632B19D0252B04D0AF
:1008000003214846FFF742FFC0E701214046FFF7BA
:100810003DFFBBE7002220461146FFF773FFB5E717
:10082000204609F0D7FD01462046FFF72FFFADE730
:10083000012101A8FFF72AFFA8E7702BE0D10122D0
:1008400020461146FFF75EFFA0E700BFE8B60100B3
:10085000E4B60100E0B601000FB400B583B004AA0D
:10086000012152F8040B0192FFF786FF03B05DF8F7
:1008700004EB04B0704700BF0048704716FCFFFF50
:1008800038B50D46044605F05BFC2A6865610AB977
:100890000AE01A469369002BFBD19461E261A361DF
:1008A000BDE8384005F03EBCA261E2612C60BDE8C5
:1008B000384005F037BC00BF43699BB110B5044612
:1008C00005F03EFCE36973B1A2699A61A3690BB1BB
:1008D000E269DA610023A361E3616361BDE810406E
:1008E00005F020BC70476369A2691A60EEE700BF9B
:1008F0002DE9F04184B004AC04E90F00124B1C68F0
:10090000DDE902014FF47A72002309F0F5FABCB177
:1009100006460F46DFF8348001E02C4685B1E268D8
:10092000A56900239F4208BF9642F6D32046FFF7F1
:10093000C3FF20464146FFF7A3FF2C46002DEED112
:1009400004B0BDE8F08100BF1C0B0020240B002088
:100950002DE9F04F93B004AC84E80F00DFF8C890A5
:100960002D4AD9F80030BDF81060BDF812B01468F7
:1009700053B39CB10023294F039340F2FE3A40F257
:10098000FF38E368A569190C56459BB288B21ED0A2
:100990006BB39E422BD02C46002DF2D1A6F2FE3333
:1009A000012B11D9D9F800401D4B10255A4631466C
:1009B00008A8009500F036FD23681A4A9B68934208
:1009C00026D108A800F046FD13B0BDE8F08F4345DE
:1009D000DED1B9B9039B002BDDD12046FFF76CFFB8
:1009E00039462046FFF74CFF01230393D3E709B1B3
:1009F0005845D0D12046FFF75FFF39462046FFF724
:100A00003FFFC8E75845C6D1039B002BC3D1E4E79D
:100A1000204608A99847D4E7340B0020240B002077
:100A20005109010079080100180B0020014B1868DA
:100A3000704700BF280B002038B505F081FB154B2F
:100A40001C68C4B12046FFF737FF05F06BFB00239D
:100A500023616362256805F0B9FB0146284605F06D
:100A6000C1FB05F06DFB0C4B1A6822621C6005F09F
:100A700059FB204638BD282009F03AFC214628229F
:100A80000546FDF751FB05F0A5FBAC6085E81100BC
:100A90002C46DAE72C0B0020280B002038B50A4B37
:100AA0001C682369DB0707D5084D286830B1636AE5
:100AB0004362002363620446204638BDFFF7BCFF53
:100AC00028600028F8D0F2E7140B0020200B00204B
:100AD0002DE9F041454D2A7812F0010482B06FD122
:100AE000434E444F3060FFF7A7FF434B4349186024
:100AF000FFF7C6FEFFF7A0FF3860D0F8008005F0D2
:100B000065FB011F404605F06BFB3B683C491868DC
:100B100005F064FB3768002F4ED0282009F0E8FB71
:100B2000C0232246009340F2FF31364B364C8046BC
:100B300000F078FC3B685B68A34244D1404600F07B
:100B400089FC404609F0D2FB2820D6F8008009F045
:100B5000CFFBC023009300222A4B40F2FE31074610
:100B600000F060FCD8F800305B68A34237D138460B
:100B700000F070FC384609F0B9FB00230F22002179
:100B800000934FF47A60012301F0B6F8282037680B
:100B900009F0AEFBC023009301221C4B0F21064637
:100BA00000F040FC3B685B68A34212D1304600F085
:100BB00051FC304609F09AFB2B7843F001032B706F
:100BC00002B0BDE8F0813846414698470028BBD0C6
:100BD000B4E73846314698470028EDD0E6E740466E
:100BE000394698470028C8D0C1E700BFA10C0020B3
:100BF000180B0020300B0020140B0020240B0020C9
:100C00005D1101005109010041040100F1080100DA
:100C1000024B187800F00100704700BFA10C0020C3
:100C2000F0B51F4F3B6883B0002B35D01D4B1B78B0
:100C3000DB0731D50E460446FFF730FF44EA064392
:100C4000C3600546FFF738FE28461749FFF718FE30
:100C5000A4F2FE33012B16D928203F6809F048FB87
:100C6000C023324600932146104B054600F0DAFBC4
:100C70003B680F4A5B68934208D1284600F0EAFBC4
:100C8000284609F033FB002003B0F0BD3846294662
:100C900098470028F7D0F0E7064803B0F0BD00BF42
:100CA000180B0020A10C0020340B0020510901007A
:100CB0004104010016FCFFFF2DE9F04128B321B3E8
:100CC0000546984617460E46FFF7B6FE0446E0B1C5
:100CD00032463B462946006805F08EFA256805F045
:100CE00075FA011F284605F07BFA0A4B0A4920686D
:100CF000B8F1000F18BF194605F070FA20460749F1
:100D0000FFF7BEFD2046BDE8F08100242046BDE887
:100D1000F08100BF3511010075100100240B002087
:100D2000074B1B7813F0010301D11846704710B42C
:100D3000144601230A4621465DF8044BFFF7BCBF69
:100D4000A10C0020024B1868B0FA80F040097047EF
:100D5000240B002030B50F4D2B789A0785B004D5B1
:100D60000D4B1B6873B105B030BD43F00204022285
:100D700001230F2168462C7002F040FE064B1B68D1
:100D8000002BF0D12B7823F002032B7000F0BAFB7C
:100D900005B030BDA10C0020240B00202DE9F0414E
:100DA0005E4D2C682269D10728D45D4E3368002B34
:100DB0007DD06169B14200F09A802B60594F39684B
:100DC000994277D09C4242D08C4242D0564B6269C5
:100DD0009A423ED0206805F007FA064605F006FA6A
:100DE000A16863682F68361ACB1A9E424ED82068D5
:100DF000BB683A68BDE8F04105F03EBB4B4E206849
:100E0000336842F0020222611A691C6842F004024F
:100E10001A6105F0EFF90146204605F0E3F937685D
:100E2000386805F0E1F9044605F0E0F9BB687A6836
:100E3000241A9B1A9C4215D833689968186805F0E3
:100E40005CFB2B681A6900219207316055D4BDE81C
:100E5000F0812A680021936812680846BDE8F041D5
:100E600005F00ABBD5F800802F6005F0BFF978685F
:100E7000203424F01F0400284CD12046F7F7CAFD87
:100E80000444BC607860C5F80080D5E72C6005F0AC
:100E9000ADF96068203626F01F06002832D13046B2
:100EA000F7F7B8FD3118A16060602F609FE71D4F14
:100EB0003B682B60130728D52C60FFF74BFF336886
:100EC000002BFAD09C422B60C1D039688B427FF452
:100ED0007BAF1E6805F07AF9011F304605F080F9F6
:100EE0003B681349186805F079F939686CE7A1691E
:100EF000002918BF0B462B6060E71868BDE8F04179
:100F000005F035BBF7F7CCFBC9E72B689C42E0D175
:100F1000BDE8F081F7F7C4FBAFE700BF140B00207A
:100F2000240B0020300B00202C0B0020200B002075
:100F30005D110100034B1B78DB0700D47047FFF7FE
:100F40002DBF00BFA10C002070B50F4D2A78D2072D
:100F500003D4BDE8704000F0CFBA0446FFF79EFD11
:100F6000064600F0A9FE2044F0603046FFF7A4FCDE
:100F700030460649FFF784FC2B78DB0703D5BDE834
:100F80007040FFF70BBF70BDA10C00201C0B0020B0
:100F900000B583B0FFF744FE38B9054B1B78DB077B
:100FA00003D50190FFF7FAFE019803B05DF804FB4A
:100FB000A10C002070B52B4D2B78DA0700D470BD42
:100FC000294E2A4C3068FFF777FC21463068FFF73E
:100FD00057FC246844B1002201E001321C46A36999
:100FE000002BFAD1032A2EDC336800221A611C6818
:100FF00005F0ECF80146204605F0F4F805F0A0F8FD
:101000001B4B31681A688A4229D04AB1136A994247
:1010100010D02BB11A6A91420DD01346002BF9D192
:1010200005F080F82B78DB0703D5BDE87040FFF7AB
:10103000B5BE70BD13460A6A1A6205F073F82B78C4
:10104000DB07F2D4F5E7E26920689361F7F728FB44
:101050006068F7F725FB2046F7F722FBC4E7126A22
:101060001A60DDE7A10C0020140B00202C0B0020DF
:10107000280B002010B50C468047A047BDE8104063
:10108000FFF798BF034B1B78DB0701D5FFF792BF33
:10109000704700BFA10C0020002840D02DE9F0418E
:1010A000204F3B78DC0782B00FD51F4E33681A699A
:1010B0005207054601D15C6A5CB128461B4AFFF71E
:1010C0002FFE002002B0BDE8F081194802B0BDE853
:1010D000F0811868019105F032FA326801991369BC
:1010E00013F0020804D023F0030313612046E9E75C
:1010F00043F0010313610846A84733681869C3F831
:10110000248020F0010210F004001A61DAD038784F
:1011100010F00100D6D0FFF74DFF4046D2E76FF444
:101120007A707047A10C0020140B0020851001007C
:1011300016FCFFFF38B50346144610460D46984787
:101140002046A847044B1B78DB0703D5BDE8384091
:10115000FFF730BF38BD00BFA10C002008B5044C1C
:10116000FFF7F8FD2378DB07FAD5FFF717FEF7E75F
:10117000A10C0020024B1878C0F38000704700BF1C
:10118000A10C00200022426002607047F8B5184EA2
:101190003378DA0700D4F8BD044604F0D1FF25689F
:1011A0000135256004F0BEFF012D16DDFFF776FC4A
:1011B0000746FFF781FB3846211DFFF761FB04F06E
:1011C000BFFF23689D420ADC04F0ACFF3378DB07E5
:1011D00004D5BDE8F840FFF7E1BDF8BDF8BD3846DD
:1011E000FFF76AFB38460349FFF74AFBECE700BF0D
:1011F000A10C0020240B002038B54568044635B109
:101200002846FFF759FB28460349FFF739FB2368B7
:10121000013B236038BD00BF240B0020F8B54468B3
:1012200005460F4654B1064E2046FFF745FB2046C3
:101230003146FFF725FB6C68002CF5D12F60F8BD17
:10124000240B0020F8B50C4C05460E46277804F018
:1012500077FF0A4A731B02EBC7019B0843F0004368
:1012600042F837504E602B6023780133237004F02E
:1012700059FF0020F8BD00BFA30C0020380B002050
:10128000064B1B78984207DA054B03EBC00253F874
:1012900030305068C01A704700207047A30C0020FF
:1012A000380B0020F8B5830703D108B1860802E0A7
:1012B000F8BD8008461C0D4604F042FF30CD771C77
:1012C000AC4206D22368002B07DB04EB8304AC425C
:1012D000F8D304F027FF0020F8BD23F00043990065
:1012E00054F82320002A04EB01000DDB0EE022F06D
:1012F0000042134443F00042226054F82320990036
:10130000002A04EB010001DA8542F0D89F4201D99E
:101310000C44D5E7B01C984207D3236823F0004360
:10132000236004F0FFFE201DF8BD04EB8000854221
:10133000F3D9DB1B43F0004340F8043C276004F082
:10134000F1FE201DF8BD00BF38B5044640B10C4D7C
:101350002B783BB120460B49FFF7A4FF044658B158
:10136000204638BD0849094A086809491370FFF743
:1013700069FF01232B70EDE71420FDF7AFFCEFE7C9
:10138000A20C0020380B002020000020A30C00201D
:1013900000F80120A0B10E4B1A6890420DD95B688D
:1013A00098420AD250F8043C002B10B5044608DDE0
:1013B00043F0004344F8043C10BD1E20FDF78EBCF2
:1013C00070471E20FDF78AFC54F8043CF0E700BF8C
:1013D000380B002038B501FB00F52846F7F71AFB5B
:1013E000044628B101232A4603600021FCF79CFE35
:1013F000204638BD70B5044608460E46F7F70AFB8E
:10140000054664B158B154F8043C9A00B242A8BFF2
:1014100032462146FBF798FC2046F7F741F928466B
:1014200070BD00BF2DE9F04104461E4610308846CD
:101430001746BDF8185002F001FB0020A660E060DE
:1014400060622062A4F800806780A5802046BDE825
:10145000F08100BF83889B0710B5044602D58068E1
:1014600008F044FF204610BD82B070B586B00AA9CE
:1014700081E80C00036A4BB31C696CB1012200E0E7
:101480001C4623690132002BFAD1092A05DD06B07A
:10149000BDE8704002B070471C460AAB0FCB02ADEE
:1014A00085E80F00182008F023FF06AB064613E975
:1014B000030095E80C008DE80300304602F0E6FAE0
:1014C000266106B0BDE8704002B070470AAB044622
:1014D0000FCB02AD85E80F00182008F009FF06AB1E
:1014E000064613E9030095E80C008DE8030030463A
:1014F00002F0CCFA2662CAE700F0B6BC00F088BC65
:10150000FEF77ABF04F024BE00897047807A7047E6
:101510000048704716FCFFFF10B5044B0360002322
:101520000446C380FFF780F8204610BD84B6010052
:1015300010B5064B036000230446C380FFF774F820
:10154000204608F0D3FE204610BD00BF84B601003F
:1015500038B5036881720D4DDA6AAA42044608D193
:101560009B6A0B4A0B4D93420AD1A07AA07228467F
:1015700038BD90472368064A9B6A93420546F4D0DB
:1015800020469847A072284638BD00BF11150100BB
:101590000D15010016FCFFFF38B503680D4DDA6A22
:1015A0000181AA42044608D11B6A0B4A0B4D9342A3
:1015B0000AD120892081284638BD90472368064AF1
:1015C0001B6A93420546F4D020469847208128465E
:1015D00038BD00BF111501000915010016FCFFFF01
:1015E0002DE9F041194B0360044600258580C58034
:1015F0000E469046FEF7A4FF94F83630144F66620C
:1016000003F0F9010220012365F3C3011426A0723F
:1016100084F8305084F83150E56025616561A5613A
:10162000E5612562A4F80480E5806586A58684F8D6
:101630004050A4F8425084F8361027602681238752
:101640006387A387E3872046BDE8F08184B6010065
:10165000F4B60100C16811F5C87FF0B478DA90F8EB
:10166000363013F002037BD1046914F5C87F5CDACD
:1016700090F8362012F004025FD1456915F5C87F55
:101680002ADA90F8362012F008022DD1ABBB90F880
:101690004030ABB1B0F8422090F83660013292B2DF
:1016A00016F00107A0F8422065D01D2A08D90023B2
:1016B0006FF3000680F83660A0F8423080F84030C2
:1016C00004FB04F301FB0133414A05FB053393425C
:1016D0005BD80720F0BC7047B5F5C87FD6DD90F821
:1016E000362012F00802D1D1B2FA82F390F83620F7
:1016F0005B0963F3C30280F8362090F84030032B77
:10170000C7DC0133DBB2012B80F8403048D0042B1A
:10171000BFD190F83630002243F0010380F8363014
:10172000A0F84220F0BC0B207047B4F5C87FA4DDC0
:1017300090F8362012F004029FD1B2FA82F390F8AA
:1017400036205B0963F3820280F83620012394E798
:10175000B1F5C87F17DD90F8363013F0020312D1CF
:1017600090F83620B3FA83F35B0963F3410280F803
:101770003620012378E7092AA2D9013B80F84030BE
:10178000A0F842709CE700236EE711F5487F02DA6B
:101790000320F0BC7047B1F5487F04DD042099E7D1
:1017A000A0F842308CE714F5487F01DA022091E777
:1017B000B4F5487F04DC15F5487F03DA052089E796
:1017C000012087E7B5F5487FD4BF0020062081E7D8
:1017D000FF7002000269C36830B502FB02F245697E
:1017E00003FB032305FB0535B5F5800F85B00446E3
:1017F00016D9038F002B4AD0B5F5100F1AD8012344
:1018000084F831302046FFF725FF0B2836D0A38E11
:10181000834226D00023A08684F8303005B030BD46
:1018200090F83130042B54DD0023C387838743872E
:101830000387E7E7638F002B42D0B5F1107FDED935
:10184000A38FA3B3B5F1806FD9D9E38F002BD6D185
:1018500001230A220D21684602F0D0F80123E38714
:10186000CDE794F83030042B1DDC628E0133DBB2FF
:10187000824284F83030D1D0042BCFD96086024622
:1018800001230D21684602F0B9F805B030BD0123EF
:101890000C220D21684602F0B1F80123B5F5100FB6
:1018A0002387ACD9C6E7638E8342E7D1B6E701232D
:1018B00009220D21684602F0A1F80123A387C1E7A0
:1018C000012308220D21684602F098F8012363875E
:1018D000B3E70133DBB293E730B58BB0026A416AFC
:1018E000009202AD00F1180304460CCB284602F02A
:1018F00053F895E80700E38804F10C0523F0020390
:1019000085E80700E3802046FFF764FF0123A188F4
:101910001A4606A802F072F800200BB030BD00BFD6
:101920000368054A1B6B934210B5044601D1E06879
:1019300010BD9847E06810BD111501000368054A05
:101940001B6B934210B5044601D1206910BD984726
:10195000206910BD111501000368054A1B6B9342F5
:1019600010B5044601D1606910BD9847606910BD8B
:10197000111501000368084A1B6B934210B5044619
:1019800007D1E3889B0702D42046EEF745FEA06A04
:1019900010BD9847F5E700BF111501000368084A1C
:1019A0001B6B934210B5044607D1E3889B0702D412
:1019B0002046EEF731FEE06A10BD9847F5E700BF1C
:1019C00011150100C1600020704700BF08B5806894
:1019D00003681B6B9847002008BD00BF08B58068EE
:1019E00003689B6A9847002008BD00BF2DE9D847CF
:1019F00004469246994604F0A3FBA66894F80D802D
:101A000034683046A36CE76B98474B465246002B30
:101A100008BF0A2A38BF0A22024441463046B84766
:101A2000BDE8D84704F07EBB70B5064604F088FBDD
:101A3000B06803689B6C9847B288F38880B2D6E997
:101A40000645821A92B21344A4189BB245F10005D0
:101A5000B3F57A7FB080C6E90645F3800DD3D6E9A9
:101A60000401A3F57A7301309BB241F10001B3F593
:101A70007A7FF6D2C6E90401F380BDE8704004F035
:101A800051BB00BF2DE9F0471646C26ABDF8208061
:101A9000BDF824909DF828A0002A10DD446A1F4656
:101AA000238A83B104F11803002102E033F8085CB3
:101AB0004DB1013191421C4603F11803F6D16FF488
:101AC0007B70BDE8F0870546FFF7AEFFD5E906233A
:101AD00092197B41BAF1000F22D100200146C4E9DE
:101AE00002230B9BA4F8108084E80300A4F8129052
:101AF000636104F025FBA96A39B1D4E90223D1E975
:101B000002018B4208BF824205D2AC6232463B469C
:101B10002846FFF76BFF04F005FB0020BDE8F087C7
:101B200030463946DBE700BF84462DE9D003DCF8B8
:101B30002C40DCF8243000208442CCF8280021DD41
:101B40000246198A013259B138B1D3E90267D0E9A6
:101B500002894F4508BF464502D2CCF828301846C6
:101B6000A24203F11803ECD160B18268DCF81830AE
:101B7000D21A0A2AB8BF0A226046D317BDE8D0039A
:101B8000FFF734BFBDE8D003704700BF2DE9F04F29
:101B9000834689B000296CD15846FFF745FFDBF832
:101BA0002C20DBF82440002A50DD0025AA461BE04B
:101BB000D4E9006756EA070E628A50D1DBF8287034
:101BC0000026A742268251D00126CDE900010296C7
:101BD000194604A801F022FFDBF82C20B24401359D
:101BE000AA4204F118042EDD238A002BF7D0DBE98A
:101BF0000601D4E90289494508BF4045D8D2636946
:101C0000DB07ECD5FFF7B6FA30B3DBE906011F4E70
:101C1000D4E9022336184FF000074F41BB4208BFFA
:101C2000B24219D20123CDE900010522029340F20C
:101C3000FF3104A801F0F2FEDBF82C200135AA42A6
:101C400004F11804D0DCBAF1000FAAD15846FFF70E
:101C50006BFF09B0BDE8F08FDBF82C20BFE716EB77
:101C6000080647EB0907C4E90267ADE7CBF828602F
:101C7000AAE78468067B236820469A6CDD6B904750
:101C8000034A314602442046A84785E7A086010062
:101C900080969800074B1B6853B1197B084110F0E0
:101CA0000101184601D1FFF771BF0121FFF76EBF97
:101CB000704700BF440B0020064B10B51C682CB1C8
:101CC0002046FFF7B1FED4E9040110BD0020002139
:101CD00010BD00BF440B0020064B10B51C682CB192
:101CE0002046FFF7A1FED4E9060110BD0020002127
:101CF00010BD00BF440B002070B50A4C266884B0AC
:101D000076B11D4614460B46024601210898039001
:101D10008DE8300030460291FFF7B4FE04B070BD8C
:101D20000148FBE7440B002016FCFFFF70B50E4D89
:101D30002C68B4B12046FFF777FE0C4BA66942F23F
:101D4000107098472C682046FFF76EFEA36908497B
:101D5000053B9B1B42F210720020B2FBF3F30B60B9
:101D600070BD044870BD00BF440B0020150000206A
:101D7000400B002016FCFFFFF8B50D4643731646D6
:101D80000A231E4A1E4901600446C3628560067329
:101D90000121F0201460FFF71DFB2B68194FDA6951
:101DA000606200210020A162BA424FF00001C4E944
:101DB0000401C4E906011AD1134AEA603146134A04
:101DC000DB6B28469847A06803685B6A9847A06861
:101DD000036800229B6CE2809847A368A0801A6881
:101DE0001846936A9847FFF7A1FF2046F8BD28469A
:101DF00005499047A5682B68E0E700BF440B002029
:101E000034B70100C5190100951C010080969800A7
:101E1000F8B5114D2E68EEB1104B0446186898B90C
:101E20003046FFF701FED6E90667361947F100078D
:101E30002C682046FFF7F8FDD4E90623BB4208BF13
:101E4000B242F5D30020F8BD04FB00F0044B9847E4
:101E50000020F8BD0348F8BD440B0020400B0020D3
:101E60001500002016FCFFFF4FF47A7303FB00F00F
:101E7000FFF7CEBF6FF47D70704700BF6FF47D70C9
:101E8000704700BFC08800F00100704710B5034BD9
:101E90000360044601F068FF204610BD44B701000E
:101EA00010B5054B0360044601F05EFF204608F0C4
:101EB0001DFA204610BD00BF44B70100C388DB04F3
:101EC00000D47047F0B5036889B01B6A0446984790
:101ED000237C70B93BB3013BDBB22374082B0EDCCF
:101EE000012B20DDE38803F00305012D3DD009B06F
:101EF000F0BD0B2B03DC0133DBB22374EEE7E38888
:101F0000D907F0D443F001020123E280A1881A46E8
:101F100004A801F073FD238901332381FFF7CCFE70
:101F2000237CE060DCE7E388DA07DCD523F00303F9
:101F3000E38002220123A188684601F05FFD657CF1
:101F4000012DCFD1FFF7B8FEE368C01A61F100019F
:101F5000002908BFB0F57A7F2B462CBF042203224C
:101F6000A18804A801F04AFDBCE7FFF7A5FEE368DD
:101F7000C01A4FF0000761F1000140F2DB568F42BA
:101F800008BF8642B3D2E288A18842F00202E28012
:101F90002B46052204A801F031FD09B0F0BD00BFB9
:101FA00010B5044684B051B94269D288930503D56F
:101FB00003681B6A984760B9002004B010BDC2884E
:101FC000002122F00302C28001810174002004B0CC
:101FD00010BDE288A188012342F001020320E280C3
:101FE00020741A46684601F009FD01232381FFF79A
:101FF00063FEE060E0E700BF10B504464069074AB1
:1020000003685B68934207D16FF47D70A37C181A54
:10201000B0FA80F0400910BD9847F7E7751E01003F
:102020002DE9F8439DF820609DF8247004460D4684
:102030009146984601F0B4FE00221449A4F8049099
:10204000012E656184F81180A6742160E26022741B
:102050000FD0EB880E4A23F48073EB802B681B6C47
:1020600093420FD1E38843F40053E3802046BDE858
:10207000F883EB88064A43F48073EB802B681B6C73
:102080009342EFD0394628469847EBE744B7010022
:102090007D1E01006FF47D70704700BF10B5044BCA
:1020A000036000230446C380FEF7BEFA204610BD3D
:1020B00084B6010010B5064B036000230446C380BC
:1020C000FEF7B2FA204608F011F9204610BD00BF15
:1020D00084B6010038B50446C06890B103680F4D5E
:1020E0001B68AB4216D1206903681B68AB420ED156
:1020F0000A20FEF729FF2046094901F0BFFA002017
:1021000038BD2069054D03681B68AB42F0D0012142
:102110009847EDE701219847E5E700BF95200100CA
:1021200068B7010010B5044600F058FF034B236068
:10213000012384F82D30204610BD00BFE4B7010014
:1021400010B50446806830B14FF480720021BDE8BC
:102150001040FBF7E9BF4FF48070F6F75BFC4FF4DB
:102160008072A0600021BDE81040FBF7DDBF00BF1A
:1021700070B504464068204A03681E6984B0002395
:102180009642009301936D461DD11C4B009320464F
:1021900000230193FFF7D4FF95E8030002AB83E827
:1021A000030003CBA368164D18605960606821686E
:1021B00003689A69AA4211D15D69124B9D4215D1FB
:1021C000019804B070BD022322686946B0470B4BEA
:1021D000009A9A42D9D1019804B070BD90476068C6
:1021E000216803685D69074B9D42E9D0A2684023DE
:1021F000A847019804B070BD05990000A10D0C001E
:10220000159900000D9900002DE9D8410024B2F184
:10221000000806460F46416084600B6810DB1C49CD
:102220001A688A421DD19B681A4A934221D1002024
:10223000204430603046FFF79BFF3046BDE8D88130
:1022400015495A688A4219D19B68124A93421AD199
:102250000020201A30603046FFF78AFF3046BDE884
:10226000D881384690473B680A4A9B6893420446A7
:10227000DDD03846984700FB08F0D9E7384690474C
:102280003B680446E0E73846984700FB08F0E0E783
:10229000F5980000FD980000F998000003681B6B9A
:1022A000184700BF018938B54FF47A75044605FB1D
:1022B00001F1224801F0F2FC214AA17A0346A2FB77
:1022C00003239B0923811F4801F0E8FC2189A072A8
:1022D00005FB01F1194801F0C5FC626CB4F84C1023
:1022E000156840F00703DBB21046ED692022A847CD
:1022F00010BB606CB4F84C1003682222DD69102317
:10230000A847C8B9A17A0F4801F0ACFC626CB4F8D8
:102310004C101568030103F0F0031046ED69232209
:10232000A84748B9606CB4F84C1003682422DC69F3
:102330000823A04700B938BD034838BD08B80100DC
:10234000D34D621000B801000EFCFFFF10B5034B27
:1023500003600446FFF7E0F8204610BD70B80100A6
:1023600010B5054B03600446FFF7D6F8204607F08A
:10237000BDFF204610BD00BF70B80100034611B973
:102380000368DB6A1847406CB3F84C10036810B45C
:10239000DC692022A44600235DF8044B604700BF9F
:1023A000816CC3880A6870B55268244C43F480433A
:1023B000A24286B0C38003D10025284606B070BD76
:1023C00004460846904701280646F5D1606CB4F8EB
:1023D0004C1003680196062200925D6AA82204ABA5
:1023E000A847054638BB0320FFF788F8606CB4F8AF
:1023F0004C100368019600965E6A31220DF10F03BE
:10240000B0479DF913009DF915209DF91160A37A3D
:102410002168F600C000D20003FB02F203FB00F0CB
:1024200003FB06F3E061A36122624B6B20469847F1
:10243000284606B070BD024DBFE700BF751E010003
:102440000EFCFFFF2DE9F041BDF81C50BDF81860EF
:1024500004468846174619462A46FFF7C1F8084A37
:10246000C4F844800023A764A580A4F84C602260CF
:10247000E3802046FFF716FF2046BDE8F08100BF4D
:1024800070B80100F8B5344B344A044600894FF463
:102490007A7101FB00F11D46A3F1380001E053F809
:1024A000082D914202D898421D46F8D1A37A082BF4
:1024B0004CDC042B4DDC2A4A032B02F10206B6BF8A
:1024C0001646042202222B682649E06CA272A1FB68
:1024D00003230268B4F84410D7699B0923812A2298
:1024E0000023B84700282FD1E06CB4F844100368EB
:1024F0002B22DF691023B84730BBE06CB4F84410DE
:1025000003682D22DF690123B847E8B9E06CB4F80D
:10251000441003682E22DF690123B847A0B9E06C9C
:1025200073780268B4F84410D6690E22B04758B9DF
:10253000E06C2B790268B4F84410D46943F00103CD
:102540002A22A04700B9F8BD0748F8BD0822074E67
:10255000B9E7064E0822B6E7E8B8010000C4090052
:10256000A8B80100D34D62100EFCFFFFACB801000B
:1025700003681B6B184700BF10B5034B036004468C
:10258000FEF7CAFF204610BDF8B8010010B5054B94
:1025900003600446FEF7C0FF204607F0A7FE204672
:1025A00010BD00BFF8B80100034611B90368DB6A2B
:1025B0001847C06CB3F84410036810B4DC692A22D1
:1025C000A44600235DF8044B604700BFC388204940
:1025D0005A04826C58BF43F4804370B558BFC3801F
:1025E00013685B688B4284B003D10025284604B091
:1025F00070BD0446104698470028F6D1E06CB4F848
:102600004410036801220625019200955D6A02AB21
:10261000A8470546C8B99DF90A009DF90C209DF907
:102620000860A37A2168F600C000D20003FB02F222
:1026300003FB00F003FB06F3E061A36122624B6B36
:1026400020469847284604B070BD024DCEE700BF33
:10265000751E01000EFCFFFFF8B504460E46174636
:102660001946BDF81C20BDF81850FEF7B9FF084BFD
:10267000A764E664A4F8445023602046FFF702FFF5
:1026800018B9E38843F48053E3802046F8BD00BFC7
:10269000F8B8010003681B6B184700BF10B5034B67
:1026A00003600446FEF738FF204610BD48B901001C
:1026B00010B5054B03600446FEF72EFF204607F0D9
:1026C00015FE204610BD00BF48B90100034611B9F0
:1026D0000368DB6A1847406CB3F84C10036810B409
:1026E000DC696B22A44640235DF8044B604700BFC1
:1026F000816CC3880A682DE9F0415268344C43F478
:102700008043A24286B0C38004D10025284606B08B
:10271000BDE8F0810446084690470128F5D1636C76
:10272000B4F84C101A6801900E200090556A1846B3
:102730003B2202ABA8470546002847D19DF80E6012
:102740009DF80F30BDF80800BDF80A10BDF80C2048
:10275000204FBDF81280BDF810E043EA06231BB2FB
:1027600040BA49BA52BA03EB8303C0F30B10C1F36A
:102770000B11C2F30B125B00626187FB037CE0600C
:10278000216104F10C02DB1707CABDF81460C3EB2A
:102790002C1398FA98F703F64563A4F84E30BFB2AD
:1027A000236867659EFA9EFE76BA1FFA8EFEB6B261
:1027B00004F11807C4F850E0A6655B6B87E80700D2
:1027C00020469847284606B0BDE8F081024D9DE7B7
:1027D000751E0100797878780EFCFFFF10B5436C08
:1027E000B0F84C101C6884B0012201920092184687
:1027F000646A0DF10F037522A04718B14FF6FF7000
:1028000004B010BD9DF80F00C0F3450004B010BD2A
:1028100038B50446406CB4F84C1002688023D56982
:102820006B22A8471420FEF78FFB606CB4F84C10A5
:1028300003686B22DD690023A847606CB4F84C1074
:1028400003681A22DD690123A847606CB4F84C10B4
:1028500003681B22DD691823A847606CB4F84C108C
:1028600003681922DD692023A847606CB4F84C1076
:1028700003683722DD693023A847606CB4F84C1038
:1028800003683822DD690123A8472046FFF7A6FF29
:1028900001460248FDF7E0FF002038BD30B90100D5
:1028A0002DE9F041BDF81C60BDF81850044688467B
:1028B000174619463246FEF793FE6D000023142199
:1028C00002220A482060A4F84C50C4F84480A7644F
:1028D000A6802181A27223656365A365E3802046FB
:1028E000FFF796FF2046BDE8F08100BF48B9010020
:1028F00082B08DE80C00014802B0704716FCFFFF63
:10290000002070470029806905DD08B904E010B196
:102910000139406AFBD17047704700BF82B030B5C3
:102920000C4685B049680546206802AC03C403998B
:1029300008A880E80C00CB0712D54910029B6A5802
:10294000D4580D440AAB93E8030008AB0CCB8DE8D8
:1029500003002846A04705B0BDE8304002B07047EC
:1029600005EB6105029CEDE700293FD02DE9F04120
:102970008469002C36D00D460646DFF878800027A3
:1029800005E0A268AB689A4218D0646A8CB1AA8844
:10299000A38853409907F8D49207F2D5A968A06894
:1029A00001F0D0F950B9AB889B07EAD5646A002CD6
:1029B000EDD1002F16DD2046BDE8F0812B8813B144
:1029C00022889A42E1D16B8813B162889A42DCD1A5
:1029D000B3680BB120469847A38843EA0803013740
:1029E000A380D2E76FF47A70BDE8F0816FF47A705B
:1029F000704700BF0080FFFF002979D0F0B58469DF
:102A000085B00D4606464CB96DE0A388990708D5F8
:102A100022682B689A4216D0646AFCB1AB8898078A
:102A2000F3D422682B689A42F6D1A268AB689A4226
:102A3000F2D1EA68E3689A42EED1A3881A043ED440
:102A40002D4805B0F0BDA968A06801F07BF9002809
:102A5000E2D0EA68E3689A42DED1EEE7D6F818E001
:102A6000BEF1000F3FD02A887046734600E00B4647
:102A70001C88A24211DD596A18460029F7D19E45EB
:102A800023D0596A69625D62012340F2FD316846D4
:102A900000F0B4FF002005B0F0BD944226D16F884D
:102AA0005988B94204DB21E04888B842E7DA0B468E
:102AB000596A0029E3D00888A042F5D0DFE70E4824
:102AC000C3F30E03A38005B0F0BDBEF800108A4228
:102AD00005DBD6D1BEF8020069888842D1DDC5F891
:102AE00024E0B561D0E7B5612A88CDE70346C6E7A3
:102AF0006FF47A70704700BF16FCFFFF2DE9F041BC
:102B000083885F0782B0064603D59D062ED4DC0677
:102B10003AD443F00403B38006F1100506F1180817
:102B200016E0F3680093B46895E80F00A047B388F7
:102B3000DA0618D5346AB4B194E80F00276985E83D
:102B40000F002046376207F0D1FBFEF7F3F9B38898
:102B500098070ED4D907E4D495E80F00B468A047CD
:102B6000B388DA06E6D423F00403B38002B0BDE8EC
:102B7000F08198E80300B4688DE80300204695E8EA
:102B80000C0001F0C7F8D2E700F1180393E8030046
:102B90008DE8030006F110030CCB3046FEF764FC11
:102BA000E4E700BF38B5044603F0CAFAE5692DB181
:102BB0002B69E36133B1E38C013BE38403F0B2FAA8
:102BC000284638BD2362F6E72DE9F04184691CB33D
:102BD000002607463546A3881A0406D42546646AAB
:102BE000002CF8D13046BDE8F0815B07F6D475B112
:102BF000636A6B62D4F824802046FEF72BFC2046E3
:102C00004446013607F072FB002CE4D1EAE7D4F821
:102C10002480C7F81880EFE72646E3E72DE9F04166
:102C20008469002C45D016460D46DFF88C800127BC
:102C30000CE0A38803F0C003A3F1C003B3FA83F34D
:102C40005B09B34215D00027646A34B3238829880E
:102C5000994201D0002BF7D163886A889A4201D04B
:102C6000002BF1D1FDF7D4FF0028E2D10123B342BC
:102C7000E9D1B4F804C01CF4004FE4D195E80F008A
:102C800004F1100E1CF0400F8EE80F0008D0204613
:102C9000FFF734FF646A002CD8D13846BDE8F081D4
:102CA000FDF7B6FF0028F2D021464046FEF7F4F9C2
:102CB000CAE70127F1E700BFFD2A0100F0B50122B4
:102CC00087B00446066A0D46FFF7A8FF68BBE38C91
:102CD000092B22DC95E80F0002AD85E80F001820D3
:102CE00007F006FB06AB074613E9030095E80C0066
:102CF0008DE80300384600F0C9FE03F021FAB6B1B2
:102D000033693B6137613B69ABB1E38C0133E384E9
:102D100007B0BDE8F04003F005BA6A882988074883
:102D200007B0BDE8F040FDF797BD07B0F0BDE3691F
:102D30003B61E761E8E72762E7E700BF98B9010078
:102D400082B008B502A981E80C00FFF7B7FFBDE823
:102D50000840002002B0704782B038B5054604A98B
:102D600081E80C00FFF730FF2846FFF71BFF90B10A
:102D7000044604E02846FFF715FF044658B1002238
:102D800021462846FFF74AFF204607F0AFFAFDF735
:102D9000D9FF0028EED1BDE8384002B0704700BF2F
:102DA000024B1888421C1A80704700BFF8010020AF
:102DB0002DE9F041044682B00E4615461030984683
:102DC000BDF8287000F03AFE26806580182007F0D4
:102DD0008FFA08AB064693E803008DE803003546FA
:102DE0006A4603CA45F8048B0023084AAB60EB60CF
:102DF00047F00207706020466960A780A660E36024
:102E000023626362726102B0BDE8F0811D29010096
:102E100030B51F4A1F4B0260002587B00446C360CF
:102E20008560058245820C30FDF78AFB1A4BA5614F
:102E300003F12002E5612562E5842360E260174B1F
:102E400005952820049307F053FA06AB054613E9CD
:102E50000300C0228DE8030002920F21234628467A
:102E60000222FFF7A5FF29462046FFF7C5FD28B13E
:102E70002846FEF7EFFA284607F038FA084B1A689A
:102E800012B1204607B030BD20461C6007B030BDEF
:102E900088B9010084B60100B8B90100592D0100BC
:102EA000480B002070B590B00025144B0493059595
:102EB00004AA0446124B92E80300102603F108020C
:102EC00028332260E3602A4623468DE803000296F9
:102ED00006A80F21FFF76CFF06A92046FFF744FD67
:102EE00006A8FEF7B7FA074B658204F10C00E36011
:102EF000FDF79AFB204610B070BD00BF592D0100B0
:102F0000B0B9010084B60100A0F10C00FFF7CABF00
:102F100010B50446FFF7C6FF204607F0E7F9204644
:102F200010BD00BFA0F10C00FFF7F2BF10B5044BBD
:102F3000036000230446C380FDF776FB204610BDE6
:102F400084B6010010B5064B036000230446C3801D
:102F5000FDF76AFB204607F0C9F9204610BD00BF07
:102F600084B6010082B000B5816A85B00DF1180EFB
:102F700000208EE80C0081F80C0201236522072155
:102F8000684600F03BFD05B05DF804EB02B0704709
:102F900082B030B50C4685B049680546206802AC61
:102FA00003C4039908A880E80C00CB0712D5491088
:102FB000029B6A58D4580D440AAB93E8030008AB4F
:102FC0000CCB8DE803002846A04705B0BDE8304093
:102FD00002B0704705EB6105029CEDE72DE9F04179
:102FE0000C4D0560002504468580C580884617463F
:102FF0001E46FDF7A5FA08482060C4F80880E7607F
:103000002661A56284F82D5084F82C502046BDE836
:10301000F08100BF84B6010034BA01002DE9F0410F
:10302000054682B08846002969D0836A90F82D1041
:10303000D3F80822904528BF9046A2EB0802C3F8B7
:10304000082261B303F10801B8F1000F1DD0D3F8D5
:10305000FC4103F1100604EB080E0134C3F8FC41F7
:1030600014F8010C00F00F078437001153F82720E3
:1030700046F8082C8430744553F8202046F8042C78
:1030800006F10806E9D14FEAC808A868234B04688E
:10309000009542466468A04702B0BDE8F08103F1A4
:1030A00008021146B8F1000F1FD008EB480842444F
:1030B00003F10B0101E0AB6A0331D3F8FC01441CBE
:1030C000C3F8FC41007884308A4253F8203001F87C
:1030D000033C4FEA13204FEA134301F8020C01F8B6
:1030E000013CE8D1AB6A03F10801A8680B4B046806
:1030F0000095521A6468A04702B0BDE8F08140F222
:103100008D30FBF7EBFD95F82D20AB6A1AB903F172
:1031100008010A46E9E703F10801B6E75533010063
:10312000D0F828C02DE9F043DCF808328B4234BFD8
:1031300023F003040C4683B08046002C00F0858009
:1031400090F82D10DCF8FC511B1BCCF80832A208BB
:103150000CF504730CF1080E00294BD0002A00F086
:1031600084800CF1280405EB820655F8040B00F06E
:103170000F07C0F3031153F8277044F8207C53F86D
:10318000217044F81C7CC0F30327C0F3033153F8CB
:10319000277044F8187C53F8217044F8147CC0F36D
:1031A0000347C0F3035153F8277044F8107C53F8D9
:1031B000211044F80C1CC0F30361000F53F82110D8
:1031C00044F8081C53F8201044F8041CB54204F1DC
:1031D0002004CAD15401D8F80800CCF8FC61036877
:1031E000CDF80080224671465C68224BA04703B0B0
:1031F000BDE8F083E2B30CF1140405EB820655F848
:10320000040BC0F30727C1B253F8279053F82110DD
:10321000C0F3074741EA096144F80C1C53F8271032
:103220000F04000E47EA192744F8087C53F82000E1
:10323000090C41EA0021B54244F8041C04F10C04D5
:10324000DDD102EB42029400C5E740F28D30FBF77E
:1032500045FDD8F828C098F82D30DCF8FC610CF159
:10326000080E002BB7D10024B5E72E461446B2E76E
:103270002E46F8E755330100836A13B193F80C32F8
:1032800003B9704765210720FDF782BE2DE9F041A3
:1032900000F114078F420446154602D03846F9F76C
:1032A00053FD2069194E03681B68B34221D1E068C1
:1032B00018B103681B68B34225D1A068036839467A
:1032C0001B6801229847206903681B68B34213D129
:1032D0006A1E002A05DDA068036804F115011B6859
:1032E0009847E06818B103681B68B34207D1BDE88E
:1032F000F08100219847DAE701219847E8E70121AA
:10330000BDE8F041184700219847D6E79520010015
:103310000346002908BF2C2170B503F8141F04468A
:1033200019460122FFF7B2FF2069094D03681B68A7
:10333000AB4206D1E06818B103681B68AB4203D109
:1033400070BD01219847F5E70021BDE8704018479E
:1033500095200100F0B5846AD4F8047285B0064661
:1033600087B3002104F108054FF4FA72C4F804127F
:103370002846FAF7D9FE3B1F07F13C00E21D5968C9
:10338000C1F3854102F8011F5968C1F3852182F814
:10339000201053F8041FC1F38501984282F8601091
:1033A000EDD12D213046FFF7B3FFB0680368294601
:1033B0001B6880229847F06820B10368354A1B6873
:1033C000934256D1D4F80012002949D096F82D2006
:1033D000A2B9D4F8FC11D4F80832002B35D1F0682A
:1033E00020B103682B4A1B6893424FD1012364220A
:1033F0000721684600F002FB05B0F0BDD4F80832A2
:10340000ABB92368481CB1EB430FC4F80002E6D205
:103410006368D4F8FC1101335B08C007C4F80832B4
:10342000DBD4C91AC4F8FC11002BD8D00DE0D4F8B5
:10343000FC1101F0030161B9032B22D93046DAB93E
:10344000A421FFF76DFE05B0F0BD01F003010029D6
:10345000F2D0C1F104013046FFF7E0FD05B0F0BD48
:103460003046FFF755FFD4F800120131C4F80012BE
:10347000ACE701219847A5E73E21FFF751FE05B0D3
:10348000F0BD19463046FFF7C9FDB5E70121984761
:10349000ACE700BF952001002DE9F043876A85B0B5
:1034A00004460E4615463FB397F80C2212BB94F81B
:1034B0002C20FAB994F82D100C98C7F804025A1C65
:1034C00052080120C7F8FC613D607B60C7F8082204
:1034D00087F80C0249B100252046C7F80052FFF7D3
:1034E00039FF284605B0BDE8F08302FB05F5C7F8B3
:1034F0000852F0E74248F5E74FF4C260019306F046
:10350000F7FE4FF4C262A06239468046FAF70CFE1D
:1035100094F82D00019B002852D008F50372F900A1
:1035200041EAE70147EA471041EA002189B2013741
:1035300041EA0141102F42F8041FF0D1314A0193B2
:103540002820D2F8009006F0D3FE0746103000F095
:1035500075FA0721642239807A80182006F0C8FEA7
:10356000002229490392864602910DF108088446FB
:10357000B8E803004EF8044BC7F808C0CEF808209E
:10358000CEF80C20CCF80400CEF80410D9F80010C6
:10359000FA60D1F804801D493A621220B88088454B
:1035A0001B487A62CCF81400019B1FD13846019366
:1035B000FDF750FF384606F099FEA76A019B73E7B6
:1035C00008F5037700F00F02011102EB022C01EB6A
:1035D000011E02EB0C1201EB0E21013042EA012226
:1035E000B0F5807F47F8042FECD1A7E70193484658
:1035F0003946C047019B0028D8D1A76A54E700BFCD
:1036000012FCFFFF480B0020652F01004104010060
:10361000912F010090F82C208A422CD030B504461E
:1036200083B00D4699B1836A102101228DF80710ED
:1036300080F82C2013B193F80C32BBB9204601223C
:103640000DF10701FFF722FE002003B030BD02A9F3
:10365000112301F8013D0122FFF718FE7820FDF744
:1036600073FC002084F82C5003B030BD6521072086
:10367000FDF78EFCE2E70020704700BF2DE9F8431C
:1036800007460B4600F1150800F114090FE03A75E2
:103690005C7824F080052A46F9F756FB6A1C4946F7
:1036A0003846FFF7F3FD220606EB050307D41A7828
:1036B0009E1C31464046002AE9D1BDE8F8835C1CD7
:1036C000705DFDF741FC2346F1E700BF38B50446C5
:1036D000C06890B103680F4D1B68AB4216D12069DA
:1036E00003681B68AB420ED10A20FDF72DFC204673
:1036F0000949FFF7C3FF002038BD2069054D036865
:103700001B68AB42F0D001219847EDE701219847B3
:10371000E5E700BF95200100F4B90100F0B585B0E0
:10372000013B0A9C8DF802100B44013C14441E120C
:103730000D124FEA242E8DF8043017122A238DF82B
:1037400003608DF801508DF80A20054602A92B264A
:1037500005228DF80BE08DF808308DF80C408DF8BF
:1037600009708DF80060FFF791FD28466946052233
:10377000FFF78CFD05B0F0BD70B582B0150A144698
:10378000160CB1233622FF298DF806508DF807401C
:103790008DF801108DF805608DF800208DF804304B
:1037A000054603D002226946FFF770FD6FF07F43A4
:1037B0009C4209D09DF80730FF2B28460CBF0322FE
:1037C000042201A9FFF762FD02B070BD10B5406888
:1037D00082B0002304680093E468A04702B010BDE3
:1037E00030B5406885B00468089D019300230295B8
:1037F00000932469A04705B030BD00BF014A416075
:103800000260704758BA0100704700BF002070473F
:103810000048704716FCFFFF8369C2681344002B01
:103820005BDD90F82030002B4CD010B5816A0B681E
:10383000044686B01B6801A89847A369E0681A1877
:10384000002A16DDA18B40F2FF30FDF7E9F9A369EC
:10385000E0681A18002A47DD0133A361FDF76AFB0F
:10386000A369E068013B0028A3610FDD1A18002A54
:10387000E8DC6269002A02DD21698A42E2DB002B72
:10388000E0D1002A02DD21698A42E5DB023001A98C
:1038900004EB800000F066F9019B22695988E36817
:1038A000606A0A4401332261E36028B194F8203051
:1038B0005BB103681B68984701A800F04BF9002032
:1038C00006B010BD6FF47B707047E28B012340F2AD
:1038D000FF3102A800F092F8EEE74369002BA4DD67
:1038E00002699342A1DA9CE76269002A02DD21693C
:1038F0009142B1DC002BAFD1C8E700BF10B401701A
:10390000427043605DF8044B704700BF82B030B432
:1039100002AC84E80C000D46034694E807009DF8CD
:10392000144083E80700DCB1687818B1494252427C
:1039300059609A606A68022A21D0032A26D0012A97
:1039400004D11A685968196052425A60012C0BD090
:10395000022C05D159689A684942524259609A60CE
:1039600030BC184602B0704730BC9A685868196875
:103970005960524218609A60184602B0704793E846
:1039800006004942524283E80600DFE793E806005A
:10399000524259601A60D9E782B010B582B004ACC7
:1039A00084E80C000B78069C019304AB0CCB0094CC
:1039B0000446FFF7ABFF204602B0BDE8104002B05E
:1039C000704700BF30B50B4B1C6883B024B1226830
:1039D000094B15689D4201D103B030BD00F10802CA
:1039E000034692E803000CCB8DE803002046A8476D
:1039F00003B030BD480B0020F128010038B501802C
:103A0000428004461D46FEF767F9C4E9020115B17C
:103A10002046FFF7D7FF204638BD00BFD0B5DDE90F
:103A200004679DF8183001800446C0E902674280AF
:103A30000BB1FFF7C7FF2046D0BD00BF10B5002374
:103A4000038043800446FEF747F9C4E9020120469B
:103A500010BD00BF30B50B4B1C6883B024B1226889
:103A6000094B15689D4201D103B030BD00F1080239
:103A7000034692E803000CCB8DE803002046A847DC
:103A800003B030BD480B0020F128010082B038B5EA
:103A9000002504A905804580044681E80C00FEF756
:103AA0001BF904AB0FCB256184E80F002046BDE86D
:103AB000384002B0704700BFF8B50546101D1446E7
:103AC0000E461F46F4F7A6FF286000F0C7F82868E6
:103AD000448026B1314604302246F9F735F9012FEA
:103AE00000D0F8BD2868224604300021BDE8F84027
:103AF000FAF71ABB014B0360704700BF60BA0100C0
:103B0000002910B5044606DD13460A460021FFF7DA
:103B1000D3FF204610BD024B0360204610BD00BFFE
:103B200060BA0100002A10B5044604DD0023FFF747
:103B3000C3FF204610BD024B0360204610BD00BFEE
:103B400060BA010010B504460868206000F040F833
:103B5000204610BD10B50446006800F057F8204616
:103B600010BD00BF38B504460B680068984206D007
:103B70000D4600F04BF82868206000F029F8204638
:103B800038BD00BF38B5151E13DB04686288A8B2C3
:103B900082420EDB33EA230328BF1346521B9A42AC
:103BA00004F10404A8BF1A466019FAF7BDFA002010
:103BB00038BD6FF47A7038BD002906DB03685A8877
:103BC000914202DC5980002070476FF47A70704790
:103BD00003884FF6FF729BB2934215D0012B10B5AC
:103BE00004460DD0DB070BD5BFF35B8FD4E85F3FF6
:103BF0000233C4E8523F002AF8D1BFF35B8F10BDF7
:103C00001E20FBF76BF8EFE7704700BF03884FF605
:103C1000FF729BB2934218D0012B10B5044610D00E
:103C2000DB070ED5BFF35B8FD4E85F3F9A1EC4E875
:103C3000512F0029F8D1BFF35B8F9BB2032B05D026
:103C400010BD1E20FBF74AF8ECE770472046BDE8A0
:103C5000104000F001B800BFF4F722BD0323038039
:103C6000704700BF426810B402F100520468013A84
:103C700004EBC2039C420DD854F83220914205D97E
:103C800008E053F8080C814204D81346A3F1080257
:103C90009442F6D958685DF8044B7047426810B4F6
:103CA00002F100520468013A04EBC2039C4254F84A
:103CB00032000CD8814205D909E053F8080C814242
:103CC00004D81346A3F108029442F6D918685DF8A7
:103CD000044B7047426830B402F100520568013A63
:103CE00005EBC2039D4255F832000CD8814205D93C
:103CF00009E053F8084CA14204D81346A3F1080286
:103D00009542F6D91868081AB0FA80F0400930BC1C
:103D1000704700BF82B070B582B0044608A906A8FB
:103D200080E80C0003C9266865698DE8030006ABCE
:103D30000CCB3046211DA84702B0BDE8704002B050
:103D4000704700BF08B502680B689A4201D0002096
:103D500008BD04311022043006F0E9FAB0FA80F010
:103D6000400908BD0020704710B5044B03600023D4
:103D70000446C380FCF758FC204610BD84B6010001
:103D800010B5064B036000230446C380FCF74CFCCF
:103D9000204606F0ABFA204610BD00BF84B60100F5
:103DA00038B504460025074B03608580C580FCF7C5
:103DB000C7FBE388044A258143F480532260E380F3
:103DC000204638BD84B601006CBA01000B4B994205
:103DD00010D90B4B994294BF4FF080614FF0C861EE
:103DE000036906220020C3F80005C3F82415C3F8B0
:103DF000002570474FF0CC71F2E700BF8FD0030071
:103E00007F1A0600F0B585B004AC066804F8012DF1
:103E10009DF82C70009722461F46B669012305467F
:103E20000C46B04738B92B68009021463A461C6AC8
:103E30000A9B2846A04705B0F0BD00BF70B50446F8
:103E4000C068036801211B689847A06803680121C6
:103E50001B6898470420FDF751FB0025A068036804
:103E600002219B689847014600BBE06803681B6815
:103E700098470420FDF742FBE068036801211B68B6
:103E80000D4498470420FDF739FB092DE6D1A068C1
:103E9000036800211B6898470420FDF72FFBA068EA
:103EA000036801211B68BDE870401847002DEED162
:103EB00070BD00BFF8B5044616461F460D4603F018
:103EC00087F8204AA5600023E66084E80C007FB3F1
:103ED000384602F00DFA206180B30621284601F031
:103EE000EFF80621304601F0EBF82046FFF7A6FF79
:103EF0002B6802219B6828469847336802219B68FB
:103F0000304698470A20FDF7F9FA2369327C287C6D
:103F1000C3F808254FF0CC710622C3F80C05C3F88E
:103F200024150A20C3F80025FDF7E8FA2046F8BD5D
:103F3000012002F0FDF920610028CED15A20FAF7C5
:103F4000CDFECAE794BA01002DE9F04103698EB2B3
:103F500082B09A590546002A54D1D3F82441BCB9FD
:103F6000DFF814810127D3F85021013462B3D3F86C
:103F700048254ABB632C45DC0A20FDF7BFFA2B69B4
:103F80009A59002A3ED1D3F824210AB94445EADDE2
:103F9000D3F8C424C3F8C4240022C3F82421D3F8DE
:103FA0002421019201220199314C1A625A6101E0E7
:103FB000013C30D00A20FDF7A1FA2B69D3F8042187
:103FC000002AF5D02B4C1EE0632CD5DDD3F8602100
:103FD00032B1D3F80022D10502D5D3F8482172B10D
:103FE000D3F86021002AC7D0D3F800229205C3D5A8
:103FF000D3F80421002ABFD15F611446BCE7DF611A
:104000001446B9E70024686808B1FDF777FA20463E
:1040100002B0BDE8F081C3F800450621A868154C40
:1040200001F04EF80621E86801F04AF82846FFF74B
:1040300005FFA868036802219B689847E868036841
:1040400002219B6898470A20FDF758FA05F10801FC
:104050000EC9127C087CC3F808254FF0CC710622EB
:10406000C3F80C05C3F82415C3F80025CBE700BF3F
:10407000A08601000EFCFFFF40420F0070B50469EE
:10408000C1F34701C4F888150021C4F8041188B0B1
:10409000D4F804610696069EC4F82411D4F824616D
:1040A0000596059EC4F86011D4F860610496049EDC
:1040B000C4F85C11D4F85C610396039EC4F85011F7
:1040C000D4F850610296029EC4F84C11D4F84C61A9
:1040D0009DF830500196019EC4F84425C4F8483537
:1040E00075B14FF480720123C4F80022A360D4F8A4
:1040F0004821DAB94FF4A471FFF726FF08B070BD6C
:104100004FF400720123C4F80022A360D4F84821C0
:1041100032B12362C4F84851D4F848310793079B61
:104120004FF48271FFF710FF08B070BD2362C4F82E
:104130004811D4F848310793079B4FF4A471DBE78B
:1041400070B504460069C1F34701C0F88815002125
:10415000C0F8041188B0D0F804610696069EC0F835
:104160002411D0F824610596059EC0F86011D0F89E
:1041700060610496049EC0F85C11D0F85C610396FF
:10418000039EC0F85011D0F850610296029EC0F80C
:104190004C11D0F84C619DF830500196019EC0F84A
:1041A0003425C0F83835B5B94FF480520123C0F832
:1041B00000220360D0F8482132B10362C0F84851B0
:1041C000D0F848310793079B20464FF48271FFF7E0
:1041D000BBFE08B070BD01230360D0F8482182B94E
:1041E0004FF4AE712046FFF7AFFE0028F1D12369EE
:1041F00001222046DA614FF4A471FFF7A5FE08B052
:1042000070BD0362C0F84811D0F848310793079B8E
:10421000E6E700BF0C4B03F1280270B506460360C9
:10422000826000F1240500F12C04043C2046FFF7D5
:1042300091FCA542F9D1054B336000233046F38051
:10424000FCF7F2F9304670BDC8BA010084B601002F
:104250000E4B03F1280270B506460360826000F140
:10426000240500F12C04043C2046FFF773FCA54212
:10427000F9D1074B33600023F3803046FCF7D4F9C3
:10428000304606F033F8304670BD00BFC8BA0100B2
:1042900084B6010080697047C368D3F80805704789
:1042A0009FED1F7A06EE901AC7EE267A10B4B0EE94
:1042B000677ABEEECE7A17EE101AB1F5004F29DB01
:1042C0000023013341FA03F2B2F5004FF9DA072B6C
:1042D0001BDC1C4612FA03F348BF0F331B1107EE19
:1042E000903ADFED0F6AC168F8EEE77A002386EEB8
:1042F000A77AC1F80C45C1F808255DF8044BC0ED5C
:10430000077A80ED067A18467047064B5DF8044B35
:1043100018467047002417EE102A2346DAE700BF3C
:104320000024744900407AC42DE9F843474D0560E4
:1043300000258580C5800446904689461E46BDF806
:104340002070FCF7FDF84248206000F12803A360CC
:10435000C4F80C9004F12400FFF7CCFB04F1280012
:10436000FFF7C8FB3B4865610122657484F8205063
:1043700084F82150A274E274C4F82C80A78000F164
:1043800010054FF4004220F8022FA842FBD1E2684A
:104390000025314625742046C2F80055FFF780FFFE
:1043A0002D4EE3680122022004213027B342C3F8D6
:1043B0000455C3F81005C3F84855C3F82855C3F889
:1043C0004C55C3F82C55A274E274C3F81425C3F8F5
:1043D0000012C3F804732AD0204A93421BD0204A0B
:1043E00093420CD0E06A016801224D68227404F106
:1043F0000801C3F80025A8472046BDE8F8831948FE
:10440000194A856819481A4EC5F8C8608460C2F810
:1044100084115160E6E71349134A8D681349154E1C
:10442000C5F8C4604C60C2F884015060DAE70F49F7
:104430000C4A0C6091681048C1F8B000A2F54062C7
:104440004FF08051C2F880111160CBE784B60100B3
:10445000C8BA01004A0B002000C001400010024011
:104460000020024000ED00E000E100E05C0B0020D5
:10447000C9460100B9460100A946010007EE901A9D
:10448000FEEECE7A10B417EE901AB1F5004F24DB91
:104490000023013341FA03F2B2F5004FF9DA072B9A
:1044A00020DC1C4612FA03F348BF0F331B1107EE42
:1044B000903ADFED0E6AC168F8EEE77AC1F80C4574
:1044C00086EEA77AC1F808250023C0ED077A80EDB3
:1044D000067A18465DF8044B7047002417EE902AC0
:1044E0002346DFE76FF47A73F3E700BF00247449D3
:1044F000C0697047C2748174C36839B93022C3F887
:104500001415C3F80012C3F80823704701200421D2
:104510003022C3F81405C3F80012C3F8042370470F
:1045200070B590F9213082B004468BB1C268012386
:104530005360D2F80431002BFBD063690025657409
:1045400084F8205084F82150DBB9002002B070BDFF
:1045500040690D46F0B9A37C002BF6D0637C002B9C
:10456000F3D0E37C002BF0D1E3681C4903EB451545
:1045700008220123C5F82015C5F8242584F8213028
:10458000E4E72268013B63612046D36998472846E7
:1045900002B070BDE16A0B6805F109061B6801A84D
:1045A00004EB8606984701A93046FFF7DBFA01A81D
:1045B000FFF7D0FA04EB8502E368526A616950881C
:1045C00003EB45150432431001390120C5F82025BD
:1045D000C5F82435616102B070BD00BF4C0B0020EE
:1045E00038B54369817C013304464361B9B1637CCA
:1045F0000BB1002038BD0125657494F820102046C9
:10460000FFF78EFF94F820302B442B4084F82030A5
:104610000BB3636993B900236374002038BDFFF7BF
:104620007FFF38B1E36801229A60A37C002BDED1C2
:10463000002038BDE37C002BF7D0F3E72946204665
:10464000FFF76EFF94F82030013303F0010384F884
:104650002030002BDFD1E36801229A60002038BDB2
:10466000A0F10800FFF7BCBF38B5C368D3F810212C
:1046700004466AB9D3F814314BB1002584F82050B0
:1046800001212046FFF74CFFE368C3F8145138BD01
:10469000012380F820300021FFF742FFE368002269
:1046A000C3F81021E6E700BF024B186808B1FFF716
:1046B000DBBF70475C0B0020024B586808B1FFF766
:1046C000D3BF70475C0B0020024B986808B1FFF71E
:1046D000CBBF70475C0B0020032A23DC70B502F5CA
:1046E000AC76C2680B7C52F826209A4218D00B6830
:1046F0000C4605469B6D08469847236800211B68B9
:10470000204698472368EA68217C42F82610204614
:104710009B6D9847E38843F00803E380002070BD59
:10472000002070BD6FF47A70704700BF70B4C56828
:104730000C7C00234FF0FF3605EB83020133D2F8E7
:104740006005A04208BFC2F86065042BF4D1CB8895
:1047500023F008030020CB8070BC70476FF47D709D
:10476000704700BFC1600020704700BFC38870B5AC
:104770009D07044611D5037C2F4A002942D01F2BE8
:104780004FF00101D8BF4FF0A04203F01F0301FA20
:1047900003F3C2F80835002070BDDA070E4642D593
:1047A000057C2548202DB8BF4FF0A04005F01F0123
:1047B00000EB810023F00103D0F800279BB242F008
:1047C0000202C0F80027E380202D4FF001001A4AB2
:1047D00000FA01F0B8BF4FF0A0420EB3C2F80805CE
:1047E000154A1F2DD8BF4FF0A04202EB810243F0C3
:1047F0000203D2F8001741F00101C2F800170020AF
:10480000E38070BD1F2B4FF00101D8BF4FF0A042D5
:1048100003F01F0301FA03F3C2F80C35002070BD4A
:10482000C2F80C05DCE703689B6D9847257CE3889C
:1048300005F01F01C8E700BF0003005010B5036872
:1048400004461B6C9847236820465B68BDE810400F
:10485000184700BFF0B50579AC072AD5002925DB3C
:10486000002A23DD002B21DDB4294FF47A77A8BF7D
:10487000B421114D0468114EE46A07FB01F185FB78
:1048800001E50D44C917C1EBE51102EBD27502FB3E
:1048900001F1A3EB650307FB031386FB0321DB1781
:1048A000C3EBA1112346BDE8F04018476FF47A70BE
:1048B000F0BD0348F0BD00BFB7600BB6D34D62102A
:1048C00016FCFFFFC08800F00500003018BF012073
:1048D000704700BF037C0B4A1F2BD8BF4FF0A0428C
:1048E00003F01F03D2F81415012202FA03F30B425E
:1048F00006D1C08800F00A00003018BF01207047C0
:104900001046704700030050C08810F0030018BF25
:1049100001207047C08800F00C00003018BF012053
:10492000704700BF03684FF47A725B6B02FB01F1C2
:10493000184700BF08B503689B6B9847024BA3FB61
:104940000030800908BD00BFD34D6210027C0F4BC0
:10495000202AB8BF4FF0A04302F01F0203EB8203EE
:104960000129D3F80027417122F00C0207D0022957
:1049700008BF42F00C02C3F800270020704742F045
:104980000402C3F800270020704700BF0003005056
:10499000D0F8103521EA0301C0F81815704700BFA0
:1049A000D0F810351940C0F818157047704700BF8F
:1049B00010B5044605F09AFC204610BDC3882DE9C9
:1049C000F0411E07044613D5314DDFF8D48005F1C0
:1049D0000C06FF27286838B12146FFF7A7FE2A6892
:1049E000D8F800309A4247D00435B542F2D1E38876
:1049F000284E306808B15D072ED4D90605D5606908
:104A000028B103689B699847E3885A0619D413F0C4
:104A1000E00F0FD0217C204A1F29D8BF4FF0A042C1
:104A200001F01F0102EB8102D2F8001721F440319E
:104A3000C2F8001703F430630022E3806261BDE82E
:104A4000F0816569002DE2D0284602F073FC28460B
:104A500005F04CFCE388DAE72146012201F056FF1D
:104A600021460546306801F087FF284601F0CAFD5F
:104A70000028FAD1E388C0E7084B207C191D93F980
:104A80000020824208BF1F7001338B42F7D1ABE791
:104A90005C0B00202C0C0020000300501C000020A8
:104AA000300C002003799A071BD5C3885B0710B52B
:104AB00004460CD50C4B186888B12146012201F040
:104AC00025FF60B101F0D6FEC0F30F1010BD0368E2
:104AD0009B6D9847E38843F00403E380EAE70348CB
:104AE00010BD0248704700BF2C0C002016FCFFFFD1
:104AF00070B52DED028BC38882B01B07019137D5AD
:104B00001C4D1D4C286808EE101AFFF7C5FBF8EE87
:104B1000487A08EE900A17EE901A2868FFF7AEFC64
:104B2000F8EEE88A04F108062388286807EE103AB0
:104B3000B8EE478AFFF7B0FB07EE900AB8EEE77AC7
:104B400027EE087AC7EE287AFCEEE77A17EE903A5D
:104B500024F8023BB442E7D1084B07491868082201
:104B6000012302F025FD002002B0BDEC028B70BDD8
:104B70000348F9E7300C0020340C00203C0C0020E6
:104B800016FCFFFFC388D90770B5044611D5037C16
:104B900022491F2BD8BF4FF0A0410122D1F8101598
:104BA00003F01F0302FA03F30B4214BF1046002068
:104BB00070BD9A072CD523F002039BB2227C20689B
:104BC000164D066C61791F2A02F01F00CCBF2A46E1
:104BD0004FF0A04202EB800243F00103D2F800073D
:104BE00020F00300C2F80007E3802046B047237C92
:104BF0001F2BD8BF4FF0A0450122D5F8101503F0A8
:104C00001F0302FA03F30B4214BF1046002070BDCD
:104C100003689B6D9847E388D0E700BF000300500E
:104C200038B5027C1B4B202AB8BF4FF0A04302F0DE
:104C30001F020125D3F8144505FA02F2224224D1BD
:104C40000D460446D1B9C3F80C2518461146FFF7A6
:104C5000A7FE217C0F4B2029B8BF4FF0A043D3F80B
:104C600014351A4213D0236820469B6D9847236859
:104C700029461B6820469847002038BDC3F8082500
:104C800018461146FFF784FEE3E7002038BD0248CE
:104C900038BD00BF0003005012FCFFFF08B5C388F9
:104CA0001B0701D4064808BD064B1868FFF720FC17
:104CB00007EE900AFCEEE77A17EE900A08BD00BFF7
:104CC00016FCFFFF300C002070B5044615464FF46B
:104CD000807600220D4821812F2D23712574E680D6
:104CE0002060E260627102DD3220F9F7F7FF084AC6
:104CF0000849094B42F8254000204FF0004540226A
:104D00006061C1F8045320461A6070BDFCBA01000E
:104D1000680B00200060004000E100E00379DB0741
:104D200042D570B5C388DA0682B00D46044603D575
:104D3000C3F3C023994235D0236820469B6D984722
:104D4000012D1ED0236820465B689847182005F087
:104D5000CFFA0023228901930093214601230646BE
:104D6000FDF75EF9E388666123F400639BB243F0CC
:104D70001003E3803368DB69304602B0BDE8704061
:104D80001847282005F0B4FA084A4FF0FF3312689C
:104D90002146064602F056FBE388666143F4006351
:104DA0009BB2E4E74669E5E701487047280C00201C
:104DB00016FCFFFFC188C1F3C021FFF7AFBF00BFE2
:104DC00010B5044684B00A46002368462189FEF7E0
:104DD00015FE6269029B42B1D169D36168465B1AD4
:104DE000002202930392FEF735FE04B010BD00BF0F
:104DF00010B5C388590684B0044611D49A0607D466
:104E00001B0603D5E3680BB10120984704B010BD21
:104E10000123022221896846FEF7F0FDE388EFE7CF
:104E20000521FFF7CDFFE388E8E700BF10B5C38891
:104E3000590684B0044611D49A0607D41B0603D53C
:104E4000E3680BB10020984704B010BD0123032292
:104E500021896846FEF7D2FDE388EFE70421FFF7DA
:104E6000AFFFE388E8E700BF2DE9F04BD0F820451D
:104E700084B080467CB3234F0D4601264FF01F0BB4
:104E8000B4FA84FCABEB0C03E91806FA03F257F80A
:104E9000219024EA0204B9F1000F1AD0B9F80620D3
:104EA00012F0E00F10D008EB83034846D3F8002738
:104EB00082F48032C3F80027D3F80037DA031BD519
:104EC000FFF796FFB9F80620930502D5FCF752F9D3
:104ED00040B9002CD2D14FF0FF33C8F8203504B0D0
:104EE000BDE8F08B0123052240F2FF316846FEF752
:104EF00085FD002CC2D1EEE7FFF798FFB9F8062038
:104F0000E2E700BF680B002008B5094BD3F87C210D
:104F100002B908BD0021C3F87C114FF0A040FFF793
:104F2000A3FF20210348BDE80840FFF79DBF00BF55
:104F30000060004000030050C38813F0E00F70B51C
:104F400004460D463AD059060FD423F0E003A5F1EC
:104F500003029BB2B2FA82F2022DE3804FEA5212B0
:104F60001AD0032D14D1012253E0032D4DD06669D0
:104F700036B1304602F0DEF9304605F0B7F9E38885
:104F800023F0E0039BB20022022DE380626103D094
:104F9000012D42D0002070BD43F02003E380002AA1
:104FA000F8D0202005F0A4F92146054602F0BEF80D
:104FB000FCF792FE6561E861002070BD03685B68E4
:104FC0009847237C174A1F2BD8BF4FF0A04203F00D
:104FD0001F0302EB8301D1F8006726F44036C1F8C5
:104FE000006758B9D1F8000740F40030C1F8000755
:104FF00001219940E388C2F82015A4E7D1F8000701
:1050000040F44030C1F80007F2E723F0E0039BB220
:10501000002243F04003E380C1E743F08003E380D4
:10502000002070BD0003005000B583B0042920D8D3
:10503000DFE801F0100A0A0A030003689B6A984738
:10504000002003B05DF804FBFFF776FF002003B0FB
:105050005DF804FBC38803F0F0031BB9084603B0F6
:105060005DF804FB036801919B6D98470199084620
:10507000E7E76FF47A70E4E738B5036804465B68E5
:105080000D469847E3885B0605D529466069BDE86B
:10509000384002F0D1B82368084A1B6D93424FF0A4
:1050A0000301204607D1FFF747FF29466069BDE8A5
:1050B000384002F0C1B89847E7E700BF2950010027
:1050C000072913D8027C0B4B202AB8BF4FF0A0430E
:1050D00002F01F0203EB82030020D3F8002722F422
:1050E000E06242EA0121C3F8001770476FF47A705A
:1050F000704700BF0003005010B4037C0C4A002925
:105100000CBF00244FF440741F2B03F01F01CCBFD1
:1051100013464FF0A04303EB81030020D3F8002790
:1051200022F4E0622243C3F800275DF8044B704785
:1051300000030050F0B5154C236883B0CBB1144D7B
:105140002E6816B1002003B0F0BD302005F0D0F875
:105150002268104B1049132407460094FFF7E4F827
:105160003846314601222F60FFF7C4F9002003B012
:10517000F0BD382005F0BCF8054602F0DDF9284600
:105180000321256002F088F9D9E700BF3C0C00201C
:10519000300C00200000484200C0014003799A070B
:1051A00054D5B1F5806F53D22DE9F0412A4F067CDA
:1051B0003A4600234FF0FF3412F9015BAE4208BFBC
:1051C0001C460133042BF7D1631C0D4606462AD03A
:1051D000DFF89C80F388D8F8000043F00803F380E0
:1051E000FFF75AF807EE905ADFED1C6A1C4D1D4E72
:1051F000B8EEE77AF7EE007AE7EE667A31460123F9
:1052000007EE100AB8EEC77A286867EE877A082298
:10521000FDEEE77A17EE905A26F8145002F0C8F91E
:105220000020BDE8F081FFF785FF0F4BDFF84080DD
:105230001C78317CD8F80000013404F003042246C5
:10524000395531461C70FFF747FAC3E707487047E6
:105250006FF47A70704700BF1C0000200000803A95
:105260003C0C0020340C0020FA01002016FCFFFF4B
:10527000300C002070B5174D2DED028B044608EE62
:10528000101AFFF757FF2868FFF732F9DFED127A9F
:1052900007EE100AB4EE677AF1EE10FA04D028682F
:1052A00017EE901AFFF7EAF8DFED0C7A9FED0A7A15
:1052B0002368B8EE488A204628EE278ADB68C8EEC5
:1052C000077ABDEC028BBDE87040FDEEE77A17EE81
:1052D000901A1847300C002000409C460000804483
:1052E00010B5044B036000230446C380FBF79CF910
:1052F000204610BD84B6010010B5064B03600023A4
:105300000446C380FBF790F9204604F0EFFF2046E7
:1053100010BD00BF84B60100F0B5056985B0002D51
:1053200038D004461C4F02260FE000F0CFFA236964
:105330009D4219D01948FBF78FFA01230222A18858
:105340006846FEF75BFB256925B3EA78012A1CD085
:10535000022A04F12000E8D001230A216846FEF762
:105360004DFB23699D42E5D1C7F88060BFF34F8FA5
:10537000BFF36F8F2269637A526A2261013B6372C5
:1053800028463E6004F0B2FFD4E704F1180000F0B4
:105390004DFACCE705B0F0BD00E100E068BB0100CC
:1053A00010B51831044600F0DFF9204610BD00BFEB
:1053B00010B582B0044601A8FEF7C4FB01A904F1B0
:1053C000180000F021FA044601A8FEF7C3FB2046AE
:1053D00002B010BDC388DB0718D50D4B0222C3F8FD
:1053E0008020BFF34F8FBFF36F8F0A4B0022012144
:1053F000C3F810211A461961D2F81031002BFBD0E6
:10540000C38823F4804323F00103C3800020704746
:1054100000E100E000100040F8B5C488E3075ED466
:1054200047690646002F5CD04FF0804300220121DF
:10543000C3F800211A461960D2F80031002BFBD0C6
:105440002E4B2F49DFF8C0C02E4A00250720C3F895
:105450000C55C3F80805C3F81055C3F81C15317A6C
:10546000C3F824154FF0080E0121C3F82C55022073
:10547000C3F83015C3F814E5C3F818C54FF6FF7C20
:10548000C3F83405C3F83CC5DFF880C0C3F838C59D
:105490004FF0180CC3F854C54FF0400CC3F8047516
:1054A000C3F804E3C2F8800182F801C31060D3F8A6
:1054B000002242F01002C3F80022C3F800511A463D
:1054C0005960D2F80031002BFBD044F4804444F002
:1054D000010400210123C2F80C119360F480002024
:1054E000F8BD2C2004F004FF394605462C22F8F7BD
:1054F0001BFE2F46F488756196E700BF0010004040
:105500007469627500E100E02000040221100100CE
:1055100070B5114B0360002504468580C5800E469A
:10552000FBF70EF8204609220C4BA280214640F8DA
:10553000183B00F015F9214604F1200000F0C2F9F3
:10554000074B25726572A680E580E560256165617F
:105550001C60204670BD00BF84B6010078BB01000E
:10556000400C0020072906D8044A054B5256C3F8C0
:105570000C25002070476FF47A70704760BB010003
:105580000010004064299DBF034B0020C3F808159C
:105590006FF47A70704700BF0010004038B543695F
:1055A0003BB3427A032A21DCC288D2074CBFC268CF
:1055B000114A9A6204462C2004F09AFE2C22002103
:1055C0000546F8F7B1FD6169226900234B620AB90B
:1055D0000AE01A46536A002BFBD15162637A656177
:1055E00001336372002038BD2161F7E76FF47B70EF
:1055F00038BD6FF47A7038BD16FCFFFF194BD3F835
:10560000002122B100210122C3F800119A60154B3C
:10561000D3F80C2182B10022C3F80C21D3F8001476
:1056200001290AD0104B1B68D988C90748BFDA6026
:105630000C4B01229A607047704710B50A4CD3F8A2
:1056400048352068C288D20744BF5B42C360FFF779
:10565000A5FF2268034B5269C3F80425014B0122C0
:105660009A6010BD00100040400C0020024B0172F7
:10567000C3F824150020704700100040034600695D
:1056800080B1094930B40224C1F88040BFF34F8F84
:10569000BFF36F8F5A7A1D69013A6D6A5A721D61A4
:1056A0000C6030BC704700BF00E100E000294FD023
:1056B0000B78232B4CDC284B022230B4C3F880201B
:1056C000BFF34F8FBFF36F8F244B00220124C3F829
:1056D00010211A461C61D2F81031002BFBD0002596
:1056E00001231E4CC2F80415C2F800511360D4F80F
:1056F0000031002BFBD001210023184AA160C4F81F
:105700000C31D2F80C31002BFBD04369C2F80435C0
:10571000002001231149C2F810011361D1F81031A2
:10572000002BFBD0002001230C4AC1F800014B6084
:10573000D2F80031002BFBD0074B002001240221BE
:10574000C2F80C019460C3F8801130BC1960704736
:105750006FF47A70704700BF00E100E00010004075
:10576000002280E80600704730B54C6883B00546DB
:10577000ECB1636A4B60217811480339FBF76CF890
:10578000214601A811F8042B033AFEF7CBF90D4886
:10579000FBF762F8204604F0A9FD01A92846FEF7B0
:1057A000D1F901A8FEF7D6F9284603B030BD064866
:1057B000FBF752F82846FEF79DF9284603B030BDA6
:1057C000B0BB0100C0BB0100A4BB0100C9B1232ACA
:1057D000134616D870B504468CB003330125002655
:1057E00002A88DF804308DF805508DF807508DF81B
:1057F0000660F7F7A9FA01A92068FFF757FF0CB078
:1058000070BD6FF47A70704738B50B680C4605466A
:1058100059880548FBF720F8216828464A88BDE8E2
:1058200038400431FFF7D2BFC8BB010010B50446B1
:1058300084B00068FFF722FF636800224262B3B1C0
:10584000596A09B915E019464B6A0132002BFAD1A1
:10585000032A08DC486201231A4609216846FEF73C
:10586000CDF804B010BD04F041FD04B010BD60607F
:10587000F1E71946EEE700BF82B070B505788CB04D
:1058800010A981E80C0025B10CB0BDE8704002B051
:10589000704704460FC902AE86E80F0001220223BA
:1058A000132660688DF8065001A98DF804608DF804
:1058B00005208DF80730FFF7F9FE0CB0BDE8704009
:1058C00002B07047002241600270704738B504464C
:1058D0004068FFF7D3FE0123054623700430FEF72E
:1058E000B9F8002328462370BDE8384004F0FEBC18
:1058F0001F4BC2699A4221D01E4B994209D94FF0E1
:1059000000410369994202D00023016183750020A0
:105910007047194B99420BD8184B99420BD8184B2A
:1059200099421AD8174B99421AD94FF00061E8E70B
:105930004FF08041E5E74FF00051E2E7124B99420A
:1059400002D94FF0A051DCE7A3F57403A3F510537F
:105950009942D1D94FF02061D3E74FF08051D0E781
:105960000A4B99428CBF4FF080614FF00071C8E73D
:1059700000F00240FF117A00FF083D007F841E0006
:105980003F420F001FA10700FF47E8018FD003002F
:10599000082A4FF000034175837514BF6FF47A70C5
:1059A00018467047704700BF10B5044604F09EFCCF
:1059B000204610BDC369D3F8182182B100B500227A
:1059C000C3F8182187B0D3F81811036A019101991F
:1059D00033B10262406A984707B05DF804FB704734
:1059E00001230322182102A8FEF708F807B05DF88A
:1059F00004FB00BF70B50446C0680121A17508B161
:105A0000FFF77AFB606800285ED00121FFF774FB86
:105A10006068002858D0036800211B6898476368B5
:105A2000A0681E7C002854D003685B689847A36870
:105A3000E0681D7C002851D0617D036801291B6846
:105A4000D4BF002101219847E3681A7CE3692169EA
:105A50000020C3F80005C3F80825C3F80C65C3F897
:105A60001055C3F82415627D013AD2B2022A9CBFB8
:105A7000214850F8220094F91420C3F85405002559
:105A800042240720AA42C3F8C055C3F80443C3F810
:105A9000000526DB530902F160449B0004F56144D4
:105AA00003F1604303F561430120E02502F01F028A
:105AB00000FA02F284F800531048C3F88021BDE8D0
:105AC00070401A60FAF7C8BEA0684FF0FF36002891
:105AD000AAD1E0684FF0FF350028ADD14FF0FF327A
:105AE000B4E7074B054802F00F021344E0221A7690
:105AF000BDE87040FAF7B0BED8BB0100E4BB0100BE
:105B0000FCEC00E038B504460498154D6160A260D5
:105B1000E3602560C8B100F0EBFBE061D0B100F0BC
:105B200029FC23692075B3F1805F1CBF4FF08053BF
:105B3000236100220023A275E06963752362224677
:105B4000084900F037FC204638BD042000F0F0FB87
:105B5000E061E3E75A20F9F7C1F8E069DFE700BF49
:105B600004BC0100B55901002DE9F04184B0847DE9
:105B70000A9FDDF82C800546164644B3B6F5803FF3
:105B80003AD2B7F5803F37D2EC690020C4F844150B
:105B9000C4F84865C4F83435C4F83875C4F8180139
:105BA000D4F818310393039BC4F85005C4F840059A
:105BB000B8F1000F12D0012240230C99C5F82080C3
:105BC00069622261C4F8043304B0BDE8F0818DE855
:105BD0000A00FFF70FFF9DE80A00CFE70321182016
:105BE000FBF71EF8EB69012140221961C3F8042379
:105BF000FBF7A0F94046E7E76FF47A70E4E700BFEF
:105C0000F0B585B0B2F5803F144606460F469E4675
:105C10000A9D02D2B5F5803F09D373462246394624
:105C200030460A9505B0BDE8F04001F0D7B9002430
:105C3000009502940194FFF797FF05B0F0BD00BFF7
:105C40002DE9F041079C069E089FC4B1B2F5803F44
:105C500086468C461546984602D2B6F5803F0AD352
:105C600008970794069643462A4670466146BDE863
:105C7000F04101F0DFB9BDE8F041FFF775BF6FF407
:105C80007A70BDE8F08100BF30B585B000250122F3
:105C9000C17500F1180300F1170102958DE8240089
:105CA0000446FFF761FFA842ACBF207E014805B063
:105CB00030BD00BF0AFCFFFF007A704790F910303A
:105CC000002B09DB03F1604303F561434901C9B2CD
:105CD00083F8001300207047044A03F00F031A44AE
:105CE0004901C9B211760020704700BFFCEC00E00A
:105CF00090F91030002B11DB5A0910B460320A4CB5
:105D000003F01F03012101FA03F344F82230436931
:105D10005DF8044B012200201A607047436901229C
:105D20001A600020704700BF00E100E090F91030D9
:105D3000002B07DB03F01F0001225B0902498240B0
:105D400041F823200020704700E100E010B503680F
:105D500004461B6B9847636901225A60002010BDFE
:105D600090F91030002B0DDB5A0920320121064832
:105D700003F01F0301FA03F340F82230BFF34F8F03
:105D8000BFF36F8F0020704700E100E0012902D0CF
:105D900006D3022902D14369C3F8041500207047D5
:105DA00043690022C3F8042500207047437A013B71
:105DB00099420FDC10B44FF48033446901F5A870A8
:105DC00003FA01F144F820200020C4F804135DF820
:105DD000044B70476FF47A70704700BF437A013B01
:105DE000994211DC30B4446904EB81054FF48033EF
:105DF000D5F8400503FA01F10244C5F8402500201A
:105E0000C4F8041330BC70476FF47A70704700BF59
:105E1000437A013B994208DC42694FF4803303FA2C
:105E200001F1C2F80813002070476FF47A707047D0
:105E3000B1F57A5F1CD8F0B418D001231F464FF497
:105E40007A56DDB207FA03F26C1CB6FBF2F291420D
:105E500003F10103E4B207D2092BF2D14369002018
:105E6000C3F81045F0BC70472C46F7E70024F5E76F
:105E70006FF47A70704700BF032907D8DFE801F09C
:105E80001710090243690322C3F808250172002094
:105E9000704743690222C3F8082501720020704749
:105EA00043690022C3F80825017200207047436946
:105EB0000122C3F8082501720020704710B5044B79
:105EC000036000230446C380FAF7AEFB204610BDF2
:105ED00084B6010010B5064B036000230446C3805E
:105EE000FAF7A2FB204604F001FA204610BD00BFDD
:105EF00084B6010038B590F91030002B04461ADB47
:105F000059090E4A52F8215003F01F0325FA03F3F2
:105F100003F00105236820461B6B98476269012343
:105F2000D360D368002BFCD11DB1236820469B6A47
:105F30009847002038BD0025ECE700BF00E100E0F5
:105F400010B579B190F91020002A09DB54090F49E6
:105F500051F8241002F01F0221FA02F2D4070CD4E7
:105F6000002010BDC288D107FAD5016822F00102D5
:105F7000C2808B6A9847002010BDC288016842F039
:105F80000102C2800B6B9847002010BD00E100E0C9
:105F900070B590F910400368002C054616DB104AD6
:105FA0001B6B610904F01F0452F8216098476B696C
:105FB000012226FA04F4DA64D3F84C65E30703D52A
:105FC0002B6828469B6A9847304670BD1B6B9847E4
:105FD0006B690122DA64D3F84C65304670BD00BFAE
:105FE00000E100E00E4BF0B553F82070BFB1002384
:105FF0007E6918469E46012506EB830205FA03F4E6
:10600000D2F84011013319B12043C0B2C2F840E1C7
:10601000042BF1D1FB6813B1BDE8F0401847F0BD87
:10602000440C00200020FFF7DDBF00BF0120FFF778
:10603000D9BF00BF0220FFF7D5BF00BF0320FFF785
:10604000D1BF00BF0420FFF7CDBF00BFF8B52E4B76
:10605000036000258580C58004460E461746FAF782
:106060006FFA2A492A48277403238E42E560666145
:106070002060637245D0274A96423ED002F58032B6
:1060800096423CD0244B9E4235D0244B204643F8C8
:106090002540FFF765FE94F9103065690122002B59
:1060A0006A6021DB03F1604303F56143402283F81A
:1060B000002301231F464FF47A5607FA03F2D9B2A0
:1060C000B6FBF2F2B2F57A7F01F1010003F10103B0
:1060D00002D9092BC1B2F0D10323C5F8101520460F
:1060E000C5F808352372F8BD0D4A03F00F031A44B2
:1060F00040231376DDE70425C7E70225C5E71D46E3
:10610000C3E70125C1E700BF84B60100009000404D
:1061100028BC010000A0004000B00140440C002059
:10612000FCEC00E0054A1378013B5BB2002B01DD7B
:10613000137070470023137062B67047A40C0020E0
:1061400072B6024A1378013313707047A40C002012
:1061500020BF70474FF0805110B44C6E086E23463C
:10616000002242EA0002104619465DF8044B7047CF
:10617000BFF34F8F0549064BCA6802F4E062134330
:10618000CB60BFF34F8F00BFFDE700BF00ED00E025
:106190000400FA05704700BF08B50B4B0122C3F895
:1061A000402502210022930003F1A0430132202A5E
:1061B000C3F80017C3F8001AF5D1FFF7EBFFBDE8ED
:1061C0000840EFF74DB900BF00E0014000487047BC
:1061D000000002204020F2F71DBC00BF8163704721
:1061E00041637047C1637047C06B7047EFF308802D
:1061F000704700BF406B704780E80E00704700BFDB
:1062000070B5094D094CAE68204631464FF4807296
:10621000F6F79AFDAC60AB68054831462246BDE80A
:106220007040FAF719BB00BF00ED00E00004002049
:1062300080BC01002DE9F041036804461B6882B070
:106240000E460021174698472648237C0168264CB5
:10625000202B4FF0010203F01F03B4BF4FF0A04802
:10626000A04611F0010102FA03F209D11F4CE368C4
:1062700043F08073E3604160036843F0010303600F
:10628000184C616863685B1AB3F5C85FFAD3019272
:10629000FFF756FF60681349019A4FF0000E802502
:1062A000C8F8082516F80E302B4214BF00F134044C
:1062B00000F119046D0800F1500004BF0EF1010E49
:1062C00080254B689C42FCD8BE45C8F80C2503DAF3
:1062D0004B689842FCD8E3E702B0BDE8F041FFF715
:1062E00021BF00BF001000E000030050F0ED00E00F
:1062F000F0B40D4F0D4A3C6806460523012505FA0A
:1063000003F1214203F1FF3302D1D06BB04206D03A
:10631000591CA2F10C02F2D10020F0BC70472143BD
:106320003960F0BC704700BF5C0C0020A0BC0100CD
:10633000F0B50E4FDFF838E03C68724605230125C2
:1063400005FA03F1214202D1566C304206D1013BDD
:10635000591CA2F10C02F3D10020F0BD03EB430362
:1063600021435EF823003960F0BD00BF5C0C0020C3
:10637000A0BC01000D4A10B50D4C904221464FF0D3
:10638000000306D00133062B0AD051F80C2F90429F
:10639000F8D103EB430304EB830393F9040010BD2E
:1063A0005A20F8F79BFC4FF0FF3010BD0030004042
:1063B000A0BC0100F8B50E4C0E4DA0420F4616468B
:1063C0004FF0000306D00133062B0AD055F80C4FCE
:1063D000A042F8D1084A094842F8237040F82360E7
:1063E000F8BD5A20F8F77AFC4FF0FF33F2E700BF10
:1063F00000300040A0BC0100600C0020780C0020A0
:10640000024A034B10681B68184700BF780C002035
:10641000600C0020024A034B50685B68184700BFBD
:10642000780C0020600C0020024A034B90689B68A7
:10643000184700BF780C0020600C0020024A034B74
:10644000D068DB68184700BF780C0020600C002083
:10645000024A034B10691B69184700BF780C0020E3
:10646000600C0020024A034B50695B69184700BF6B
:10647000780C0020600C0020002815D000604160DE
:106480008260C360046145618661C76144460462FD
:106490004C464462544684625C46C462644604636B
:1064A0006E46466374468463002906D0C46B043C80
:1064B000043925680D60B442F9D1946BA646566B39
:1064C000B546002B06D0D46B043C043B1D68256008
:1064D000B442F9D1146BA446D46AA346946AA24686
:1064E000546AA146146AA046D76996695569146929
:1064F000D36851681068926870470060416082609C
:10650000C360046145618661C761444604624C46CC
:106510004462544684625C46C462644604636E46C8
:10652000466374468463C46B043C043925680D607B
:10653000B442F9D1C769866945690469704700604A
:1065400041608260C360046145618661C761444601
:1065500004624C464462544684625C46C4626446AB
:1065600004636C4644637446846304697047846BB7
:10657000A646446BA546046BA446C46AA346846A37
:10658000A246446AA146046AA046C769866945696D
:106590000469C36882680068416870470649074A11
:1065A000074B9B1A03DD043BC858D050FBDC00F0BE
:1065B00037FBFFF7F1FD00008CC401000000002054
:1065C00000040020FEE7FEE7FEE7FEE7FEE7FEE749
:1065D000FEE7FEE7FEE7FEE7084B094A0321C3F8A2
:1065E0000815D2F80034DB07FBD40123936090F840
:1065F0004032002BFBD10120704700BF00F001406A
:1066000000700040807C00F01000704710B5898950
:1066100004460022FDF774FA20464FF0FF330022B3
:106620008821FDF7AFFA204610BD00BF38B50446FB
:106630000069036800219B6B9847206903684FF449
:106640007A51DB6C9847A07BA16801280346B8BF4C
:10665000012303EB8303B1FBF3F3FF2B2FD85B1074
:106660002FD000225B1002F10102FBD107EE901A3D
:10667000F8EE677AB3EE007A012867EE877A22DDBA
:10668000184B0022C3F8F4252069FDEEE77A036871
:1066900017EE902ADB6B002198472369124A5B6949
:1066A0001248012103F5A0740225C3F80012C2F8B4
:1066B0000855C2F81845C2F81C05D96038BD8023BA
:1066C000CFE71A46D2E7012303FA02F107EE101AC8
:1066D0000449B8EEC77AC1F8F425C7EE877AC4F842
:1066E0003C32D1E70070004000F0014004700040EF
:1066F000F0B5514E514D33685149524A85B001248D
:1067000000932B6801930B680293002313601768B2
:106710001460009A3260019A2A60029D4A4A0D6014
:1067200003252321C2F800351E46C2F8F0559646CF
:10673000C2F804131F468373054618E0CEB2867371
:1067400095F8293095F8272095F8281043F48053C0
:106750000EEB021243EA0123C2F81835CCF81045BB
:106760000134092CCCF8147505F144051CD0621EC7
:1067700013011A4400EB820203F1804C92F82620A8
:1067800012F0100206F101010CF5E04C03F1804318
:10679000D4D103F5E0430134092CC3F8102505F1E9
:1067A0004405C3F81425E2D116B9304605B0F0BD52
:1067B000254D04460126C5F80065FFF737FFE77B46
:1067C0008D3704EB870703A82146FFF71FFF03A9B6
:1067D0003846FDF7C7F903A8FDF7BCF9D4F83C2209
:1067E000A17BE07BA389B24001FB02F204EB8000B5
:1067F00093FBF2F702FB17329B1AD0F834221348AE
:1068000001F1004103EBD373013904323341032713
:10681000C5F82C26C5F8303602EB41022E6048F64A
:106820008801C0F8047584F8406213889BB28B42DB
:10683000FBD0012005B0F0BD40760040447600401A
:1068400048760040FC7F00400070004000F00140AE
:1068500038B50D460446FDF74DF9FFF771FCEB7BAB
:106860008D3305EB83012046FDF77CF9FFF75AFCD9
:10687000204638BD30B5837C13F0100483B002D1BC
:10688000204603B030BD044601A86168FFF7E0FF71
:106890000023E57C1B481A4602F1510109014158C9
:1068A00001B10133954202F1010228D0082AF3D147
:1068B000154B019A111D48F68800CD5A85420B44AC
:1068C00012D0558862682944957B99424FEA450564
:1068D00002D805E0994203D92B441A888242F9D1A3
:1068E0005B1BB3F90030A381A48901A824B2FDF792
:1068F00031F924EAE474A4B2204603B030BD013B70
:106900005B00D6E7007000402EF8FFFFF8B50D469B
:106910000446097C17481746FDF7DCF950B1297C7D
:106920001448FDF79FF9461E350127B9A81904EB55
:1069300080001430F8BDAB1904EB830393F82630C4
:10694000DB06F3D494F8403283B9AB1904EB83032C
:1069500093F8262042F0100283F8262094F8403263
:10696000002BE3D12046FFF7C3FEDFE72046FFF709
:1069700033FEEAE7E8BC010038B50C460546097C61
:106980001B48FDF7A7F980B3217C1948FDF76AF988
:10699000013800EB001005EB800494F82630DB068C
:1069A0000BD595F8403203F0FF0043B994F8263038
:1069B00003F0EF0384F8263038BD002038BD2846A8
:1069C000FFF70AFE94F8263003F0EF0384F8263030
:1069D0000028F2D095F8403203F0FF04002BECD1F0
:1069E0002846FFF785FE204638BD6FF47A7038BD23
:1069F000E8BC01002DE9F04F847C85B0E406DDF8A9
:106A0000388057D50C68B4F802904FEA690991456F
:106A100050DD043404EB490904EB420700E0A946C9
:106A2000A9F10205EC1B641094FBF3F603FB16447A
:106A3000002CF4D1B5F900208281827C920639D5F0
:106A4000012B06464DD0B0F90E00B268011DB945C4
:106A5000114452882ED95D0006F108038A46A346E8
:106A6000019307E0B6F90E309A421BD0B94521D9FF
:106A7000B6F90E00904204F101041ED0B7F90030BF
:106A800044452F449B44EDD19BFBF4F4AAF800400D
:106A9000F38902331BB200249A420AF1020AF381FD
:106AA000A346E3D106F118000092FCF7B5FEB94504
:106AB000009ADDD805B0BDE8F08F0122B6F91010BC
:106AC00003A8FDF71DF803A90198FDF74BF803A8EB
:106AD000FDF740F8B16800234A88F38101F1040A08
:106AE000CCE70830FDF73EF8B3685B88F38106F128
:106AF0001800FCF791FEDDE72DE9F0433A4BD3F89F
:106B0000042185B005461AB9D3F81431002B41D0C1
:106B1000EF7B354A7B1C03F00103EB73D2F834168C
:106B20008D3705EB87074900384600249046A1467B
:106B3000FDF742F805F1140603E0082C06F14406BF
:106B40001DD004F151031B01013458F80330002B10
:106B5000F3D0394603A8FCF7F5FFD5F83C22AB7B10
:106B6000009230464A4603A9FFF744FF03A8FCF70A
:106B7000F1FF082C09F1010906F14406E1D11A4B95
:106B8000D3F8042112B10022C3F80421164BD3F824
:106B900014211ABB144ED6F80031E3B1EC7B01345A
:106BA00004F0010404F18D07294605EB870703A8CB
:106BB0008C34FFF72BFD05EB840503A93846FCF761
:106BC000D1FF03A8FCF7C6FF6B6800220433C6F8A8
:106BD0002C36C6F8002105B0BDE8F0830022C3F8CA
:106BE000142185F84022D5E700700040024B186858
:106BF00008B1FFF781BF7047900C0020BFF34F8FA3
:106C00000549064BCA6802F4E0621343CB60BFF348
:106C10004F8F00BFFDE700BF00ED00E00400FA0564
:106C200008B55F4B1B680D2B53D14FF080414FF0DF
:106C300080520020C1F80C015A4BC1F81001C1F874
:106C40003805D2F80404C3F82005D2F80804C3F8C4
:106C50002405D2F80C04C3F82805D2F81004C3F8B0
:106C60002C05D2F81404C3F83005D2F81804C3F880
:106C70003405D2F81C04C3F84005D2F82004C3F848
:106C80004405D2F82404C3F84805D2F82804C3F810
:106C90004C05D2F82C04C3F85005D2F83004C3F8E0
:106CA0005405D2F83404C3F86005D2F83804C3F8A8
:106CB0006405D2F83C04C3F86805D2F84004C3F870
:106CC0006C05D2F84424C3F87025D1F80034DB07F2
:106CD0001CD4354AD2F8883043F47003C2F88830A7
:106CE000BFF34F8FBFF36F8F4FF01023D3F80C22F9
:106CF000D20736D4D3F80022002A0CDBD3F80432B2
:106D0000002B08DB294B2A4A1A6008BD6FF00103EB
:106D1000C1F80034DDE7274A0123C2F80435D2F870
:106D20000034002BFBD04FF010231221214AC3F86E
:106D30000012D2F80034002BFBD04FF010231221A8
:106D40001C4AC3F80412D2F80034002BFBD00023F5
:106D50001849C2F80435D1F80034002BFBD0FFF7F6
:106D60004DFF144B0122C3F80425D3F80024002A58
:106D7000FBD04FF010210F4AD1F80C3223F0010361
:106D8000C1F80C32D2F80034002BFBD000230949A3
:106D9000C2F80435D1F80034002BFBD0DFE700BF88
:106DA0003001001000C0004000ED00E02400002091
:106DB0000090D00300E001406FF47D70704700BF89
:106DC0006FF47D70704700BF6FF47D70704700BF37
:106DD00010B584B004AB046803F8012D00220092C2
:106DE000A4691A460123A04704B010BD10B584B0B1
:106DF00004688DF80C20002200928DF80D30A469F3
:106E0000022303AAA04704B010BD00BF10B584B090
:106E10000468012301930093646A0DF10F03A047F6
:106E200008B99DF80F0004B010BD00BFF0B585B0E3
:106E30001F469DF82C508DF80F2004460E468DB14C
:106E400002680123009395690DF10F02A84738B934
:106E5000236800901D6A0A9B3A4631462046A8479F
:106E600005B0F0BD03689DF80F205B699847EEE719
:106E70002DE9F84F9DF82870002A3DD0002B3BDD0E
:106E800088460168DFF878901E464B684B4582467D
:106E9000144628D1CD68DFF86CB05D451BD126447F
:106EA00005E00134A6420AD0DAF80030DD685D451D
:106EB000F7D0217850460134A847A642F4D117B143
:106EC0000020BDE8F88FDAF800309B684B450ED102
:106ED0003846BDE8F88F5FFA88F15046A847DAF8DF
:106EE0000030DD68DBE79847DAF80010D2E750465B
:106EF00098473846BDE8F88F6FF47A70BDE8F88F90
:106F0000C16D0100C96D01002DE9F84F9DF8289071
:106F1000002A55D0002B53DD056890461F462A4AAB
:106F20006B68934206460C463BD1EB68DFF89CB099
:106F30005B452FD1012F3CD0023F08EB070A08F137
:106F4000FF3405E00B2004F8010FA2450BD0356893
:106F50002B695B45F6D0002130469847C0B204F853
:106F6000010FA245F3D1356801372B695B45B84461
:106F70001AD10B2088F80000B9F1000F02D00020D0
:106F8000BDE8F88F3368104A9B68934213D1484696
:106F9000BDE8F88F44F00101C9B230469847356822
:106FA000C8E798473568C0E7012130469847C0B226
:106FB000E0E70027D9E7304698474846BDE8F88F14
:106FC0006FF47A70BDE8F88FC16D0100C96D0100E2
:106FD000014B0360704700BF38BD01002DE9F84F39
:106FE000DDF828904A45904638BFC846B8F1000FF2
:106FF0001BD09B468A4605461746002406E0A1455D
:1070000088BF0BF80400013444450ED02B68A7421A
:1070100088BF1AF804109E6898BF00212846B04720
:107020000028ECDA0248BDE8F88F0020BDE8F88FB0
:107030000AFCFFFF30B583B00468069D0095E46844
:10704000A0470899034A04460798F9F769FE2046C5
:1070500003B030BD851001006FF47D70704700BF34
:1070600082B030B50C4685B049680546206802AC50
:1070700003C4039908A880E80C00CB0712D5491077
:10708000029B6A58D4580D440AAB93E8030008AB3E
:107090000CCB8DE803002846A04705B0BDE8304082
:1070A00002B0704705EB6105029CEDE782B0D0B5F8
:1070B0000699416000F1080400260027C0E9046732
:1070C0000021204604AE86E80C00FAF7A7F8204617
:1070D000BDE8D04002B0FAF759B800BF82B038B569
:1070E000D0E9044504A981E80C0054EA050303D162
:1070F000BDE8384002B070470446FAF7EDFDD4E928
:1071000004238B4208BF8242F2D2002304F1080517
:10711000002200212846C4E904236160FAF77EF8C2
:107120002846BDE8384002B0FAF730B838B5054611
:10713000044645F8081B2846FAF724F80023284699
:107140006360E3612376FAF721F8204638BD00BF7B
:107150002DE9F041044682B00E461546103098469F
:10716000BDF82870FCF76AFC26806580182003F0C3
:10717000BFF808AB064693E803008DE803003546E8
:107180006A4603CA45F8048B0023084AAB60EB60EB
:1071900047F00207706020466960A780A660E36040
:1071A00023626362726102B0BDE8F0816170010028
:1071B0002DE9F04385B0BDF8388053B30C9C9CB3E7
:1071C0000F2923D0064628201C460D46174603F0FB
:1071D0008FF80CAB814693E803003A468DE8030034
:1071E0002346CDF8088029464846FFF7B1FF3368AB
:1071F0000F4A5B6893420FD14846FAF72BF948468D
:1072000003F074F80B4805B0BDE8F083B8F1C00F87
:10721000D8D06FF47A70F6E7304649469847002890
:10722000EAD105B0BDE8F0830D9CE407F1D5C7E7CE
:107230004104010016FCFFFF2DE9F043037E89B0F5
:1072400004460D469BB1002D4FD100220023C4E916
:1072500004230023636004F10800F9F797FF6068D6
:107260002E4B002808BF184609B0BDE8F08300681F
:107270002B4A03681B6D93424CD12A4B04934FF069
:10728000000804AACDF81480274FC688B0F808E09B
:107290003B68DFF89C9092E8030016F4807F4FF083
:1072A000C0068DE8030014BF04220522714618466B
:1072B00002962346FFF77CFF1C4B0693CDF81C80FB
:1072C00008AB13E903003A6802968DE803002346F1
:1072D0001046232142F21072FFF76AFF99F800303E
:1072E0005BB101232376002DAFD0FAF7F5FC4019EE
:1072F00041EBE571C4E90401ABE70093232242F2BC
:10730000107342F210700021FAF7F6FC012389F89D
:107310000030E6E7032198472068AEE711FCFFFF45
:1073200059700100AD700100480B0020DD700100B4
:10733000A50C0020F0B5037E93B00446002B47D087
:107340000268294906910023079306A9B2F806E0CE
:10735000264E15893768237603C91EF4807F4FF0C7
:1073600010038DE8030014BF04220522294602936E
:1073700008A82346FFF7ECFE3B681D4D9B68AB4217
:107380002DD108A8FAF766F81A4B04930023059349
:1073900004AB93E80300366810238DE803000293E2
:1073A00042F210722346232108A8FFF7D1FE33686A
:1073B0009B68AB420FD108A8FAF74CF800220023D3
:1073C0000021C4E90423616004F10800F9F726FFF5
:1073D000204613B0F0BD304608A99847EBE7384681
:1073E00008A99847CDE700BFAD700100480B002009
:1073F00079080100DD700100C388DB0606D4036A4A
:10740000C0698342B4BF002001207047002070474C
:1074100010B504468069054B2360036821461B6A4A
:1074200098472046FAF732FD204610BD6CBD01009A
:1074300010B50446FFF7ECFF204602F057FF204648
:1074400010BD00BFF0B50C8983B0164600251F465D
:1074500022460123019500950446FAF7E1FD3368C1
:107460000A4AA661E76125622260DB69304621464F
:107470009847AF4206DAE388E56143F010030A2239
:10748000E3802262204603B0F0BD00BF6CBD010066
:10749000416270474068704741600020704700BFFC
:1074A000F0B58B68CD699D42A8BF1D460C4683B0E0
:1074B00001222946064604F10C0701A8FCF720FB2F
:1074C00001A93846FCF74EFB01A8FCF743FBE06836
:1074D00061692A460430F5F737FC6269E3692A449A
:1074E0005D1B002D6261E5611ED1236A002BC4BFC4
:1074F00003F1FF3323625BB1A3692269E361002BCF
:10750000626104DD606A03681B689847E36923B918
:10751000236A13B994F8283043B939463046FCF74A
:1075200011FB304603B0F0BDECDCF6E704F12C00B3
:10753000F9F762FEF1E700BF38B504460B4B40F89F
:107540000C3B04F12C05FCF7D5FA2846F9F71AFE96
:10755000002101224FF480732846646361626260F7
:10756000A360F9F713FE204638BD00BF98BD0100A7
:1075700070B5456A9DF8106015B1002A00DD03B9A9
:1075800070BD044628682362616103682161E2617D
:10759000A26184F828602846984794F82830002B88
:1075A000EED004F12C00BDE87040F9F7EFBD00BF4C
:1075B00010B582B000240094FFF7DAFF02B010BDCE
:1075C000024B1868BFF35B8F704700BF940C00201C
:1075D00030B5214A21F00043934287B01BDD1F4A9A
:1075E000934205DD02460B4601F08AFF07B030BD2D
:1075F00002AAECF761F900F00303012B1BD0022B68
:107600000FD013B30124DDE90423DDE90201009466
:10761000EDF792F9EAE700220023ECF739FC07B016
:1076200030BDDDE90423DDE90201ECF731FC01F1B5
:10763000004107B030BDDDE904450093DDE90201FA
:1076400022462B46EDF778F9F1E7DDE90423DDE981
:107650000201ECF71DFCC9E7FB21E93FFFFFEF7FCB
:1076600021F00041704700BF30B51F4A21F00043B0
:10767000934287B01CDD1D4A934205DD02460B464E
:1076800001F03EFF07B030BD02AAECF715F900F09B
:1076900003000128DDE9042319D0022810D0D8B155
:1076A000DDE90201ECF7F4FB01F1004107B030BD68
:1076B0000023009300220023EDF73EF907B030BD10
:1076C0000124DDE902010094EDF736F9ECE7DDE98C
:1076D0000201ECF7DDFBD5E70124DDE902010094AE
:1076E000EDF72AF9CEE700BFFB21E93FFFFFEF7F6F
:1076F00030B5144A21F00043934287B019DD124A95
:10770000934205DD02460B4601F0FAFE07B030BD9C
:1077100002AAECF7D1F8440004F00204C4F1010419
:10772000DDE90423DDE902010094EDF7BDF907B0BE
:1077300030BD0123009300220023EDF7B5F907B017
:1077400030BD00BFFB21E93FFFFFEF7F354A21F04D
:1077500000439342D0B506460F460C460DDD002F80
:1077600002460B464FF000002F4932DB02F0A6F92B
:1077700000222D4B01F0C6FED0BD2C4A934207DDFE
:1077800029490020002C02DA01F100431946D0BD3E
:10779000B3F1725F24DB264A93422ADDFFF760FFD4
:1077A00002460B4601F0AEFEEDF76AFB00224FF0F9
:1077B000804301F0A7FE02460B4600204FF08041B7
:1077C00002F07CF902460B460020174901F098FEB2
:1077D000D8E702F073F90022134B01F091FED0BDFF
:1077E0000022114B01F08EFE32463B4602F03CF87F
:1077F000D0BDFFF735FF00224FF0404302F034F8D0
:10780000EDF73EFB00224FF08043064601F10047B2
:1078100001F078FE02460B463046394602F04EF93A
:10782000B0E700BFFFFFEF7F0000F03FFFFF3540F4
:10783000FFFFEF3FF8B5C1F30A56A6F2FF34132C51
:107840000D460ADC002C1BDB114941FA04F400222E
:1078500025EA040310461946F8BD332C05DDB4F5BE
:10786000806F02460B460FD0F8BD4FF0FF31A6F2F5
:10787000134621FA06F620EA060210462946F8BD0C
:10788000002005F00041F8BD01F03CFEF8BD00BF4E
:10789000FFFF0F0000B585B0234A0190019B23F044
:1078A000004393421DDDB3F1FF4F08DBDDED017AAC
:1078B00077EEE77A17EE900A05B05DF804FB02A9AF
:1078C00000F04EFE00F00302012A1DD0022A12D061
:1078D0001AB301220399029801F0C0FB07EE900A47
:1078E000E8E7002100F0D8FF07EE900A17EE900AB3
:1078F00005B05DF804FB0399029800F0CDFF07EE98
:10790000900AF1EE677AD5E70399029801F0A6FB99
:1079100007EE900AF1EE677ACCE70399029800F03F
:10792000BBFF07EE900AC5E7D80F493F00B585B009
:10793000244A0190019B23F0004393421EDDB3F1E2
:10794000FF4F08DBDDED017A77EEE77A17EE900A5C
:1079500005B05DF804FB02A900F002FE00F0030090
:10796000012820D0022814D020B30399029800F0F7
:1079700093FF07EE900AF1EE677AE7E70022002115
:1079800001F06CFB07EE900A17EE900A05B05DF867
:1079900004FB01220399029801F060FB07EE900AB4
:1079A000F1EE677AD2E70399029800F075FF07EECF
:1079B000900ACBE701220399029801F04FFB07EEF2
:1079C000900AC3E7D80F493F2DE9F043DFF89C80C8
:1079D0008BB004460D46E9F7DBFE98F90030013321
:1079E00006460F462BD022462B462046294602F05B
:1079F000D5F9814618BB20462946FFF731FE002203
:107A0000174B02F0C1F9D0B1164B1748CDF82090B2
:107A100001228DE80C00CDE90445CDE9024501F0D5
:107A200073FB98F90030022BCDE906010CD06846B3
:107A300001F068FB40B1089B6BB9DDE90667304691
:107A400039460BB0BDE8F08301F0E8FC2123036068
:107A5000089B002BF1D001F0E1FC089B0360ECE7F0
:107A60000000F03FACBD010054B30100FB01002059
:107A70002DE9F0438BB004460D46EAF7DDF8244BC0
:107A800093F90080B8F1FF3F06460F460ED022461C
:107A90002B462046294602F081F9814630B9002262
:107AA0001C4B2046294602F051F920B93046394690
:107AB0000BB0BDE8F083002200230127164ECDF85D
:107AC000209010461946CDE90445CDE902450097BE
:107AD000019601F0F3FFB8F1020FCDE906010CD0D9
:107AE000684601F00FFB40B1089B5BB9DDE9066712
:107AF000304639460BB0BDE8F08301F08FFC2123FE
:107B00000360F1E701F08AFC089B0360EEE700BF29
:107B1000FB0100200000F03FB4BD01002DE9F0435F
:107B2000DFF89C808BB004460D46EAF715F998F90A
:107B30000030013306460F462BD022462B46204606
:107B4000294602F02BF9814618BB20462946FFF74B
:107B500087FD0022174B02F017F9D0B1164B1748DA
:107B6000CDF8209001228DE80C00CDE90445CDE947
:107B7000024501F0C9FA98F90030022BCDE906015F
:107B80000CD0684601F0BEFA40B1089B6BB9DDE944
:107B90000667304639460BB0BDE8F08301F03EFC85
:107BA00021230360089B002BF1D001F037FC089BD8
:107BB0000360ECE70000F03FBCBD010054B30100DE
:107BC000FB010020EAF7F0BA2DE9F04FDFF8DCA066
:107BD0008BB004460D46EAF7E3FB9AF90030013317
:107BE00006460F4638D022462B462046294602F04C
:107BF000D5F8834680BB20462946FFF731FD002299
:107C0000284B8046894602F0B5F828B3254B4046FC
:107C10004946002202F0B8F8034610B300230022C0
:107C200019460127204ECDF820B01046CDE9044575
:107C3000CDE902450097019601F040FF9AF9003026
:107C4000022BCDE9060121D0684601F05BFAE8B1CC
:107C5000089B13BBDDE90667304639460BB0BDE82B
:107C6000F08F022708932046002329460E4E0097E6
:107C70000022CDE90445CDE90245019601F01EFF41
:107C80009AF90030BB42CDE90601DDD101F0C6FB17
:107C900021230360089B002BDCD001F0BFFB089B75
:107CA0000360D7E70000F03FC4BD0100FB010020E6
:107CB0002DE9F04F8BB01D4606460F46144600F0E6
:107CC0006FFA284B93F900A0BAF1FF3F804689462E
:107CD0002CD022462B462046294602F05FF828BBCE
:107CE00032463B463046394602F058F88346E8B9FA
:107CF000002200232046294602F01EF8B0B11A4B9C
:107D0000CDF820B00122CDE90267CDE904458DE828
:107D10000C00BAF1000F0ED1CDE90667684601F0FC
:107D2000F1F998B1089BC3B9DDE906894046494697
:107D30000BB0BDE8F08F002200231046194601F079
:107D4000BDFEBAF1020FCDE90601E7D101F066FBF5
:107D500021230360089B002BE6D001F05FFB089B0A
:107D60000360E1E7FB010020D8BD01002DE9F043ED
:107D70008BB004460D46EAF7C7FD374B93F9006018
:107D8000731C804689460DD022462B462046294644
:107D900002F004F830B9002200232046294601F001
:107DA000F3FF20B1404649460BB0BDE8F0832B4BB2
:107DB0000890CDE90245CDE904450193DEB9284F8D
:107DC0004FF060462046294600220023CDE9066791
:107DD00001F0B2FF002837D002230093684601F07B
:107DE00091F9C8B1089BE3B9DDE9068940464946E7
:107DF0000BB0BDE8F083DFF870904FF0000820462C
:107E0000294600220023CDE9068901F095FF68B1DB
:107E100002239E420093E1D101F000FB2223036084
:107E2000E0E701F0FBFA089B0360DDE70123022E87
:107E300000930BD101F0F2FA21230360094801F00D
:107E400063F9CDE90601CDE701230093684601F00F
:107E500059F90028F2D1EDE7FB010020E0BD010057
:107E6000FFFFEFC754B301000000F0FF2DE9F0431E
:107E70008BB004460D46EAF73BFF384B93F90060A0
:107E8000731C804689460ED022462B462046294642
:107E900001F084FF074630B900220023204629461E
:107EA00001F05EFF20B9404649460BB0BDE8F083C3
:107EB0002B4B0897CDE90245CDE904450193DEB986
:107EC000284F4FF060462046294600220023CDE986
:107ED000066701F031FF002837D00223009368467F
:107EE00001F010F9C8B1089BE3B9DDE90689404605
:107EF00049460BB0BDE8F083DFF870904FF0000802
:107F00002046294600220023CDE9068901F014FF0E
:107F100068B102239E420093E1D101F07FFA22234F
:107F20000360E0E701F07AFA089B0360DDE70123D4
:107F3000022E00930BD101F071FA212303600A484D
:107F400001F0E2F8CDE90601CDE701230093684690
:107F500001F0D8F80028F2D1EDE700BFFB010020C6
:107F6000E4BD0100FFFFEFC754B301000000F0FFC4
:107F70002DE9F0432B4E8BB080468946EBF7C0FECF
:107F800096F90030013304460D4603D001F0B4F8F1
:107F9000074620B1204629460BB0BDE8F083404695
:107FA000494601F0A9F80028F4D01F4B96F900408B
:107FB000089703228DE80C00CDE90489CDE90289F8
:107FC0004046494600220023A4B901F0DDFE4FF0EF
:107FD000604210B3154BCDE90623684601F092F8D4
:107FE00088B1089BA3B9DDE90645204629460BB0B8
:107FF000BDE8F08301F0C8FE002280B10C4B022CDA
:10800000CDE90623E9D101F009FA22230360E8E76C
:1080100001F004FA089B0360E5E7064BDBE7064B3B
:10802000EDE700BFFB010020F0BD0100FFFFEF47BF
:108030000000F07FFFFFEFC70000F0FF2DE9F04FD9
:108040008BB004460D4600F0CFF9294B93F900A000
:10805000BAF1FF3F06460F4612D022462B46204675
:10806000294601F09BFE834650B94FF000084FF0BF
:1080700000092046294642464B4601F067FE20B9DA
:10808000304639460BB0BDE8F08F1A4BCDF820B022
:108090000122CDE90445CDE902458DE80C00BAF195
:1080A000000F17D042464B464046494601F006FDB8
:1080B000BAF1020FCDE906010ED101F0AFF921238B
:1080C0000360089B73B9DDE90667304639460BB09B
:1080D000BDE8F08FCDE90689684601F013F8002865
:1080E000EFD1EAE701F09AF9089B0360EBE700BFE4
:1080F000FB010020F8BD010010B52DED028B8AB008
:1081000008EE100A00F076FB234B93F90040631C45
:1081100009D0B4EE488AF1EE10FA04D6B5EEC08A62
:10812000F1EE10FA03D40AB0BDEC028B10BD0123AE
:108130001A4A009318EE100A00230192089301F0E6
:108140003FFB0022CDE90401CDE902010023ACB1DF
:108150001046194601F0B2FC022CCDE906010FD100
:1081600001F05CF921230360089B7BB9DDE906017E
:1081700001F072FE0AB0BDEC028B10BDCDE9062302
:10818000684600F0BFFF0028EED1E9E701F046F9AC
:10819000089B0360EAE700BFFB01002000BE01006E
:1081A0002DE9F84F904623F0004A944658EA0A0217
:1081B000994604460D4623D01E468346034683480F
:1081C00021F0004282421BDCC8F1000040EA0800B6
:1081D000DFF810E24AEAD070704511D852454746A0
:1081E00001F0004E18DC28DB444526D314D1784B2F
:1081F0004FEADE7E03EBCE03D3E90001BDE8F88F42
:1082000042464B462046294601F02EFB02460B46CD
:1082100001F054FCBDE8F88FB2F5801F11DA002A96
:1082200040F09C80BBF1000F5C466A480CDD6400A6
:10823000002C00F1FF30FADC06E020462946BDE8BC
:10824000F88F1015A0F2FF30BAF5801F0EDABAF1E0
:10825000000F40F09780BCF1000F65465D4C09DDD2
:108260006D00002D04F1FF34FADC03E04FEA2A54DC
:10827000A4F2FF34584DA84256DBC1F3130242F476
:10828000801255498C425BDBC6F3130646F4801618
:10829000001B07E051EA050312D0EA0F02EB41028E
:1082A0006B000138DD1B911B98B1BB4238BF01F157
:1082B000FF310029EEDAD90F01EB42025B00F0E753
:1082C000434B4FEADE7E03EBCE0EDEE90001BDE854
:1082D000F88FBB420E4638BF01F1FF36002EACBF0F
:1082E000DB1B164656EA0302EAD03C498E4208DC04
:1082F000DA0F02EB46068E4204F1FF344FEA4303E5
:10830000F6DD354A944246DA121B142A4EDCC2F1DD
:10831000200123FA02F006FA01F30343164146EA6C
:108320000E011846BDE8F88F2D1A1F2D24DCC5F16B
:1083300020032BFA03F3AA401A430BFA05F3A0E734
:10834000091B1F2912DCC1F120060AFA01FA2CFAD6
:1083500006F646EA0A060CFA01F799E71E48D40227
:108360006400002C00F1FF30FADC6DE71C4E361B78
:108370000CFA06F600278BE7194A121A0BFA02F2DA
:1083800000237EE7144C4FEACA256D00002D04F14E
:10839000FF34FADC6EE7A6F5801646EA0E0E04F20C
:1083A000FF324EEA02511846BDE8F88F1F2A06DC5C
:1083B000C2F120018E40D34033437646AFE7084BED
:1083C0001B1B46FA03F37646A9E700BFFFFFEF7FCA
:1083D00038AB0100EDFBFFFF02FCFFFFFFFF0F00CA
:1083E000E2FBFFFF0000F07F2DE9F0415B4F8F4380
:1083F00004460D4600F0918000290B4602466EDDD2
:108400000F157AD0A7F2FF37C3F31303F80743F42D
:1084100080135FD403EBD27100260B447F1052000F
:10842000B64616204FF400110EEB01049C424FEAB1
:10843000D2754FEA420203DC1B1B04EB010E0E4413
:10844000013805EB43034FEA5101EDD18446202466
:108450004FF0004109E020D003EBD275013C4FEA18
:1084600051012B444FEA420220D0734501EB0C0529
:10847000F1DD002D05EB010C09DBF0469542A3EB85
:108480000E0300D9013B521B0844C646E4E7BCF189
:10849000000FF2DB0EF10108F0E79542DCD8002D69
:1084A00005EB010C45DB98460023ECE7134302D0B3
:1084B000411C42D0013044087310F20703F17F538E
:1084C00003F5001348BF44F0004403EB0751204676
:1084D000BDE8F0815B0003EBD27352009AE70646D9
:1084E00021F000473E4322D071BB0F46D30A153F0F
:1084F0005205002BFAD0DE0221D4002400E004460D
:108500005B00DD0204F10100F9D5C0F1200122FA7F
:1085100001F10B433F1B824074E702460B4601F01A
:10852000A3F922462B4600F0EDFFBDE8F081BDE83F
:10853000F081BCF1000FADDAB5E70136BCE70020F1
:1085400020214FF0FF34E2E702460B4600F0D8FF4F
:1085500002460B4601F0B2FABDE8F0810000F07F60
:1085600070B5964A20F00044944286B06ADD944A81
:10857000944206461CDC0028DFED927A924A24F0F1
:108580000F0407EE100A40F3E180944277EE677A19
:1085900068D09FED8E7A77EEC76A012077EEE67A93
:1085A000C1ED006A77EEC77AC1ED017A06B070BD01
:1085B000874A94420D4667DDB4F1FF4F48DAE21571
:1085C000863AA4EBC25307EE903ABDEEE77ADFEDB0
:1085D000816AB8EEC77A77EEC77A8DED037A67EED7
:1085E000A67ABDEEE77AB8EEC77A77EEC77A8DED58
:1085F000047A67EEA67AF5EE407AF1EE10FACDED48
:10860000057A40F0B680B5EE407AF1EE10FA0CBF74
:1086100001230223704901910221009103A82946F8
:1086200000F0C4F9002E11DA95ED007AD5ED017A4B
:10863000B1EE477AF1EE677A404285ED007AC5EDFA
:10864000017A03E0002208604A60002006B070BD95
:1086500007EE900A77EEE77A0020C1ED017AC1EDCE
:10866000007AF3E7DFED5D6A9FED5D7A77EEE67AFB
:10867000012077EEC76A77EEE67AC1ED006A77EE01
:10868000C77AC1ED017AE1E700F0CEFD9FED556AB2
:108690009FED4C5A9FED4D7A07EE900AF6EE006A78
:1086A000E7EE866AFDEEE66AB8EEE66A16EE900A36
:1086B000F1EE465A1F28E5EE857A26EE077A1DDC94
:1086C000494A411E24F0FF0352F82120934215D05D
:1086D00077EEC76AC5ED006A77EEE67A002E77EE90
:1086E000C77AC5ED017AB1DAF1EE666AF1EE677A22
:1086F000C5ED006AC5ED017A4042A7E777EEC76A8B
:10870000E41516EE903AC3F3C753E31A082BE1DDE4
:108710009FED327ADFED326AB0EE675AA5EE875AE6
:1087200077EEC57AE5EE877AD6EE267A75EE676A39
:10873000B0EE677A16EE903AC3F3C753E41A192CD9
:108740002CDCC5ED006AF0EE457AC5E7944277EE81
:10875000277A10D09FED1D7A77EE876A4FF0FF30B1
:1087600077EEE67AC1ED006A77EE877AC1ED017A9D
:108770006CE703234EE7DFED196A9FED197A77EE78
:10878000A67A4FF0FF3077EE876A77EEE67AC1ED92
:10879000006A77EE877AC1ED017A57E7DFED136A59
:1087A000DFED134AF0EE457AE5EEA67A35EE677A0C
:1087B000A5EEA67A96EE247A8AE700BFD80F493F45
:1087C000E3CB1640800FC93FD00FC93F4344353734
:1087D000800F49430000804310C00100004435373A
:1087E00008A3852E84F9223F90BF010000A3852EA7
:1087F00032318D2420F00042B2F1FF4F07EE900A93
:1088000031D292B3002803463EDBB2F5000F70B4BC
:108810004FEAE0502CD3A0F17F02C3F31603D10737
:1088200043F4000348BF5B00002456105B0025465C
:1088300019214FF08072A818984202DC1B1A851883
:10884000144401394FEA43034FEA5202F3D113B102
:10885000013424F00104641004F17C5404EBC65389
:10886000184670BC7047E7EEA77A17EE900A70477B
:1088700013F4000201D00CE00A465B001C0202F176
:108880000101F9D5801AC6E737EEE77AC7EE077A15
:10889000EBE74FF0FF32F5E720F00043B3F1485F1C
:1088A00006EE100A06EE901A2EDAFDEEC67A17EEE4
:1088B000903A002B64D026EE067ADFED343A9FED35
:1088C000344ADFED344A9FED345ADFED347ADFED80
:1088D000345AA7EE234AE7EE044AA7EE245AE7EEFD
:1088E000057AE7EE275A65EE875A66EEC66AB6EE57
:1088F000006AE7EE256AF7EE007AD7EE066A77EEB1
:10890000E67A17EE900A704726EE067ADFED1F3AF8
:108910009FED1F4ADFED1F4A9FED1F5ADFED1F7AC3
:10892000DFED1F5A1F4AA7EE234A9342E7EE044A9F
:10893000A7EE245AE7EE057AE7EE275A65EE875A46
:10894000D3DD194A934216DC03F17F4307EE903AD8
:10895000B7EE005A35EE675A66EEC66AB6EE006AA2
:10896000E7EE256AD7EE067A77EEE67A75EE677A55
:1089700017EE900A7047B6EE075AF5EE027AEBE76B
:10898000F7EE007A17EE900A704700BF4ED747AD5A
:10899000F6740F317CF293B4010DD037610BB6BA87
:1089A000ABAA2A3D9999993E0000483F2DE9F04F26
:1089B0002DED048BD9B003F1FF390493D31E48BFCA
:1089C000131DDA4C669D0291DB1023EAE37319460E
:1089D00054F8256006930133A2EBC3030193A1EB86
:1089E000090316EB0901824616D419449FEDD07A8B
:1089F000679801311CAA002BA4BF50F8234007EE52
:108A0000904A03F10103ACBFF8EEE77AF0EE477A43
:108A10008B42E2EC017AEED1002EC0F21783049B68
:108A200044AD9C00771C1CAB05EB870718190AEBBB
:108A30000401B9F1000FC0F28582DFEDBD7A534623
:108A40000246F3EC016A32ED017A8B42E6EE877A58
:108A5000F7D1E5EC017ABD4200F10400E9D106F15D
:108A60008043013B9B0008AD1A1FAA18B34603962A
:108A7000DFEDB18A9FEDAF8A019E0792544405EB6A
:108A8000030844AF4FEA8B0258AB1344BBF1000F0D
:108A900053ED146A18DD07A907EB8B0366EEA87A7D
:108AA000B0EE667AFDEEE77A33ED016AF8EEE77A2A
:108AB000BB42A7EEC87A77EE866ABDEEC77A17EE9C
:108AC000100A41F8040FE9D1314616EE900A0592DA
:108AD00000F008FC09EE100AF4EE007A69EE277A3D
:108AE00017EE900A00F0A4FB07EE100AF2EE007AEF
:108AF000A7EE679A002E059AFDEEC99AF0EE497A24
:108B0000B8EEE99A37EEC99A40F3CB800BF1FF3EFD
:108B1000C6F1080355F82E0040FA03F101FA03F3F9
:108B2000C01A45F82E0019EE90EA8E44C6F10703EC
:108B300009EE90EA1841002853DD19EE903ABBF196
:108B4000000F03F1010309EE903A40F31A822968FD
:108B5000002940F07182BBF1010F40F33182AE4633
:108B600001235EF8041F002900F0268203F1010EA4
:108B7000C1F58071F34545F8231012DD55F82E102C
:108B80000233C1F1FF019B4545F82E1009DD05EBCD
:108B900083012A440B68C3F1FF0341F8043B91426F
:108BA000F8D1002E0DDD012E4FF0010140F0EF81D4
:108BB0000BF1FF3255F8223003F07F0345F82230E5
:108BC000EFE102280DD1F7EE007A37EEC99A31466F
:108BD0004FF07E5000F086FB07EE900A39EE679A60
:108BE0000220B5EE409AF1EE10FA70D1039B0BF122
:108BF000FF3E73450EDC0BF18042013A05EB820229
:108C0000002152F80439424541EA0301F9D1002913
:108C100040F09680039B013B55F82330002B40F039
:108C2000D981079B4FF0010C53F804290CF1010C7A
:108C3000002AF9D0DC440BF1010EE6452FDC069A40
:108C4000049B0EEB020103EB0B000CEB02031CAACE
:108C500001F1804102EB8000679A013902EB81014A
:108C600007EB8E0E02EB830B51F8043F07EE903AB0
:108C7000F8EEE77AB9F1000FE0EC017ADFED2C7A3B
:108C800009DB53460246F3EC016A32ED017AA34256
:108C9000E6EE877AF7D15945EEEC017AE4D1E34666
:108CA000F0E605D10BF1FF3355F82300001242E73F
:108CB000F6EE007AB4EEE79AF1EE10FA80F24C810B
:108CC000B5EE409AF1EE10FA4FF000008ED0019C04
:108CD0000490614219EE100A039E00F003FBDFEDE1
:108CE000156A049A07EE100AB4EEE67AF1EE10FA6D
:108CF000C0F28881DFED107A67EE277A2346FDEE19
:108D0000E77A0833F8EEE77A0193A7EEE67A0BF1FB
:108D10000103FDEEE77ABDEEC77A17EE101A45F8AB
:108D20002B1017EE901A45F823101EE064C30100C3
:108D300000000000000080430000803B0000C93FAD
:108D40000246019855F82E10039E0838734601908C
:108D500059B90EF18041013905EB810151F80449FF
:108D6000013B0838002CF9D00190019904934FF091
:108D70007E50039200F0B6FA049B039A002B07EE94
:108D8000100AC0F24A814FEA830E44A901EB0E0794
:108D90000EF1040C5FED186A05EB0C01381D71ED46
:108DA000017AF8EEE77AA94267EE877A27EE267A0B
:108DB00060ED017AF3D11FED1F6A0DF5867800256D
:108DC000002EC0F2DB80A34CDFEDA37A3846B0EE74
:108DD000467A002103E0A94208DCB4EC017AF0EC09
:108DE000016A01318E42E7EE267AF4DA043F58A98F
:108DF00001EB8501474541ED287A05F10105DFD1F9
:108E0000669903295BD8DFE801F08C636302002BCD
:108E100040F3008158A9714430A811ED287A0EF171
:108E20000401014431AC704450ED017A77EE876A59
:108E300077EEE67A77EE877AB0EE667A61ED017AC0
:108E4000A14260ED016AEFD1012B40F3E38058AB02
:108E5000734430A913ED287A0EF1040332A88E442E
:108E600019445EED017A77EE876A77EEE67A77EE5F
:108E7000877AB0EE667A61ED017A88426EED016A1A
:108E8000EFD130A8DFED747A034433ED017A9942D3
:108E900077EE877AF9D1002A00F0AC80DDED306AF8
:108EA0009DED317A029AF1EE677AF1EE666AB1EEE3
:108EB000477AC2ED027AC2ED006A82ED017A19EEBC
:108EC000903A03F0070059B0BDEC048BBDE8F08F79
:108ED0000EF1040130A8DFED607A014431ED017A32
:108EE000814277EE877AF9D1002A76D0DDED306ABB
:108EF0000299B1EE677A002B76EEE77A81ED007A7F
:108F000009DD31A80121B0EC017A01318B4277EE05
:108F1000877AF8DA0AB1F1EE677A029BC3ED017A3B
:108F2000CDE730ABDFED4C7A9C443CED017A6345F4
:108F300077EE877AF9D10AB1F1EE677A029BC3ED39
:108F4000007ABCE7DFED447AE5EC017ABD4200F13E
:108F500004007FF46EAD82E519EE903ABBF1000F8C
:108F600003F1010309EE903AC8BF02203FF7EFADCD
:108F7000F7EE007A37EEC99A022032E6DFED367A54
:108F800034E7002E1EDD0021012E3FF411AE022E2B
:108F900007D10BF1FF3255F8223003F03F0345F8BB
:108FA000223002287FF41DAEF7EE007A37EEC99A20
:108FB00000293FF416AE0AE601339B457FF4D1AD9C
:108FC000002EE1DC02287FF40CAEF7EE007A37EEDB
:108FD000C99A06E64FF0010C2CE69DED307A029915
:108FE000002BC1ED007A77EE677A8ADC029BC3ED35
:108FF000017A64E70298309A319BC0ED027A0260F0
:1090000043605CE7BDEEC77A5B4617EE101A45F881
:109010002B10AAE6DFED107A3DE7669903293FF6AB
:109020004EAF01A050F821F047900100419001009F
:1090300041900100159001004FF0010E002397E5CB
:10904000DFED057A50E7DFED047A74E7049B9C00BE
:1090500005E500BF3CC301000000000020F0004314
:10906000B3F1485F07EE900A06EE101A04DABDEE7F
:10907000E77A17EE103A23B327EEA77A9FED174A47
:10908000DFED174A9FED175ADFED175ADFED176A2C
:10909000E7EE044A27EE874AA7EE245AE7EE055A80
:1090A000E7EE256A82B166EEC46AF6EE005AE6EE95
:1090B000256ADFED0F5A97EE266AA4EE256A77EE51
:1090C000C67A17EE900A70479FED0A6AA7EE266AE5
:1090D000E4EE067A17EE900A704700BFD3C92E2F30
:1090E000342FD7B21BEF3836010D50B98988083CB0
:1090F000ABAA2A3EABAA2ABE41F0004101F580107E
:10910000C00F70470020704700200149704700BF22
:109110000000F87FF0B5C1F30A5EAEF2FF36132E01
:1091200083B002460B460C464FEAD17507462EDC4B
:10913000002E49DB3A49314103EA010010432BD0AC
:1091400049080B4053EA02070CD04FF48023132E3A
:1091500024EA010143FA06F444EA01040CBF4FF08B
:10916000004700272F4B03EBC5052146D5E90045F5
:10917000384622462B4600F0C5F9CDE900012246CB
:109180002B46DDE9000100F0BBF903B0F0BD332E42
:1091900006DDB6F5806F40D01046194603B0F0BD2D
:1091A000AEF2134E4FF0FF3121FA0EF10842F3D028
:1091B00049080842D6D04FF0804320EA010143FA23
:1091C0000EFE4EEA0107CDE721F000410143E3D056
:1091D000C3F31301134E0143C1F1000C06EBC502AA
:1091E000D2E900674CEA010C4FEA1C3C5C0C6404B9
:1091F0000CF4002343EA040132463B4600F082F9B6
:10920000CDE9000132463B46DDE9000100F078F986
:1092100021F0004444EAC571C0E700F073F9BDE7EE
:10922000FFFF0F0088AB010020F00040704700BF37
:1092300010B483B00190019A22F00041CB0D7F3B26
:10924000162B19DC002B144628DB24481841024257
:1092500015D0DFED237A9DED017A77EE277AF5EED2
:10926000C07AF1EE10FA28DD002A29DB24EA00009A
:1092700003B05DF8044B7047B1F1FF4F04D2019881
:1092800003B05DF8044B7047DDED017A77EEA77A05
:1092900017EE900A03B05DF8044B7047DFED107ACB
:1092A00007EE100A77EE277AF5EEC07AF1EE10FAA3
:1092B000E5DD002A0ADB0020E2E717EE100ADFE70F
:1092C0004FF4000242FA03F31C44CFE70029FFEEFB
:1092D000007A18BF17EE900AD2E700BFFFFF7F00A9
:1092E000CAF2497100B52DED028B83B00190019B4C
:1092F00033F0004223D0B2F1FF4F15D2B2F5000F88
:1093000026D3D20D0A44FE2A3CDC002A30DD23F0AD
:10931000FF4343EAC25307EE903A17EE900A03B0B8
:10932000BDEC028B5DF804FB07EE900A77EEA77A9E
:1093300017EE900A03B0BDEC028B5DF804FBDDED87
:10934000017A17EE900A03B0BDEC028B5DF804FBC6
:109350009DED017ADFED1E7A1E4B67EE277A99426A
:10936000CDED017A20DB019BC3F3C752193AC9E75F
:1093700012F1160F1FDA4CF25033994202DC9FEDC6
:10938000168A01E09FED158A019918EE100A00F087
:1093900031F807EE900A67EE887A17EE900A03B06C
:1093A000BDEC028B5DF804FBDFED0B7A9DED017ADD
:1093B00067EE277ABCE7193223F0FF4343EAC25332
:1093C0009FED077A07EE903A67EE877AB0E700BF25
:1093D0000000004CB03CFFFF6042A20DCAF2497190
:1093E0000000003303F0004321F0004242EA030191
:1093F000704700BF01F0004120F000400843704773
:1094000010B5054C13462CB10A4601460220AFF3B5
:10941000008010BD204610BD00000000014B186800
:10942000704700BF2800002008B5074B044613B161
:109430000021AFF30080054B1868836A03B1984799
:10944000204600F051FF00BF0000000070C3010083
:1094500070B50D4E0D4CA41BA4100025A54209D1DA
:109460000B4E0C4C01F060F8A41BA4100025A54283
:1094700005D170BD56F8253098470135EEE756F80E
:10948000253098470135F2E7FC010020FC0100205F
:10949000FC0100200C020020024B0146186800F07D
:1094A0006FBF00BF2800002038B5074C00230546D9
:1094B00008461146236000F00FFF431C02D12368C9
:1094C00003B12B6038BD00BFA80C0020084B37B596
:1094D0001C68084D236A002B08BF2B4600931346D7
:1094E0000A460146204600F07DFF03B030BD00BFB4
:1094F000280000208C00002081F0004102E000BF25
:1095000083F0004330B54FEA41044FEA430594EA43
:10951000050F08BF90EA020F1FBF54EA000C55EA7E
:10952000020C7FEA645C7FEA655C00F0E2804FEA4F
:109530005454D4EB5555B8BF6D420CDD2C4480EA31
:10954000020281EA030382EA000083EA010180EA61
:10955000020281EA0303362D88BF30BD11F0004FAF
:109560004FEA01314FF4801C4CEA113102D04042E5
:1095700061EB410113F0004F4FEA03334CEA133320
:1095800002D0524263EB430394EA050F00F0A78038
:10959000A4F10104D5F1200E0DDB02FA0EFC22FA33
:1095A00005F2801841F1000103FA0EF2801843FA27
:1095B00005F359410EE0A5F120050EF1200E012A18
:1095C00003FA0EFC28BF4CF0020C43FA05F3C01856
:1095D00051EBE37101F0004507D54FF0000EDCF1CF
:1095E000000C7EEB00006EEB0101B1F5801F1BD378
:1095F000B1F5001F0CD349085FEA30004FEA3C0C7C
:1096000004F101044FEA445212F5800F80F09A8071
:10961000BCF1004F08BF5FEA500C50F1000041EB75
:10962000045141EA050130BD5FEA4C0C404141EB79
:10963000010111F4801FA4F10104E9D191F0000FA0
:1096400004BF01460020B1FA81F308BF2033A3F123
:109650000B03B3F120020CDA0C3208DD02F1140C1A
:10966000C2F10C0201FA0CF021FA02F10CE002F155
:109670001402D8BFC2F1200C01FA02F120FA0CFC4E
:10968000DCBF41EA0C019040E41AA2BF01EB045197
:10969000294330BD6FEA04041F3C1CDA0C340EDC95
:1096A00004F11404C4F1200220FA04F001FA02F3D8
:1096B00040EA030021FA04F345EA030130BDC4F196
:1096C0000C04C4F1200220FA02F001FA04F340EA8B
:1096D0000300294630BD21FA04F0294630BD94F03C
:1096E000000F83F4801306BF81F480110134013D23
:1096F0004EE77FEA645C18BF7FEA655C29D094EA94
:10970000050F08BF90EA020F05D054EA000C04BF11
:109710001946104630BD91EA030F1EBF00210020FC
:1097200030BD5FEA545C05D14000494128BF41F09B
:10973000004130BD14F580043CBF01F5801130BDFF
:1097400001F0004545F0FE4141F470014FF000008A
:1097500030BD7FEA645C1ABF194610467FEA655C3B
:109760001CBF0B46024650EA013406BF52EA0335DD
:1097700091EA030F41F4002130BD00BF90F0000FCB
:1097800004BF0021704730B54FF4806404F1320407
:109790004FF000054FF0000150E700BF90F0000FC0
:1097A00004BF0021704730B54FF4806404F13204E7
:1097B00010F0004548BF40424FF000013EE700BFB7
:1097C00042004FEAE2014FEA31014FEA02701FBF47
:1097D00012F07F4393F07F4F81F06051704792F019
:1097E000000F14BF93F07F4F704730B54FF4607493
:1097F00001F0004521F0004120E700BF50EA0102DE
:1098000008BF704730B54FF000050AE050EA01028A
:1098100008BF704730B511F0004502D5404261EBFA
:1098200041014FF4806404F132045FEA915C3FF43B
:10983000DCAE4FF003025FEADC0C18BF03325FEAD4
:10984000DC0C18BF033202EBDC02C2F1200300FA89
:1098500003FC20FA02F001FA03FE40EA0E0021FAAE
:1098600002F11444C1E600BF70B54FF0FF0C4CF498
:10987000E06C1CEA11541DBF1CEA135594EA0C0F4E
:1098800095EA0C0F00F0DEF82C4481EA030621EA89
:109890004C5123EA4C5350EA013518BF52EA0335C4
:1098A00041F4801143F4801338D0A0FB02CE4FF076
:1098B0000005E1FB02E506F00042E0FB03E54FF0A6
:1098C0000006E1FB03569CF0000F18BF4EF0010E9E
:1098D000A4F1FF04B6F5007F64F5407404D25FEA9A
:1098E0004E0E6D4146EB060642EAC62141EA55514D
:1098F0004FEAC52040EA5E504FEACE2EB4F1FD0C8F
:1099000088BFBCF5E06F1ED8BEF1004F08BF5FEA0C
:10991000500E50F1000041EB045170BD06F00046BE
:1099200046EA010140EA020081EA0301B4EB5C046B
:10993000C2BFD4EB0C0541EA045170BD41F4801163
:109940004FF0000E013C00F3AB8014F1360FDEBF88
:10995000002001F0004170BDC4F10004203C35DA64
:109960000C341BDC04F11404C4F1200500FA05F3E7
:1099700020FA04F001FA05F240EA020001F0004288
:1099800021F0004110EBD37021FA04F642EB0601FE
:109990005EEA430E08BF20EAD37070BDC4F10C0428
:1099A000C4F1200500FA04F320FA05F001FA04F2EC
:1099B00040EA020001F0004110EBD37041F10001D8
:1099C0005EEA430E08BF20EAD37070BDC4F12005E3
:1099D00000FA05F24EEA020E20FA04F301FA05F24B
:1099E00043EA020321FA04F001F0004121FA04F2F3
:1099F00020EA020000EBD3705EEA430E08BF20EAC3
:109A0000D37070BD94F0000F0FD101F000464000FC
:109A100041EB010111F4801F08BF013CF7D041EA7E
:109A2000060195F0000F18BF704703F00046520082
:109A300043EB030313F4801F08BF013DF7D043EA53
:109A40000603704794EA0C0F0CEA135518BF95EA09
:109A50000C0F0CD050EA410618BF52EA4306D1D190
:109A600081EA030101F000414FF0000070BD50EAAF
:109A7000410606BF1046194652EA430619D094EA39
:109A80000C0F02D150EA013613D195EA0C0F05D123
:109A900052EA03361CBF104619460AD181EA030177
:109AA00001F0004141F0FE4141F470014FF000002F
:109AB00070BD41F0FE4141F4780170BD70B54FF0CA
:109AC000FF0C4CF4E06C1CEA11541DBF1CEA13554A
:109AD00094EA0C0F95EA0C0F00F0A7F8A4EB05042C
:109AE00081EA030E52EA03354FEA013100F0888023
:109AF0004FEA03334FF0805545EA131343EA1263EC
:109B00004FEA022245EA111545EA10654FEA0026A0
:109B10000EF000419D4208BF964244F1FD0404F559
:109B2000407402D25B084FEA3202B61A65EB0305B5
:109B30005B084FEA32024FF480104FF4002CB6EB72
:109B4000020E75EB030E22BFB61A754640EA0C00F2
:109B50005B084FEA3202B6EB020E75EB030E22BF32
:109B6000B61A754640EA5C005B084FEA3202B6EB73
:109B7000020E75EB030E22BFB61A754640EA9C0032
:109B80005B084FEA3202B6EB020E75EB030E22BF02
:109B9000B61A754640EADC0055EA060E18D04FEAC0
:109BA000051545EA16754FEA06164FEAC30343EA60
:109BB00052734FEAC2025FEA1C1CC0D111F4801F2D
:109BC0000BD141EA00014FF000004FF0004CB6E726
:109BD00011F4801F04BF01430020B4F1FD0C88BFC5
:109BE000BCF5E06F3FF6AFAEB5EB030C04BFB6EBD0
:109BF000020C5FEA500C50F1000041EB045170BDC3
:109C00000EF0004E4EEA113114EB5C04C2BFD4EBEF
:109C10000C0541EA045170BD41F480114FF0000E73
:109C2000013C90E645EA060E8DE60CEA135594EAEF
:109C30000C0F08BF95EA0C0F3FF43BAF94EA0C0FF2
:109C40000AD150EA01347FF434AF95EA0C0F7FF467
:109C500025AF104619462CE795EA0C0F06D152EABB
:109C600003353FF4FDAE1046194622E750EA41069F
:109C700018BF52EA43067FF4C5AE50EA41047FF4B0
:109C80000DAF52EA43057FF4EBAE12E74FF0FF3C15
:109C900006E000BF4FF0010C02E000BF4FF0010CE6
:109CA0004DF804CD4FEA410C7FEA6C5C4FEA430C5F
:109CB00018BF7FEA6C5C1BD001B050EA410C0CBFAE
:109CC00052EA430C91EA030F02BF90EA020F002010
:109CD000704710F1000F91EA030F58BF994208BF77
:109CE00090422CBFD8176FEAE37040F00100704734
:109CF0004FEA410C7FEA6C5C02D150EA013C07D18B
:109D00004FEA430C7FEA6C5CD6D152EA033CD3D0D5
:109D10005DF8040B704700BF8446104662468C46CF
:109D20001946634600E000BF01B5FFF7B7FF002802
:109D300048BF10F1000F01BD4DF808EDFFF7F4FF2B
:109D40000CBF012000205DF808FB00BF4DF808EDB6
:109D5000FFF7EAFF34BF012000205DF808FB00BFD9
:109D60004DF808EDFFF7E0FF94BF012000205DF8FB
:109D700008FB00BF4DF808EDFFF7CEFF94BF0120B0
:109D800000205DF808FB00BF4DF808EDFFF7C4FFA9
:109D900034BF012000205DF808FB00BF4FEA410CF2
:109DA0007FEA6C5C02D150EA013C0AD14FEA430CD5
:109DB0007FEA6C5C02D152EA033C02D14FF0000012
:109DC00070474FF0010070474FEA410212F5001250
:109DD00015D211D56FF47873B3EB625212D94FEAF2
:109DE000C12343F0004343EA505311F0004F23FADC
:109DF00002F018BF404270474FF00000704750EA31
:109E0000013005D111F0004008BF6FF000407047ED
:109E10004FF00000704700BF4A0011D212F5001247
:109E200011D20DD56FF47873B3EB62520ED44FEAB2
:109E3000C12343F0004343EA505323FA02F0704732
:109E40004FF00000704750EA013002D14FF0FF3070
:109E500070474FF0000070474FEA4102B2F1E04313
:109E600024BFB3F5001CDCF1FE5C0DD901F0004C01
:109E70004FEAC0024CEA5070B2F1004F40EB830051
:109E800008BF20F00100704711F0804F21D113F17D
:109E90003872BCBF01F00040704741F480114FEAB6
:109EA0005252C2F11802C2F1200C10FA0CF320FA3F
:109EB00002F018BF40F001004FEAC1234FEAD3235C
:109EC00003FA0CFC40EA0C0023FA02F34FEA4303C6
:109ED000CCE77FEA625307D150EA01331EBF4FF04F
:109EE000FE4040F44000704701F0004040F0FE406A
:109EF00040F40000704700BF53B94AB9002908BFB9
:109F000000281CBF4FF0FF314FF0FF3000F0DAB9EE
:109F1000ADF1080C6DE904CE00F066F8DDF804E060
:109F2000DDE9022304B070472DE9F84382EAE274C8
:109F3000A4EBE2741546E20758BFDFF860900646CE
:109F40000F4652BF4FF000088046894664083246EB
:109F50003B463046394613D0FFF786FCE3070646FA
:109F60000F46F3D54046494632463B46FFF77CFC58
:109F700064088046894632463B4630463946EBD136
:109F8000002D07DA42464B4600200449FFF796FDB4
:109F90008046894640464946BDE8F8830000F03FC8
:109FA000D0B500220E4B06460F46FFF75DFCFFF7CB
:109FB00033FF0446FFF7E2FB00220A4BFFF754FC95
:109FC00002460B4630463946FFF79AFAFFF724FF60
:109FD0002346002242EA000210461946D0BD00BFC7
:109FE0000000F03D0000F0412DE9F0478C460D46A1
:109FF0000446089E002B51D18A4217466DD9B2FA09
:10A0000082FEBEF1000F0BD0CEF1200C01FA0EF54E
:10A0100020FA0CFC02FA0EF74CEA050C00FA0EF4DA
:10A020004FEA174A250CBCFBFAF81FFA87F90AFB1E
:10A0300018CC45EA0C4508FB09F3AB420AD9ED19E7
:10A0400008F1FF3280F02381AB4240F22081A8F179
:10A0500002083D44ED1AA4B2B5FBFAF00AFB105514
:10A0600044EA054400FB09F9A14509D9E41900F1C6
:10A07000FF3380F00A81A14540F2078102383C4459
:10A08000A4EB090440EA08400021002E61D024FA24
:10A090000EF4002334607360BDE8F0878B4207D96B
:10A0A000002E54D0002186E821000846BDE8F08744
:10A0B000B3FA83F1002940F08E80AB4202D3824292
:10A0C00000F2FA80841A65EB03050120AC46002EED
:10A0D0003FD086E81010BDE8F08712B90127B7FB22
:10A0E000F2F7B7FA87FEBEF1000F34D1EB1B3A0C42
:10A0F0001FFA87FC0121B3FBF2F8250C02FB183391
:10A1000045EA03450CFB08F3AB4207D9ED1908F10A
:10A11000FF3002D2AB4200F2D1808046ED1AA3B2EA
:10A12000B5FBF2F002FB105543EA05440CFB00FCC2
:10A13000A44507D9E41900F1FF3302D2A44500F287
:10A14000B8801846A4EB0C0440EA08409DE731466D
:10A150003046BDE8F087CEF1200405FA0EF307FA89
:10A160000EF720FA04F83A0C25FA04F448EA03083A
:10A17000B4FBF2F14FEA184502FB11441FFA87FCC9
:10A1800045EA044501FB0CF3AB4200FA0EF409D991
:10A19000ED1901F1FF3080F08A80AB4240F28780F8
:10A1A00002393D44EB1A1FFA88F5B3FBF2F002FBCB
:10A1B000103345EA034500FB0CF3AB4207D9ED1918
:10A1C00000F1FF386FD2AB426DD902383D44EB1A33
:10A1D00040EA01418FE7C1F1200722FA07F88B40DE
:10A1E00005FA01F448EA030320FA07FE4FEA134C8C
:10A1F000FD404EEA040EB5FBFCF94FEA1E440CFB91
:10A2000019551FFA83F844EA054509FB08F4AC42E6
:10A2100002FA01F200FA01FA08D9ED1809F1FF304B
:10A2200043D2AC4241D9A9F102091D442D1B1FFAAA
:10A230008EFEB5FBFCF00CFB10554EEA054400FB0E
:10A2400008F8A04507D9E41800F1FF3529D2A04548
:10A2500027D902381C4440EA0940A4EB0804A0FBBB
:10A2600002894C45C6464D4615D312D056B1BAEBBD
:10A270000E0364EB050404FA07F7CB401F43CC4000
:10A28000376074600021BDE8F0871846F8E6904614
:10A29000E0E6C245EAD2B8EB020E69EB03050138ED
:10A2A000E4E72846D7E7404691E78146BEE7014606
:10A2B00078E702383C4445E7084608E7A8F1020879
:10A2C0003D442BE7704700BF024B58221A604FF005
:10A2D000FF307047A80C0020024B58221A604FF044
:10A2E000FF307047A80C0020FEE700BFEEF7D8B99A
:10A2F00010B5002814BF044601242046EEF78AFB5F
:10A3000030B9FDF75DF908B900F00AF88047F4E7C5
:10A3100010BD0B4601461846FFF772B8FFF7E8BFBD
:10A3200008B50620FFF7B8F80120FFF7DDFF10B5EC
:10A3300001390244904201D1002010BD10F8013BC8
:10A3400011F8014FA342F5D0181B10BD884210B57B
:10A3500001EB020303D8421E99420CD110BD984272
:10A36000F9D28118D21AD34200D110BD13F8014D91
:10A3700001F8014DF7E711F8014B02F8014FEBE747
:10A380001F2938B504460D4604D9162303604FF043
:10A39000FF3038BD426C12B152F821304BB9204623
:10A3A00000F016F82A4601462046BDE83840FFF77F
:10A3B0007BB8012B0AD0591C03D11623036001205E
:10A3C00038BD002442F8254028469847002038BD73
:10A3D000FFF77ABF034613F8012B002AFBD1181AA6
:10A3E000013870472DE9F84F8046894692461F464E
:10A3F0008B465D460A9815F8014B00F073F820442F
:10A40000467816F008060BD12D2C0BD12C7801269E
:10A410000BF1020567B1102F14D1302C0AD011E0D6
:10A42000AB46E6E72B2C04BF2C780BF10205F1E7D5
:10A43000302C27D12B7803F0DF03582B4BD16C78CD
:10A4400010270235002E0CBF6FF000414FF0004185
:10A450000022B1FBF7FE104607FB1E1CA4F13003DF
:10A46000092B11D81C46A7421DDD531C07D0864579
:10A4700016D301D1A44513DB00FB0740012215F8D8
:10A48000014BEBE70A27DDE7A4F14103192B01D8C3
:10A49000373CE8E7A4F16103192B04D8573CE2E705
:10A4A0004FF0FF32EBE7531C08D12223C8F80030ED
:10A4B0000846BAF1000F07D1BDE8F88F06B1404257
:10A4C000BAF1000F0CD022B1013DCAF80050BDE82E
:10A4D000F88F4D46F9E73024002FB3D10827B1E7B4
:10A4E000BDE8F88FD0F8EC00704782B001B901A93F
:10A4F00042B14BB113780B601278101C18BF0120C9
:10A5000002B070471046FBE76FF00100F8E749B171
:10A51000FF2A85BF8A2303600A704FF0FF3098BF7F
:10A520000120704708467047F8B500BFF8BC08BC6A
:10A530009E467047F8B500BFF8BC08BC9E46704701
:10A540001042000000C80100E826D335FE1CA835E3
:10A55000D554000039550000FD5500002D5600006F
:10A560006194000091A30000CD8C0000C590000014
:10A57000D1900000E99000008D700000DD90000097
:10A58000298D0000A5900000957D00009D700000C1
:10A590002974000051730000017300005975000018
:10A5A000C96D0000C56F0000D56F0000E96F0000A5
:10A5B00005700000DD7800003D780000157E000089
:10A5C0006D7E0000F1AF0000F5AF0000F0AD0100BE
:10A5D000C0AD010048AD010090AD010020AE01000A
:10A5E0008CAE0100BCAE0100D4B00100C58C0000EF
:10A5F000858D00006D8B00002580000011B00000EB
:10A6000009B000000DB00000417C0000757A000028
:10A61000E17A00008571000099710000B9710000B5
:10A62000457200005972000091720000296C000010
:10A63000317000004570000049700000517000004A
:10A640005D70000065700000757000007D70000096
:10A6500085700000297A0000597A0000798D000089
:10A6600095910000C1910000319200001980000016
:10A670003180000081890000116A00001D6A00001D
:10A68000756A00007D6A00007D6F0000896F000020
:10A69000F56A0000896C0000756E0000916C000086
:10A6A000F16C0000B16D0000C16D0000057A000082
:10A6B000A1750000C9750000F17500004976000021
:10A6C000757600002D740000257500005D74000093
:10A6D0008D740000B5740000DD740000FD7400008E
:10A6E000917B0000B97B0000DD7B0000017C000055
:10A6F000217C0000097A0000197A0000BD78000072
:10A70000CD780000D576000011700000FD760000C5
:10A71000B9770000CD770000E1770000F577000001
:10A72000097800001D7800002170000029700000E9
:10A73000F9AF00008D700000E5A100009D700000E1
:10A74000197100001D7100002171000035710000B9
:10A75000697100006D7100007D710000A57200003C
:10A76000B1720000B5720000457D0000897E0000D6
:10A77000A17E0000C57E0000157F0000357F00002F
:10A78000BD590000D1590000E5590000F9590000F9
:10A790000D5A0000215A0000355A0000495A0000A5
:10A7A00081920000A9920000BD920000D1920000A9
:10A7B000E5920000F99200000D9300002193000043
:10A7C000C95A0000CD5A0000E55A0000F95A0000AD
:10A7D000115B0000255B0000E15E00001D600000D1
:10A7E0008D5B0000915B0000C15B0000ED5B000031
:10A7F0006D5C0000795C0000B95C00002D5D00001C
:10A80000455D00006D5D0000755D0000B98B0000C6
:10A81000BD8B00003D600000416000004D60000005
:10A8200051600000556000005D6000006160000044
:10A830006560000085600000A1600000C960000044
:10A84000CD600000D5600000E9600000F560000008
:10A85000F9600000A59B0000059501004D9D0100D9
:10A86000899D010001950100BD9A010069980100D0
:10A87000619400007DA30000D59B0000719C000046
:10A88000A59C0000B99C00000D9D0000119D0000DA
:10A89000199D0000259D00002D9D00002D9E0000AB
:10A8A0003D9E0000459E0000659E00009D9E0000AC
:10A8B000199F000065A000000DA1000015A1000077
:10A8C0002DA1000035A10000859700009D97000094
:10A8D000AD970000B5970000CD970000E997000004
:10A8E00091980000D9980000F59700009DA2000003
:10A8F00001A3000019A3000021A3000069A3000028
:10A9000071A300004D990000519900005D9900006D
:10A910006199000069A5000099A500002DA700001D
:10A9200031A7000035A7000039A700003DA70000AF
:10A93000F1AD0000C1AE0000C5AE00005DAF00008B
:10A94000A1AF0000A5AF0000A9AF0000ADAF0000AF
:10A95000B1AF0000B5AF0000B9AF0000BDAF00005F
:10A96000C1AF0000C5AF00009DB00000C1B0000045
:10A97000E9B000002DB1000089B10000B5B10000C0
:10A98000E5B1000001B200001DB20000F1F20000CC
:10A9900015F300009DF30000E5F300003DF4000016
:10A9A0004DF400003DF60000F5B60000FDB60000D5
:10A9B00005B7000015B700002DB7000099CD0000C5
:10A9C00039B7000075B7000009BB00009DB7000053
:10A9D00005B8000091BB00003DBD000055BD000062
:10A9E0007DBD000091DE000089BD0000F1BD0000CA
:10A9F000E1DC00006DDF00003DBE00002DBF000067
:10AA0000F5DF000075DC000039DC000061DC0000CF
:10AA1000F1E0000065C1000071C2000029C500001E
:10AA2000F1C500004DCB0000F9CB0000F9CC0000CF
:10AA300025E1000015E00000E1010100090201002C
:10AA4000290201004D02010099020100DD0201000E
:10AA500001000000000000000A00000000000000EB
:10AA60006400000000000000E80300000000000097
:10AA70001027000000000000A08601000000000078
:10AA800040420F0000000000809698000000000087
:10AA900000E1F5050000000000CA9A3B000000003C
:10AAA00000E40B540200000000E8764817000000A4
:10AAB0000010A5D4E800000000A0724E18090000A4
:10AAC00000407A10F35A00004FBB610567ACDD3FD0
:10AAD000182D4454FB21E93F9BF681D20B73EF3FC5
:10AAE000182D4454FB21F93FE2652F227F2B7A3C3D
:10AAF000075C143326A6813CBDCBF07A8807703CF6
:10AB0000075C143326A6913C000000000000E03FE3
:10AB1000000000000000E0BF0000E0FE422EE63F23
:10AB20000000E0FE422EE6BF763C7935EF39EA3D83
:10AB3000763C7935EF39EABD0000000000000000E6
:10AB4000000000000000008000000040FB21F93FF1
:10AB5000000000002D44743E000000809846F83C40
:10AB60000000006051CC783B00000080831BF0396E
:10AB70000000004020257A38000000802282E33661
:10AB8000000000001DF369350000000000003043A4
:10AB900000000000000030C30000000000000000C2
:10ABA000455600004D56000071250100A925010001
:10ABB00091040100515600006556000099150100EE
:10ABC00009150100511501000D1501008524010032
:10ABD000CD250100D9180100757073696465000006
:10ABE0006E6F726D616C0000636F6F7264696E618D
:10ABF00074652073706163653A202564202F2025D9
:10AC0000642C2025730000006163633A206D6F752A
:10AC10006E74696E670000006163633A2075736942
:10AC20006E67205344412C2053434C006163633AC8
:10AC3000206E6F2069326320617661696C61626C9D
:10AC4000650000006163633A2064616D616765645B
:10AC500020616363656C6572656F6D746572206FEA
:10AC60007220696E76616C696420414343454C45AE
:10AC7000524F4D455445525F545950450000000015
:10AC80006163633A20696E76616C69642041434375
:10AC9000454C45524F4D455445525F54595045001F
:10ACA0006163633A206D6F756E7465640000000027
:10ACB0006163633A206E6F742064657465637465C4
:10ACC000640000006163633A2064657465637465C1
:10ACD00064202564000000003031323334353637CB
:10ACE0003839616263646566000000006661696C02
:10ACF0006564207479706520636865636B20666F96
:10AD00007220257020402570000000005654202538
:10AD100070202D206F626A7479706520256420632D
:10AD20006C6173734E6F202564000000756E68615E
:10AD30006E646C656420657863657074696F6E2CF1
:10AD40002076616C75653A000C0003F90000000084
:10AD5000010000000000000029630000957D000054
:10AD6000A565000015670000E9660000DD660000CB
:10AD7000D1660000FD6600006D697373696E67201F
:10AD800070726F7065727479206F6E20257000008C
:10AD90000C0003F9000000000100000000000000AA
:10ADA00029630000957D0000996500001967000087
:10ADB00069640000216700002567000075640000D9
:10ADC0000C0003F90000000001000000000000007A
:10ADD00029630000957D00001D670000D16300001D
:10ADE000D9630000DD630000E1630000256400001A
:10ADF0000C0003F90000000001000000000000004A
:10AE000029630000957D000029670000B163000000
:10AE1000B96300002D670000BD630000C16300003E
:10AE20000C0003F900000000010000000000000019
:10AE300029630000957D00008D6400007D640000A2
:10AE400091640000A1640000A5640000A9640000F2
:10AE50005B5265664F626A6563742076743D257047
:10AE600020636C3D256420737A3D25645D000000FD
:10AE70005B2573202570203D2025735D00000000B8
:10AE80005B4E61746976652025705D00080004F9E9
:10AE90000000000003000000000000002963000023
:10AEA000957D000000000000B56400000000000077
:10AEB0000000000000000000000000000C0002F98B
:10AEC00000000000020000000000000029630000F4
:10AED000957D000000000000B1640000000000004B
:10AEE000000000000000000000000000F0AD0100C4
:10AEF0000700626F6F6C65616E000000F0AD0100CD
:10AF00000900756E646566696E6564008CAE01004B
:10AF10000000000000000000F0AD01000000000093
:10AF2000F0AD0100080066756E6374696F6E000015
:10AF3000F0AD01000900756E646566696E656400B8
:10AF4000F0AD01000800496E66696E697479000011
:10AF5000F0AD010003004E614E000000F0AD0100B5
:10AF600009002D496E66696E69747900F0AD0100C3
:10AF700004006E756C6C0000F0AD0100040074728A
:10AF800075650000F0AD0100050066616C73650039
:10AF9000F0AD010008005B4F626A6563745D0000FC
:10AFA000F0AD01000A005B46756E6374696F6E5DFB
:10AFB00000000000F0AD010006006E756D62657264
:10AFC00000000000F0AD010006006F626A65637466
:10AFD00000000000F0AD01000600737472696E6736
:10AFE000000000006763416C6C6F632825642920B2
:10AFF0002825642F256420667265653B2025642022
:10B000006D617820626C6F636B29202D3E206E6528
:10B010007720626C6F636B002D2D4D41524B000009
:10B0200052503A25702F25640000000052473A25FF
:10B03000702F25640000000047432025642F2564FD
:10B0400020667265653B202564206D6178426C6FD7
:10B05000636B0000686561703A20256420286D6983
:10B060006E7573202564207379732062797465731B
:10B0700029000000474320626C6F636B20256462E7
:10B0800020402025700000005265665265664C6FB6
:10B0900063616C20257020763D2570005265664303
:10B0A0006F6C6C656374696F6E2025702073697AAC
:10B0B000653D2564000000005265665265636F724D
:10B0C000642025702073697A653D25642062797457
:10B0D000657300000C0005F900000000040000008A
:10B0E00000000000C98C0000E98B0000418B0000CB
:10B0F000898B00000000000000000000000000003C
:10B100000000000076617269616E74206E6F7420B9
:10B11000737570706F727465643A20257300000057
:10B120005265664D61702025702073697A653D25F2
:10B13000640000005365676D656E743A2025702CBD
:10B14000206C656E6774683A2025642C2073697AD8
:10B15000653A2025640000002D3E20256400000093
:10B160004572726F723A202564205B25645D000091
:10B17000526566416374696F6E2025702070633D6F
:10B1800025582073697A653D25640000140004F990
:10B19000000000000800000000000000D98B000043
:10B1A000198C0000558B0000998B000000000000F6
:10B1B000000000000000000000000000080004F98A
:10B1C000000000000700000000000000D58B000018
:10B1D000098C00004D8B0000958B000000000000E2
:10B1E0000000000000000000000000000C0004F956
:10B1F000000000000600000000000000C98B0000F5
:10B20000B58F0000398B0000858B00000000000026
:10B21000000000000000000000000000636F6D6D82
:10B22000202564202D3E2025700000005253256407
:10B230003A25702F25640000756E6B6E6F776E0077
:10B240002320257300000000232025733A20257059
:10B25000000000006932633A206C6F6F6B757020DC
:10B2600064656661756C742070696E73000000001F
:10B270006932633A206D6F756E74696E67206F6E08
:10B28000206E657720646576696365006932633A8C
:10B2900020666F756E64206578697374696E6720C7
:10B2A000693263000000000000000000F598000013
:10B2B000F9980000FD980000019900000599000030
:10B2C0000D990000159900006E6F2070696E206363
:10B2D00066673A20256400000000000000000000BE
:10B2E00045560000799D0000359D0000399D000005
:10B2F00091040100419D0000599D0000616C6C6F3C
:10B30000636174652054494D455225640000000076
:10B31000524553455420554943520A001008000035
:10B32000008000401109000000900040120A000057
:10B3300000A00040131A000000A00140141B0000F0
:10B3400000B0014000000000000000000A444D452C
:10B3500053473A0A000000000A0A000000000000FB
:10B360000000000045560000BD1E0100359D000094
:10B37000A11F01009104010029A400003DA40000C8
:10B38000851E0100F91F0100CDA300000000000090
:10B390000000000045560000BD1E0100359D000064
:10B3A000A11F01009104010059A400006DA4000038
:10B3B000851E010029A50000E1A400000000000096
:10B3C0000000000061AD00004DA700000938010039
:10B3D0000D38010011380100ADA80000FDA80000E3
:10B3E00047EBF02D935A16C80F1F3F003DB20000E7
:10B3F00089B20000EDB2000000030C0F30333C3F77
:10B40000C0C3CCCFF0F3FCFF001122334455667764
:10B410008899AABBCCDDEEFF526566496D61676510
:10B420002025702073697A653D2564207820256485
:10B43000000000000C0004F90000000005000000FE
:10B440000000000039B2000051B30000318B000051
:10B45000818B0000000000000000000000000000E0
:10B46000000000004A44413A206D61676963206D25
:10B4700069736D617463682025780000696E766178
:10B480006C69642073757065722D6672616D6520DC
:10B490002564202564000000696E76616C69642073
:10B4A00073757065722D6672616D65202564202547
:10B4B000642025640000000006090909060406044A
:10B4C000040E070806010F0F080409060C0A091FDD
:10B4D000081F010F100F08040E110E1F08040201AF
:10B4E0000E110E110E0E110E040211000E1B110092
:10B4F00001807811807820003A010313800A2980A6
:10B500000A0000002A2A2A20434F44414C2050417F
:10B510004E4943203A205B25645D000037344843A0
:10B520003A2077616974696E672E2E2E0000000044
:10B53000373448433A206E6F207761697420726512
:10B540007175657374656400373448433A20257813
:10B5500000000000636F6E66696720747970653A59
:10B560002025643B20636667303D2578206366674D
:10B57000313D257800000000636F6E666967757263
:10B58000652073637265656E3A2046524D4354528E
:10B59000313D2570204D414443544C3D257020746D
:10B5A0007970653D2564000073637265656E3A20AD
:10B5B000256420782025642C206F66663D25642C48
:10B5C00025640000000000000000000041F60000BB
:10B5D00001F7000049F60000D9F6000072756E6EA2
:10B5E000696E6720666C6173682046532047433B51
:10B5F000206E65656465642025642C206C65667426
:10B6000020256400474320646F6E653A202564203E
:10B6100066726565000000006F7574206F662073A8
:10B620007061636521206E65656465643D25640015
:10B63000666F726D617474696E672E2E2E00000045
:10B640006D6F756E7465642C20656E643D25782081
:10B650006D6574613D257820667265653D257800CD
:10B66000636C656172696E672075736572206669C7
:10B670006C657300666F6F6261720000000000000D
:10B6800000000000455600004D560000359D0000AA
:10B69000399D0000910401000504010049040100E6
:10B6A000000000000000000089060100650601009E
:10B6B000810601005D0601007D060100750601009E
:10B6C0006D06010030780000444D455347206C69F9
:10B6D0006E6520746F6F206C6F6E67210A0000002A
:10B6E000250000003F3F3F000D0A00000000000061
:10B6F00000000000455600004D560000359D00003A
:10B70000399D000091040100191501003115010057
:10B710009915010009150100511501000D150100D1
:10B720001115010011150100D918010000000000D9
:10B7300000000000DD190100CD190100000000002B
:10B740000000000045560000BD1E0100359D0000B0
:10B75000A11F0100910401008D1E0100A11E010026
:10B76000851E0100F91F0100EF03038002CF0300D3
:10B77000C130ED0464031281E803850078CB0539FC
:10B780002C003402F70120EA020000C00123C101AD
:10B7900010C5023E28C701863601083701003A016C
:10B7A00055B1020018B603088227F20100260101F4
:10B7B000E00F0F312B0C0E084EF1370710030E0966
:10B7C00000E10F000E1403110731C148080F0C31BE
:10B7D000360F1180782980780000000000000000FA
:10B7E00000000000D52001004D560000359D0000EE
:10B7F00015360100910401009D200100B5200100D3
:10B8000010B801000400000030B80100070000007B
:10B810000200000000000000040000000100000021
:10B8200008000000020000001000000003000000FB
:10B83000C4090000700000008813000060000000D0
:10B840001027000050000000204E000040000000C3
:10B85000409C000030000000A08601002000000095
:10B8600040420F0010000000000000000000000037
:10B87000455600004D5600009D2201007D23010029
:10B88000910401004D23010061230100991501007D
:10B8900009150100511501000D150100A522010037
:10B8A000A1230100D91801000200040108020000D0
:10B8B000E204000000000000C409000008000000CD
:10B8C000881300001000000010270000180000007E
:10B8D000204E0000200000008038010028000000F9
:10B8E000007102003000000000C4090038000000B0
:10B8F0000000000000000000455600004D5600000A
:10B9000071250100A925010091040100792501009C
:10B910008D2501009915010009150100511501003F
:10B920000D15010085240100CD250100D918010065
:10B930004D50553630353020696E697420257800B9
:10B940000000000000000000455600004D560000B9
:10B9500095260100CD260100910401009D260100DD
:10B96000B1260100991501000915010051150100CA
:10B970000D15010011280100F1260100D918010060
:10B980000000000000000000F12801004104010057
:10B9900079080100012901006576742025642F25AE
:10B9A000643A206F766572666C6F77210000000044
:10B9B0000000000000000000412D0100F9290100F5
:10B9C0006929010005290100A52E0100112F0100A0
:10B9D000F4FFFFFF00000000455600004D56000038
:10B9E000359D0000399D000091040100092F0100E0
:10B9F000252F010001807811807820003A0103E0B2
:10BA000010021C07123732292D29252B390001037A
:10BA100010E110031D07062E2C292D2E2E373F0076
:10BA200000021013800A29800A00000000000000B4
:10BA300000000000CD3601004D560000359D00008D
:10BA400015360100910401002D2F0100452F010042
:10BA50000000000000000000CD370100E1370100C8
:10BA6000FFFF00000000000000000000455600003D
:10BA70004D560000359D0000399D000091040100E5
:10BA8000693D0100813D0100653D010000000000AD
:10BA900000000000CD3D0100C16D0100C16D01003D
:10BAA000C96D0100C96D0100D16D01007D4001002B
:10BAB000ED6D010041410100053E01000D6E0100E8
:10BAC0000000000000000000455600004D56000038
:10BAD000359D0000399D00009104010015420100D0
:10BAE00051420100E1450100F8FFFFFF00000000A6
:10BAF0006146010000000000000000006D470100E9
:10BB0000854B01003D4801009D5101005548010051
:10BB1000A54A0100C5480100D548010009490100B6
:10BB200015490100B54D010075520100254901007C
:10BB3000F14A01009D4C0100354901004D490100C9
:10BB40005D4701006547010079500100295001005F
:10BB5000214C0100BD490100AD490100B14901007E
:10BB6000E2ECF0F4F8FC0004504F4F52454356000D
:10BB70000000000000000000455600004D56000087
:10BB800019530100399D000091040100E1520100A8
:10BB9000F952010019540100D5530100A1530100CD
:10BBA000B153010052585120454D505459000000E6
:10BBB0004D414B494E4720627566663A2025640028
:10BBC000444F4E45000000005458494E47206C65D4
:10BBD0006E3A20256400000002000000040000000E
:10BBE0000600000053504920636F6E666967206449
:10BBF0006F6E6520663D25700000000000000000AB
:10BC000000000000F158010091590100895C010019
:10BC1000015C0100415C0100A5590100A959010026
:10BC20000000000000000000455600004D560000D6
:10BC3000359D0000415F010091040100BD5E0100DF
:10BC4000D55E0100C5190100BD5C0100F15C010079
:10BC50002D5D01004D5D0100615D0100F55E01009B
:10BC60008D5D0100AD5D0100DD5D0100115E010033
:10BC7000915F0100315E0100795E0100B95C010055
:10BC800072656C6F636174652076746F7220746F77
:10BC9000202578202D3E20257820257800000000E2
:10BCA00000300040030000000F0000000040004092
:10BCB000040000000F0000000030024023000000DC
:10BCC0000C000000002000400200000010000000F6
:10BCD00000F002402F00000004000000008002403D
:10BCE0002800000010000000F0BC01000800000067
:10BCF000020000000100000003000000020000003C
:10BD00000400000003000000050000000400000023
:10BD10001C000000050000001D00000006000000DF
:10BD20001E000000070000001F00000008000000C7
:10BD30000000000000000000B96D0100C16D0100AD
:10BD4000C16D0100C96D0100C96D0100D16D010017
:10BD5000716E0100ED6D0100096F01002D6E010093
:10BD60000D6E0100000000000000000045560000BC
:10BD7000BD1E0100359D0000A11F010091040100BE
:10BD80001174010031740100851E0100F973010076
:10BD90000000000000000000A17401009174010087
:10BDA00009380100957401009974010061636F7393
:10BDB0000000000061636F73680000006173696ECA
:10BDC000000000006174616E68000000636F7368BA
:10BDD0000000000065787000666D6F640000000070
:10BDE0006C6F67006C6F673130000000706F770018
:10BDF00073696E68000000007371727400000000C7
:10BE00007371727466000000FB21F93FFB21094049
:10BE10007CD91240FB2119407A6A1F407CD922400C
:10BE2000BBFD2540FB2129403A462C407A6A2F4031
:10BE30005C4731407CD932409C6B3440BBFD35407F
:10BE4000DB8F3740FB2139401BB43A403A463C4037
:10BE50005AD83D407A6A3F404C7E40405C47414062
:10BE60006C1042407CD942408CA243409C6B4440C1
:10BE7000AC344540BBFD4540CBC64640DB8F474018
:10BE8000EB584840FB21494083F9A200444E6E0024
:10BE9000FC291500D1572700DD34F50062DBC00016
:10BEA0003C999500419043006351FE00BBDEAB001E
:10BEB000B761C5003A6E2400D24D42004906E00049
:10BEC00009EA2E001C92D100EB1DFE0029B11C00D6
:10BED000E83EA700F535820044BB2E009CE98400B3
:10BEE000B4267000417E5F00D6913900538339003B
:10BEF0009CF439008B5F840028F9BD00F81F3B00DB
:10BF0000DEFF97000F980500112FEF000A5A8B00F3
:10BF10006D1F6D00CF7E360009CB2700464FB7005E
:10BF20009E663F002DEA5F00BA277500E5EBC7006B
:10BF30003D7BF100F739070092528A00FB6BEA0063
:10BF40001FB15F00085D8D00300356007BFC46008A
:10BF5000F0AB6B0020BCCF0036F49A00E3A91D00C3
:10BF60005E619100081BE60085996500A0145F00E2
:10BF70008D40680080D8FF0027734D000606310011
:10BF8000CA561500C9A873007BE260006B8CC00024
:10BF9000000FC93F000F494000CB9640000FC94039
:10BFA0000053FB4000CB164100ED2F41000F4941EB
:10BFB0000031624100537B41003A8A4100CB9641F7
:10BFC000005CA34100EDAF41007EBC41000FC941C0
:10BFD00000A0D5410031E24100C2EE410053FB41D7
:10BFE00000F20342003A0A420083104200CB16429C
:10BFF00000141D42005C234200A5294200ED2F429F
:10C0000000363642007E3C4200C74242000F4942A1
:10C01000A2000000F9000000830000006E00000094
:10C020004E00000044000000150000002900000040
:10C03000FC0000002700000057000000D1000000B5
:10C04000F500000034000000DD000000C00000002A
:10C05000DB00000062000000950000009900000075
:10C060003C00000043000000900000004100000080
:10C07000FE0000005100000063000000AB00000063
:10C08000DE000000BB000000C500000061000000F1
:10C09000B7000000240000006E0000003A0000001D
:10C0A000420000004D000000D2000000E00000004F
:10C0B00006000000490000002E000000EA00000019
:10C0C00009000000D1000000920000001C000000E8
:10C0D000FE0000001D000000EB0000001C0000003E
:10C0E000B100000029000000A70000003E00000091
:10C0F000E80000008200000035000000F5000000AC
:10C100002E000000BB00000044000000840000007E
:10C11000E90000009C000000700000002600000004
:10C12000B40000005F0000007E000000410000003D
:10C130003900000091000000D60000003900000026
:10C14000830000005300000039000000F4000000EC
:10C150009C000000840000005F0000008B000000D5
:10C16000BD000000F9000000280000003B000000B6
:10C170001F000000F800000097000000FF00000012
:10C18000DE00000005000000980000000F00000025
:10C19000EF0000002F000000110000008B000000E5
:10C1A0005A0000000A0000006D0000001F0000009F
:10C1B0006D000000360000007E000000CF0000008F
:10C1C00027000000CB00000009000000B7000000BD
:10C1D0004F000000460000003F0000006600000025
:10C1E0009E0000005F000000EA0000002D0000003B
:10C1F0007500000027000000BA000000C700000022
:10C20000EB000000E5000000F10000007B000000F2
:10C210003D0000000700000039000000F7000000AA
:10C220008A0000005200000092000000EA000000B6
:10C230006B000000FB0000005F000000B100000088
:10C240001F0000008D0000005D00000008000000DD
:10C25000560000000300000030000000460000000F
:10C26000FC0000007B0000006B000000AB00000041
:10C27000F0000000CF000000BC0000002000000023
:10C280009A000000F4000000360000001D000000CD
:10C29000A9000000E3000000910000006100000020
:10C2A0005E000000E60000001B0000000800000027
:10C2B0006500000099000000850000005F0000009C
:10C2C00014000000A0000000680000004000000012
:10C2D0008D000000FF000000D8000000800000007A
:10C2E0004D00000073000000270000003100000036
:10C2F00006000000060000001500000056000000C7
:10C30000CA00000073000000A8000000C90000007F
:10C3100060000000E20000007B000000C0000000A0
:10C320008C0000006B000000020000000300000011
:10C3300004000000060000000000C93F0000F039C2
:10C340000000DA370000A2330000842E0000502BDA
:10C350000000C2270000D0220000C41F0000C61B3E
:10C36000000044170400000007000000090000005E
:10C370002C0000204300504F534958002E0000204D
:10C380002020202020202020282828282820202085
:10C390002020202020202020202020202020208835
:10C3A0001010101010101010101010101010100499
:10C3B00004040404040404040410101010101010E9
:10C3C00041414141414101010101010101010101DD
:10C3D00001010101010101010101101010101010F3
:10C3E00042424242424202020202020202020202AD
:10C3F00002020202020202020202101010102000C9
:10C40000000000000000000000000000000000002C
:10C41000000000000000000000000000000000001C
:10C42000000000000000000000000000000000000C
:10C4300000000000000000000000000000000000FC
:10C4400000000000000000000000000000000000EC
:10C4500000000000000000000000000000000000DC
:10C4600000000000000000000000000000000000CC
:10C4700000000000000000000000000000000000BC
:04C4800000000000B8
:08C48400DC8FFE7F01000000C7
:10C48C0000000000A10D0C000101010180BA010F98
:10C49C0080BA010F0138FDD1704700BFFFFFFFFFCD
:10C4AC00B00C00200090D0032C00002000000000F5
:10C4BC000000000000000000000000000000000070
:10C4CC000000000000000000000000000000000060
:10C4DC000000000000000000000000000000000050
:10C4EC000000000000000000000000000000000040
:10C4FC000000000000000000000000000000000030
:10C50C0000000000000000000000000043000000DC
:10C51C00000000000000000000000000000000000F
:10C52C0000000000000000000000000043000000BC
:10C53C0000000000000000000000000000000000EF
:10C54C00000000000000000000000000430000009C
:10C55C0000000000000000000000000000000000CF
:10C56C00000000000000000000000000430000007C
:10C57C0000000000000000000000000000000000AF
:10C58C00000000000000000000000000430000005C
:10C59C00000000000000000000000000000000008F
:10C5AC00000000000000000000000000430000003C
:10C5BC00000000000000000000000000000000006F
:10C5CC00000000000000000000000000430000001C
:10C5DC00000000000000000000000000000000004F
:10C5EC000000000000000000000000000FA501008A
:10C5FC00EBA40100000000007EC301007CC301001D
:10C60C007DC301007DC301007DC301007DC301001A
:10C61C007DC301007DC301007DC301007DC301000A
:10C62C007DC30100FFFFFFFFFFFFFFFFFFFFFFFFC9
:10C63C00FFFF000001004153434949000000000086
:10C64C0000000000000000000000000000000000DE
:10C65C000000000000004153434949000000000065
:10C66C0000000000000000000000000000000000BE
:10C67C000000000000000000000403011954000039
:10C68C009D8B00008596000001620100F5530000AF
:04C69C00000000009A
:10C6A000000000000000000000000000000000008A
:10C6B000000000000000000000000000000000007A
:10C6C000000000000000000000000000000000006A
:10C6D000000000000000000000000000000000005A
:10C6E000000000000000000000000000000000004A
:10C6F000000000000000000000000000000000003A
:10C700000000000000000000000000000000000029
:10C710000000000000000000000000000000000019
:10C720000000000000000000000000000000000009
:10C7300000000000000000000000000000000000F9
:10C7400000000000000000000000000000000000E9
:10C7500000000000000000000000000000000000D9
:10C7600000000000000000000000000000000000C9
:10C7700000000000000000000000000000000000B9
:10C7800000000000000000000000000000000000A9
:10C790000000000000000000000000000000000099
:10C7A0000000000000000000000000000000000089
:10C7B0000000000000000000000000000000000079
:10C7C0000000000000000000000000000000000069
:10C7D0000000000000000000000000000000000059
:10C7E0000000000000000000000000000000000049
:10C7F0000000000000000000000000000000000039
:10C80000708E3B92C615A841C49866C975EE5197C3
:10C81000E826D335FE1CA83574000F00F1009B00FC
:10C820008200516F6068040000000100D8600400BD
:10C8300003FD0300844205005FFD03001C92040019
:10C84000D4B00100000000004DC8010000B5002078
:10C850003768786000203768B86003204921890074
:10C86000376878506F467760EAF7E2FB01B46249B7
:10C870006F467760EAF7ECFB01BC2521C9003768F9
:10C88000785006203921C90037687850012071217D
:10C8900089003768785059486F467760ECF744FA5A
:10C8A00001B4574801B4019801B414F03BFE02B042
:10C8B00001BC772189003768785050486F4677600F
:10C8C000ECF732FA01B44F4801B4019801B414F006
:10C8D00029FE02B001BC3B21C90037687850C9204D
:10C8E00007218901376878506F467760EAF74AFC7C
:10C8F00001B47B210D226F467760EAF7C9FC0098EE
:10C900007A2111226F467760EAF7C2FC00989421E1
:10C910003D4A6F467760EAF7BBFC01BC47218900BE
:10C92000376878506F467760EAF72CFC01B47B21BA
:10C9300019226F467760EAF7ABFC00987A2119223A
:10C940006F467760EAF7A4FC009894212F4A6F465F
:10C950007760EAF79DFC01BC2321C9003768785055
:10C960006F467760EAF70EFC01B47B210D226F461B
:10C970007760EAF78DFC00987A210B226F4677608A
:10C98000EAF786FC00989421214A6F467760EAF71F
:10C990007FFC01BC3768F8670A203768F8601D48DB
:10C9A00001B423F04DFC6F467760E9F757FB01B007
:10C9B0005E2000216F467760EAF770FB24F0DFFD10
:10C9C0003768386137683869012124F0F8FD23D0D1
:10C9D0003768386901B407210902D1316F467760A1
:10C9E000EAF706FE01B001B423F02FFC6F46776032
:10C9F000E9F730FB01B00FE0D40002002859040031
:10CA0000E88B0400148C04008C9204002CA7040012
:10CA1000DCB00400F0D40100E14801B423F02BFCA9
:10CA20006F467760F2F7BAFC01B011F05BF9842130
:10CA300037687850DB487F21890037687850DA48BA
:10CA4000012149023768785016F08AF9D7486F46B5
:10CA50007760ECF769F901B4092001B40B2001B447
:10CA6000029801B415F084FF03B001BCE0213768DF
:10CA70007850CE486F467760ECF756F901B40B203A
:10CA800001B40D2001B4029801B415F071FF03B098
:10CA900001BC5121890037687850C4486F467760DF
:10CAA000ECF742F901B45F2001B4032001B402980D
:10CAB00001B415F05DFF03B001BC052189013768A1
:10CAC0007850BA486F467760ECF72EF901B46320CE
:10CAD00001B4052001B4029801B415F049FF03B078
:10CAE00001BC4D21890037687850B0486F467760A7
:10CAF000ECF71AF901B4612001B4072001B40298DF
:10CB000001B415F035FF03B001BC2721C900376817
:10CB10007850A6486F467760ECF706F901B46520B7
:10CB200001B4092001B4029801B415F021FF03B04B
:10CB300001BC4F218900376878509C486F46776068
:10CB4000ECF7F2F801B4672001B40F2001B40298A9
:10CB500001B415F00DFF03B001BC45218900376811
:10CB6000785093486F467760ECF7DEF801B4002008
:10CB700001B4052001B4029801B40BF031F903B0FF
:10CB800001BC5F2189003768785089486F4677601B
:10CB9000ECF7CAF801B4002001B4072001B40298F0
:10CBA00001B40BF01DF903B001BC0321C9013768C2
:10CBB00078507F486F467760ECF7B6F801B40020F4
:10CBC00001B4092001B4029801B40BF009F903B0D3
:10CBD00001BC61218900376878500BF045F82F219E
:10CBE000C90037687850734801B416F075F801B081
:10CBF000714801B415F0FCFF01B070486F467760D2
:10CC0000ECF792F801B40120404201B4012001B4D4
:10CC1000029801B415F0ACFE03B001BC3768B861EE
:10CC200042203521C9003768785003200002E930DE
:10CC30000D214901376878503D2069218900376806
:10CC4000785015F077FE3768F86115F073FE376895
:10CC5000386215F06FFE37687862594801B415F0F4
:10CC600059FE01B03768B86200203768F86255484D
:10CC700001B415F0BDFF01B0534801B416F02CF813
:10CC800001B06F467760EAF7D3F93768B8644F4868
:10CC90006F467760F1F746FA376878634C486F461D
:10CCA0007760F1F73FFA3768B8634A486F467760B4
:10CCB000F1F738FA3768F8630A205D218900376890
:10CCC00078500A202D21C9003768785042483768CB
:10CCD00038640A20092149013768785014F0A4FB10
:10CCE00014F064FA3768B86C01B423F0D7FA3B4902
:10CCF0006F467760EAF7ACF901B039486F46776064
:10CD0000F1F710FA3768F86436486F467760F1F744
:10CD100009FA3768386534486F467760F1F702FAE8
:10CD20003768786531486F467760F1F7FBF9376807
:10CD3000B8652F486F467760F1F7F4F93768F86502
:10CD40002C486F467760F1F7EDF9376838662A4866
:10CD50006F467760F1F7E6F93768786627486F46DF
:10CD60007760F1F7DFF93768B86625486F46776076
:10CD7000F1F7D8F93768F86622486F467760F1F71F
:10CD8000D1F93768386720486F467760F1F7CAF9FC
:10CD90003768786703203321C9003768785035E059
:10CDA0006CB40400308C04003C8C04009C1804001B
:10CDB000D816040058D501000CD701007C1A0400D5
:10CDC00038920400DCD7010090D80100B4B404000C
:10CDD000E0B4040070B5040054D9010034DE020050
:10CDE00000B60400E0B80400C0BB0400A0BE04000C
:10CDF000B0C00400C0C20400D0C40400E0C60400F7
:10CE0000F0C8040000CB040010CD040011206521FF
:10CE10008900376878503768F86F3768B8678420BA
:10CE20003768385801B423F04CFA6F467760EEF754
:10CE300065FC01B024F0A3FB01B43768B86F01B4FE
:10CE40007A2123F047FA01B0052124F00BFB01B44D
:10CE5000019800996F467760EAF7F6FB02B001B4DB
:10CE60006F467760EAF7BCFC01B0032124F00AFBAF
:10CE700080213768785084203768385801B423F00F
:10CE800020FA6F467760EEF735FC01B024F077FBAF
:10CE9000112124F0F7FA01B43768B86F01B47B218F
:10CEA00023F018FA01B001B4019800996F46776039
:10CEB000EAF7CAFB02B001B46F467760EAF790FC6C
:10CEC00001B0882137687850E14801B410F0B6FE0F
:10CED00001B0E04801B423F03BFA01B00F21490151
:10CEE00037687850DC486F467760EBF71DFF01B478
:10CEF000792001B4012001B4292001B4039801B4C0
:10CF000014F0DEFC04B001BC792189003768785048
:10CF1000D2486F467760EBF707FF01B4002001B4F9
:10CF2000019801B410F064FD02B001BC8C21376897
:10CF30007850CB483D21C90037687850C9486F46C2
:10CF40007760EBF7F1FE01B4C74801B41F2000027F
:10CF5000413001B4512001B4152001B4049801B44A
:10CF600015F0B0FC05B001BC1D21090137687850EF
:10CF7000BE486F467760EBF7D7FE01B4BC4801B4FA
:10CF8000C92001B4029801B409F0B6F803B001BC9D
:10CF90005321890037687850B4486F467760EBF7C3
:10CFA000C3FE01B4B34801B4FB2001B4029801B43C
:10CFB00009F0A2F803B001BC7521890037687850E8
:10CFC000AD4801B410F00CFD01B00CF07BFE15F083
:10CFD000B1FC90213768785015F0ACFC942137688B
:10CFE000785015F0A7FC9821376878500CF04EFE69
:10CFF0009C21376878500CF049FEA02137687850A2
:10D000000CF044FEA421376878500CF03FFEA821B4
:10D01000376878509948B02137687850B020376821
:10D02000385801B423F0B2F995496F467760E9F7B3
:10D0300061FD01B0AC2137687850B02037683858AE
:10D0400001B423F0A3F98F496F467760E9F752FDE9
:10D0500001B0B42137687850B0203768385801B42F
:10D0600023F094F988496F467760E9F743FD01B0F2
:10D07000B82137687850B0203768385801B423F0A9
:10D0800085F982496F467760E9F734FD01B0BC212C
:10D09000376878507E4801B47E4801B40CF0B4FD86
:10D0A00002B07D4801B47D4801B40CF0ADFD02B082
:10D0B0007B4801B47B4801B40CF0A6FD02B07A486D
:10D0C00001B4744801B40CF09FFD02B0774801B47C
:10D0D000724801B40CF098FD02B0754801B4714873
:10D0E00001B40CF091FD02B0724801B423F0C3F812
:10D0F0006F467760F1F716F801B0C02137687850B5
:10D100006D4801B46D4801B40CF07EFD02B015F01D
:10D1100011FCC4213768785015F00CFCC821376821
:10D12000785015F007FCCC213768785006202B2169
:10D13000C9003768785006201121090137687850F6
:10D14000062043218900376878500620FC21376883
:10D1500078500620F821376878500620F421376887
:10D1600078500620F021376878500620EC21376887
:10D1700078500620E821376878500620E421376887
:10D1800078500620152109013768785006200121C2
:10D190000902376878506F467760E9F76BFC4121E8
:10D1A00089003768785001202121C90037687850FC
:10D1B0000620DC21376878506F467760E9F738FF42
:10D1C000D421376878506F467760E9F731FFD02176
:10D1D0003768785071206F467760EEF703F86F4636
:10D1E0007760E9F725FF01B401B4002001B43448A9
:10D1F00001B40CF085FB02B001B4019800996F46B0
:10D200007760E9F725FF02B0002001B42D4801B492
:10D210000CF076FB02B001B4009901986F4677607C
:10D22000E9F716FF01B0002001B4274801B40CF063
:10D2300067FB02B001B4009901986F467760E9F787
:10D2400007FF01B0002001B4204801B440E0000015
:10D2500024DA02007C1D0300D05A0400481D04009B
:10D260005C920400045A0400DC160300DC43040052
:10D27000D05C020074150300BCD90200408E04008B
:10D280005C8E04006C8E04007C8E0400988E04007A
:10D29000ACD90100F878040050DC0100E06E040015
:10D2A00080DC01002490040044DD010098DD0100D1
:10D2B000C8DD0100F4410500F8DD010050900400D4
:10D2C000749004008090040094900400AC900400DA
:10D2D0000CF016FB02B001B4009901986F4677601C
:10D2E000E9F7B6FE01B0002001B4C44801B40CF067
:10D2F00007FB02B001B4009901986F467760E9F727
:10D30000A7FE01B0002001B4BD4801B40CF0F8FA4A
:10D3100002B001B4009901986F467760E9F798FE72
:10D3200001B0002001B4B74801B40CF0E9FA02B032
:10D3300001B4009901986F467760E9F789FE01B062
:10D34000002001B4B04801B40CF0DAFA02B001B424
:10D35000009901986F467760E9F77AFE01B00020E6
:10D3600001B4AA4801B40CF0CBFA02B001B40099A0
:10D3700001986F467760E9F76BFE01B001BCD021E0
:10D38000376878506F467760E9F752FE01B401B410
:10D39000002001B49E4801B40CF0B2FA02B001B40E
:10D3A000019800996F467760E9F752FE02B00020BD
:10D3B00001B4984801B40CF0A3FA02B001B400998A
:10D3C00001986F467760E9F743FE01B001BCD421B4
:10D3D0003768785002200002593001B415F0D0FDB2
:10D3E00001B0192001B4012001B48B4801B40BF045
:10D3F000F1F803B0D821376878500D2001B48120AE
:10D4000001B4D8203768385801B40BF0A0F803B045
:10D4100003200002E93001B415F0B2FD01B019207B
:10D4200001B4012001B47D4801B40BF0D3F803B07E
:10D43000DC2137687850212001B4932001B4DC202E
:10D440003768385801B40BF082F803B01720000297
:10D4500071302721090211316F467760EAF74EF9E2
:10D4600001B415F08DFD01B0002001B4002001B41D
:10D47000DC203768385801B40BF040F803B00020C6
:10D4800001B4002001B4D8203768385801B40BF03B
:10D4900035F803B0624801B40AF04CFF01B001B4A2
:10D4A0000AF0B4FF01B00AF063FA5E4801B410203C
:10D4B0000002033001B4E0203768385801B40AF0A4
:10D4C0003EFA03B0584801B410200002033001B402
:10D4D000452080003768385801B40AF030FA03B0AC
:10D4E000524801B402F0AAFB01B0002000BD0000C8
:10D4F000D4B0010000000000FDD4010000B54220BE
:10D500006F467760EAF7ECFA002823D00A203768E4
:10D51000F86001200002913001B415F031FD01B036
:10D520003768F8686F467760EAF7DAFA6F4677602F
:10D53000E9F746FC6F467760E9F764FD6F46776070
:10D54000EAF7CEFA002804D015F002FD4220376831
:10D55000F860D4E7002000BDD4B001000000000056
:10D5600065D5010000B5002001B401B401B415F087
:10D57000A7FB22F011FF006D009000986F467760C6
:10D58000EAF7AEFA6F467760E9F71AFC6F46776004
:10D59000E9F738FD6F467760EAF7A2FA002800D075
:10D5A000B1E001200190019801B4019801B422F08A
:10D5B00075FE6F467760E9F745FD01B023F0DFFFA8
:10D5C00001B40198009923F0E6FF02B000D19AE07F
:10D5D0003768786901B4029801B40198009922F083
:10D5E00006FC02B00290029801B46F467760EAF739
:10D5F00041FA00281CD1009801B060E0BC90040002
:10D60000CC900400DC900400F0900400049104002D
:10D6100074900400189104002891040044910400BF
:10D62000B88F040048DE01001CE4010030E4010072
:10D630000098009801B0009801B4029801B40198D4
:10D64000009922F0D4FB02B06F467760EAF748FAFF
:10D650006F467760E9F7B4FB6F467760E9F7D2FC75
:10D660006F467760EAF73CFA6F467760E9F7A8FB08
:10D670006F467760E9F7C6FC01B4039840696F46CE
:10D680007760EAF72DFA6F467760E9F799FB6F4606
:10D690007760E9F7B7FC6F467760EAF721FA6F46E3
:10D6A0007760E9F78DFB6F467760E9F7ABFC01B473
:10D6B000019800996F467760EAF7AEF902B06F46BD
:10D6C0007760EAF70DFA002817D0029840696F4694
:10D6D0007760EAF705FA002801D0032000E0052072
:10D6E00001B40398006901B4019801B422F062FE0C
:10D6F0006F467760ECF746F803B00198032123F0FA
:10D70000B1FE01904FE7002003B000BDD4B001008E
:10D710000000000019D70100012C06DA00B522F044
:10D7200059FE00F002F801B000BD00B5002001B4C0
:10D73000029801B46F467760E9F77AFC01B401986A
:10D74000009922F029FE016502B0012000900098A6
:10D7500001B43768786901B422F0A0FD6F467760A4
:10D76000E9F770FC01B023F00AFF01B401980099B9
:10D7700023F011FF02B02ED03768786901B4019808
:10D7800001B40198009922F032FB02B06F46776035
:10D79000EAF7A6F9002818D0029822F0FDFD006DE6
:10D7A00001B4019801B43768786901B4039801B4F1
:10D7B0000198009922F01BFB02B0406901B4029865
:10D7C0000199009A22F05EFB03B00098032123F038
:10D7D00049FE0090BBE7002001B000BDD4B00100BD
:10D7E00000000000E9D70100012C06DA00B522F0A4
:10D7F000F1FD00F002F801B000BD00B53768F86A2D
:10D800006F467760EAF76CF900283ED03768386BCE
:10D810006F467760EAF764F96F467760E9F7D0FA08
:10D820006F467760E9F7EEFB6F467760EAF758F9E5
:10D83000002805D06F467760E9F7FAFB3768386350
:10D840006F467760E9F79EFC01B401210902A5311A
:10D850003768FA6A6F467760E9F71AFD0098B521D4
:10D860004900029A6F467760E9F712FD3768386B16
:10D8700001B4019801B422F0B1FD6F467760E9F779
:10D88000E7FB03B000203768F862002000BD00000D
:10D89000D4B00100000000009DD8010000B50020B8
:10D8A00001B401B415F00CFA009000203768F8625A
:10D8B0003768386B01B46F467760EAF7DBF8002809
:10D8C00002D1009801B00EE00098009801B03768CE
:10D8D000386B01B422F0E2FC6F467760E9F7B2FBE7
:10D8E00001B023F04CFE6F467760EAF7F9F80028A4
:10D8F0002CD03768386B01B422F0D0FC6F467760CB
:10D90000E9F7ACFB01B00190019801B4B5214900E1
:10D9100022F0E0FC01B0009923F08DFE0AD00198BE
:10D9200001B401210902A53122F0D4FC01B037680D
:10D93000F8620BE03768386B01B4029801B422F04A
:10D940004DFD6F467760E9F783FB02B0002002B01F
:10D9500000BD0000D4B001000000000061D901004A
:10D9600000B53768786C6F467760EAF7B9F86F46AC
:10D970007760E9F725FA6F467760E9F743FB6F4672
:10D980007760EAF7ADF800280CD0C5486F4677609D
:10D99000EBF7CAF901B401B413F05CFD01B001BCAE
:10D9A000376878643768786C00BD0000D4B0010037
:10D9B00000000000B9D90100012C06DA00B522F000
:10D9C00009FD00F002F801B000BD00B5019801B4F6
:10D9D0000BF0CAFF01B001B40146B2486F46776050
:10D9E000EAF710F8002801D001B0E7E0AE4800994E
:10D9F0006F467760EAF706F8002801D001B0DDE055
:10DA0000AA4800996F467760E9F7FCFF002801D02B
:10DA100001B0D9E0A64800996F467760E9F7F2FFB8
:10DA2000002801D001B0CFE0A24800996F4677608E
:10DA3000E9F7E8FF002801D001B0CBE09E4800994B
:10DA40006F467760E9F7DEFF002801D001B0C1E042
:10DA50009A4800996F467760E9F7D4FF002801D013
:10DA600001B0BDE0964800996F467760E9F7CAFFBC
:10DA7000002801D001B0B3E0924800996F4677606A
:10DA8000E9F7C0FF002801D001B0AFE08E4800994F
:10DA90006F467760E9F7B6FF002801D001B0A5E036
:10DAA0008A4800996F467760E9F7ACFF002801D0FB
:10DAB00001B0A1E0864800996F467760E9F7A2FFC0
:10DAC000002801D001B097E0824800996F46776046
:10DAD000E9F798FF002801D001B093E07E48009953
:10DAE0006F467760E9F78EFF002801D001B089E02A
:10DAF0007A4800996F467760E9F784FF002801D0E3
:10DB000001B085E0764800996F467760E9F77AFFC3
:10DB1000002801D001B07BE0724800996F46776021
:10DB2000E9F770FF002801D001B077E06E48009956
:10DB30006F467760E9F766FF002801D001B06DE01D
:10DB40006A4800996F467760E9F75CFF002801D0CA
:10DB500001B069E0664800996F467760E9F752FFC7
:10DB6000002801D001B05FE0624800996F467760FD
:10DB7000E9F748FF002801D001B05BE05E4800995A
:10DB80006F467760E9F73EFF002801D001B051E011
:10DB90005A4800996F467760E9F734FF002801D0B2
:10DBA00001B04DE0564800996F467760E9F72AFFCB
:10DBB000002801D001B043E001BC47E051486F4666
:10DBC0007760F0F7AFFA42E04F486F467760F0F7C2
:10DBD000A9FA3CE04D486F467760F0F7A3FA36E0CB
:10DBE0004B486F467760F0F79DFA30E049486F4642
:10DBF0007760F0F797FA2AE047486F467760F0F7CA
:10DC000091FA24E045486F467760F0F78BFA1EE002
:10DC100043486F467760F0F785FA18E041486F4651
:10DC20007760F0F77FFA12E03F486F467760F0F7D1
:10DC300079FA0CE03D486F467760F0F773FA06E03A
:10DC40003B486F467760F0F76DFA00E0062000BDB4
:10DC5000D4B00100000000005DDC0100012C06DAF8
:10DC600000B522F0B7FB00F002F801B000BD00B52E
:10DC7000019801B40BF078FE01B0062000BD000051
:10DC8000D4B00100000000008DDC0100012C51DA4D
:10DC900000B522F09FFB00F04DF801B000BD000080
:10DCA0005C1C0400B48E0400C48E0400D08E0400FA
:10DCB000E08E0400EC8E0400FC8E0400088F04004B
:10DCC000188F0400288F0400388F0400488F040048
:10DCD000588F04006C8F04007C8F04008C8F04002C
:10DCE0009C8F0400A88F0400B88F0400C88F040024
:10DCF000D88F0400E88F0400F88F0400049004001B
:10DD000014900400A4CF0400D4CF040004D0040075
:10DD100034D0040064D0040094D00400C4D00400C3
:10DD2000E8D0040014D10400A4F60400341C05005B
:10DD3000C441050000B5019801B40BF015FE01B017
:10DD4000062000BDD4B001000000000051DD01003C
:10DD5000012C06DA00B522F03DFB00F002F801B01C
:10DD600000BD00B5019801B40BF0FEFD01B001B497
:10DD70000146BD486F467760E9F744FE002801D0B0
:10DD800001B001E001BC05E0B8486F467760F0F7EC
:10DD9000C9F900E0062000BDD4B001000000000079
:10DDA000A5DD0100012C06DA00B522F013FB00F01E
:10DDB00002F801B000BD00B5019801B40BF0D4FD2C
:10DDC00001B0062000BD0000D4B00100000000003A
:10DDD000D5DD0100012C06DA00B522F0FBFA00F0D7
:10DDE00002F801B000BD00B5019801B40BF0BCFD14
:10DDF00001B0062000BD0000D4B00100000000000A
:10DE000005DE0100012C06DA00B522F0E3FA00F08D
:10DE100002F801B000BD00B5019801B40BF0A4FDFB
:10DE200001B001B4014692486F467760E9F7EAFD18
:10DE3000002801D001B001E001BC03E0C020376838
:10DE4000385800E0062000BDD4B0010000000000FA
:10DE500055DE010000B5E4203768385801B409F0F8
:10DE600029FD01B06F467760E9F73AFE002800D03F
:10DE7000D2E2E8203768385801B4E42037683858CF
:10DE800001B408F0CCFF02B06F467760E9F728FED6
:10DE900000280AD008F09CFE6F467760E8F7EAFD9C
:10DEA00001B408F02FFE01B0B6E2EC203768385814
:10DEB00001B4E4203768385801B408F0B0FF02B06C
:10DEC0006F467760E9F70CFE00280AD008F080FE64
:10DED0006F467760E8F7CEFD01B408F0ADFD01B004
:10DEE0009AE2F0203768385801B4E420376838588F
:10DEF00001B408F094FF02B06F467760E9F7F0FDD7
:10DF0000002804D008F064FE08F036FD84E2F42016
:10DF10003768385801B4E4203768385801B408F03D
:10DF20007EFF02B06F467760E9F7DAFD002804D083
:10DF300008F04EFE08F0BAFC6EE2F8203768385858
:10DF400001B4E4203768385801B408F068FF02B023
:10DF50006F467760E9F7C4FD002804D008F038FE6A
:10DF600008F0F0FB58E2FC203768385801B4E42090
:10DF70003768385801B408F052FF02B06F46776036
:10DF8000E9F7AEFD002804D008F022FE08F0BEFA42
:10DF900042E2012000023768385801B4E4203768B3
:10DFA000385801B408F03BFF02B06F467760E9F7DC
:10DFB00097FD002802D008F00BFE2DE241208000E2
:10DFC000376838582B4923F036FB00D13EE1012059
:10DFD0002121C90037687850E4203768385801B4E7
:10DFE00008F06FFA01B001B431216F467760E9F7AC
:10DFF000F5FD01B001B46F467760E9F73BFD0028FD
:10E0000002D1009801B037E00098009801B0E420F8
:10E010003768385801B408F054FA01B001B4172138
:10E020006F467760E9F7FCFD01B001B46F46776099
:10E03000E9F720FD002802D1009801B012E0009815
:10E04000009801B0E4203768385801B408F0F7F9B7
:10E0500001B001B4012109022D316F467760E9F763
:10E06000BDFD01B008E0000030900400F44105005F
:10E070005C900400588F04006F467760E9F730FD2C
:10E0800000284BD0C448412189003768785043208C
:10E0900080003768385801B407F03DFC01B0D0204B
:10E0A0003768385801B405F0B5FD01B04321890047
:10E0B000376878500A2001B4432080003768385808
:10E0C00001B405F09AFD02B0C32001B401200002A2
:10E0D0002F3001B4432080003768385801B44C21F8
:10E0E00022F082F903B0752001B4992001B44320D5
:10E0F00080003768385801B40AF029FA03B03B2091
:10E10000404201B4432080003768385801B40121EF
:10E110000902DF3122F078F902B096E0E420376896
:10E12000385801B408F0CDF901B001B44B216F4665
:10E130007760E9F753FD01B001B46F467760E9F706
:10E1400099FC002802D1009801B02DE000980098B9
:10E1500001B0E4203768385801B408F0B2F901B0D2
:10E1600001B431216F467760E9F75AFD01B001B47F
:10E170006F467760E9F77EFC002802D1009801B075
:10E1800012E00098009801B0E4203768385801B4D4
:10E1900008F055F901B001B4012109022D316F4693
:10E1A0007760E9F71BFD01B06F467760E9F798FCEF
:10E1B00000284AD0794841218900376878504320A7
:10E1C00080003768385801B407F0A5FB01B0D420AF
:10E1D0003768385801B405F01DFD01B043218900AE
:10E1E000376878500A2001B44320800037683858D7
:10E1F00001B405F002FD02B0C32001B40120000209
:10E200002F3001B4432080003768385801B44C21C6
:10E2100022F0EAF803B0752001B4992001B443203C
:10E2200080003768385801B40AF091F903B03B20F8
:10E23000404201B4432080003768385801B40121BE
:10E240000902DF3122F0E0F802B0E5E04120800071
:10E250003768385801B450496F467760E9F7D4FB06
:10E2600001B001B46F467760E9F704FC002802D0E2
:10E27000009801B00DE00098009801B041208000A6
:10E280003768385801B445496F467760E9F7BCFBF9
:10E2900001B06F467760E9F723FC002800D1BBE0AE
:10E2A000E4203768385801B408F00BF901B001B424
:10E2B00001F0AEFE01B0E4203768385801B408F030
:10E2C00000F901B0152123F07AF900D192E0E420A1
:10E2D0003768385801B408F0F4F801B02F2123F062
:10E2E0006EF900D180E0E4203768385801B408F0B6
:10E2F000E8F801B0492123F062F96FD0E4203768D3
:10E30000385801B408F0DDF801B0632123F057F963
:10E310005ED0E4203768385801B408F0D2F801B074
:10E320007D2123F04CF94DD0E4203768385801B4F2
:10E3300008F0C7F801B0972123F041F93CD0E42060
:10E340003768385801B408F0BCF801B0B12123F0A7
:10E3500036F92BD0E4203768385801B408F0B1F80A
:10E3600001B0CB2123F02BF91AD0E42037683858BC
:10E3700001B408F0A6F801B0E52123F020F905D09A
:10E380001320112109013768785004E01120112170
:10E3900009013768785008E0709104008C910400FE
:10E3A0000F20112109013768785004E00D20112158
:10E3B00009013768785004E00B2011210901376802
:10E3C000785004E00920112109013768785004E0F1
:10E3D0000720112109013768785004E00520112138
:10E3E00009013768785004E00320112109013768DA
:10E3F000785004E00120112109013768785011207C
:10E4000000013768385801B4412080003768385817
:10E4100001B401F027FD02B0002000BDD4B001001E
:10E420000000000029E4010000B5002000BD00004C
:10E43000D4B00100000000003DE4010000B545201B
:10E4400001B414F09DFD01B000F02CF841208000D3
:10E450003768385801B4B9496F467760E9F7D4FA9C
:10E4600001B001B46F467760E9F704FB002802D0E1
:10E47000009801B00DE00098009801B041208000A4
:10E480003768385801B4AE496F467760E9F7BCFA8F
:10E4900001B06F467760E9F723FB0028FFD000202A
:10E4A00000BD000000B5E8203768385801B4E4200A
:10E4B0003768385801B408F0B2FC02B06F46776094
:10E4C000E9F70EFB002811D0032001B41F2001B48E
:10E4D0000A2001B4652001B49A4801B4E8203768E5
:10E4E000385801B400F0BBF806B0ADE0EC20376856
:10E4F000385801B4E4203768385801B408F08FFC6C
:10E5000002B06F467760E9F7EBFA002811D00320DC
:10E5100001B41F2001B40A2001B4652001B48A4867
:10E5200001B4EC203768385801B400F098F806B010
:10E530008AE0F0203768385801B4E420376838584A
:10E5400001B408F06CFC02B06F467760E9F7C8FAD6
:10E55000002811D0032001B41F2001B40A2001B407
:10E56000652001B4794801B4F0203768385801B407
:10E5700000F075F806B067E0F4203768385801B449
:10E58000E4203768385801B408F049FC02B06F46FF
:10E590007760E9F7A5FA002811D0032001B41F2005
:10E5A00001B40A2001B4652001B4694801B4F42023
:10E5B0003768385801B400F052F806B044E0F8204B
:10E5C0003768385801B4E4203768385801B408F087
:10E5D00026FC02B06F467760E9F782FA002811D076
:10E5E000032001B41F2001B40A2001B4652001B446
:10E5F000584801B4F8203768385801B400F02FF8B3
:10E6000006B021E0FC203768385801B4E4203768B0
:10E61000385801B408F003FC02B06F467760E9F7A0
:10E620005FFA002810D0032001B41F2001B40A2093
:10E6300001B4652001B4484801B4FC20376838585B
:10E6400001B400F00CF806B0002000BD062C0BDA77
:10E6500000B521F015FF00F007F806B000BD7746C1
:10E66000009821F02AFFBE4600B5029801B40621A9
:10E670006F467760E9F722F901B001B46F46776021
:10E68000E9F7F8F9002802D0009801B00AE00098F4
:10E69000009801B0029801B400216F467760E9F755
:10E6A0000DF901B001B46F467760E9F7E3F900288E
:10E6B00002D0009801B010E00098009801B00298D4
:10E6C00001B46F467760E8F7D5F901B40198009975
:10E6D0006F467760E9F7F2F802B06F467760E9F7C6
:10E6E000FFF9002812D00198406E6F467760E9F775
:10E6F000F7F9002806D00198406E01B42C2121F0D2
:10E70000ECFE01B001980021416657E00198406E8F
:10E710006F467760E9F7E4F9002806D00198406E6B
:10E7200001B42C2121F0D9FE01B0019800214166ED
:10E730000398012122F06BFF10D11FE070910400BB
:10E740008C910400E08E0400FC8E04001490040000
:10E75000388F0400588F0400188F0400019801B40A
:10E760006F467760E7F76AFC22F009FF049922F010
:10E7700079FE01B401980099016602B0292001B424
:10E78000039801B400F050FF02B00290CD486F46EC
:10E790007760EAF7C9FA01B4049801B4069801B4A5
:10E7A000099801B4099801B4079801B4059801B417
:10E7B00000F006F806B0029802BC4166002000BDD9
:10E7C0007746009821F09BFEBE4600B5002001B4BC
:10E7D00001B4069801B4069801B4069801B40698ED
:10E7E00001B400F00FFF04B0B7486F467760EAF756
:10E7F0009BFA01B4C92001B4069801B4029801B48F
:10E8000000F08CFB03B0049802BC016107986F46CE
:10E810007760E9F765F9002800D186E0AB486F46DC
:10E820007760EAF781FA01B4049800690346512041
:10E8300001B408B4029801B400F048FB03B0049896
:10E8400002BC41610898012122F0E1FE67D00398E3
:10E85000406901B400F0DFFA01B0032122F002FEAA
:10E860000090089801B4019801B4009905206F4602
:10E870007760E8F7BDFE01B001B4019800996F46DA
:10E880007760E8F7E1FE02B0012122F018FE0346AE
:10E8900007200002D13001B408B400F0A9FA02B098
:10E8A0000190039840690346019801B408B400F050
:10E8B00093FA02B00398406901B40498006901B466
:10E8C00000F061F801B001B407210902D1316F46AF
:10E8D0007760E8F78DFE01B001B40A9801B404989E
:10E8E00001B4049801B4019800996F467760E8F785
:10E8F0007FFE02B001B40198009922F0C3FD02B07E
:10E9000001B4019800996F467760E8F79DFE02B068
:10E9100001B406BC02B404B400F035FA02B00398A6
:10E92000406901B400F00DF801B0002002B000BD54
:10E93000012C0BDA00B521F04DFD00F007F801B015
:10E9400000BD7746009821F0E8FDBE4600B501986D
:10E9500003218160019801B46F467760E7F76EFB91
:10E9600022F00DFE01B401980099016102B000206F
:10E9700000BD0000012C0BDA00B521F02BFD00F0EA
:10E9800007F801B000BD7746009821F0D4FDBE46DF
:10E9900000B5002001B401B40120009001200190D5
:10E9A000019801B40498406801B421F077FC6F46E7
:10E9B0007760E8F747FB01B022F0E1FD032122F088
:10E9C00051FD01B40198009922F0E5FD02B023D079
:10E9D000009801B4029801B4059801B400F0F4F86D
:10E9E00002B001B4039801B4069801B400F026F80F
:10E9F00002B001B40198009922F044FD02B001B4C4
:10EA00000198009922F02EFD02B000900198032198
:10EA100022F028FD0190C3E7009802B000BD00007D
:10EA2000022C0BDA00B521F094FD00F007F802B0DB
:10EA300000BD7746009821F07EFDBE4600B500205F
:10EA400001B40398012122F0BAFD0DD0029840686C
:10EA500001B40498032122F015FD01B40198009936
:10EA600021F0C5F902B000E001200090009801B447
:10EA70000398406901B421F089FC6F467760E8F79C
:10EA800003F901B022F07BFD01B40198009922F056
:10EA900082FD02B000D185E00298406901B401987E
:10EAA00001B421F05FFD6F467760E8F767FA02B0C6
:10EAB000412122F098FD0BD00098032122F0D2FCD6
:10EAC00000906EE09C35040064360400A03704001A
:10EAD0000298406901B4019801B421F043FD6F46EA
:10EAE0007760E8F751FA02B001B4B9496F46776030
:10EAF000E8F7E4FE01B001B46F467760E8F7BAFFCB
:10EB0000002802D1009801B018E00098009801B0E8
:10EB10000298406901B40198032122F0A3FC01B4DA
:10EB200021F020FD6F467760E8F72EFA02B001B4BD
:10EB3000A8496F467760E8F7C1FE01B001B46F469F
:10EB40007760E8F797FF002802D1009801B01BE03A
:10EB50000098009801B00098032122F083FC01B4D2
:10EB60000398406901B421F011FC6F467760E8F723
:10EB70008BF801B022F003FD01B4019800996F46B3
:10EB80007760E9F72BF802B06F467760E8F7A8FFE7
:10EB9000002805D00098052122F064FC009000E0D8
:10EBA00000E063E7009801B000BD0000022C0BDA22
:10EBB00000B521F0CEFC00F007F802B000BD7746AA
:10EBC000009821F0B8FCBE4600B5002001B401B4A5
:10EBD00001B40598012122F0F2FC0DD004984068A0
:10EBE00001B40698032122F04DFC01B4019800996C
:10EBF00021F0FDF802B000E001200090059801B47A
:10EC00000598406801B421F049FB6F467760E8F74A
:10EC100019FA01B022F0B3FC01B40198009922F076
:10EC2000BAFC02B00AD00498406801B4069801B456
:10EC30000198009921F0DBF802B00BE004984069DC
:10EC400001B421F0A3FB6F467760E8F71DF801B02F
:10EC500022F095FC01900A2002900198009922F080
:10EC6000AEFC78D00498406901B4029801B421F058
:10EC700079FC6F467760E8F781F902B0412122F014
:10EC8000B2FC07D00198032122F0FCFB0190422046
:10EC900002905FE00498406901B4029801B421F049
:10ECA00061FC6F467760E8F76FF902B001B449493B
:10ECB0006F467760E8F702FE01B001B46F467760F7
:10ECC000E8F7D8FE002802D1009801B018E00098BB
:10ECD000009801B00498406901B40298032122F021
:10ECE000D1FB01B421F03EFC6F467760E8F74CF9A8
:10ECF00002B001B436496F467760E8F7DFFD01B036
:10ED000001B46F467760E8F7B5FE002802D100989D
:10ED100001B010E00098009801B00198032122F0A2
:10ED2000B1FB01B4019801B4019800996F46776076
:10ED3000E8F776FF02B06F467760E8F7D1FE00286B
:10ED400007D00198052122F09DFB019042200290FE
:10ED500000E000E081E702986F467760E8F7C0FEC8
:10ED6000002804D00198032122F07CFB00E00198E8
:10ED700003B000BD022C0BDA00B521F0EAFB00F075
:10ED800007F802B000BD7746009821F0C6FBBE46EA
:10ED900000B5019801B4039801B40099072000025E
:10EDA000D1306F467760E8F74FFC01B001B40198AD
:10EDB0000099416002B0002000BD0000022C10DA72
:10EDC00000B521F0C6FB00F00CF802B000BD000059
:10EDD000748C04006C8C04007746009821F09DFB35
:10EDE000BE4600B5019802994161002000BD0000B7
:10EDF00000B50198029922F0F6FB01D0019800E0DD
:10EE0000029800BD012C0BDA00B521F0E3FA00F006
:10EE100007F801B000BD7746009821F07EFBBE46A2
:10EE200000B5002001B40298806A01B40398406ADA
:10EE300001B400F03CF801B001B421F0BBFA6F4618
:10EE40007760E8F7F1F802B022F099FB032122F095
:10EE500009FB00900298406A21F06DFB406801B404
:10EE600021F01CFA6F467760E8F7ECF801B022F069
:10EE700086FB032122F0F6FA01B4019801B401984F
:10EE800000996F467760E8F7DFFB02B001B46F4688
:10EE90007760E8F7A5FC01B001B000BD012C0BDAEA
:10EEA00000B521F097FA00F007F801B000BD7746F1
:10EEB000009821F040FBBE4600B50198806801B47F
:10EEC0007A2121F007FA01B000BD000077460098D2
:10EED00021F023FBBE4600B50198029941620198DA
:10EEE00003998162019801218160019801214942C1
:10EEF000016101980121C16007200002D13001B4F5
:10EF0000029801B4FFF76DFF02B03D2001B40298F2
:10EF100001B4FFF73DFF02B0002000BD7746009826
:10EF200021F009FBBE4600B50198029941610198A4
:10EF300001B4039801B400F029FB01B001B40198B9
:10EF40000099816002B0039801B4029801B400F006
:10EF500011F802B0002000BD022C0BDA00B521F040
:10EF6000F8FA00F007F802B000BD7746009821F0EB
:10EF7000E2FABE4600B5002001B46F467760E8F7BC
:10EF800057F801B401B4059801B40598806801B43C
:10EF90007B2121F09FF901B001B421F00BFA6F46FB
:10EFA0007760E8F741F802B022F0E9FA01B401987D
:10EFB00000996F467760E8F74BF802B0039801B408
:10EFC000049840690346019801B408B400F0A0F821
:10EFD00002B00027019701B401980099416003B085
:10EFE000029801B40398406801B421F057F96F46C4
:10EFF0007760E8F727F801B022F0C1FA032122F088
:10F0000031FA01B40498806801B47A2121F062F9E0
:10F0100001B001B4019800996F467760E8F7E8FA0B
:10F0200002B001B401980099C16002B002980121B8
:10F03000016101200090009801B40398406801B478
:10F0400021F02CF96F467760E7F7FCFF01B022F062
:10F0500096FA032122F006FA01B40198009922F0F1
:10F060009AFA02B02BD0029801B4019801B4049826
:10F0700001B4FFF7A9FD02B001B4029801B40598EC
:10F0800001B4FFF7DBFC02B001B40198009922F053
:10F09000F9F902B001B40498006901B406BC02B4E5
:10F0A00004B400F02BF802B001B40198009901619A
:10F0B00002B00098032122F0D5F90090BBE7029836
:10F0C00001B401B40198006901B40598806801B4E5
:10F0D0007B2121F0FFF801B00027029701B40198CD
:10F0E00000996F467760E8F783FA02B001B401989F
:10F0F0000099016103B0002001B000BD00B5019886
:10F10000029922F084FA01D0019800E0029800BD33
:10F1100000B5002001B401B401B401B401B401B4DC
:10F1200001B46F467760E7F783FF009001200190FC
:10F13000012002906F467760E7F7F2FF0390039893
:10F1400001216F467760E7F7E9FF6F467760E7F7E1
:10F15000E7FF0490049801B40A9801B405986F463B
:10F160007760E7F7D9FF01B40198009920F03FFEDE
:10F1700002B001B4019800996F467760E7F7CEFFBF
:10F1800002B00320C2496F467760E9F79FFD01B4E2
:10F190000021049A6F467760E7F7CCFF00980121C1
:10F1A000059A6F467760E7F7C5FF009802210A9A33
:10F1B0006F467760E7F7BEFF01BC0590012006901F
:10F1C000069801B4099801B421F0E0F86F46776021
:10F1D000E7F75AFD01B022F0D2F901B40198009985
:10F1E00022F0D9F902B000D1F4E0089801B40798F0
:10F1F00001B421F0B7F96F467760E7F7C5FE02B0BA
:10F20000A44922F02CFA17D0009801B4079801B451
:10F2100021F0E4F86F467760E7F71AFF02B006982E
:10F22000032122F01FF9069006980290059801B478
:10F2300021F08EF801B068E0089801B4079801B495
:10F2400021F090F96F467760E7F79EFE02B001B4B7
:10F2500091496F467760E8F731FB01B001B46F4622
:10F260007760E8F707FC002802D1009801B017E0AA
:10F270000098009801B0089801B40798032122F083
:10F28000F1F801B421F06EF96F467760E7F77CFE84
:10F2900002B001B481496F467760E8F70FFB01B017
:10F2A0006F467760E8F71CFC002817D0009801B47F
:10F2B000079801B421F092F86F467760E7F7C8FE2F
:10F2C00002B0069802900698052122F0CBF806902D
:10F2D000059801B421F03CF801B016E0089801B49B
:10F2E000079801B421F03EF96F467760E7F746FED4
:10F2F00002B001B400F0B8F801B06F467760E8F7EB
:10F30000EFFB002801D0069801900698029922F0A0
:10F31000B9F801B405986F467760E7F7FDFE01B4D0
:10F320000198009922F09BF902B04DD0019801B4E8
:10F33000079801B4019800996F467760E8F7BEFA24
:10F3400002B001B46F467760E8F794FB002802D062
:10F35000009801B00DE00098009801B0019801B448
:10F36000039801B4019800996F467760E8F724FC90
:10F3700002B06F467760E8F7B3FB002812D0009820
:10F3800001B4079801B421F029F86F467760E7F7D8
:10F390005FFE02B006980290059801B420F0D8FFF5
:10F3A00001B011E0009801B4029801B421F016F800
:10F3B0006F467760E7F74CFE02B00198029005981F
:10F3C00001B420F0C5FF01B00698032122F04AF8ED
:10F3D0000690F5E6009807B000BD0000D4B001002B
:10F3E00000000000E9F3010000B5E86801B4E86836
:10F3F0006F467760E7F790FE032122F033F801B4FF
:10F40000019800996F467760E7F788FE02B0286997
:10F4100001B4686901B4E8686F467760E7F77CFE7D
:10F4200001B4686901B420F039FF6F467760E7F7EF
:10F4300009FE01B022F0A3F801B4019800996F46CB
:10F440007760E8F717F902B001B40198009920F04D
:10F45000CEFC02B001B4019800996F467760E7F7DF
:10F460005DFE02B0002000BD00B5019801B441214D
:10F470006F467760E8F7A0FB01B001B46F46776094
:10F48000E8F7F8FA00280BD0009801B028E0000057
:10F49000DCF30100008B0400748C04006C8C04000D
:10F4A0000098009801B0019801B475216F4677600B
:10F4B000E8F7A6FB01B001B46F467760E8F7DAFA27
:10F4C000002802D1009801B00AE00098009801B02D
:10F4D000019801B481216F467760E8F76DFB01B0B8
:10F4E00001B46F467760E8F7C5FA002802D00098AB
:10F4F00001B01FE00098009801B0019801B4B72155
:10F500006F467760E8F77CFB01B001B46F46776027
:10F51000E8F7B0FA002802D1009801B00AE000989C
:10F52000009801B0019801B4C1216F467760E8F7F7
:10F5300043FB01B001B46F467760E8F79BFA0028FF
:10F5400002D0009801B01FE00098009801B0019827
:10F5500001B4F7216F467760E8F752FB01B001B4C0
:10F560006F467760E8F786FA002802D1009801B06C
:10F570000AE00098009801B0019801B4FD216F469F
:10F580007760E8F719FB01B000BD000000B500206E
:10F5900001B401200090009801B4039801B420F058
:10F5A000F5FE6F467760E7F76FFB01B021F0E7FFEC
:10F5B00001B40198009921F0EEFF02B01BD002982F
:10F5C00001B4019801B420F0CDFF6F467760E7F7F2
:10F5D000D5FC02B040210902013121F0F0FF04D036
:10F5E0002320C0003768385809E00098032121F033
:10F5F00039FF0090CFE7472080003768385801B0C6
:10F6000000BD00007746009820F0BAFFBE4600B566
:10F6100001980299416001980399816001980499C9
:10F62000C160002000BD000000B5002001B401B49D
:10F6300001B401B4059801B46F467760E8F782FB26
:10F6400001B0BE4921F0F7FF02D005981BE119E196
:10F65000059801B46F467760E8F774FB01B0B849CC
:10F6600021F0E9FF0FD06F467760E7F703FA01B4A6
:10F67000069801B420F094FF6F467760E7F73AFAF6
:10F6800002B000E1FEE0059801B46F467760E9F74B
:10F6900081FD01B06F467760E7F7B4FC6F46776095
:10F6A000E8F71EFA002841D005980090009801B4B0
:10F6B00020F0F4FD6F467760E7F7C4FC01B021F05D
:10F6C0005EFF069921F08FFF08D09E4801B4019893
:10F6D00001B400F0DFF902B0D5E026E06F467760B4
:10F6E000E7F7C8F901B4079801B4012001B4039801
:10F6F00001B400F05DF903B00346924801B408B4C8
:10F7000000F0C8F902B001B420F04AFF6F467760FC
:10F71000E7F7F0F902B001B420F038FE8A496F46ED
:10F720007760E7F7E7F901B0ADE0ABE0059801B429
:10F730006F467760E7F79EF901B420F039FF6F4616
:10F740007760E7F7D7F902B00190019801B47F49DB
:10F750006F467760E8F760F901B001B46F467760F3
:10F76000E8F788F9002802D1009801B00AE0009873
:10F77000009801B0019801B475496F467760E8F7C9
:10F780004BF901B06F467760E8F7AAF9002801D07D
:10F79000019878E0059801B46F467760E9F710FDAD
:10F7A00001B00290029801B420F078FD6F467760B6
:10F7B000E7F748FC01B021F0E2FE01B4079801B47C
:10F7C000019800996F467760E8F72AFA02B0039033
:10F7D00003986F467760E8F783F9002809D0069808
:10F7E00001B4012001B4049801B400F0E1F803B0C1
:10F7F0000290012057496F467760E9F767FA01B434
:10F800000021069A6F467760E7F794FC04986F46EC
:10F810007760E8F765F9002801D04F4803E06F46AC
:10F820007760E7F727F901B4049801B46F46776071
:10F83000E7F720F901B406BC02B4029801B404B49D
:10F8400000F064F803B00027019701B4019801B4F7
:10F8500020F0B5FE6F467760E7F74CF904B001B4CD
:10F8600020F0B9FE3D486F467760E7F743F901B0F5
:10F8700001B420F08BFD3A496F467760E7F73AF91B
:10F8800001B000E0002004B000BD0000D4B00100D1
:10F890000000000099F80100022C06DA00B520F003
:10F8A00058FE00F002F802B000BD00B5019801B4A6
:10F8B000039801B420F08FFE2A486F467760E7F77F
:10F8C00019F901B001B420F061FD27496F46776056
:10F8D000E7F710F901B001B4E86801B4059801B484
:10F8E00020F05EFE20F0F4FA02B001B420F067FED2
:10F8F0006F467760E7F7FEF802B001B420F05FFED4
:10F900006F467760E7F7F6F802B000BD00B500205B
:10F9100001B401B4039801B420F0C0FC6F467760D5
:10F92000E7F790FB01B021F02AFE00900120019042
:10F930000198009921F02FFE18D136E0088B0400C1
:10F94000188B0400F88A0400288B0400348B040010
:10F950004C8B04008CF801007C8B04005C8B040051
:10F960008C8B0400648B0400708B0400049801B439
:10F97000069801B4059801B4049801B4019800995F
:10F9800020F035FA02B001B40EBC08B4029801B4FC
:10F9900002B404B4039820F025FE04B00590019849
:10F9A000032121F05FFD0190C2E7059802B000BD80
:10F9B00000B5002001B401B401B46F467760E7F7E9
:10F9C00037FB0090049801B420F068FC6F46776024
:10F9D000E7F738FB01B021F0D2FD01900598002136
:10F9E00021F03DFE02D00120059010E00598012194
:10F9F00021F0D1FD0BD00198059921F033FD03468C
:10FA0000012001B408B4FFF779FB02B00590059816
:10FA1000019921F0D4FD01D0009839E00698002129
:10FA200021F01DFE02D00198069009E00698012100
:10FA300021F0B1FD04D00198069921F013FD069044
:10FA40000698019921F0BBFD01D001980690059818
:10FA500002900298069921F09EFD18D0009801B4FA
:10FA6000059801B4049801B40198009920F0BFF9F9
:10FA700002B001B420F0B2FC6F467760E7F7E8FA15
:10FA800002B00298032121F0EDFC0290E1E700981A
:10FA900003B000BD00B5002001B401B401B4059865
:10FAA00001B400216F467760E7F708FF01B001B4A9
:10FAB0006F467760E7F7DEFF002802D0009801B0BC
:10FAC0000AE00098009801B0059801B406216F463D
:10FAD0007760E7F7F3FE01B06F467760E8F700F86C
:10FAE000002801D0BF4805906F467760E6F7C2FF57
:10FAF0000090049801B420F0D1FB6F467760E7F7DF
:10FB0000A1FA01B021F03BFD019001200290029882
:10FB1000019921F040FD7BD0029801B401216F468C
:10FB20007760E8F77DF801B001B46F467760E7F7DA
:10FB3000A1FF002802D1009801B003E000980098CE
:10FB400001B005986F467760E7F7CAFF00280BD031
:10FB5000009801B4069801B420F031FD6F4677603B
:10FB6000E6F7C8FF02B00090049801B4039801B40E
:10FB70000198009920F03BF902B001B400216F46D2
:10FB80007760E7F79BFE01B001B46F467760E7F757
:10FB900071FF002802D0009801B012E00098009890
:10FBA00001B0049801B4039801B40198009920F0C1
:10FBB0001EF902B001B406216F467760E7F77EFEBA
:10FBC00001B06F467760E7F78BFF002804D06F46DF
:10FBD0007760E6F74FFF08E0049801B4039801B49A
:10FBE0000198009920F003F902B001B4019801B422
:10FBF000019801B420F0E3FC6F467760E6F77AFFE6
:10FC000003B000900298032121F02CFC02907EE7C3
:10FC1000009803B000BD0000012C0BDA00B520F005
:10FC2000D9FB00F007F801B000BD7746009820F03E
:10FC3000A7FCBE4600B5002000BD000000B501983D
:10FC400001B400F003F801B0002000BD00B50920A8
:10FC50004001376838586F467760E7F741FF6F46D5
:10FC60007760E7F7ADF86F467760E7F7CBF96F4657
:10FC70007760E7F735FF00280DD0422009214901C0
:10FC800037687850584801B420F0DAFA6F46776048
:10FC9000E6F7E4F901B055486F467760E9F744F8B4
:10FCA00001B4029801B4019801B400F08FF802B0D9
:10FCB00013F006F820F070FB406C01B4019801B419
:10FCC00020F08CFB6F467760E7F7C2F903B00020A5
:10FCD00000BD0000D4B0010000000000E1FC010004
:10FCE00000B5002001B403206F467760E7F7F8FE07
:10FCF000002812D012F0E4FF20F04EFB406C009080
:10FD00003B4801B4019801B400F076F802B0292014
:10FD100001B413F035F901B0E5E7002001B000BDF2
:10FD2000D4B00100000000002DFD0100012C06DA16
:10FD300000B520F04FFB00F002F801B000BD00B5A7
:10FD4000019820F079FC40686F467760E7F7C8FEBD
:10FD50006F467760E7F734F86F467760E7F752F958
:10FD60006F467760E7F7BCFE002819D00198422162
:10FD700020F062FC416001201E496F467760E8F781
:10FD8000A5FF01B40021029A6F467760E7F7D2F928
:10FD9000009820F055FA6F467760E6F75FF901B0FA
:10FDA000002000BDD4B0010000000000B1FD010042
:10FDB00000B5E86801B4D32120F04CFC01B0E8683C
:10FDC0000A2120F039FC4160002000BD77460098F0
:10FDD00020F032FCBE4600B50198029981600020F7
:10FDE00000BD0000F88A0400D4FC0100E4380400DF
:10FDF00020FD0100A4FD010000B5002001B401B404
:10FE0000039801B420F04AFA6F467760E7F71AF9D1
:10FE100001B021F0B4FB00900120019001980099FD
:10FE200021F0B9FB1AD0049801B4049801B40398E6
:10FE300001B4019800991FF0DAFF02B001B406BCCA
:10FE400004B4029801B402B4029820F05DFC03B03F
:10FE50000198032121F006FB0190DFE7002002B0AA
:10FE600000BD000000B5C14801B4029001BC6F465E
:10FE70007760E7F735FE002800D194E00298212151
:10FE8000C9003768795821F0EDFA032121F0D3FB3E
:10FE900004D006F09DFE06F055FC84E00298212176
:10FEA000C9003768795821F0DDFA052121F0C3FB3C
:10FEB00002D000F0A5F876E002982121C900376849
:10FEC000795821F0CFFA072121F0B5FB00D06AE084
:10FED00002982121C9003768795821F0C3FA092115
:10FEE00021F0A9FB04D006F073FE06F02BFC5AE0CB
:10FEF00002982121C9003768795821F0B3FA0B2103
:10FF000021F099FB0AD006F063FE6F467760E6F7B2
:10FF1000B1FD01B406F090FD01B044E0029821214A
:10FF2000C9003768795821F09DFA0D2121F083FB33
:10FF30000AD006F04DFE6F467760E6F79BFD01B4F0
:10FF400006F0E0FD01B02EE002982121C9003768DB
:10FF5000795821F087FA0F2121F06DFB04D006F0CB
:10FF600037FE06F0A3FC1EE002982121C900376885
:10FF7000795821F077FA112121F05DFB04D006F0C9
:10FF800027FE06F0F9FC0EE002982121C90037682F
:10FF9000795821F067FA132121F04DFB03D006F0C8
:10FFA00017FE06F0B3FA724801B4029001BC6F4626
:10FFB0007760E7F795FD00281FD002982121C9003E
:10FFC0003768795821F04EFA032121F034FB04D030
:10FFD00006F0FEFD06F0B6FB0FE002982121C900F5
:10FFE0003768795821F03EFA052121F024FB04D02E
:10FFF000604801B406F020FD01B0002000BD000003
:020000040002F8
:1000000000B56F467760E6F723F8002000BD0000DA
:1000100000B5019801B4032001B400F003F802B068
:10002000002000BD00B5002001B401B403984921AF
:1000300089003768795821F0AEFA00D047E02920CE
:1000400001B4059801B4FFF7EFFA02B000900098F0
:1000500001B420F09BF948496F467760E6F74AFD06
:1000600001B0009001200190019801B42520C0004A
:100070003768385801B420F011F96F467760E6F719
:10008000E1FF01B021F07BFA01B40198009921F061
:1000900082FA02B01BD02520C0003768385801B45E
:1000A000029801B4019800991FF0A1FE02B0034626
:1000B00008B4019801B4059801B4029820F024FB1B
:1000C00003B00198032121F0CDF90190CCE7002085
:1000D00002B000BDD4B0010000000000E100020049
:1000E000022C06DA00B520F034FA00F002F802B073
:1000F00000BD00B5019801B4039801B420F02AFBBB
:100100006F467760E5F7CCFF02B0002000BD00002D
:10011000032C0BDA00B520F02BFB00F007F803B03E
:1001200000BD7746009820F031FBBE4600B502982E
:1001300001B4012001B4039801B400F024F803B025
:10014000039801B4032001B4039801B400F01BF834
:1001500003B0002000BD0000032C14DA00B520F02D
:1001600007FB00F010F803B000BD00007091040020
:100170008C91040000920400008B040077460098E4
:1001800020F004FBBE4600B501988423C058034606
:10019000039801B4039801B408B403F02EFC03B033
:1001A0000298152121F05BFA00D1BAE003986F465E
:1001B0007760E7F795FC002874D001988423C05835
:1001C00001B402F053F820F0EFFA406801B406BC25
:1001D00002B404B403F0A5F902B0019801B402F02E
:1001E00045F820F0E1FA406801B4019800998423B1
:1001F000C15002B001988C23C05801B402F036F807
:1002000020F0D2FA806801B406BC02B404B401F054
:1002100090FD02B0019801B402F028F820F0C4FA71
:10022000806801B4019800998C23C15002B00198F4
:100230008823C05801B402F019F820F0B5FA00691B
:1002400001B406BC02B404B401F073FD02B001981D
:1002500001B402F00BF820F0A7FA006901B401988C
:1002600000998823C15002B001989023C05801B46E
:1002700001F0FCFF20F098FAC06801B406BC02B49B
:1002800004B401F056FD02B0019801B401F0EEFF94
:1002900020F08AFAC06801B4019800999023C150F7
:1002A00002B03EE0C3486F467760E8F73DFD01B419
:1002B00001F0DCFF20F078FA806801B4019801B405
:1002C00001F0F4FC02B0029802BC8C23C150B94882
:1002D0006F467760E8F728FD01B401F0C7FF20F012
:1002E00063FA006901B4019801B401F0DFFC02B0C7
:1002F000029802BC8823C150AE486F467760E8F789
:1003000013FD01B401F0B2FF20F04EFAC06801B451
:10031000019801B401F0CAFC02B0029802BC90231B
:10032000C150019801B400F011F801B0002000BDE7
:10033000012C0BDA00B520F04DF800F007F801B001
:1003400000BD7746009820F021FABE4600B501981E
:1003500001B4029801B400F0A1FD01B001B403980A
:1003600001B400F019F801B001B40EBC02B404B439
:1003700008B401F016F903B0002000BD012C0BDA1F
:1003800000B520F027F800F007F801B000BD77466F
:10039000009820F0FBF9BE4600B5002001B401B47E
:1003A00001B401B401B401B407988423C05801B466
:1003B00000F037FD01B0002121F079F907D007984E
:1003C0008423C05801B400F02CFD01B0F1E10120FC
:1003D000009007988423C05801B400F0EAFC01B0F3
:1003E00001B403216F467760E7F7E6FB01B001B483
:1003F0006F467760E7F73EFB002802D1009801B016
:1004000010E00098009801B007988423C05801B408
:1004100000F097FC01B001B401216F467760E7F767
:100420004DFA01B06F467760E7F75AFB002849D0D4
:1004300001200390039801B408988023C05801B4A8
:100440001FF02CFF6F467760E6F7FCFD01B021F04E
:1004500096F801B40198009921F09DF802B030D0CF
:1004600007988023C05801B4049801B401980099FA
:100470001FF0BDFC02B0019007989423C058039967
:1004800021F0EDF803D007989023C05802E00798B8
:100490008C23C0580290009801B4039801B40398CB
:1004A00001B400F0F0FA02B001B40198009920F014
:1004B000D9FF02B000900398032120F0D3FF0390EE
:1004C000B8E7D3E007988423C05801B400F071FC6A
:1004D00001B001B401216F467760E7F7EFF901B091
:1004E00001B46F467760E7F7C5FA002802D100989B
:1004F00001B010E00098009801B007988423C0581C
:1005000001B400F01EFC01B001B403216F46776016
:10051000E7F7D4F901B06F467760E7F7E1FA002812
:100520004AD001200490049801B408988023C05850
:1005300001B41FF0B3FE6F467760E6F783FD01B0AC
:1005400021F01DF801B40198009921F024F802B0BF
:100550002FD007988023C05801B4059801B40198A2
:1005600000991FF044FC02B0019007989423C058F2
:10057000049921F074F803D007989023C05802E042
:1005800007988C23C0580290029801B4029801B4D5
:1005900000F079FA02B00346009801B408B4FEF7FF
:1005A000ADFD02B000900498032120F05BFF0490A1
:1005B000B9E75BE0E83A040001200590059801B432
:1005C00008988023C05801B41FF068FE6F4677601A
:1005D000E6F738FD01B020F0D2FF01B40198009990
:1005E00020F0D9FF02B02FD007988023C05801B463
:1005F000069801B4019800991FF0F9FB02B0019030
:1006000007989423C058059921F029F803D007983A
:100610009023C05802E007988C23C058029002989B
:1006200001B4029801B400F02EFA02B0034600981B
:1006300001B408B4FEF762FD02B0009005980321F2
:1006400020F010FF0590B9E7009801B408988423C2
:10065000C05801B400F075FB01B001B401980099D5
:100660006F467760E6F7C4FF02B000900798BC239E
:10067000C0586F467760E7F733FA00281DD0079817
:10068000BC23C05801B41FF01CFE6F467760EBF727
:1006900031F801B020F073FF01B41FF0D6FD032143
:1006A0006F467760E6F7C0FC01B020F068FF01B448
:1006B000032120F01FFF01B000E0012001B40898E1
:1006C0008423C05801B400F0C6F801B06F467760CB
:1006D000E7F706FA00280ED0089801B400F07AF87F
:1006E00001B06F467760E7F7FBF9002801D00120E1
:1006F00000E0112000E0012001B4029801B40A9842
:100700008423C05801B400F016F901B0034601205B
:1007100001B408B400F03EF902B001B401980099A8
:1007200020F0A0FE02B001B40A988423C05801B49E
:1007300000F001F901B00346032001B408B400F051
:1007400029F902B001B40198009920F08BFE02B0A3
:1007500001B40A988423C05801B400F0B4F801B081
:100760000346012001B408B400F014F902B001B44A
:100770000198009920F076FE02B001B40A98842313
:10078000C05801B400F09FF801B00346032001B443
:1007900008B400F0FFF802B001B40198009920F00D
:1007A00061FE02B0019920F05DFE02BC01B020F0B4
:1007B00059FE06B000BD0000012C0BDA00B51FF099
:1007C00009FE00F007F801B000BD774600981FF061
:1007D000DDFFBE4600B501988423C05801B400F087
:1007E000E8FA01B001B401216F467760E7F766F8D7
:1007F00001B001B46F467760E7F73CF9002802D1F9
:10080000009801B010E00098009801B0019884238E
:10081000C05801B400F095FA01B001B403216F464D
:100820007760E7F74BF801B06F467760E7F758F964
:100830006F467760E6F7C4FA6F467760E6F7E2FB4B
:1008400000BD0000012C0BDA00B51FF0C3FD00F065
:1008500007F801B000BD774600981FF0B3FFBE4611
:1008600000B50198C06A01B46F467760E7F702F9F6
:10087000002802D1009801B00BE00098009801B068
:100880000198806A01B400216F467760E7F716F897
:1008900001B06F467760E7F723F9002806D001988A
:1008A000C06A01B4FFF7D7FF01B001E00198806A88
:1008B00000BD0000012C0BDA00B51FF08BFD00F02D
:1008C00007F801B000BD774600981FF07BFFBE46D9
:1008D00000B50198C06A01B46F467760E7F7CAF8BF
:1008E000002802D1009801B00BE00098009801B0F8
:1008F0000198006A01B400216F467760E6F7DEFFD9
:1009000001B06F467760E7F7EBF8002806D0019852
:10091000C06A01B4FFF7D7FF01B001E00198006A97
:1009200000BD0000012C0BDA00B51FF053FD00F0F4
:1009300007F801B000BD774600981FF043FFBE46A0
:1009400000B50198C06A01B46F467760E7F792F886
:10095000002802D1009801B00BE00098009801B087
:100960000198806901B400216F467760E6F7A6FF21
:1009700001B06F467760E7F7B3F8002806D001981A
:10098000C06A01B4FFF7D7FF01B001E001988069A8
:1009900000BD000000B5019801210902FF3120F0DF
:1009A000FAFD01D0019863E0029801B401460120EC
:1009B0006F467760E7F726F8002801D001B01FE006
:1009C000072000996F467760E7F71CF8002801D0F0
:1009D00001B01FE0032000996F467760E7F712F837
:1009E000002801D001B024E0052000996F4677600F
:1009F000E7F708F8002801D001B029E001BC36E093
:100A0000019801210902FF3120F04CFD032120F063
:100A100039FD2DE0019801B4112120F095FD01B0C0
:100A200001210902FF3120F03DFD032120F02AFDC4
:100A30001EE0019801B4212120F086FD01B00121C2
:100A40000902FF3120F02EFD032120F01BFD0FE0F5
:100A5000019801B4312120F077FD01B00121090294
:100A6000FF3120F01FFD032120F00CFD00E0019874
:100A700000BD0000022C0BDA00B51FF06AFD00F08B
:100A800007F802B000BD774600981FF0A9FEBE46E9
:100A900000B5002001B4039801B400F032F901B0B0
:100AA0000346012001B408B4FFF774FF02B001B49B
:100AB000049801B400F025F901B00346032001B405
:100AC00008B4FFF767FF02B001B40198009920F065
:100AD000C9FC02B001B4049801B400F0F2F801B00E
:100AE0000346012001B408B4FFF754FF02B001B47B
:100AF0000198009920F0B6FC02B001B4049801B44A
:100B000000F0DFF801B00346032001B408B4FFF79A
:100B100041FF02B001B40198009920F0A3FC02B09B
:100B200001B4049801B400F0ACF801B00346012010
:100B300001B408B4FFF72EFF02B001B40198009988
:100B400020F090FC02B001B4049801B400F099F8D0
:100B500001B00346032001B408B4FFF71BFF02B045
:100B600001B40198009920F07DFC02B00090039838
:100B700001B400F066F801B001B46F467760E6F7A3
:100B800079FF002802D1009801B004E00098009895
:100B900001B00298C0686F467760E6F7A1FF0028B1
:100BA00010D00298C06801B41FF08BFB6F467760CD
:100BB000EAF7A4FD01B020F0E2FC009920F052FC1D
:100BC00034E032E00298C0686F467760E6F788FF4D
:100BD00000281FD00298C06801B41FF072FB6F4656
:100BE0007760EAF78BFD01B020F0C9FC01B40398EF
:100BF000406801B47A211FF06DFB01B001B406BC5E
:100C000002B404B4FEF77AFA02B0009920F02AFC8C
:100C10000CE00AE00298406801B47A211FF05AFB08
:100C200001B0009920F01EFC00E0002001B000BDE2
:100C3000012C0BDA00B51FF0CDFB00F007F801B076
:100C400000BD774600981FF0D9FDBE4600B501985B
:100C5000006A002120F003FD06D00198806A01B4EB
:100C6000FFF7EFFF01B001E00198006A00BD00004E
:100C7000012C0BDA00B51FF0ADFB00F007F801B056
:100C800000BD774600981FF0B9FDBE4600B501983B
:100C90004069002120F0E3FC06D00198806A01B48D
:100CA000FFF7EFFF01B001E00198406900BD0000CF
:100CB000012C0BDA00B51FF08DFB00F007F801B036
:100CC00000BD774600981FF099FDBE4600B501981B
:100CD0008069002120F0C3FC06D00198806A01B42D
:100CE000FFF7EFFF01B001E00198806900BD00004F
:100CF000012C0BDA00B51FF06DFB00F007F801B016
:100D000000BD774600981FF079FDBE4600B50198FA
:100D10004068002120F0A3FC06D00198806A01B44D
:100D2000FFF7EFFF01B001E00198406800BD00004F
:100D3000012C0BDA00B51FF04DFB00F007F801B0F5
:100D400000BD774600981FF03DFDBE4600B50198F6
:100D5000C06A01B46F467760E6F78CFE002802D1C6
:100D6000009801B00BE00098009801B0019840692C
:100D700001B400216F467760E6F7A0FD01B06F4631
:100D80007760E6F7ADFE002806D00198C06A01B48E
:100D9000FFF7D7FF01B001E00198406900BD0000F6
:100DA000012C0BDA00B51FF015FB00F007F801B0BD
:100DB00000BD774600981FF005FDBE4600B50198BE
:100DC000C06A01B46F467760E6F754FE002802D18E
:100DD000009801B00BE00098009801B001980069FC
:100DE00001B400216F467760E6F768FD01B06F46F9
:100DF0007760E6F775FE002806D00198C06A01B456
:100E0000FFF7D7FF01B001E00198006900BD0000C5
:100E1000012C0BDA00B51FF0DDFA00F007F801B085
:100E200000BD774600981FF0CDFCBE4600B5019886
:100E3000C06A01B46F467760E6F71CFE002802D155
:100E4000009801B00BE00098009801B0019880680C
:100E500001B400216F467760E6F730FD01B06F46C0
:100E60007760E6F73DFE002806D00198C06A01B41D
:100E7000FFF7D7FF01B001E00198806800BD0000D6
:100E8000012C0BDA00B51FF0A5FA00F007F801B04D
:100E900000BD774600981FF079FCBE4600B50020E3
:100EA00001B401B401B401B401B401B407988423BE
:100EB000C05801B400F03DFB01B0002120F0F7FB69
:100EC00007D007988423C05801B400F032FB01B06A
:100ED000EFE10120009007988423C05801B4FFF788
:100EE00068FF01B001B403216F467760E6F764FE46
:100EF00001B001B46F467760E6F7BCFD002802D16F
:100F0000009801B010E00098009801B00798842381
:100F1000C05801B4FFF715FF01B001B401216F46BD
:100F20007760E6F7CBFC01B06F467760E6F7D8FD57
:100F3000002848D001200390039801B4089880232A
:100F4000C05801B41FF0AAF96F467760E6F77AF847
:100F500001B020F014FB01B40198009920F01BFBB4
:100F600002B02FD007988023C05801B4049801B470
:100F7000019800991EF03BFF02B00190079894235E
:100F8000C058039920F06BFB03D007989023C058FA
:100F900002E007988C23C0580290029801B402988E
:100FA00001B400F092F902B00346009801B408B40D
:100FB000FEF7A4F802B000900398032120F052FA43
:100FC0000390B9E7D2E007988423C05801B4FFF733
:100FD000F0FE01B001B401216F467760E6F76EFCC8
:100FE00001B001B46F467760E6F744FD002802D1F6
:100FF000009801B010E00098009801B00798842391
:10100000C05801B4FFF79DFE01B001B403216F4643
:101010007760E6F753FC01B06F467760E6F760FD56
:10102000002849D001200490049801B40898802336
:10103000C05801B41FF032F96F467760E6F702F846
:1010400001B020F09CFA01B40198009920F0A3FAB5
:1010500002B030D007988023C05801B4059801B47D
:10106000019800991EF0C3FE02B0019007989423E6
:10107000C058049920F0F3FA03D007989023C05881
:1010800002E007988C23C0580290009801B403989E
:1010900001B4039801B400F018F902B001B401984A
:1010A000009920F0DFF902B000900498032120F0AD
:1010B000D9F90490B8E759E001200590059801B4EA
:1010C00008988023C05801B41FF0E8F86F46776095
:1010D000E5F7B8FF01B020F052FA01B40198009989
:1010E00020F059FA02B02FD007988023C05801B4DD
:1010F000069801B4019800991EF079FE02B00190A3
:1011000007989423C058059920F0A9FA03D00798AE
:101110009023C05802E007988C23C0580290029890
:1011200001B4029801B400F0D0F802B00346009870
:1011300001B408B4FDF7E2FF02B000900598032166
:1011400020F090F90590B9E7009801B4089884233D
:10115000C05801B4FFF72DFE01B001B40198009909
:101160006F467760E6F744FA02B000900798BC2318
:10117000C0586F467760E6F7B3FC00281DD007988B
:10118000BC23C05801B41FF09CF86F467760EAF7A3
:10119000B1FA01B020F0F3F901B41FF056F80321C1
:1011A0006F467760E5F740FF01B020F0E8F901B441
:1011B000032120F09FF901B000E0012001B408985C
:1011C0008423C05801B4FFF746FB01B06F46776037
:1011D000E6F786FC00280ED0089801B4FFF7FAFA6B
:1011E00001B06F467760E6F77BFC002801D0112044
:1011F00000E0012000E0012001B4029801B40A9847
:101200008423C05801B4FFF796FB01B003460520C4
:1012100001B408B4FFF7BEFB02B001B40198009915
:1012200020F020F902B001B40A988423C05801B418
:10123000FFF781FB01B00346072001B408B4FFF7B4
:10124000A9FB02B001B40198009920F00BF902B09B
:1012500001B40A988423C05801B4FFF734FB01B0ED
:101260000346052001B408B4FFF794FB02B001B4B3
:101270000198009920F0F6F802B001B40A9884238E
:10128000C05801B4FFF71FFB01B00346072001B4AB
:1012900008B4FFF77FFB02B001B40198009920F079
:1012A000E1F802B0019920F0DDF802BC01B020F0B5
:1012B000D9F806B000BD0000022C0BDA00B51FF013
:1012C00048F900F007F802B000BD774600981FF01B
:1012D00087FABE4600B5002001B4039801B4FFF7B9
:1012E00010FD01B00346052001B408B4FFF752FB1E
:1012F00002B001B4049801B4FFF703FD01B0034646
:10130000072001B408B4FFF745FB02B001B401980F
:10131000009920F0A7F802B001B4049801B4FFF7D7
:10132000D0FC01B00346052001B408B4FFF732FB3E
:1013300002B001B40198009920F094F802B001B411
:10134000049801B4FFF7BDFC01B00346072001B4C7
:1013500008B4FFF71FFB02B001B40198009920F018
:1013600081F802B001B4049801B4FFF78AFC01B01F
:101370000346052001B408B4FFF70CFB02B001B42A
:101380000198009920F06EF802B001B4049801B4FD
:10139000FFF777FC01B00346072001B408B4FFF75C
:1013A000F9FA02B001B40198009920F05BF802B09C
:1013B0000090039801B4FFF744FC01B001B46F46FC
:1013C0007760E6F757FB002802D1009801B004E0EF
:1013D0000098009801B00298C0686F467760E6F701
:1013E0007FFB002810D00298C06801B41EF069FF8E
:1013F0006F467760EAF77EF901B020F0C0F80099F7
:1014000020F030F869E067E00298C0686F467760C6
:10141000E6F766FB00283FD00298C06801B41EF0D2
:1014200050FF6F467760EAF765F901B020F0A7F842
:1014300001B4049801B400F05CF801B001B4019863
:10144000009920F00FF802B001B40398806801B44D
:101450001EF09CFF6F467760E5F716FC01B020F0A8
:101460008EF801B40498406801B47B211EF032FF6D
:1014700001B001B4019800996F467760E6F7B8F8BB
:1014800002B001B4019800991FF0ECFF02B000997E
:101490001FF0E8FF21E01FE00298806801B41EF011
:1014A00075FF6F467760E5F7EFFB01B020F067F856
:1014B00001B40398406801B47B211EF00BFF01B01A
:1014C00001B4019800996F467760E6F791F802B091
:1014D00000991FF0C7FF00E0002001B000BD000030
:1014E000012C0BDA00B51EF075FF00F007F801B013
:1014F00000BD774600981FF081F9BE4600B50198FF
:10150000C069002120F0ABF806D00198806A01B4D0
:10151000FFF7EFFF01B001E00198C06900BD0000D6
:10152000012C0BDA00B51EF055FF00F007F801B0F2
:1015300000BD774600981FF045F9BE4600B50198FA
:10154000C06A01B46F467760E6F794FA002802D1CA
:10155000009801B00BE00098009801B00198406835
:1015600001B400216F467760E6F7A8F901B06F4635
:101570007760E6F7B5FA002806D00198C06A01B492
:10158000FFF7D7FF01B001E00198406800BD0000FF
:10159000032C0BDA00B51FF0EBF800F007F803B0EE
:1015A00000BD774600981FF037F9BE4600B5019898
:1015B00001B4039801B411F0ADF901B001B4019880
:1015C0000099416302B0019801B4049801B411F08C
:1015D000A1F901B001B401980099816302B00198AA
:1015E0004221C167019801B400F012F801B0002057
:1015F00000BD0000012C0BDA00B51EF0EBFE00F080
:1016000007F801B000BD774600981EF056FFBE46B1
:1016100000B5019806218166019801B434211FF0BC
:101620000BF901B0002000BD012C0BDA00B51EF053
:10163000D1FE00F007F801B000BD774600981EF01B
:101640003CFFBE4600B50198806E6F467760E6F7B6
:1016500047FA002806D00198806E01B400F04FFAD6
:1016600001B00BE0019801B4029801B400F008F851
:1016700001B001B401980099816602B0002000BD5C
:1016800000B5002001B401B401B401B401B401B447
:1016900001B401B401B401B401B40C981EF00DFF03
:1016A000806E01B46F467760E6F7E4F9002802D156
:1016B000009801B00AE00098009801B00C981EF064
:1016C000FCFE806E01B400F0F8F901B06F4677605F
:1016D000E6F706FA002804D00C981EF0EEFE806EA5
:1016E0002DE10C98806D0090009801B41EF0E9FD8A
:1016F0006F467760E9F7FEFF01B01FF040FF01B4CD
:1017000011F008F901B00190009801B41EF0D9FD64
:101710006F467760E9F7F2FF01B01FF030FF01B4C8
:1017200011F0F8F801B0029001200390012004901C
:101730000120059001200690059801B4019801B49C
:101740001EF0BFFD6F467760E9F7D4FF01B01FF0D0
:1017500016FF01B4019800991FF01DFF02B06AD076
:101760000120079001200890079801B4019801B466
:101770001EF0A7FD6F467760E9F7C0FF01B01FF0CC
:10178000FEFE01B4019800991FF005FF02B043D09E
:10179000009801B4069801B4099801B41FF059F8F3
:1017A0006F467760E9F7E6FF03B01FF0E8FE6F468B
:1017B0007760E6F795F900281FD0069801B40298E3
:1017C00001B400F051F902B00190089801B40398F7
:1017D00001B400F049F902B00290069801B40498EF
:1017E00001B400F033F902B00390089801B40598F1
:1017F00001B400F02BF902B00490079803211FF008
:1018000031FE079008980221090201311FF02AFEDB
:1018100001B4099001BCA7E7059803211FF022FE3F
:10182000059006980221090201311FF01BFE01B448
:10183000079001BC80E7019801B40D981EF03DFEB1
:10184000C06A01B406BC02B404B400F0EBF802B004
:101850000190029801B40D981EF02FFE006B01B4A8
:1018600006BC02B404B400F0DDF802B002900398A4
:1018700001B40D981EF021FEC06A01B406BC02B48A
:1018800004B400F0CFF802B00390049801B40D98AE
:101890001EF013FE006B01B406BC02B404B400F0E9
:1018A000C1F802B00490039801991FF0EBFD01B458
:1018B0000D981EF002FEC06A01B4019802BC01B08E
:1018C0001FF0D0FD0990049802991FF0DBFD01B4D0
:1018D0000D981EF0F2FD006B01B4019802BC01B03E
:1018E0001FF0C0FD0A9095486F467760E7F71CFA35
:1018F00001B40D9801B40B9801B40D9801B405988A
:101900008F491FF0CFFD01B407988D491FF0CAFD24
:1019100001B40027009801B40197029801B403971D
:10192000049801B40597069801B40797089801B484
:1019300009970A9801B400F005F80BB001BC0BB090
:1019400000BD0000774600981EF098FFBE4600B527
:10195000019801B4039801B400F021F801B001B47A
:1019600001980099416002B0019802998160019844
:101970000399416101980499816101980599C160B9
:10198000019806990161002000BD0000012C0BDACE
:1019900000B51EF01FFD00F007F801B000BD77464E
:1019A00000981EF08AFDBE4600B50198806D01B416
:1019B0001EF087FC6F467760E9F7B8FE01B06F460E
:1019C0007760E5F71FFB01B40298406B03461120D6
:1019D00001B408B400F018F802B001B401980099FD
:1019E0001FF040FD02B001B40298806B0346212035
:1019F00001B408B400F008F802B001B401980099ED
:101A00001FF030FD02B000BD00B5019801B403988D
:101A100011211FF027FD01B4019800991FF094FDDA
:101A200002B000BD00B5019801B4039801B41EF0E6
:101A3000C1FC6F467760E5F7F3FA02B01FF09FFD37
:101A400001B411211FF080FD01B000BD00B5019867
:101A500002991FF0B4FD02D0019803E001E0029862
:101A600000E0002000BD000000B5019802991FF0C1
:101A700092FD02D0019803E001E0029800E000200E
:101A800000BD0000012C0BDA00B51EF0A3FC00F035
:101A900007F801B000BD774600981EF00EFDBE4667
:101AA00000B50198806D00BD012C0BDA00B51EF069
:101AB00091FC00F007F801B000BD774600981EF0D9
:101AC000DDFEBE4600B50198406801B4029880680A
:101AD00001B4FFF764FF01B001B4019800996F46AB
:101AE0007760E5F7EBFE02B000BD0000012C0BDAD9
:101AF00000B51EF06FFC00F007F801B000BD77469E
:101B000000981EF0BBFEBE4600B5002001B401B433
:101B100001B401B401B401B401B401B401B401B41D
:101B200001B40C9801B4FFF7CDFF01B06F467760A8
:101B3000E5F7D6FF002805D0A4E003E0C03C040090
:101B400001FEFFFF0C98806801B4FFF799FD01B01A
:101B500000900C98C06801900C98006902900C9855
:101B6000406901B4029802BC1FF07CFC03900C9801
:101B7000806901B4039802BC1FF074FC04900098C3
:101B80001EF07CFEC068059000981EF077FE00698C
:101B9000069000981EF072FE406901B4069802BCDF
:101BA0001FF060FC079000981EF068FE806901B489
:101BB000079802BC1FF056FC0890019805991FF089
:101BC00061FC01B400F062F801B001B40498089916
:101BD0001FF058FC01B400F059F801B001B40198AD
:101BE00002BC01B01FF03EFC0990029806991FF05C
:101BF00049FC01B400F04AF801B001B40598099914
:101C00001FF040FC01B400F041F801B001B40198AC
:101C100002BC01B01FF026FC0A90099804210902B9
:101C200001311FF0CCFC0DD00C980599C1600C98C7
:101C300001B401981EF022FE406901B40198009998
:101C4000416102B00A980421090201311FF0B7FC7A
:101C50000DD00C98069901610C9801B401981EF002
:101C60000DFE806901B401980099816102B00C9861
:101C700001B401981EF002FE406801B40198009979
:101C8000416002B000200BB000BD000000B501981B
:101C900001211FF080FC05D0012001991FF0F2FB0B
:101CA00003E001E0019800E0002000BD77460098C5
:101CB0001EF0A4FDBE4600B501980299816202980B
:101CC0006F467760E5F70CFF6F467760E5F778F8C9
:101CD0006F467760E5F796F96F467760E5F700FFA6
:101CE00000281AD0019801214160019803218160E8
:101CF00001981F21C1600198032101610198012110
:101D0000416101980121816101980121C16101981E
:101D100001210162019801214162002000BD000003
:101D2000022C0BDA00B51EF014FC00F007F802B02C
:101D300000BD774600981EF061FDBE4600B50298D2
:101D400001B4029801B4FEF7E1FF01B001B406BC92
:101D500002B404B400F075FA02B0029801B402981B
:101D600001B400F053FA01B001B406BC02B404B4EB
:101D700000F033FA02B0029801B4029801B400F006
:101D800011FA01B001B406BC02B404B400F0F1F9D8
:101D900002B0029801B4029801B400F0CFF901B08A
:101DA00001B406BC02B404B400F0AFF902B002986A
:101DB00001B4029801B4FEF769FF01B001B406BC9A
:101DC00002B404B400F083F902B0029801B402989E
:101DD00001B4FEF77BFF01B001B406BC02B404B449
:101DE00000F057F902B0029801B4029801B4FEF76E
:101DF0002DFF01B001B406BC02B404B400F02BF90D
:101E000002B0029801B4029801B4FFF777FB01B069
:101E100001B406BC02B404B400F0FFF802B00298AA
:101E200001B4029801B400F0DDF801B001B406BCC1
:101E300002B404B400F00DF802B0002000BD0000B0
:101E4000022C0BDA00B51EF084FB00F007F802B09C
:101E500000BD774600981EF0D1FCBE4600B5019843
:101E60000299416200F002FA0346019801B408B4F5
:101E700000F00DF802B0002000BD0000022C0BDACB
:101E800000B51EF066FB00F007F802B000BD774613
:101E900000981EF089FCBE4600B5029801B4029875
:101EA000806801B4019800996F467760E5F706FDF8
:101EB00002B001B46F467760E5F7DCFD002802D080
:101EC000009801B00EE00098009801B0029801B4AB
:101ED0000298006901B4019800996F467760E5F7B0
:101EE000EDFC02B001B46F467760E5F7C3FD002852
:101EF00002D0009801B00EE00098009801B002985E
:101F000001B40298C06801B4019800996F467760E7
:101F1000E5F7D4FC02B06F467760E5F7E1FD0028F5
:101F200004D0019801B400F011F801B0002000BD08
:101F3000012C0BDA00B51EF04DFA00F007F801B0E5
:101F400000BD774600981EF02FFCBE4600B500206D
:101F500001B401B401B400200090049840690190DC
:101F600001200290029801B402986F467760E5F76D
:101F700069F81FF004FB01B4019800996F4677607F
:101F8000E5F706FE02B0002818D0019801B40398C6
:101F90001FF0EBFA01B4019800996F467760E5F7FE
:101FA00061F802B00090009801B4FEF7CAF901B0E0
:101FB000029803211FF056FA0290D3E70020019007
:101FC000002003B000BD0000012C0BDA00B51EF0AC
:101FD00001FA00F007F801B000BD774600981EF046
:101FE0000DFCBE4600B50198406A00211FF037FB8A
:101FF00006D00198806A01B4FFF7EFFF01B001E05D
:102000000198406A00BD0000022C0BDA00B51EF0FA
:10201000A0FA00F007F802B000BD774600981EF065
:10202000EDFBBE4600B501980299C16100F01EF9B2
:102030000346019801B408B4FFF729FF02B000205D
:1020400000BD0000022C0BDA00B51EF082FA00F091
:1020500007F802B000BD774600981EF0CFFBBE46E1
:1020600000B501980299016200F000F90346019859
:1020700001B408B4FFF70BFF02B0002000BD000060
:10208000022C0BDA00B51EF064FA00F007F802B07B
:1020900000BD774600981EF0B1FBBE4600B5019822
:1020A0000299816100F0E2F80346019801B408B496
:1020B000FFF7EDFE02B0002000BD0000022C0BDA9D
:1020C00000B51EF046FA00F007F802B000BD7746F2
:1020D00000981EF093FBBE4600B50198029941613D
:1020E00000F0C4F80346019801B408B4FFF7CFFE2E
:1020F00002B0002000BD0000022C0BDA00B51EF07B
:1021000028FA00F007F802B000BD774600981EF0EC
:1021100075FBBE4600B5019802990161002000BD23
:10212000012C0BDA00B51EF055F900F007F801B0EC
:1021300000BD774600981EF061FBBE4600B50198D1
:10214000006900211FF08BFA06D00198806A01B463
:10215000FFF7EFFF01B001E00198006900BD00004A
:10216000022C0BDA00B51EF0F4F900F007F802B00B
:1021700000BD774600981EF041FBBE4600B50198B1
:102180000299C160002000BD012C0BDA00B51EF0E1
:1021900021F900F007F801B000BD774600981EF065
:1021A0002DFBBE4600B50198C06800211FF057FA0C
:1021B00006D00198806A01B4FFF7EFFF01B001E09B
:1021C0000198C06800BD0000022C0BDA00B51EF0BB
:1021D000C0F900F007F802B000BD774600981EF085
:1021E0000DFBBE4600B5019802998160002000BD3C
:1021F000012C0BDA00B51EF0EDF800F007F801B085
:1022000000BD774600981EF0F9FABE4600B5019869
:10221000806800211FF023FA06D00198806A01B47B
:10222000FFF7EFFF01B001E00198806800BD0000FA
:10223000022C0BDA00B51EF08CF900F007F802B0A2
:1022400000BD774600981EF0D9FABE4600B5019849
:102250000299416000F00AF80346019801B408B4FD
:10226000FFF715FE02B0002000BD000000B500F031
:102270001DF84B2080003768385801B44B2080008F
:102280003768385801B41EF009F86F467760E4F7F4
:10229000D9FE01B01FF073F903211FF0F3F801B468
:1022A000019800991DF0A3FD02B000BD00B54B20C0
:1022B0008000376838586F467760E5F711FC0028D2
:1022C00000D034E0C5486F467760E6F72DFD01B4D5
:1022D00001B400F091F801B06F467760E4F7A8FE12
:1022E00001B401B4029801B4019800996F46776077
:1022F000E4F7AEFE02B00027019701BC01B04B210C
:102300008900376878500C200C216F467760EAF717
:10231000F3FC1321090137687850B14801B410F07B
:1023200067FC01B0AF4801B410F0D6FC01B000204A
:1023300000BD0000D4B001000000000041230200F5
:1023400000B5A6486F467760E6F7EEFC01B401B42D
:1023500000F052F801B04B2080003768385801B4C3
:10236000019801B41EF03AF86F467760E4F770FE0A
:1023700003B0002000BD0000D4B001000000000048
:102380008523020000B54B2080003768385801B41F
:102390001DF084FF6F467760E4F760FE01B04B20CC
:1023A00080003768385801B41DF078FF6F467760B9
:1023B000E4F748FE01B01FF0E2F801211FF04FF9E9
:1023C00017D086486F467760E6F7AEFC01B401B4DB
:1023D00000F012F801B04B2080003768385801B483
:1023E000019801B41DF0FAFF6F467760E4F730FE04
:1023F00003B0002000BD0000774600981EF0D4F91D
:10240000BE4600B5002001B401B401B4049801B483
:102410006F467760E4F70CFE01B4019800994161C2
:1024200002B071486F467760E6F77EFC01B4002089
:1024300001B4019801B401F035F802B0059802BC6E
:1024400041606A486F467760E6F76EFC01B4002091
:1024500001B4019801B4FFF729FC02B0059802BC51
:1024600081600498806811211EF0C8F9C161049848
:10247000806805211EF0C2F94160049880681F2120
:102480001EF0BCF981600498806803211EF0B6F943
:10249000C160049801B40598806803460A2001B41D
:1024A00008B400F0E8FE02B001B401980099C160E0
:1024B00002B00498C06803211EF0A0F9816004985E
:1024C000C06807211EF09AF9C160049801B405980C
:1024D000806803460A2001B408B400F0CCFE02B0C4
:1024E00001B401980099016102B0049800690121CA
:1024F0001EF084F9C160002000906F467760E4F719
:1025000097FD01B401B44D2080003768385801B4FC
:10251000019800996F467760E4F79AFD02B0272092
:10252000C0003768385801B4009901986F46776049
:10253000E4F78EFD01B04F2080003768385801B4B1
:10254000009901986F467760E4F782FD01B045205D
:1025500080003768385801B4009901986F46776059
:10256000E4F776FD01B0052080013768385801B4E2
:10257000009901986F467760E4F76AFD01B0E020AA
:102580003768385801B4009901986F467760E4F7CE
:102590005FFD01B0512080003768385801B40099C0
:1025A00001986F467760E4F753FD01B001BC0190DC
:1025B00001200290029801B402986F467760E4F718
:1025C00041FD1EF0DCFF01B4019800996F46776071
:1025D000E5F7DEFA02B000280AD13BE0A43D040092
:1025E00034230200782302002C390400E83A040066
:1025F000019801B403981EF0B8FF01B40198009946
:102600006F467760E4F72EFD02B000900220BE49CD
:102610006F467760E6F75AFB01B40021059A6F46D2
:102620007760E4F787FD00980121019A6F46776093
:10263000E4F780FD009810200002033001B40298F6
:1026400001B400F0BAF903B0029803211EF00AFFAA
:102650000290AFE700200190002003B000BD000011
:10266000D4B00100000000006D26020000B500207B
:1026700001B401B401B400200090E8684069034649
:10268000A24801B408B400F043F902B0019001205F
:102690000290029801B402986F467760E4F7D2FC8A
:1026A0001EF06DFF01B4019800996F467760E5F761
:1026B0006FFA02B000281AD0019801B403981EF0F6
:1026C00054FF01B4019800996F467760E4F7CAFCA3
:1026D00002B00090286901B4019801B400F015F827
:1026E00002B0029803211EF0BDFE0290D1E7002047
:1026F0000190002003B000BD022C0BDA00B51DF0E4
:1027000028FF00F007F802B000BD774600981EF0E1
:102710003DF8BE4600B5002001B401B401B40498F0
:102720009823C0586F467760E5F7DAF96F4677600F
:10273000E4F746FB6F467760E4F764FC01B46F464C
:102740007760E5F797F9002802D0009801B01BE008
:102750000098009801B004988023C05801B41DF07F
:102760009DFD6F467760E4F76DFC01B01EF007FF3A
:102770006F467760E5F7B4F96F467760E4F720FBC2
:102780006F467760E4F73EFC6F467760E5F7A8F99F
:10279000002800D057E0002000900498C023C058C3
:1027A000019001200290029801B402986F46776070
:1027B000E4F748FC1EF0E3FE01B4019800996F466F
:1027C0007760E5F7E5F902B000283AD0019801B446
:1027D00003981EF0CAFE01B4019800996F46776015
:1027E000E4F740FC02B0009000981EF055F88068B5
:1027F00005991EF034FF1ED0009801B4059880237F
:10280000C05801B406989423C05801B401980099A7
:102810001DF0EDFA02B01DF0E3FF806801B40698E8
:102820009423C05801B40EBC02B404B408B400F040
:1028300016F803B005E0029803211EF013FE029083
:10284000B1E700200190002003B000BD032C0BDA9B
:1028500000B51DF08DFF00F007F803B000BD77460E
:1028600000981EF019F8BE4600B5019840686F4602
:102870007760E5F735F96F467760E4F7A1FA6F46C0
:102880007760E4F7BFFB6F467760E5F729F900282A
:1028900000D009E0039801B4039801B4039801B48F
:1028A000D3211EF007F803B0002000BDD4B0010012
:1028B00000000000B9280200012C06DA00B51DF066
:1028C00089FD00F002F801B000BD00B501981DF0CF
:1028D0005DFF9823C0586F467760E5F701F96F46B2
:1028E0007760E4F76DFA6F467760E4F78BFB6F462D
:1028F0007760E5F7F5F86F467760E4F761FA6F46C1
:102900007760E4F77FFB00BD60260200AC28020080
:1029100000B5002001B401B401B401B46F46776082
:10292000E4F786FB0090059801B41DF0B7FC6F46F4
:102930007760E4F787FB01B01EF021FE01900120D3
:102940000290029801991EF026FE2AD0059801B443
:10295000039801B4019800991DF049FA02B0039060
:10296000069801B4039801B4059801B402981DF0CB
:10297000CBFE03B06F467760E5F7B2F800280AD0C7
:10298000009801B4049801B41DF028FD6F467760EB
:10299000E4F75EFB02B0029803211EF063FD029093
:1029A000CFE7009804B000BD032C0BDA00B51DF092
:1029B000DFFE00F007F803B000BD774600981DF079
:1029C000DFFFBE4600B5002001B401B401B401B47C
:1029D000069801B4069801B400F022F902B00598F7
:1029E00001B400F0C3F801B0009000981DF0D8FFCA
:1029F000C0686F467760E5F773F86F467760E4F775
:102A0000DFF96F467760E4F7FDFA6F467760E5F728
:102A100067F800280CD0009801B46F467760E4F79F
:102A200007FB01B4019800991DF0BAFFC16002B024
:102A30000020019000981DF0B3FFC06802900120B3
:102A40000390039801B403986F467760E4F7FAFAAD
:102A50001EF095FD01B4019800996F467760E5F787
:102A600097F802B0002843D0029801B404981EF0F1
:102A70007CFD01B4019800996F467760E4F7F2FAA3
:102A800002B0019001981DF099FF406801B40798C9
:102A900001B4019800996F467760E4F70FFF02B028
:102AA00001B46F467760E4F7E5FF002802D1009893
:102AB00001B010E00098009801B001981DF07EFF71
:102AC000806801B4089801B4019800996F46776056
:102AD000E4F7F4FE02B06F467760E5F701F80028EE
:102AE00000D024E0039803211EF0BCFC0390A8E76B
:102AF00000200290CA486F467760E6F715F901B4E6
:102B0000089801B4089801B4029801B400F012F8D2
:102B100003B001981DF044FFC06801B4019801B4EE
:102B20001DF05CFC6F467760E4F792FA03B000207A
:102B300004B000BD774600981DF040FFBE4600B5CA
:102B4000019802994160019803998160002000BDBD
:102B5000012C0BDA00B51DF03DFC00F007F801B0C8
:102B600000BD774600981DF00BFFBE4600B5002063
:102B700001B401B401B40020009010F0A1F81DF0E0
:102B80000BFC806D019001200290029801B4029824
:102B90006F467760E4F756FA1EF0F1FC01B4019835
:102BA00000996F467760E4F7F3FF02B0002823D066
:102BB000019801B403981EF0D8FC01B40198009963
:102BC0006F467760E4F74EFA02B0009000981DF06F
:102BD000E7FE406801B40598806801B40198009947
:102BE0001EF03DFD02B001D0009808E002980321DC
:102BF0001EF038FC0290C8E700200190002003B0CE
:102C000000BD0000022C0BDA00B51DF0A2FC00F0A4
:102C100007F802B000BD774600981DF0B1FEBE4631
:102C200000B5002001B401B401B401B401B40698A8
:102C300001B4FFF79BFF01B06F467760E4F750FFE8
:102C40006F467760E4F7BCF86F467760E4F7DAF92F
:102C50006F467760E4F744FF00281CD071486F4648
:102C60007760E6F761F801B40798806801B40198CD
:102C700001B400F0EBFA02B010F022F81DF08CFB6A
:102C8000806D01B4019801B41DF0A8FB6F46776018
:102C9000E4F7DEF903B0069801B4FFF767FF01B06F
:102CA000009000981DF07CFE80686F467760E4F726
:102CB00017FF6F467760E4F783F86F467760E4F7B5
:102CC000A1F96F467760E4F70BFF00280CD000985D
:102CD00001B46F467760E4F7ABF901B4019800994D
:102CE0001DF05EFE816002B00020019000981DF092
:102CF00057FE8068029001200390039801B4039866
:102D00006F467760E4F79EF91EF039FC01B4019834
:102D100000996F467760E4F73BFF02B000281DD0B2
:102D2000029801B404981EF020FC01B401980099A7
:102D30006F467760E4F796F902B0019001981DF0B4
:102D40003DFE406807991EF08AFC01D001984AE0D8
:102D5000039803211EF086FB0390CEE7002002902B
:102D6000022031496F467760E5F7B0FF01B40021DA
:102D7000079A6F467760E4F7DDF900980121089A19
:102D80006F467760E4F7D6F9089801B40898806830
:102D900001B406BC212001B4019801B402B404B40A
:102DA00000F0ECF805B01E486F467760E5F7BCFF11
:102DB00001B4002001B4099801B4029801B4FFF7EE
:102DC000B9FE03B001BC049000981DF0E9FD8068D5
:102DD00001B4059801B41DF001FB6F467760E4F77C
:102DE00037F902B0049805B000BD0000D4B001006E
:102DF00000000000F92D020000B5286901B4E86860
:102E000001B400F018F802B0002000BD022C12DA64
:102E100000B51DF09EFB00F00EF802B000BD0000F2
:102E2000C43E04000C3F0400EC2D020077460098DD
:102E30001DF0A6FDBE4600B5002001B401B401B4EA
:102E400001B401B4069801B4FFF790FE01B0009000
:102E500000986F467760E4F743FE6F467760E3F7CC
:102E6000AFFF6F467760E4F7CDF86F467760E4F721
:102E700037FE002800D07EE0079801B4079801B41F
:102E8000FFF7CEFE02B0019001981DF097FD80681B
:102E90006F467760E4F724FE002805D0019801B45E
:102EA0006F211DF0D7FB01B000981DF079FDC068BF
:102EB0006F467760E4F714FE00285CD00020029093
:102EC00000981DF06DFDC0680390012004900498E7
:102ED00001B404986F467760E4F7B4F81EF04FFB36
:102EE00001B4019800996F467760E4F751FE02B093
:102EF00000283ED0039801B405981EF036FB01B4BB
:102F0000019800996F467760E4F7ACF802B0029040
:102F100002981DF053FD406801B4089801B401986F
:102F200000996F467760E4F7C9FC02B001B46F46C0
:102F30007760E4F79FFD002802D1009801B006E019
:102F40000098009801B002981DF038FD80686F4627
:102F50007760E4F7C5FD002805D0029801B46F2121
:102F60001DF078FB01B0049803211EF07BFA049059
:102F7000ADE700200390002005B000BD00B50020A3
:102F800001B400F039F9009000986F467760E4F7DB
:102F9000A7FD6F467760E3F713FF6F467760E4F7AE
:102FA00031F86F467760E4F79BFD00280FD0029858
:102FB00001B4049801B4069801B4089801B41DF056
:102FC0000BFD6F467760E3F741F804B00CE005981D
:102FD00001B4059801B4059801B4059801B40498AA
:102FE00001B400F00EF805B0002001B000BD0000F3
:102FF000052C0BDA00B51DF00CFD00F007F805B04C
:1030000000BD774600981DF01CFDBE4600B50020AF
:1030100001B401B401B401B40020009005984068E7
:10302000019001200290029801B402986F467760E7
:10303000E4F708F81EF0A3FA01B4019800996F466E
:103040007760E4F7A5FD02B000284DD0019801B4E7
:1030500003981EF08AFA01B4019800996F467760D0
:10306000E4F700F802B0009000981DF0F8FC40680A
:1030700001B4079801B4019800996F467760E4F7AE
:10308000C3FC02B001B46F467760E4F7F3FC00289C
:1030900002D1009801B010E00098009801B00098AB
:1030A0001DF0DDFC806801B4089801B40198009916
:1030B0006F467760E4F7A8FC02B06F467760E4F7EC
:1030C0000FFD00280AD0009809991DF0C8FC016185
:1030D000009808991DF0C3FCC1602DE002980321FF
:1030E0001EF0C0F902909EE700200190B1486F46A3
:1030F0007760E5F719FE01B40A9801B40A9801B4A3
:103100000A9801B40A9801B4049801B400F060F878
:1031100005B001BC03900598406801B4049801B45F
:103120001DF05CF96F467760E3F792FF02B00398F9
:1031300001B400F00EF801B0002004B000BD0000A2
:10314000012C0BDA00B51DF045F900F007F801B0CD
:1031500000BD774600981DF082FCBE4600B50120F8
:1031600095496F467760E5F7B1FD01B40021029AF9
:103170006F467760E3F7DEFF0298406801B403987A
:10318000806801B4029801B40598006901B41DF08B
:1031900023FC6F467760E2F759FF05B0002000BDC1
:1031A000D4B0010000000000AD31020000B5E868B5
:1031B000C0686F467760E4F793FC002805D0E868A4
:1031C00001B4D3211DF046FA01B0002000BD00007B
:1031D000774600981DF043FCBE4600B50198029961
:1031E000416001980399816001980499C160019838
:1031F00005990161002000BD00B52920C000376895
:1032000038586F467760E4F76BFC00281CD0292003
:10321000C0003768385801B42920C00037683858D2
:1032200001B41DF03BF86F467760E3F70BFF01B088
:103230001EF0A5F903211EF025F901B401980099AB
:103240001CF0D5FD02B000E0002000BD77460098DC
:103250001DF0A6FBBE4600B5019802994160002012
:1032600000BD0000022C0BDA00B51DF072F900F071
:1032700007F802B000BD774600981DF0BFFABE46C1
:1032800000B5002001B44D486F467760E5F74CFD6E
:1032900001B4002001B4019801B4FEF707FD02B0AB
:1032A00001BC009003986F467760E4F719FC002892
:1032B00000D185E0009801B4039801B4FDF726FD24
:1032C00001B001B406BC02B404B4FEF7BAFF02B008
:1032D000009801B4039801B4FEF798FF01B001B45F
:1032E00006BC02B404B4FEF778FF02B0009801B443
:1032F000039801B4FEF756FF01B001B406BC02B456
:1033000004B4FEF736FF02B0009801B4039801B48C
:10331000FEF714FF01B001B406BC02B404B4FEF71A
:10332000F4FE02B0009801B4039801B4FDF7AEFCBE
:1033300001B001B406BC02B404B4FEF7C8FE02B08A
:10334000009801B4039801B4FDF7C0FC01B001B4CA
:1033500006BC02B404B4FEF79CFE02B0009801B4AF
:10336000039801B4FDF772FC01B001B406BC02B4CD
:1033700004B4FEF770FE02B0009801B4039801B4E3
:10338000FEF7BCF801B001B406BC02B404B4FEF709
:1033900044FE02B0009801B4039801B4FEF722FE87
:1033A00001B001B406BC02B404B4FEF752FD02B091
:1033B00074E000005C400400A0310200E83A040020
:1033C000009801B40398406801B4019800991DF079
:1033D00015FA416002B0009801B40398806801B406
:1033E000019800991DF00AFA816002B0009801B4BA
:1033F0000398C06801B4019800991DF0FFF9C160FD
:1034000002B0009801B40398006901B401980099D2
:103410001DF0F4F9016102B0009801B4039840690D
:1034200001B4019800991DF0E9F9416102B00098DA
:1034300001B40398806901B4019800991DF0DEF988
:10344000816102B0009801B40398006A01B4019848
:1034500000991DF0D3F9016202B0009801B40398FD
:10346000C06901B4019800991DF0C8F9C16102B0AA
:10347000009801B40398406A01B4019800991DF0C6
:10348000BDF9416202B0009801B40398806A01B4AA
:10349000019800991DF0B2F9816202B0009801B064
:1034A00000BD0000774600981DF08CF9BE4600B5BF
:1034B00001980299C16202986F467760E4F710FBA9
:1034C0006F467760E3F77CFC6F467760E3F79AFD21
:1034D0006F467760E4F704FB002816D001980121BD
:1034E00009022D31C160019801210161019801217A
:1034F0004161019801214162019801218161019896
:103500000121016201980121C161002000BD00007C
:10351000022C0BDA00B51DF01CF800F007F802B021
:1035200000BD774600981DF04DF9BE4600B50298E3
:1035300001B4029801B4FEF701F801B001B406BC71
:1035400002B404B400F03BFA02B0029801B402984D
:1035500001B4FDF76BFC01B001B406BC02B404B4C5
:1035600000F00FFA02B0029801B4029801B400F022
:10357000D5F901B001B406BC02B404B400F0B5F949
:1035800002B0029801B4029801B4FDF717FC01B033
:1035900001B406BC02B404B400F089F902B0029888
:1035A00001B4029801B4FDF7D1FB01B001B406BC2F
:1035B00002B404B400F05DF902B0029801B40298BC
:1035C00001B4FDF7BDF901B001B406BC02B404B406
:1035D00000F031F902B0029801B4029801B400F091
:1035E000F7F801B001B406BC02B404B400F0D7F897
:1035F00002B0029801B4029801B4FDF769F901B074
:1036000001B406BC02B404B400F089F802B0029818
:1036100001B4029801B400F04FF801B001B406BC47
:1036200002B404B400F02FF802B0029801B402987A
:1036300001B4FDF715F901B001B406BC02B404B43D
:1036400000F00DF802B0002000BD0000022C0BDAE3
:1036500000B51CF07EFF00F007F802B000BD774611
:1036600000981DF0AFF8BE4600B50198029981623E
:10367000002000BD022C0BDA00B51CF06AFF00F040
:1036800007F802B000BD774600981DF09BF8BE46D3
:1036900000B5019802994162002000BD012C0BDAAF
:1036A00000B51CF097FE00F007F801B000BD7746AA
:1036B00000981DF087F8BE4600B50198C06A01B4B5
:1036C0006F467760E4F7D6F9002802D1009801B080
:1036D0000BE00098009801B00198406A01B4002105
:1036E0006F467760E4F7EAF801B06F467760E4F779
:1036F000F7F9002806D00198C06A01B4FFF7D7FF98
:1037000001B001E00198406A00BD0000022C0BDA14
:1037100000B51CF01EFF00F007F802B000BD7746B0
:1037200000981DF04FF8BE4600B50198029901625D
:10373000FEF79CFD0346019801B408B400F00DF8B3
:1037400002B0002000BD0000022C0BDA00B51CF016
:1037500000FF00F007F802B000BD774600981DF0AA
:1037600023F8BE4600B5029801B40298406801B43F
:10377000019800991DF073FF02B004D0019801B4C4
:10378000FEF7E4FB01B0002000BD0000022C0BDAC4
:1037900000B51CF0DEFE00F007F802B000BD774671
:1037A00000981DF00FF8BE4600B501980299C1615E
:1037B000002000BD012C0BDA00B51CF00BFE00F060
:1037C00007F801B000BD774600981CF0FBFFBE462D
:1037D00000B50198C06A01B46F467760E4F74AF912
:1037E000002802D1009801B00BE00098009801B0C9
:1037F0000198C06901B400216F467760E4F75EF874
:1038000001B06F467760E4F76BF9002806D00198A5
:10381000C06A01B4FFF7D7FF01B001E00198C069A9
:1038200000BD0000022C0BDA00B51CF092FE00F087
:1038300007F802B000BD774600981CF0C3FFBE46F3
:1038400000B5019802998161FEF710FD03460198C9
:1038500001B408B4FFF781FF02B0002000BD0000F2
:10386000022C0BDA00B51CF074FE00F007F802B071
:1038700000BD774600981CF0A5FFBE4600B5019834
:1038800002994161FEF7F2FC0346019801B408B4C5
:10389000FFF763FF02B0002000BD0000022C0BDA2E
:1038A00000B51CF056FE00F007F802B000BD7746E8
:1038B00000981CF087FFBE4600B50198029901618F
:1038C000FEF7D4FC0346019801B408B4FFF745FFA6
:1038D00002B0002000BD0000022C0BDA00B51CF085
:1038E00038FE00F007F802B000BD774600981CF0E3
:1038F00069FFBE4600B501980299C160002000BD75
:10390000012C0BDA00B51CF065FD00F007F801B0E2
:1039100000BD774600981CF055FFBE4600B50198E3
:10392000C06A01B46F467760E4F7A4F8002802D1BA
:10393000009801B00BE00098009801B00198C068B1
:1039400001B400216F467760E3F7B8FF01B06F461E
:103950007760E4F7C5F8002806D00198C06A01B482
:10396000FFF7D7FF01B001E00198C06800BD00007B
:10397000022C0BDA00B51CF0ECFD00F007F802B0E9
:1039800000BD774600981CF01DFFBE4600B50198AB
:1039900002998160FEF76AFC0346019801B408B4FD
:1039A000FFF7DBFE02B0002000BD0000022C0BDAA6
:1039B00000B51CF0CEFD00F007F802B000BD774660
:1039C00000981CF0FFFEBE4600B5019802994160C8
:1039D000FEF74CFC0346019801B408B4FFF7BDFEA6
:1039E00002B0002000BD0000032C0BDA00B51CF073
:1039F000BFFE00F007F803B000BD774600981CF04A
:103A0000E1FEBE4600B5029801B4014601206F46B2
:103A10007760E3F7F7FF002801D001B05BE00320F7
:103A200000996F467760E3F7EDFF002801D001B001
:103A300059E00D2000996F467760E3F7E3FF002817
:103A400001D001B057E0112000996F467760E3F78D
:103A5000D9FF002801D001B055E00F2000996F4632
:103A60007760E3F7CFFF002801D001B060E00520C8
:103A700000996F467760E3F7C5FF002801D001B0D9
:103A80006BE0092000996F467760E3F7BBFF0028E1
:103A900001D001B06FE0072000996F467760E3F72F
:103AA000B1FF002801D001B073E00B2000996F46F0
:103AB0007760E3F7A7FF002801D001B077E013207B
:103AC00000996F467760E3F79DFF002801D001B0B1
:103AD0007BE001BC86E0039801B4029801B4FFF7D3
:103AE00073FF02B07EE0039801B4029801B4FFF7BF
:103AF0004DFF02B076E0039801B4029801B4FFF7DD
:103B0000F9FE02B06EE0019801B4049801211DF0A5
:103B1000D6FC0346012001B408B4FBF7EFFA02B06B
:103B200001B406BC02B404B4FFF7C6FE02B059E00B
:103B3000019801B4049801211DF0C1FC0346012045
:103B400001B408B4FBF7DAFA02B001B406BC02B45F
:103B500004B4FFF793FE02B044E0019801B4049866
:103B600001211DF0ACFC01B406BC02B404B4FFF7A3
:103B700067FE02B036E0019801B4049801211DF0FF
:103B80009EFC01B406BC02B404B4FFF7CDFD02B044
:103B900028E0019801B4049801211DF090FC01B4C3
:103BA00006BC02B404B4FFF7FFFD02B01AE00198AE
:103BB00001B4049801211DF082FC01B406BC02B4DA
:103BC00004B4FFF765FD02B00CE0019801B404985D
:103BD00001211DF074FC01B406BC02B404B4FFF76B
:103BE00043FD02B0002000BD022C0BDA00B51CF032
:103BF000B0FC00F007F802B000BD774600981CF05A
:103C0000C5FDBE4600B5019802999823C150002019
:103C100000BD000000B5002001B4FEF747FBC94815
:103C20006F467760E5F780F801B401B400F08CF9D5
:103C300001B001BC0090029801B4019801B400F0F9
:103C400070F902B0422001B4019801B4FFF7D5FF2A
:103C500002B0A12001B4019801B400F0C4F802B090
:103C6000792001B4019801B400F00DF802B0009879
:103C700001B000BD022C0BDA00B51CF06AFC00F0AC
:103C800007F802B000BD774600981CF016FCBE464F
:103C900000B5019801B4039801B4039801B400F091
:103CA00025F801B001B405216F467760E3F7CCFC3D
:103CB00001B001B4019800991DF0E4FB02B001B419
:103CC00006BC02B404B400F02DF802B0002000BD20
:103CD000012C0BDA00B51CF07DFB00F007F801B0F9
:103CE00000BD774600981CF0E8FBBE4600B5019881
:103CF000806B01B40221090201316F467760E3F75E
:103D0000A3FC01B000BD0000022C0BDA00B51CF0D2
:103D100020FC00F007F802B000BD774600981CF0C8
:103D2000CCFBBE4600B5002001B40EF0C9FF1CF06C
:103D300033FBC0690090009801B4039801B4059862
:103D400001B40EF0E7FD01B001B40598006901B4BB
:103D5000019802BC01B01DF095FB01B40EBC02B489
:103D6000012001B404B408B42C211CF086FE04B078
:103D7000002001B000BD0000042C0BDA00B51CF0DF
:103D80008EFE00F007F804B000BD774600981CF0E6
:103D900099FEBE4600B5002000BD0000012C0BDAE4
:103DA00000B51CF017FB00F007F801B000BD774626
:103DB00000981CF082FBBE4600B50198006901B472
:103DC0000221090201316F467760E3F73DFC01B043
:103DD00000BD0000022C0BDA00B51CF0BAFB00F0AD
:103DE00007F802B000BD774600981CF066FBBE469F
:103DF00000B5019801B4039801B4039801B400F030
:103E000025F801B001B405216F467760E3F71CFC8B
:103E100001B001B4019800991DF034FB02B001B467
:103E200006BC02B404B400F02DF802B0002000BDBE
:103E3000012C0BDA00B51CF0CDFA00F007F801B048
:103E400000BD774600981CF038FBBE4600B50198CF
:103E5000406B01B40221090201316F467760E3F73C
:103E6000F3FB01B000BD0000022C0BDA00B51CF022
:103E700070FB00F007F802B000BD774600981CF018
:103E80001CFBBE4600B5002001B40EF019FF1CF06B
:103E900083FAC0690090009801B4039801B40598B2
:103EA00001B40EF037FD01B001B40598C06801B44B
:103EB000019802BC01B01DF0E5FA01B40EBC01206E
:103EC00001B402B404B408B42C211CF0D6FD04B033
:103ED000002001B000BD0000012C0BDA00B51CF081
:103EE00079FA00F007F801B000BD774600981CF0A1
:103EF000E4FABE4600B50198C06801B40221090287
:103F000001316F467760E3F79FFB01B000BD000011
:103F1000022C0BDA00B51CF01CFB00F007F802B015
:103F200000BD774600981CF031FCBE4600B50198F4
:103F300002998023C150019801B4FCF707FA01B03F
:103F4000002000BDBC2C0400774600981CF01EFC2D
:103F5000BE4600B5019801B4C7486F467760EAF7DE
:103F6000E1F801B406BC90203768385801B402B4B7
:103F700004B400F0ABFE03B0FEF798F9BF486F46FB
:103F80007760E4F7D1FE01B4FEF770F91CF00CFC89
:103F9000406801B4019801B4FFF784FA02B00298B6
:103FA00002BC8423C150B6486F467760E4F7BCFE7C
:103FB00001B4FEF75BF91CF0F7FB006901B401984E
:103FC00001B4FDF773FE02B0029802BC8823C15011
:103FD000AB486F467760E4F7A7FE01B4FEF746F9F9
:103FE0001CF0E2FB806801B4019801B4FDF75EFEAD
:103FF00002B0029802BC8C23C150A1486F46776082
:10400000E4F792FE01B4FEF731F91CF0CDFBC06875
:1040100001B4019801B4FDF749FE02B0029802BC58
:104020009023C150019801219423C150019801B4FB
:104030006F467760E2F7FCFF01B401980099802396
:10404000C15002B0019801B46F467760E2F7F0FF0B
:1040500001B401980099C023C15002B001980A210F
:104060009823C150012087496F467760E4F72EFE00
:1040700001B40021029A6F467760E3F75BF800987D
:104080004D2080003768385801B4039801B400F01F
:104090005DFC03B001207C496F467760E4F716FEB3
:1040A00001B40021029A6F467760E3F743F8009865
:1040B0004F2080003768385801B4039801B400F0ED
:1040C00045FC03B0012071496F467760E4F7FEFDBF
:1040D00001B40021029A6F467760E3F72BF800984D
:1040E000052080013768385801B4039801B400F006
:1040F0002DFC03B0012066496F467760E4F7E6FDCA
:1041000001B40021029A6F467760E3F713F8009834
:104110002720C0003768385801B4039801B400F074
:1041200015FC03B0019801219C23C1500198012185
:10413000A023C15001980121A423C150019801215D
:10414000A823C150019801214942AC23C1500198D4
:104150000121B023C150FEF789F80346019801B44C
:1041600008B400F04CF802B0002000BDD4B001004B
:10417000000000007941020000B5012001B4E868A8
:1041800001B400F05FF802B0002000BDD4B001001F
:10419000000000009941020000B5032001B4E86866
:1041A00001B400F04FF802B0002000BDD4B001000F
:1041B00000000000B941020000B5052001B4E86824
:1041C00001B400F03FF802B0002000BDD4B00100FF
:1041D00000000000D941020000B5072001B4E868E2
:1041E00001B400F02FF802B0002000BD022C0BDA61
:1041F00000B51CF0AEF900F007F802B000BD77463C
:1042000000981CF0D1FABE4600B50198406901B48F
:10421000039801B41CF0E2F86F467760E2F718FFEC
:1042200002B0002000BD0000022C0BDA00B51CF02B
:1042300090F900F007F802B000BD774600981CF036
:10424000A5FABE4600B5002001B401B401B401B422
:1042500005988023C05801B41CF020F86F467760A1
:10426000E2F7F0FE01B01DF08AF901211DF0F7F927
:1042700010D059E30EE0000090CF04002C39040068
:10428000E83A04006C4102008C410200AC4102009B
:10429000CC41020005989423C058009005988423CF
:1042A000C05801B4FCF785FD01B001B403216F468D
:1042B0007760E3F781FC01B001B46F467760E3F704
:1042C000D9FB002802D1009801B010E000980098B6
:1042D00001B005988423C05801B4FCF732FD01B049
:1042E00001B401216F467760E3F7E8FA01B06F4649
:1042F0007760E3F7F5FB00286DD0069801211DF0EB
:10430000AEF938D0059801B406989423C05801B48A
:1043100007988023C05801B41BF0C0FF6F46776038
:10432000E2F790FE01B01DF02AF901B4019800995E
:104330001DF098F802B003211DF0A4F801B407980D
:104340008023C05801B41BF0A9FF6F467760E2F7E5
:1043500079FE01B01DF013F901B4019800996F4680
:104360007760E3F787F902B001B4019800999423CC
:10437000C15002B02AE0069803211DF070F924D044
:10438000059801B406989423C05803211DF06AF8DB
:1043900001B407988023C05801B41BF07FFF6F461B
:1043A0007760E2F74FFE01B01DF0E9F801B4019823
:1043B00000996F467760E3F75DF902B001B40198A8
:1043C00000999423C15002B000E0ADE205980121AC
:1043D000AC23C15061E205988423C05801B4FCF7B6
:1043E000E8FC01B001B401216F467760E3F766FA9B
:1043F00001B001B46F467760E3F73CFB002802D1BF
:10440000009801B010E00098009801B0059884234E
:10441000C05801B4FCF795FC01B001B403216F460C
:104420007760E3F74BFA01B06F467760E3F758FB2C
:1044300000286DD0069805211DF011F938D0059897
:1044400001B406989423C05801B407988023C0583B
:1044500001B41BF023FF6F467760E2F7F3FD01B074
:104460001DF08DF801B4019800991CF0FBFF02B01B
:1044700003211DF007F801B407988023C05801B448
:104480001BF00CFF6F467760E2F7DCFD01B01DF01A
:1044900076F801B4019800996F467760E3F7EAF87F
:1044A00002B001B4019800999423C15002B02AE0EF
:1044B000069807211DF0D3F824D0059801B406987A
:1044C0009423C05803211CF0CDFF01B4079880232A
:1044D000C05801B41BF0E2FE6F467760E2F7B2FD10
:1044E00001B01DF04CF801B4019800996F46776057
:1044F000E3F7C0F802B001B4019800999423C150C9
:1045000002B000E010E205980121AC23C150C4E1E3
:1045100005989423C05801B406988423C05801B468
:10452000FCF747FC01B001B4019800996F46776031
:10453000E3F7A0F802B0019005989423C05801B4A5
:1045400006988423C05801B4FCF733FC01B001B4D1
:104550001BF030FF6F467760E2F766FD02B01DF09A
:104560000EF8029005988023C05801B41BF096FE07
:104570006F467760E2F766FD01B01DF000F801B408
:1045800006988423C05801B4FCF713FC01B001B4B1
:10459000019800996F467760E3F756F802B001B4CE
:1045A0006F467760E3F726F901B003900698012182
:1045B0001DF055F845D0029803991CF053FF0321D4
:1045C0001CF060FF01B4049801B4019800996F4693
:1045D0007760E3F74FF802B00290019801B40398B6
:1045E00001B407988423C05801B4FCF7E2FB01B082
:1045F00001B4019800996F467760E2F7F9FF02B0C5
:1046000001B4019800991CF02DFF02B001B4069886
:104610008023C05801B41BF041FE6F467760E2F77B
:1046200011FD01B01CF0ABFF01B4019800991CF022
:10463000EEFF02B004D0039805211CF023FF029086
:1046400006E1069803211DF00AF83FD002980321E5
:104650001CF008FF01B4049801B4019800996F465A
:104660007760E3F707F802B00290019801B403986D
:1046700001B407988423C05801B4FCF79AFB01B039
:1046800001B4019800996F467760E2F7B1FF02B07C
:1046900001B4019800991CF0E5FE02B001B406983F
:1046A0008023C05801B41BF0F9FD6F467760E2F734
:1046B000C9FC01B01CF063FF01B4019800991CF023
:1046C000A6FF02B001D001200290C1E006980521AA
:1046D0001CF0C5FF72D0019801B406988423C0581D
:1046E00001B4FCF766FB01B001B4019800991CF01D
:1046F000B9FE02B003211CF0C5FE01B40698842364
:10470000C05801B4FCF755FB01B001B40198009901
:104710006F467760E2F7AEFF02B00190019801B4F6
:10472000039801B407988423C05801B4FCF741FBF7
:1047300001B001B4019800996F467760E2F758FF25
:1047400002B001B4019800991CF08CFE02B001B4D3
:1047500006988023C05801B41BF0A0FD6F46776017
:10476000E2F770FC01B01CF00AFF01B40198009957
:104770001CF04DFF02B020D005988023C05801B432
:104780001BF08CFD6F467760E2F75CFC01B01CF01B
:10479000F6FE03211CF076FE01B406988423C0586F
:1047A00001B4FCF706FB01B001B4019800996F4613
:1047B0007760E2F75FFF02B0019049E006980721B9
:1047C0001CF04DFF44D0019803211CF04BFE01B4B6
:1047D00006988423C05801B4FCF7EBFA01B001B489
:1047E000019800996F467760E2F744FF02B00190AC
:1047F000019801B4039801B407988423C05801B408
:10480000FCF7D7FA01B001B4019800996F467760C0
:10481000E2F7EEFE02B001B4019800991CF022FE0E
:1048200002B001B406988023C05801B41BF036FDD5
:104830006F467760E2F706FC01B01CF0A0FE01B401
:10484000019800991CF0E3FE02B001D00120019014
:10485000059801B4029801B4049801B4089884231F
:10486000C05801B4FCF7A5FA01B001B40198009951
:104870006F467760E2F7BCFE02B001B40198009980
:104880001CF0F0FD02B001B4019800999423C150CE
:1048900002B005980121AC23C150059801B4FBF783
:1048A00055FD01B00598C423C05801B46F46776028
:1048B000E3F7E0F8002802D1009801B00FE000987B
:1048C000009801B0009801B406989423C05801B430
:1048D000019800996F467760E2F7F8FF02B06F46E3
:1048E0007760E3F7FDF800281ED0059801B406981C
:1048F0008023C05801B407989423C05801B401988C
:1049000000991BF074FA02B01BF06AFF806801B4D2
:1049100007989423C05801B40EBC02B404B408B480
:10492000F4211BF0C7FF03B0002004B000BD00005D
:10493000032C0BDA00B51BF01BFF00F007F803B0E7
:1049400000BD774600981BF021FFBE4600B5002051
:1049500001B401B401B4002000900498C023C058F1
:10496000019001200290029801B402986F4677608E
:10497000E2F768FB1CF003FE01B4019800996F4652
:104980007760E3F705F902B0002821D0019801B45F
:1049900003981CF0EAFD01B4019800996F46776016
:1049A000E2F760FB02B0009000981BF075FF806892
:1049B00005991CF054FE05D0009806991BF06CFF79
:1049C000C16023E0029803211CF04CFD0290CAE76D
:1049D00000200190BB486F467760E4F7A5F901B469
:1049E000079801B4079801B4029801B400F012F8D6
:1049F00003B00598C023C05801B4019801B41BF05E
:104A0000EDFC6F467760E2F723FB03B0002003B0B4
:104A100000BD0000774600981BF03EFFBE4600B583
:104A2000002001B402980399816002980499C16042
:104A3000039801B424211CF055F801B06F4677604B
:104A4000E3F74EF800282BD002980A21416003209A
:104A50009D496F467760E4F739F901B40021039A64
:104A60006F467760E2F766FB00980121049A6F4673
:104A70007760E2F75FFB00980221019A6F4677604A
:104A8000E2F758FB01BC0090009801B4102000022E
:104A9000013001B4059801B4FDF78FFF03B002E0C7
:104AA000029842214160002001B000BDD4B0010055
:104AB00000000000B94A020000B5E86842214160E8
:104AC000686901B410200002013001B4286901B402
:104AD00000F00DF803B0002000BD0000032C0BDA3D
:104AE00000B51BF045FE00F007F803B000BD7746A7
:104AF00000981BF045FFBE4600B5002001B401B48C
:104B0000039801B4FEF732F801B0009000986F46A8
:104B10007760E2F7E5FF6F467760E2F751F96F469D
:104B20007760E2F76FFA01B46F467760E2F7A2FFB1
:104B3000002802D0009801B012E00098009801B05F
:104B400000981BF02DFFC0686F467760E2F7C8FF42
:104B50006F467760E2F734F96F467760E2F752FA12
:104B60006F467760E2F7BCFF002800D071E00120BB
:104B70000190019801B401981BF012FFC06801B4C4
:104B80001BF08CFB6F467760E2F75CFA01B01CF01B
:104B9000F6FC01B4019800991CF0FDFC02B058D05D
:104BA00000981BF0FDFEC06801B4029801B40198A2
:104BB00000991BF01CF902B01BF000FF406801B423
:104BC000059801B4019800996F467760E2F776FE88
:104BD00002B001B46F467760E2F74CFF002802D1C3
:104BE000009801B01BE00098009801B000981BF0FD
:104BF000D7FEC06801B4029801B4019800991BF077
:104C0000F6F802B01BF0DAFE806801B4069801B431
:104C1000019800996F467760E2F750FE02B06F4648
:104C20007760E2F75DFF00280DD000981BF0B8FE1A
:104C3000C0680346032001B4029801B408B400F030
:104C40000BF803B005E0019803211CF00BFC019068
:104C50008FE7002002B000BD00B5002001B403982A
:104C600001211CF098FC00D017E001200090009872
:104C700004991CF090FC10D0029801B4049801B47F
:104C80001BF042FF6F467760E2F7F8F902B0009838
:104C900003211CF0E7FB0090E9E7002001B000BD14
:104CA000012C0BDA00B51BF095FB00F007F801B002
:104CB00000BD774600981BF063FEBE4600B5019824
:104CC000406900BD683E0400AC4A02007746009887
:104CD0001BF0A2FDBE4600B5002001B4039801B44C
:104CE000039801B400F056FA02B00DF0E9FF00900D
:104CF000049801B4039801B400F09CF802B0009845
:104D00001BF04AFBC0690346029801B408B4242191
:104D10001BF0B3FE02B00120C5496F467760E3F790
:104D2000D5FF01B40021059A6F467760E2F702FAD9
:104D30000120C0496F467760E3F7C8FF01B4002146
:104D4000049A6F467760E2F7F5F902981BF024FBAE
:104D5000C06A0346019801B408B4FDF7D9FD02B05A
:104D600000270197034601BC01B001B408B4FBF76A
:104D700043F802B002980A21C167002001B000BDCB
:104D8000D4B00100000000008D4D0200012C06DAB5
:104D900000B51BF01FFB00F002F801B000BD00B52C
:104DA00001981BF0BEFE406801B4E86801B40198A8
:104DB00000996F467760E2F727FE02B000BD000061
:104DC000D4B0010000000000CD4D0200012C06DA35
:104DD00000B51BF0FFFA00F002F801B000BD00B50D
:104DE000E86801B4029801B4D3211BF0A6FE02B01A
:104DF000002000BD022C0BDA00B51BF0AAFB00F06E
:104E000007F802B000BD774600981BF05BFEBE4677
:104E100000B5002000BD0000022C0BDA00B51BF02D
:104E200098FB00F007F802B000BD774600981BF031
:104E300044FBBE4600B5002001B401B4049801B49F
:104E400000216F467760E2F7DFFD01B001B46F46E5
:104E50007760E2F70FFE002802D0009801B00EE064
:104E60000098009801B00398006C01B4059801B453
:104E7000019800996F467760E2F720FD02B06F4617
:104E80007760E2F72DFE002800D0C3E00DF018FF98
:104E90001BF082FA806900900398006C01B4012134
:104EA0006F467760E2F7ACFE01B001B46F46776001
:104EB000E2F7E0FD002802D1009801B00CE0009874
:104EC000009801B0009801B40498006C01B41BF084
:104ED00067FB1AF0FDFF02B06F467760E2F700FE55
:104EE000002810D0009801B40498006C01B41BF0A5
:104EF00057FB1AF0EDFF02B00346039801B408B463
:104F000000F019F902B0049801211CF080FB3FD099
:104F1000009801B4059801B41BF042FB1AF0D8FFC9
:104F200002B06F467760E2F7DBFD6F467760E1F72E
:104F300047FF6F467760E2F765F86F467760E2F704
:104F4000CFFD002814D03C486F467760E3F7ECFEB5
:104F500001B401B400F0D2F801B0019801B4069890
:104F600001B4029801B41BF048FE1AF0FAFF04B035
:104F7000009801B4059801B41BF012FB1AF0A8FFC9
:104F800002B00346039801B408B400F057F802B029
:104F90000DF096FE1BF000FA406B0190019801B4F1
:104FA000059801B41BF0FCFA1AF092FF02B06F46AC
:104FB0007760E2F795FD6F467760E1F701FF6F4696
:104FC0007760E2F71FF86F467760E2F789FD002807
:104FD0000DD0019801B4059801B46F467760E2F7EF
:104FE00027F801B41BF009FE1AF0BBFF03B00398C9
:104FF00001B4029801B4069801B41BF0D1FA1AF07A
:1050000067FF02B001B401980099016702B00398EC
:1050100004990164002002B000BD0000022C12DAE5
:1050200000B51BF096FA00F00EF802B000BD0000CB
:10503000804D0200C04D02005041040077460098A8
:105040001BF0E4FDBE4600B502986F467760E2F7BC
:1050500047FD6F467760E1F7B3FE6F467760E1F793
:10506000D1FF6F467760E2F73BFD002801D00A20B0
:105070001BE0029801B4029801B400F025F802B0D8
:105080006F467760E2F72CFD002801D00A200CE083
:105090000198406801B4039801B41BF09FF96F4672
:1050A0007760E1F7D5FF02B0422000BD022C0BDA99
:1050B00000B51BF04EFA00F007F802B000BD7746CD
:1050C00000981BF0A3FDBE4600B50198406801B4EE
:1050D000039801B41BF082F900226F467760E2F773
:1050E000A3FC02B01CF04BFA01B4012149426F4607
:1050F0007760E2F795FD01B000BD000077460098AB
:105100001BF084FDBE4600B5019801B46F46776080
:10511000E1F78EFF01B401980099416002B00020D0
:1051200000BD0000022C0BDA00B51BF012FA00F0F3
:1051300007F802B000BD774600981BF067FDBE4639
:1051400000B5002001B40298406801B4049801B48D
:105150001BF044F900226F467760E2F765FC02B06D
:105160001CF00DFA00900098012149421CF027FA2A
:105170000CD0029840680346032001B4019801B4A2
:1051800008B4FFF769FD03B0422000E00A2001B037
:1051900000BD0000774600981BF08FF9BE4600B5B1
:1051A000012001B4029801B400F01EFB02B0019886
:1051B00001B484203768385801B41BF082F86F4678
:1051C0007760E6F797FA01B01CF0D9F901B40498BA
:1051D00001B41BF076F86F467760E6F78BFA01B002
:1051E0001CF0CDF901B4019800991CF04BF902B004
:1051F00001B403211CF0A8F901B001B40DF08AFB41
:1052000001B001B401980099C16002B0019801B4E5
:1052100084203768385801B41BF053F86F46776024
:10522000E6F76CFA01B01CF0AAF901B4049801B4D5
:105230001BF047F86F467760E6F760FA01B01CF0A4
:105240009EF901B4019800991CF01CF902B001B458
:1052500003211CF079F901B001B40DF05BFB01B042
:1052600001B401980099016102B0019801B402985B
:10527000C06801B401980099816402B0019801B43A
:105280000298006901B401980099C16402B001203C
:1052900001B4029801B400F07BFA02B0012001B41D
:1052A000029801B400F03AFA02B0012001B4029869
:1052B00001B400F0F9F902B0012001B4029801B480
:1052C00000F0B8F902B0012001B4029801B400F076
:1052D00071F902B0012001B4029801B400F02AF97A
:1052E00002B00198022109020131C1620198022134
:1052F000090201310163019801214167029801B45B
:10530000029801B400F036F802B00120404201B426
:10531000029801B4FFF78EFD02B0019803214164A9
:10532000019800214165019801B46F467760E1F76B
:105330007FFE01B401980099C16602B0019801B4E2
:105340006F467760E1F774FE01B401980099C1657A
:1053500002B0002000BD0000022C0BDA00B51BF0EB
:10536000F8F800F007F802B000BD774600981BF08F
:10537000A4F8BE4600B502986F467760E2F7B0FB2E
:105380006F467760E1F71CFD6F467760E1F73AFE04
:1053900001B46F467760E2F76DFB002802D00098F9
:1053A00001B00EE00098009801B0029801B4029894
:1053B000806D01B4019800996F467760E2F77EFA3C
:1053C00002B06F467760E2F78BFB002800D008E060
:1053D000019802998165019801B438211BF02CFADB
:1053E00001B0002000BD0000012C0BDA00B51AF05E
:1053F000F1FF00F007F801B000BD774600981BF000
:105400005CF8BE4600B5019801B40298806D01B405
:105410001AF057FF6F467760E6F76CF901B01CF0A1
:10542000AEF801B4039801B400F068F801B001B41B
:10543000019800996F467760E2F7DAF802B001B49C
:105440000DF068FA01B001B401980099416302B00F
:10545000019801B40298806D01B41AF032FF6F46D2
:105460007760E6F74BF901B01CF089F801B40398B6
:1054700001B400F027F801B001B4019800996F461B
:105480007760E2F7B5F802B001B40DF043FA01B06D
:1054900001B401980099816302B0019801B4FCF74E
:1054A000B7F801B0002000BD012C0BDA00B51AF0EE
:1054B00091FF00F007F801B000BD774600981AF0A0
:1054C000FCFFBE4600B50198006B01B40221090241
:1054D00001316F467760E2F7B7F801B000BD000018
:1054E000012C0BDA00B51AF075FF00F007F801B0D7
:1054F00000BD774600981AF0E0FFBE4600B501985F
:10550000C06A01B40221090201316F467760E2F7F7
:105510009BF801B000BD0000022C0BDA00B51BF0B7
:1055200018F800F007F802B000BD774600981AF0AE
:10553000C4FFBE4600B5019801B4039801B4012030
:1055400001B4F9F7DBFD02B001B40DF0E3F901B0ED
:1055500001B401980099816202B0002000BD0000F2
:10556000012C0BDA00B51AF035FF00F007F801B096
:1055700000BD774600981AF0A0FFBE4600B501981E
:10558000806A01B40221090201316F467760E2F7B7
:105590005BF801B000BD0000022C0BDA00B51AF078
:1055A000D8FF00F007F802B000BD774600981AF067
:1055B00084FFBE4600B5019801B4039801B40120F0
:1055C00001B4F9F79BFD02B001B40DF0A3F901B0ED
:1055D00001B401980099416202B0002000BD0000B2
:1055E000012C0BDA00B51AF0F5FE00F007F801B057
:1055F00000BD774600981AF060FFBE4600B50198DE
:10560000406A01B40221090201316F467760E2F776
:105610001BF801B000BD0000022C0BDA00B51AF037
:1056200098FF00F007F802B000BD774600981AF026
:1056300044FFBE4600B5019801B4039801B40DF0D3
:1056400069F901B001B401980099016202B000202B
:1056500000BD0000012C0BDA00B51AF0BBFE00F013
:1056600007F801B000BD774600981AF026FFBE4645
:1056700000B50198006A01B40221090201316F46A8
:105680007760E1F7E1FF01B000BD0000022C0BDA0A
:1056900000B51AF05EFF00F007F802B000BD7746D3
:1056A00000981AF00AFFBE4600B5019801B40398AD
:1056B00001B40DF02FF901B001B401980099C16156
:1056C00002B0002000BD0000012C0BDA00B51AF07A
:1056D00081FE00F007F801B000BD774600981AF08F
:1056E000ECFEBE4600B50198C06901B40221090272
:1056F00001316F467760E1F7A7FF01B000BD000000
:10570000022C0BDA00B51AF024FF00F007F802B003
:1057100000BD774600981AF0D0FEBE4600B501984D
:1057200001B4039801B40DF0F5F801B001B401988B
:105730000099816102B0002000BD0000012C0BDA4D
:1057400000B51AF047FE00F007F801B000BD77463B
:1057500000981AF0B2FEBE4600B50198806901B407
:105760000221090201316F467760E1F76DFF01B058
:1057700000BD0000022C0BDA00B51AF0EAFE00F0C2
:1057800007F802B000BD774600981AF096FEBE46B4
:1057900000B5019801B4039801B40DF0BBF801B055
:1057A00001B401980099416102B0002000BD0000E1
:1057B000012C0BDA00B51AF00DFE00F007F801B06D
:1057C00000BD774600981AF078FEBE4600B50198F5
:1057D000406901B40221090201316F467760E1F7A7
:1057E00033FF01B000BD0000774600981BF01CFAA3
:1057F000BE4600B5029801B4029801B400F052F818
:1058000002B00DF05DFA0346019801B408B400F04F
:105810000CF802B0002000BD022C0BDA00B51AF023
:1058200098FE00F007F802B000BD774600981AF025
:10583000B3FDBE4600B50198006901B4039801B4F8
:105840001AF0CCFD6F467760E1F702FC02B00198D8
:1058500001B401B40198406901B403211BF002FEB8
:1058600001B402980099416101B0002701970297A5
:1058700001BC02B001B4039801B4E0211AF0C4FDE8
:1058800002B0002000BD0000022C0BDA00B51AF0B7
:1058900060FE00F007F802B000BD774600981BF0EC
:1058A000C3F9BE4600B50198406802991BF0FFFE9F
:1058B00014D00198029941600DF002FA01B401B4CC
:1058C00001981AF069FD406A03211BF0F8FD01B44C
:1058D000019800991AF060FD416203B0002000BDFC
:1058E000012C0BDA00B51AF075FD00F007F801B0D5
:1058F00000BD774600981BF097F9BE4600B50198A9
:10590000406800BD012C0BDA00B51AF063FD00F011
:1059100007F801B000BD774600981AF037FFBE4681
:1059200000B5002001B4002001B4039801B400F0D8
:1059300011F803B0002000BD032C0BDA00B51AF0FB
:1059400017FF00F007F803B000BD774600981AF083
:10595000B4FDBE4600B50198406F05211BF0A2FDC5
:105960006F467760E2F7BCF8002800D025E0019888
:1059700001B401B40198406F05211BF0A0FD01B4F2
:1059800001980099416703B002986F467760E2F78B
:10599000A7F800280BD0002001B4049801B40398A4
:1059A00001B4059801B400F02EF904B005E00198A7
:1059B00001B43C211AF040FF01B0002000BD0000FE
:1059C000012C0BDA00B51AF005FD00F007F801B064
:1059D00000BD774600981AF070FDBE4600B5002065
:1059E00001B4029801B401B40198406F05211BF085
:1059F00066FD01B401980099416703B00DF060F9AC
:105A0000009000981AF0C8FC006901B4039801B432
:105A10001AF0E4FC6F467760E2F71EF802B06F46BA
:105A20007760E1F7EFFA0298006C01B401216F464C
:105A30007760E2F7E5F801B001B46F467760E2F70E
:105A400019F8002802D1009801B00FE000980098E2
:105A500001B000981AF0A0FC806901B40398006CB2
:105A600001B41AF09DFD1AF033FA02B06F46776068
:105A7000E2F736F8002813D000981AF08DFC806900
:105A800001B40398006C01B41AF08AFD1AF020FAF0
:105A900002B00346029801B408B4FFF74CFB02B011
:105AA00000981AF079FCC0690346029801B408B462
:105AB00028211AF0E2FF02B00298806F6F467760EB
:105AC000E2F70EF8002805D0029801B49B211AF0E5
:105AD000C1FD01B00120CB496F467760E3F7F6F8CE
:105AE00001B40021039A6F467760E1F723FB0120A0
:105AF000C5496F467760E3F7E9F801B40021049ADD
:105B00006F467760E1F716FB02981AF045FC806A51
:105B10000346019801B408B4FCF7FAFE02B000276E
:105B20000197034601BC01B001B408B4FAF764F967
:105B300002B0002001B000BDD4B0010000000000A0
:105B4000455B0200012C06DA00B51AF043FC00F0B8
:105B500002F801B000BD00B501981AF0E2FF4068FC
:105B600001B4E868006C01B4019800996F46776051
:105B7000E1F74AFF02B000BDD4B001000000000010
:105B8000855B0200012C06DA00B51AF023FC00F058
:105B900002F801B000BD00B5E86801B4029801B494
:105BA000D3211AF0CAFF02B0002000BD022C0BDA8C
:105BB00000B51AF0CEFC00F007F802B000BD774641
:105BC00000981AF07FFFBE4600B5002000BD00001F
:105BD000012C0BDA00B51AF0FDFB00F007F801B05C
:105BE00000BD774600981AF068FCBE4600B50198E3
:105BF000006C00BD042C0BDA00B51AF050FF00F069
:105C000007F804B000BD774600981BF01DF8BE46AB
:105C100000B5422001B438200002013001B40498DC
:105C200001B400F0CEFB03B0019801B4039801B4B5
:105C3000069801B405981AF040FC406F042109024F
:105C400001311BF02FFC6F467760E1F749FF6F468B
:105C50007760E1F7B5F86F467760E1F7D3F96F4603
:105C60007760E1F73DFF6F467760E1F7A9F86F468F
:105C70007760E1F7C7F901B41EBC02B4062001B495
:105C800004B408B410B400F0E3FA05B003986F460A
:105C90007760E1F725FF002801D0039806E001981E
:105CA000C06801B405211BF04FFC01B001B403989A
:105CB00002BC1AF002FC4165029801B45320800036
:105CC0003768385801B400F042FA02B0002000BD35
:105CD000D4B0010000000000DD5C0200022C06DAF6
:105CE00000B51AF036FC00F002F802B000BD00B5B5
:105CF000002001B401B401B401B401B4069801B4A8
:105D00001AF0DFFA6F467760E5F7F4FC01B01BF09C
:105D100036FC01B4079801B41AF0D3FA6F467760E5
:105D2000E5F7ECFC01B01BF02AFC01B401980099E6
:105D30006F467760E1F75CFC02B001B40B211BF009
:105D400003FC01B00090009801211BF038FC56D0F4
:105D5000079801B4079801B41AF0B3FA6F46776058
:105D6000E5F7C8FC01B01BF00AFC01B406BC02B4A4
:105D7000012001B404B400F060F903B00190079869
:105D800001B4079801B41AF09CFA6F467760E5F702
:105D9000B5FC01B01BF0F3FB01B406BC02B401205A
:105DA00001B404B400F049F903B00290072001B433
:105DB000032001B4099801B400F03FF903B0039047
:105DC000072001B4032001B4099801B400F035F9AB
:105DD00003B00490012001B4059801B4059801B402
:105DE000059801B4059801B40B9801B400F00EF8C1
:105DF00006B0009803211BF045FB0090A3E70020AC
:105E000005B000BD385B0200785B020000B5049865
:105E100001B401216F467760E1F7F6FD01B001B4EE
:105E20006F467760E1F726FE002802D0009801B0A7
:105E30000AE00098009801B0059801B401216F466E
:105E40007760E1F7E1FD01B06F467760E1F748FE6A
:105E5000002800D087E0049803211BF013FB049076
:105E6000059803211BF00EFB0590019801B40398DF
:105E700001B4059801B4059807991BF0F3FA01B431
:105E80001EBC069801B4049801B402B404B408B46A
:105E900010B400F06BF806B0019801B4039801B497
:105EA000059801B4059801B4079809991BF0DAFA2E
:105EB00001B400270B9801B4019801B4029703982C
:105EC00001B40497059801B40697079801B40897A0
:105ED000099801B40A9700F049F80BB0019801B491
:105EE000039805991BF0BEFA01B4059807991BF0B9
:105EF000B9FA01B4059807991BF0B4FA01B41EBCB5
:105F0000069801B4049801B402B404B408B410B4FF
:105F100000F02CF806B0019801B4039805991BF025
:105F2000A1FA01B4059807991BF09CFA01B40598F1
:105F300001B4079809991BF095FA01B400270B9852
:105F400001B4019801B40297039801B4049705982D
:105F500001B40697079801B40897099801B40A9705
:105F600000F004F80BB0002000BD000000B501985F
:105F700001B4049801B4049801B400F015F802B01B
:105F800001B4079801B4079801B400F00DF802B00D
:105F900001B4099801B41AF067FE6F467760E6F71E
:105FA000E1F804B0002000BD00B5019801211BF00C
:105FB00086FA01B4EA200002613001B4B64801B4A7
:105FC00000F020F803B0B5491BF06CFA01B4039857
:105FD00001211BF074FA01B4EA200002613001B41F
:105FE000AD4801B400F00EF803B001B421211BF05C
:105FF00081FA01B001B4019800991BF060FA02B077
:1060000000BD000000B5029801B4049801B40398E3
:1060100001B4F9F773F802B001B406BC02B404B4D9
:10602000F8F7E6FE02B000BD032C0BDA00B51AF05B
:106030009FFB00F007F803B000BD774600981AF008
:1060400030FEBE4600B5039802991BF0B8FA15D091
:10605000019801B400F028F801B001B40498039944
:106060001BF010FA03211BF0FDF901B4019800990F
:106070006F467760E1F7FEFA02B000E0012001B45C
:10608000039802BC1BF0EEF900BD0000012C0BDAF6
:1060900000B51AF09FF900F007F801B000BD77468F
:1060A00000981AF0FEFDBE4600B5019801B40298B2
:1060B000406801B403211BF047FA01B001B4039812
:1060C000406803211BF0EEF9014601201BF0DAF9CC
:1060D00073491BF0E7F901B4019800991BF0FCF932
:1060E00002B001B401B402980099416001B00027E8
:1060F000019701BC01B000BD774600981AF0DFFDA2
:10610000BE4600B501980399816066486F46776086
:10611000E2F70AFE01B4002001B4019801B407F0CF
:1061200067FC02B0029802BCC1600198029941600C
:10613000019800210161002000BD0000022C0BDA53
:1061400000B51AF006FA00F007F802B000BD774675
:1061500000981AF0B4FDBE4600B5002001B40398C3
:106160006F467760E1F7BCFC6F467760E0F728FE8A
:106170006F467760E0F746FF01B46F467760E1F75E
:1061800079FC002802D0009801B010E00098009837
:1061900001B00398806D6F467760E1F7A1FC6F4610
:1061A0007760E0F70DFE6F467760E0F72BFF6F46F4
:1061B0007760E1F795FC002800D018E00398806D27
:1061C00001B41AF07EF86F467760E5F7D7FD01B0AD
:1061D0000090009801B4039801B400F019F802B0DF
:1061E000009801B4049801B4FFF7BFF802B0002092
:1061F00001B000BD022C0BDA00B51AF0AAF900F0CC
:1062000007F802B000BD774600981AF058FDBE4668
:1062100000B5019801B4039801B40398C06801B4B3
:106220000EBC02B404B408B4B2211AF043FB03B0AC
:10623000002000BD052C0BDA00B51AF0EAFB00F0D7
:1062400007F805B000BD774600981AF0FDFCBE4681
:1062500000B5002001B4029840686F467760E1F70E
:106260003FFC6F467760E0F7ABFD6F467760E0F785
:10627000C9FE6F467760E1F733FC002800D056E096
:1062800005986F467760E1F72BFC002801D0059850
:106290000AE00298806807E0A115FFFFFFFF0100F8
:1062A00001680100481D040001B4049801B4049879
:1062B00001B4CD2149001AF0FDFA03B00090009816
:1062C00001B407986F467760E1F70AFC6F46776084
:1062D000E0F776FD6F467760E0F794FE6F467760F3
:1062E000E1F7FEFB6F467760E0F76AFD6F46776087
:1062F000E0F788FE01B406BC02B404B400F023F851
:1063000002B004986F467760E1F7EAFB00280ED0F0
:10631000049801211BF053F901D0049801E0029880
:10632000C06801B4019802BC1AF0D7FC816100205A
:1063300001B000BD022C0BDA00B51AF00AF900F02A
:1063400007F802B000BD774600981AF0C6FCBE46BA
:1063500000B502986F467760E1F7C2FB00280DD0C8
:10636000019801B401B40198C06909211BF0A7F894
:1063700001B401980099C16103B017E0019801B41C
:106380000298C06901B46F467760E1F7A7F801B0E1
:1063900009211BF094F801B46F467760E1F79EF88D
:1063A00001B001B401980099C16102B0002000BDA4
:1063B000032C0BDA00B51AF0DBF900F007F803B094
:1063C00000BD774600981AF078F8BE4600B50398ED
:1063D0006F467760E1F784FB00280DD0019801B487
:1063E00001B40198406F04991BF069F801B4019859
:1063F0000099416703B017E0019801B40298406F1B
:1064000001B46F467760E1F769F801B003991BF0BA
:1064100056F801B46F467760E1F760F801B001B457
:1064200001980099416702B0002000BD012C0BDAF1
:1064300000B519F0CFFF00F007F801B000BD7746B6
:1064400000981AF03AF8BE4600B50198C06801B449
:106450000298406B034604200002013001B408B4E6
:1064600000F012F802B001B4019802BC01B01AF0B9
:10647000F9FF01B40221090201316F467760E1F7AB
:10648000E3F801B000BD000000B5019801B411218E
:106490001BF030F801B001B4039801B419F08AFF81
:1064A0006F467760E0F7C0FD02B01BF068F800BDF2
:1064B000012C0BDA00B519F08DFF00F007F801B0E0
:1064C00000BD7746009819F0F8FFBE4600B5019868
:1064D000006901B40298806B034604200002013079
:1064E00001B408B4FFF7D0FF02B001B4019802BCB8
:1064F00001B01AF0B7FF01B40221090201316F4661
:106500007760E1F7A1F801B000BD000000B5864852
:106510004121890037687850844801B401F00AFFAE
:1065200001B001B401F072FF01B01F2001B400F00E
:10653000E9F801B0192001B4012001B47C4801B48C
:1065400002F048F803B0DC2137687850792001B4B4
:10655000A12001B4DC203768385801B401F0F7FFFE
:1065600003B0744801B401F0E5FE01B00346CC204D
:106570003768385801B408B400F02EF802B0012191
:106580000902376878500B2001B40120000239302D
:1065900001B4012000023768385801B401F0D7FF78
:1065A00003B0192001B4012001B45F4801B402F026
:1065B00011F803B01521090137687850092001B49A
:1065C0002F2001B4152000013768385801B401F0BC
:1065D000BEFF03B0002000BD00B5002001B401B42F
:1065E0000CF06EFB009054486F467760E2F79CFB1E
:1065F00001B4049801B4019801B4FEF7CBFD02B0D8
:1066000001BC0190049801B4029801B4FEF70DFC9E
:1066100002B0009819F0C0FEC0690346019801B4A9
:1066200008B424211AF029FA02B0012043496F4628
:106630007760E2F74BFB01B40021059A6F46776063
:10664000E0F778FD01203E496F467760E2F73EFBB8
:1066500001B40021039A6F467760E0F76BFD029862
:1066600019F09AFEC06A0346019801B408B4FCF719
:106670004FF902B000270197034601BC01B001B4F5
:1066800008B4F9F7B9FB02B0019802B000BD0000F0
:10669000D4B00100000000009D660200012C06DA63
:1066A00000B519F097FE00F002F801B000BD00B58A
:1066B00001981AF036FA406801B4E86801B401980C
:1066C00000996F467760E1F79FF902B000BD0000C6
:1066D000D4B0010000000000DD660200012C06DAE3
:1066E00000B519F077FE00F002F801B000BD00B56A
:1066F000E86801B4029801B4D3211AF01EFA02B07E
:10670000002000BD00B5002001B40CF0D9FA0090C3
:10671000009819F041FE806802991AF0ECFA416085
:10672000002001B000BD0000188F0400F88F0400A5
:10673000B89104009C8F0400481E0400906602007B
:10674000D066020000B5B44841218900376878500E
:1067500001202121C90037687850B04801B401F008
:10676000E9FD01B001B401F051FE01B0192001B4FE
:10677000FFF7C8FF01B0AA4801B401F0DBFD01B08A
:106780000346CC203768385801B408B4FFF724FF1B
:1067900002B001210902376878500B2001B40120B2
:1067A0000002393001B4012000023768385801B4C2
:1067B00001F0CDFE03B0192001B4012001B49648C8
:1067C00001B401F007FF03B01521090137687850C3
:1067D000092001B44B2001B4152000013768385856
:1067E00001B401F0B4FE03B06F467760E0F720FC1F
:1067F00001B401B4002001B48A4801B403F080F868
:1068000002B001B4019800996F467760E0F720FC70
:1068100002B0002001B4844801B403F071F802B062
:1068200001B4009901986F467760E0F711FC01B060
:106830000098FDF7EFF901B04321890037687850DF
:10684000C32001B4012000022F3001B44320800096
:106850003768385801B44C2119F0C6FD03B00A203E
:1068600001B4432080003768385801B4FDF7C5F9FA
:1068700002B0752001B4992001B44320800037682C
:10688000385801B401F063FE03B03B20404201B42C
:10689000432080003768385801B401210902DF31F4
:1068A00019F0B2FD02B0002000BD000000B55F4845
:1068B0004121890037687850584801B401F03AFD09
:1068C00001B001B401F0A2FD01B0192001B4FFF73D
:1068D00019FF01B0524801B401F02CFD01B003468C
:1068E000CC203768385801B408B4FFF775FE02B001
:1068F00001210902376878500B2001B40120000201
:10690000393001B4012000023768385801B401F071
:106910001EFE03B0192001B4012001B4434801B4A4
:1069200001F058FE03B0152109013768785009209D
:1069300001B4332001B4152000013768385801B480
:1069400001F005FE03B01F2001B4012001B4384856
:1069500001B401F03FFE03B0DC21376878507920A4
:1069600001B4A12001B4DC203768385801B401F02B
:10697000EEFD03B0002000BD00B52E484121890086
:1069800037687850254801B401F0D4FC01B001B457
:1069900001F03CFD01B0192001B4FFF7B3FE01B0D6
:1069A0001F4801B401F0C6FC01B00346CC20376893
:1069B000385801B408B4FFF70FFE02B001210902F4
:1069C000376878500B2001B401200002393001B43F
:1069D000012000023768385801B401F0B8FD03B057
:1069E000192001B4012001B4124801B401F0F2FDF4
:1069F00003B01521090137687850092001B435200A
:106A000001B4152000013768385801B401F09FFD2A
:106A100003B0002000BD0000588F0400F88F040070
:106A20009C8F0400DC910400EC910400388F04007A
:106A3000A49104001490040000B5CE4841218900BF
:106A400037687850CC4801B401F074FC01B001B44F
:106A500001F0DCFC01B0192001B4FFF753FE01B0D6
:106A6000C64801B401F066FC01B00346CC2037688B
:106A7000385801B408B4FFF7AFFD02B00121090294
:106A8000376878500B2001B401200002393001B47E
:106A9000012000023768385801B401F058FD03B0F6
:106AA000192001B4012001B4B24801B401F092FDF3
:106AB00003B01521090137687850092001B423205B
:106AC00001B4152000013768385801B401F03FFDCA
:106AD00003B01F2001B4012001B4A94801B401F0A2
:106AE00079FD03B0DC2137687850792001B4A1200A
:106AF00001B4DC203768385801B401F028FD03B038
:106B0000002000BD00B59F484121890037687850BA
:106B1000994801B401F00EFC01B001B401F076FC1B
:106B200001B0192001B4FFF7EDFD01B0934801B4A5
:106B300001F000FC01B00346CC203768385801B49E
:106B400008B4FFF749FD02B0012109023768785007
:106B50000B2001B401200002393001B401200002F1
:106B60003768385801B401F0F2FC03B0192001B4C1
:106B7000012001B4834801B401F02CFD03B01521BC
:106B8000090137687850092001B4212001B415208B
:106B900000013768385801B401F0D9FC03B01F2058
:106BA00001B4012001B4764801B401F013FD03B033
:106BB000DC2137687850792001B4A12001B4DC20B1
:106BC0003768385801B401F0C2FC03B0002000BDA2
:106BD00000B56D4841218900376878506B4801B491
:106BE00001F0A8FB01B001B401F010FC01B00020DD
:106BF00001B4002001B494203768385801B400F083
:106C000019F803B0002001B4002001B4CC2037688B
:106C1000385801B400F00EF803B0002001B4002091
:106C200001B490203768385801B400F003F803B07D
:106C3000002000BD00B5002001B401B401B4002063
:106C40000090049801B400F039F801B001900120DF
:106C50000290029801B402986F467760E0F7F2F96B
:106C60001AF08DFC01B4019800996F467760E0F747
:106C70008FFF02B000281CD0019801B403981AF0CD
:106C800074FC01B4019800996F467760E0F7EAF967
:106C900002B00090069801B4069801B4029801B4BD
:106CA000FEF753FE03B0029803211AF0DBFB0290BB
:106CB000CFE700200190002003B000BD00B5002008
:106CC00001B40BF0FDFF19F067FB8069009002989A
:106CD00001B401216F467760E0F792FF01B06F4683
:106CE0007760E0F7FDFE6F467760E0F769F86F4682
:106CF0007760E0F787F901B46F467760E0F7BAFE96
:106D0000002802D0009801B017E00098009801B068
:106D1000009801B4039801B419F042FC19F0D8F8B6
:106D200002B06F467760E0F7DBFE6F467760E0F712
:106D300047F86F467760E0F765F96F467760E0F7F0
:106D4000CFFE002805D06F467760E0F771F90FE0BD
:106D50000DE0009801B4039801B419F021FC19F07A
:106D6000B7F802B001B400F01CF801B000E0002058
:106D700001B000BDFC8E0400F88F04009C8F04005D
:106D8000A4910400E08E040064910400B88F040014
:106D9000012C0BDA00B519F01DFB00F007F801B06B
:106DA00000BD7746009819F031FFBE4600B5019846
:106DB00040680346B74801B408B4FBF7A9FD02B028
:106DC00000BD0000D4B0010000000000D16D020041
:106DD000012C06DA00B519F0FDFA00F002F801B056
:106DE00000BD00B5019819F068FB406F05211AF04D
:106DF00059FB6F467760E0F773FE6F467760DFF709
:106E0000DFFF6F467760E0F7FDF800BD022C0BDA7C
:106E100000B519F09EFB00F007F802B000BD774600
:106E2000009819F04AFBBE4600B5002001B401B439
:106E3000049803991AF0FFFB01D00A2028E2039876
:106E4000406F2421090205311AF02CFB6F46776050
:106E5000E0F746FE002801D00A2019E2049819F054
:106E60002CFB406F2421090205311AF01BFB6F46F1
:106E70007760E0F735FE002801D00A2008E2039889
:106E8000406F4021090201311AF00CFB01B46F463A
:106E90007760E0F7EFFD002802D0009801B00BE02A
:106EA0000098009801B0049819F007FB406F40214A
:106EB000090201311AF0F6FA6F467760E0F710FE2A
:106EC00000280ED0049819F0F8FA806E01B40498E6
:106ED000806E01B406BC02B404B400F0F8FA02B04B
:106EE000D6E1049819F0E9FA806E01B40498806E36
:106EF00001B406BC02B404B400F0E9FA02B06F4673
:106F00007760E0F7EDFD6F467760DFF759FF6F467A
:106F10007760E0F777F86F467760E0F7E1FD0028EB
:106F200001D00A20B4E1039801B400F0A1FA01B045
:106F30006F467760E0F7D4FD6F467760DFF740FF7C
:106F40006F467760E0F75EF801B46F467760E0F770
:106F500091FD002802D1009801B013E0009800983C
:106F600001B0049801B400F07EFA01B06F4677607A
:106F7000E0F7B6FD6F467760DFF722FF6F46776078
:106F8000E0F740F86F467760E0F7AAFD002838D0B8
:106F9000049819F092FA806D01B40498806D01B4E0
:106FA000059801B4FCF7A6FF01B001B4079801B43D
:106FB000FCF79BFF01B001B4019800991AF062FA46
:106FC00002B001B4069801B4FCF7F6FE01B001B4BA
:106FD000089801B4FCF7EBFE01B001B401980099E8
:106FE0001AF050FA02B001B419F093FE6F467760C0
:106FF000E6F736FE04B06F467760E0F703F847E146
:1070000045E1039801B4FEF779FA01B001B401211A
:107010006F467760E0F7F8FC01B001B46F46776027
:10702000E0F728FD002802D0009801B00EE000989B
:10703000009801B0039801B4FEF744FA01B001B41E
:1070400001216F467760E0F7DFFC01B001B46F46C5
:107050007760E0F70FFD002802D0009801B00EE045
:107060000098009801B0049801B4FEF742FA01B00C
:1070700001B401216F467760E0F7C6FC01B001B4AE
:107080006F467760E0F7F6FC002805D0009801B065
:1070900011E00000C46D02000098009801B004984F
:1070A00001B4FEF70AFA01B001B401216F4677601E
:1070B000E0F7AAFC01B06F467760E0F711FD002809
:1070C00001D00A20E4E0039801B4FEF717FA01B0FA
:1070D00001B4049801B4FEF7F5F901B001B40198C8
:1070E00000996F467760E0F783FA02B001B4059823
:1070F00001B4FEF7FEF901B001B4069801B4FEF741
:10710000DCF901B001B4019800996F467760E0F7AF
:107110006FFA02B001B4019800991AF03CFA02B07B
:1071200004D0039800900498019003E00498009024
:10713000039801900098806D01B4029801B4FCF7A7
:10714000D4FE01B001B4029801B4FCF7CEFE01B048
:1071500001B4019800991AF095F902B001B40298AF
:1071600001B4FEF7C6F901B001B4019800996F4669
:107170007760E0F769FA02B001B4039801B4FCF754
:1071800016FE01B001B4039801B4FCF710FE01B083
:1071900001B4019800991AF075F902B001B403988E
:1071A00001B4FEF78AF901B001B4019800996F4665
:1071B0007760E0F749FA02B001B4049801B4FCF733
:1071C00040FE01B001B4049801B4FEF792F901B099
:1071D00001B4019800996F467760E0F735FA02B084
:1071E00001B4059801B4FCF77CFD01B001B4059829
:1071F00001B4FEF762F901B001B4019800996F463D
:107200007760E0F721FA02B001B40698806D01B40E
:107210000798806D01B419F054F86F467760E4F771
:1072200069FA01B01AF0ABF901B40898806D01B4A5
:1072300019F047F86F467760E4F760FA01B01AF08A
:107240009EF901B40027422001B4422001B4029803
:1072500001B40397049801B40597012001B40120FB
:1072600001B4089801B409970A9801B40B970C98D7
:1072700001B40D970E9801B40F97109801B41197AF
:10728000129801B4139700F005F814B000E0002044
:1072900002B000BD00B5552080003768385801B4F1
:1072A0006F467760E0F7E6FB002802D0009801B057
:1072B00006E00098009801B06F467760DFF7B8FEEF
:1072C0005521890037687850552080003768385834
:1072D00001B4039801211AF0F2F801B40198009A60
:1072E000012118F0CFFD02B05520800037683858D2
:1072F00001B4049801211AF0E2F801B40198009A4F
:10730000032118F0BFFD02B05520800037683858BF
:1073100001B4059801211AF0D2F801B40198009A3D
:10732000052118F0AFFD02B05520800037683858AD
:1073300001B4069801211AF0C2F801B40198009A2C
:10734000072118F09FFD02B055208000376838589B
:1073500001B4089801211AF0B2F801B40198009A1A
:10736000092118F08FFD02B0552080003768385889
:1073700001B4099801211AF0A2F801B40198009A09
:107380000B2118F07FFD02B0552080003768385877
:1073900001B40A9801211AF092F801B40198009AF8
:1073A0000D2118F06FFD02B0552080003768385865
:1073B00001B40B9801211AF082F801B40198009AE7
:1073C0000F2118F05FFD02B00B986F467760E0F771
:1073D00087FB002801D0032000E0012001B45520E4
:1073E00080003768385801B4019801B40198009AB8
:1073F000112118F047FD03B00C986F467760E0F755
:107400006FFB002801D0032000E0012001B45520CB
:1074100080003768385801B4019801B40198009A87
:10742000132118F02FFD03B0019801B4079801B49F
:10743000552080003768385801B419F084FC6F4635
:107440007760E5F771F803B06F467760DFF7DAFD34
:1074500000BD0000012C0BDA00B518F0BBFF00F0F6
:1074600007F801B000BD7746009819F026F8BE462F
:1074700000B50198C06A01B40221090201316F46CA
:107480007760E0F723FA01B001B46F467760E0F768
:10749000F1FA002802D0009801B00DE000980098A1
:1074A00001B00198006B01B40221090201316F465D
:1074B0007760E0F70BFA01B000BD0000022C0BDA98
:1074C00000B519F046F800F007F802B000BD7746A5
:1074D000009819F0D3F9BE4600B5019801B4FAF747
:1074E00013FB01B0029801B4FAF709FB01B001984F
:1074F00001B4039801B400F054F901B001B4049848
:1075000001B400F030F901B001B40EBC02B404B40F
:1075100008B400F069F903B06F467760E0F7E0FA6D
:10752000002801D04220CBE0019801B4039801B4B7
:1075300000F037F901B001B4049801B400F0EFF89D
:1075400001B001B40EBC02B404B408B400F04CF9AC
:1075500003B06F467760E0F7C3FA002801D04220FD
:10756000AEE0019801B4039801B400F0B4F801B0A2
:1075700001B4049801B400F0F6F801B001B40EBCF7
:1075800002B404B408B400F02FF903B06F4677607A
:10759000E0F7A6FA002801D0422091E0019801B45A
:1075A000039801B400F097F801B001B4049801B455
:1075B00000F0B5F801B001B40EBC02B404B408B4D4
:1075C00000F012F903B06F467760E0F789FA0028FF
:1075D00001D0422074E0029801B4029801B400F096
:1075E000E5F801B001B4039801B400F0C1F801B0AE
:1075F00001B40EBC02B404B408B400F0F0F803B057
:107600006F467760E0F76CFA002801D0422057E01F
:10761000029801B4029801B400F0C8F801B001B4B6
:10762000039801B400F080F801B001B40EBC02B4BC
:1076300004B408B400F0D3F803B06F467760E0F705
:107640004FFA002801D042203AE0029801B4029893
:1076500001B400F045F801B001B4039801B400F0A2
:1076600087F801B001B40EBC02B404B408B400F051
:10767000B6F803B06F467760E0F732FA002801D021
:1076800042201DE0029801B4029801B400F028F8ED
:1076900001B001B4039801B400F046F801B001B4A0
:1076A0000EBC02B404B408B400F099F803B06F46FD
:1076B0007760E0F715FA002801D0422000E00A20A8
:1076C00000BD0000012C0BDA00B518F083FE00F0BD
:1076D00007F801B000BD7746009819F0CFF8BE4614
:1076E00000B50198406901B4029801B400F05EF859
:1076F00001B001B4019802BC01B019F0B3FE02213F
:107700000902013119F0BEFE00BD0000012C0BDAA8
:1077100000B518F05FFE00F007F801B000BD774635
:10772000009819F0ABF8BE4600B50198806901B425
:10773000029801B400F01CF801B001B4019802BC39
:1077400001B019F08FFE02210902013119F09AFEF1
:1077500000BD0000012C0BDA00B518F03BFE00F074
:1077600007F801B000BD7746009819F087F8BE46CB
:1077700000B50198006901B40298806818F09DFE78
:10778000006901B4019802BC01B019F06BFE00BDA4
:10779000012C0BDA00B518F01DFE00F007F801B05F
:1077A00000BD7746009819F069F8BE4600B501980B
:1077B000C06801B40298806818F07FFEC06801B408
:1077C000019802BC01B019F04DFE00BD032C0BDA8C
:1077D00000B518F0CDFF00F007F803B000BD774604
:1077E000009819F04BF8BE4600B5029801B4029813
:1077F00001B4FFF7DBFF01B001B4019800996F46B7
:107800007760E0F7FDF902B001B46F467760E0F70A
:1078100031F9002802D1009801B011E000980098D9
:1078200001B0029801B4029801B4FFF759FF01B00A
:1078300001B4019800996F467760E0F7BDF902B096
:1078400001B46F467760E0F715F9002802D100987F
:1078500001B011E00098009801B0039801B40298BB
:1078600001B4FFF785FF01B001B4019800996F469C
:107870007760E0F7C5F902B001B46F467760E0F7D2
:10788000F9F8002802D1009801B011E000980098A2
:1078900001B0039801B4029801B4FFF745FF01B0AD
:1078A00001B4019800996F467760E0F785F902B05E
:1078B00000BD000000B501986F467760E0F710F951
:1078C0006F467760DFF77CFA6F467760DFF79AFBE9
:1078D00001B46F467760E0F7CDF8002802D0009839
:1078E00001B021E00098009801B0019818F0E5FD82
:1078F000406F052119F0D6FD6F467760E0F7F0F88C
:107900006F467760DFF75CFA6F467760DFF77AFBE8
:107910006F467760E0F7E4F86F467760DFF750FA7C
:107920006F467760DFF76EFB00BD0000032C0BDABB
:1079300000B518F01DFF00F007F803B000BD774652
:10794000009819F01DF8BE4600B5002001B4039858
:1079500001B4039801B4FBF763F902B000900098FA
:10796000049919F02BF88160002001B000BD0000DF
:1079700000B5D8484121890037687850D64801B40D
:1079800000F0D8FC01B00346C4203768385801B471
:1079900008B4FEF721FE02B02B21C90037687850E9
:1079A000792001B4A12001B42B20C00037683858D9
:1079B00001B400F0CCFD03B0C84801B400F0BAFC3B
:1079C00001B00346C4203768385801B408B4FEF744
:1079D00003FE02B0E82137687850E12001B413209B
:1079E00001B4E8203768385801B400F0B0FD03B0A6
:1079F000BB4801B400F09EFC01B00346C4203768C8
:107A0000385801B408B4FEF7E7FD02B0EC2137683E
:107A10007850E12001B4272001B4EC2037683858B1
:107A200001B400F094FD03B0AE4801B400F082FC54
:107A300001B00346C4203768385801B408B4FEF7D3
:107A4000CBFD02B0FC2137687850E12001B43B2027
:107A500001B4FC203768385801B400F078FD03B059
:107A6000A14801B400F066FC01B00346C4203768A9
:107A7000385801B408B4FEF7AFFD02B0F021376802
:107A80007850E12001B44F2001B4F0203768385815
:107A900001B400F05CFD03B0944801B400F04AFC6E
:107AA00001B00346C4203768385801B408B4FEF763
:107AB00093FD02B0F42137687850E12001B46320CF
:107AC00001B4F4203768385801B400F040FD03B029
:107AD000874801B400F02EFC01B00346C42037688B
:107AE000385801B408B4FEF777FD02B0F8213768C2
:107AF0007850E12001B4772001B4F8203768385875
:107B000001B400F024FD03B07A4801B400F012FC87
:107B100001B00346C8203768385801B408B4FEF7EE
:107B20005BFD02B0E42137687850792001B4A120D0
:107B300001B4E4203768385801B400F008FD03B000
:107B4000422001B4E4203768385801B400F0DDFB6E
:107B500002B0652001B4652001B4E42037683858CC
:107B600001B400F071F803B0634801B4E420376851
:107B7000385801B401210902DF3118F045FC02B088
:107B80005E4801B400F0D6FB01B00346CC20376854
:107B9000385801B408B4FEF71FFD02B001210902F4
:107BA00037687850192001B4012001B44C4801B461
:107BB00000F010FD03B015210901376878506F46B9
:107BC0007760DFF735FA01B401B46F467760DEF70E
:107BD00051FF0346002001B408B401F091FE02B049
:107BE00001B4019800996F467760DFF731FA02B06F
:107BF0000098FCF70FF801B04321890037687850EE
:107C0000002001B4002001B490203768385801B436
:107C1000FFF710F803B0002001B4002001B4942055
:107C20003768385801B4FFF705F803B0002001B4F5
:107C3000002001B4012000023768385801B400F078
:107C40005DFC03B0002000BD00B500F00DF8034658
:107C5000039801B4039801B4039801B408B400F088
:107C6000A0F904B0002000BD00B5376878696F4600
:107C70007760DFF735FF6F467760DFF7A1F86F4673
:107C80007760DFF7BFF901B46F467760DFF7F2FE88
:107C9000002802D0009801B015E00098009801B0CB
:107CA0003768786901B4012118F0A1F801B06F4676
:107CB0007760DFF715FF6F467760DFF781F86F4673
:107CC0007760DFF79FF96F467760DFF709FF0028DD
:107CD00016D17CE064910400D88F0400E08E04008B
:107CE000FC8E0400188F040014900400388F0400E8
:107CF000588F04007C8F0400809204009C8F040045
:107D0000C8486F467760E1F70FF801B46F467760B7
:107D1000DFF78EF901B401B40520800137683858C7
:107D200001B4019800996F467760DFF791F902B0CE
:107D30004D2080003768385801B4009901986F468B
:107D40007760DFF785F901B02720C0003768385821
:107D500001B4009901986F467760DFF779F901B0B7
:107D60004F2080003768385801B4009901986F4659
:107D70007760DFF76DF901B0E0203768385801B45B
:107D8000009901986F467760DFF762F901B05120E2
:107D900080003768385801B4009901986F467760C1
:107DA000DFF756F901B0452080003768385801B434
:107DB000009901986F467760DFF74AF901B00098A3
:107DC000032001B4029801B400F00AF804B0376847
:107DD000786901B4012118F00AF801B000BD000073
:107DE0007746009818F0BBFFBE4600B5002001B4EE
:107DF00001B401B4049801B46F467760E1F7D6FC92
:107E000019F0BDFB01B401980099016102B004981A
:107E10000A21416104980599416004980A21C160D2
:107E200006986F467760DFF75BFE002803D0049862
:107E30000699816048E0049801B46F467760DFF7E7
:107E4000F7F801B401980099816002B00498406885
:107E5000032119F017FB01B40F216F467760DFF79C
:107E6000C7FB01B00146032019F0FCFA0090012085
:107E7000019001980F2119F08EFB25D06A486F46BA
:107E80007760E0F751FF01B40198029919F0EAFA1E
:107E900003460120404201B408B4029801B40AF03C
:107EA00067FD03B00598806801B4019801B418F02B
:107EB00095FA6F467760DFF7CBF803B0019803219E
:107EC00019F0D0FA0190D4E701200290029801B491
:107ED0000598806801B418F0E1F96F467760DFF724
:107EE000B1F801B019F04BFB01B40198009919F0F9
:107EF00052FB02B013D00498806801B4039801B417
:107F00000198009917F073FF02B0049918F038FD3A
:107F100041600298032119F0A5FA0290D6E704986F
:107F200001B400F005F801B0002003B000BD00006E
:107F300000B5376878696F467760DFF7D1FD6F4627
:107F40007760DEF73DFF6F467760DFF75BF86F46DF
:107F50007760DFF7C5FD002805D06F467760DFF753
:107F600067F8376878613768786901B4029818F063
:107F7000F6FE4068032119F085FA01B4039801B4B4
:107F800002980199009A17F07DFF03B0002000BD10
:107F9000042C0BDA00B518F082FD00F007F804B0ED
:107FA00000BD7746009818F0DAFEBE4600B5002006
:107FB00001B403986F467760DFF792FD6F467760F4
:107FC000DEF7FEFE6F467760DFF71CF86F467760DE
:107FD000DFF786FD002800D0D4E0029801B400F05D
:107FE0007BF901B06F467760DFF77AFD6F46776007
:107FF000DEF7E6FE6F467760DFF704F86F467760DE
:10800000DFF76EFD002811D0029801B46F4677604B
:10801000DFF70EF801B406BC02B404B400F03AF97C
:1080200002B003E0D81604009C1804000120BF49E8
:108030006F467760E0F74AFE01B40021049A6F466C
:108040007760DFF777F8039801B400F045F901B0E5
:108050000346009808B400F0D1F802B000900098F0
:108060006F467760DFF73CFD6F467760DEF7A8FE6E
:108070006F467760DEF7C6FF6F467760DFF730FD4B
:10808000002821D0AA486F467760E0F74DFE01B482
:10809000069801B4069801B4069801B4039801B497
:1080A00000F09AF804B001BC0090029801B400F00E
:1080B00013F901B001B4019801B418F08FF96F46BB
:1080C0007760DEF7C5FF02B0009818F056FEC06872
:1080D00001B46F467760DFF7CDFC002802D100982D
:1080E00001B00AE00098009801B0049801B40121A1
:1080F0006F467760DFF788FC01B06F467760DFF787
:10810000EFFC00280AD0009818F037FE806803467C
:10811000012001B408B4FDF736FB02B0009818F056
:108120002CFE006901B46F467760DFF7A3FC0028DE
:1081300002D1009801B00AE00098009801B00598BB
:1081400001B401216F467760DFF75EFC01B06F4636
:108150007760DFF7C5FC00280AD0009818F00DFE04
:1081600080680346012001B408B4FDF7D2FA02B0DA
:108170000098049918F001FEC1600098059918F064
:10818000FCFD0161002001B000BD0000D4B0010081
:108190000000000099810200012C06DA00B518F0F9
:1081A00019F900F002F801B000BD00B5019818F00F
:1081B000E4FD806818F081F9806801B4E86818F07F
:1081C0007CF9806801B4019800996F467760DFF709
:1081D0001BFC02B000BD00007746009818F0CDFDF2
:1081E000BE4600B501980299816001980399C1606B
:1081F000019804990161002000BD000000B5002035
:1082000001B401B401B4049801B418F047F86F4602
:108210007760DEF717FF01B019F0B1F90090012087
:1082200001900198009919F0B6F921D0049801B491
:10823000029801B40198009917F0D9FD02B002909C
:10824000059801B4029801B4049801B4029818F09A
:108250005BFA03B06F467760DFF742FC002801D07D
:10826000029806E00198032119F0FCF80190D8E784
:10827000002003B000BD0000022C0BDA00B518F09E
:1082800068F900F007F802B000BD7746009818F0D2
:1082900066FDBE4600B50AF013FD18F07DF8C06C0F
:1082A00001B40298406801B4049801B4029801999D
:1082B000009A17F0E7FD03B0002000BD012C0BDA97
:1082C00000B518F087F800F007F801B000BD774658
:1082D000009818F044FDBE4600B50AF0F1FC18F015
:1082E0005BF8C06C01B40298406801B40198009931
:1082F00017F07DFD02B000BD022C0BDA00B518F0BE
:1083000028F900F007F802B000BD7746009818F091
:10831000D4F8BE4600B5029801B4112001B4039808
:1083200001B4FEF753F803B0002000BD8C810200B9
:108330002046040000B5019801B4C04801B400F023
:1083400003F802B000BD000000B5002001B401B484
:1083500001B401B457208000376838586F46776001
:10836000DFF7BEFB00284DD0002000905720800092
:1083700037683858019001200290029801B40298A1
:108380006F467760DEF75EFE19F0F9F801B40198E8
:1083900000996F467760DFF7FBFB02B000282FD013
:1083A000019801B4039819F0E0F801B4019800991C
:1083B0006F467760DEF756FE02B00090009801B479
:1083C000F72117F087FF01B0059919F048F911D08E
:1083D000069801B4019801B4B82118F0AEFB02B0C0
:1083E000039003986F467760DFF77AFB002801D08F
:1083F000039808E00298032119F034F80290BCE7D2
:1084000000200190062004B000BD000000B500204F
:1084100001B40AF055FC0090009817F0BDFF806889
:108420000346029801B408B400F00DF802B0002031
:1084300001B000BD022C0BDA00B518F08AF800F08C
:1084400007F802B000BD7746009818F054FCBE460D
:1084500000B5019802998160002000BD012C0BDA63
:1084600000B517F0B7FF00F007F801B000BD774680
:10847000009818F040FCBE4600B5019880686F4631
:108480007760DFF72DFB6F467760DEF799FC6F466C
:108490007760DEF7B7FD6F467760DFF721FB0028D6
:1084A00029D0019801B484203768385801B417F0F6
:1084B00008FF6F467760E3F71DF901B019F05FF828
:1084C00001B484203768385801B417F0FAFE6F46BB
:1084D0007760E3F713F901B019F051F801B417F020
:1084E00069FF6F467760E4F707FC02B001B40198BA
:1084F0000099816002B00198806800BD00B50198C4
:108500006F467760DFF7ECFA6F467760DEF758FC6E
:108510006F467760DEF776FD6F467760DFF7E0FA4B
:10852000002800D008E0039801B4039801B4039830
:1085300001B4FDF70AFA03B0002000BD032C0BDAEA
:1085400000B518F015F900F007F803B000BD774644
:10855000009817F0B2FFBE4600B5002001B40AF043
:10856000AFFB17F019FFC0690090009801B40398A1
:1085700001B4059801B4059801B4FDF765FF01B099
:1085800001B40198009918F07DFF02B001B40AF01F
:10859000C1F901B001B4079801B4069801B4FDF720
:1085A00095FF01B001B40198009918F06BFF02B07B
:1085B00001B40AF0AFF901B001B41EBC02B404B4B6
:1085C00008B410B42C2118F058FA04B0002001B0FF
:1085D00000BD000000B5002001B419486F46776067
:1085E000E0F7A2FB01B4062001B4012001B4012090
:1085F00001B4012001B4012001B4012001B4112013
:1086000001B40C9801B40C9801B40C9801B40A9808
:1086100001B400F017F80BB001BC00900AF050FB59
:1086200017F0BAFEC0690346009801B408B42421CB
:1086300018F023FA02B0009801B000BDF8780400E9
:10864000F84604007746009818F0A5FBBE4600B532
:1086500001980299C167019803998023C15001983C
:1086600004998423C150019805998823C150019829
:1086700006998C23C150019807999023C150019805
:1086800008999423C150019809999823C1500198E1
:108690000A999C23C15001980B99A023C1500198BD
:1086A00001B4002000216F467760E4F725FB01B498
:1086B00006BC02B404B4FCF76DFD02B09420376828
:1086C000385801B4029801B4FCF7B4FB02B0422060
:1086D00001B438200002013001B4039801B4FDF761
:1086E00075FE03B0019801B400F012F801B000204B
:1086F00000BD0000012C0BDA00B517F06BFE00F096
:1087000007F801B000BD7746009818F044FBBE465C
:1087100000B5002001B401B401B401B401B401B446
:1087200001B401B401B40A988C23C05801B40B9869
:108730009423C05801B40198009918F093FE02B038
:1087400001B40B989823C05801B40198009918F00F
:1087500089FE02B000900A98A023C0586F46776047
:10876000DFF7BEF9002821D00A98A023C05801B431
:1087700017F0A7FD6F467760E2F7BCFF01B018F075
:10878000FEFE01B40B989423C05801B401980099DF
:1087900018F068FE02B001B40B989823C05801B4D9
:1087A0000198009918F05EFE02B000E001200190EF
:1087B0000A98A023C0586F467760DFF791F9002828
:1087C0000DD00A98A023C05801B417F07AFD6F4667
:1087D0007760E2F793FF01B018F0D1FE00E00120CE
:1087E00002900A98C06F01B40B988823C05801B456
:1087F00006BC02B404B400F0DBFE02B003900198A2
:1088000001B4049801B47B2117F064FD01B001B4F8
:108810000C98C06F01B417F0B9FD6F467760DEF7B2
:1088200033FA01B018F0ABFE01B4019800996F461D
:108830007760DEF7DDFE02B001B40198009918F010
:1088400011FE02B001B4019801B4009905206F46F1
:108850007760DEF7CDFE01B001B40198009918F001
:1088600001FE02B00490029801B4049801B47A2188
:1088700017F030FD01B001B406BC02B404B4F6F741
:108880003DFC02B001B4019801B4009905206F4687
:108890007760DEF7ADFE01B001B40198009918F0E1
:1088A000E1FD02B00590049801B4069801B417F0F8
:1088B00081FD6F467760E4F71FFA02B006900698D4
:1088C00001B40B989023C05801B418F072FA6F46A7
:1088D0007760E3F719F902B0069801B40B988C237E
:1088E000C05801B40C988C23C05801B4079801B447
:1088F0000E988C23C05801B405216F467760DEF7CF
:1089000077FE01B001B40198009918F0BBFD02B0E8
:1089100001B4099801B40F988C23C05801B4052103
:108920006F467760DEF764FE01B001B401980099EC
:1089300018F0A8FD02B001B40F988023C05801B40C
:108940000027009801B40197029801B40397049896
:1089500001B40597069801B40797089801B40997E0
:108960000A9801B40B9700F005FE0CB00A98A023FA
:10897000C0586F467760DFF7B3F800281BD0059822
:10898000029918F07FFD01B405216F467760DEF78C
:108990005BFE01B007900A98A023C058034601204F
:1089A00001B4089801B4029801B4099801B408B45C
:1089B00000F034FD05B0059801B4049801B47A21A3
:1089C00017F088FC01B001B40198009918F05AFD25
:1089D00002B001B405216F467760DEF735FE01B0C5
:1089E0000890069801B40B98C06F01B403980299DF
:1089F00018F038FD01B40B9801B40E988423C058C8
:108A000001B40027002001B4099801B4029801B410
:108A10000397049801B40597069801B4079708983E
:108A200001B409970A9801B40B9700F0B3F90CB0A0
:108A30000A989823C058012118F0C1FD15D0069856
:108A400001B40B988423C05801B40C989823C058E3
:108A500001B40D989C23C05801B41EBC02B404B4E8
:108A600008B410B400F00CF804B0069801B40B98E8
:108A700001B4FCF77FFC02B0002009B000BD00008B
:108A800000B5002001B401B401B401B401B401B4D3
:108A900001B401B401B46F467760DEF7C9FA009003
:108AA0006F467760DEF7C4FA0190012002900298C9
:108AB00001B40B9801B417F004FC6F467760E2F73D
:108AC00019FE01B018F05BFD01B40198009918F08F
:108AD00062FD02B000D11AE101200390039801B4B5
:108AE0000B9801B417F0EDFB6F467760E2F706FED6
:108AF00001B018F044FD01B40198009918F04BFD45
:108B000002B000D1FDE00120049004980C9918F007
:108B10006AFD00D1EFE00120059005980C9918F04E
:108B200062FD00D1E1E00498059918F09BFC012159
:108B300018F095FD00D0D2E00A9801B4039801B472
:108B4000059801B417F085FE6F467760E2F712FED4
:108B500003B018F014FD0B9918F081FD00D0BEE0B1
:108B60000A9801B40398059918F07CFC01B40598A3
:108B7000079918F077FC01B417F06BFE6F46776029
:108B8000E2F7F8FD03B018F0FAFC01B40C9801B458
:108B9000019800996F467760DEF790FE02B001B44D
:108BA0006F467760DEF766FF002802D0009801B0BC
:108BB00021E00098009801B00A9801B40398059943
:108BC00018F060FC01B40598079918F04BFC01B44B
:108BD00017F03FFE6F467760E2F7CCFD03B018F068
:108BE000CEFC01B40C9801B4019800996F467760EF
:108BF000DEF764FE02B001B46F467760DEF73AFF3D
:108C0000002802D0009801B021E00098009801B03F
:108C10000A9801B40398059918F024FC01B405984A
:108C2000079918F02FFC01B417F013FE6F46776018
:108C3000E2F7A0FD03B018F0A2FC01B40C9801B457
:108C4000019800996F467760DEF738FE02B001B4F4
:108C50006F467760DEF70EFF002802D0009801B063
:108C600021E00098009801B00A9801B40398059992
:108C700018F008FC01B40598079918F003FC01B43A
:108C800017F0E7FD6F467760E2F774FD03B018F068
:108C900076FC01B40C9801B4019800996F46776096
:108CA000DEF70CFE02B06F467760DEF719FF002892
:108CB00015D0009801B4039801B417F08FFB6F46EC
:108CC0007760DEF7C5F902B0019801B4049801B4E9
:108CD00017F084FB6F467760DEF7BAF902B00598AB
:108CE000032118F0BFFB059017E70498032118F043
:108CF000B9FB049009E70398032118F0B3FB039034
:108D0000ECE60298032118F0ADFB0290CFE60120BB
:108D10000690069801B4019801B417F0BFFA6F46A7
:108D20007760DEF78FF901B018F029FC01B40198E3
:108D3000009918F030FC02B028D0009801B40798D0
:108D400001B40198009917F052F802B00790019809
:108D500001B4079801B40198009917F048F802B0DF
:108D600008900A9801B4089801B40A9801B41098C0
:108D700001B417F079FF6F467760E2F7DDFC04B0CD
:108D80000698032118F06EFB0690C2E7002009B098
:108D900000BD000000B5002001B401B401B401B46D
:108DA00001B401B401B401B401B401B401B401B41B
:108DB00001B401B401B401B401B401B401B401B40B
:108DC00001B401B401B401B401B41C98012118F03C
:108DD00076FB1C901D98012118F071FB1D901F98C7
:108DE0006F467760DEF77CFE6F467760DDF7E8FF61
:108DF0006F467760DEF706F96F467760DEF770FE44
:108E0000002805D01B9801B4F6F7C0FB01B01F90F5
:108E10001E986F467760DEF763FE6F467760DDF77A
:108E2000CFFF6F467760DEF7EDF86F467760DEF7CD
:108E300057FE002801D003201E901C9800900120AE
:108E400001901F9801B48F21490017F043FA01B037
:108E50006F467760DEF744FE002807D01F9801B404
:108E60008F21490017F036FA01B000E0032002908C
:108E70001F9801B47B2117F02DFA01B001B40398BB
:108E800001B417F097FA6F467760DEF7CDF802B0BD
:108E900018F075FB03901F9801B47A2117F01AFAA5
:108EA00001B001B4039801B417F084FA6F467760FB
:108EB000DEF7BAF802B018F062FB049004980F21B4
:108EC00018F0D0FA01B4072118F03EFB01B005906C
:108ED000059801B4049801B4019800996F46776031
:108EE000DEF786FB02B006900520069918F0BAFA64
:108EF00007901F9801B4942117F0ECF901B0089085
:108F0000089801B417F0B7F96F467760DCF73EFEBA
:108F100001B018F034FB01B4089801B417F04AFA14
:108F20006F467760DEF780F802B018F028FB032167
:108F300018F0A8FA09900298032118F07CFB2ED0B3
:108F40001120069918F08EFA01B417F07EF96F46D9
:108F50007760DCF70BFF01B00A900A9801B4012199
:108F6000872216F06AFF01B00A9801B4032101229A
:108F700016F063FF01B00A9801B4049801B417F029
:108F800025FF052116F059FF02B00A9801B4059893
:108F900001B417F01BFF092116F04FFF02B0019832
:108FA00001B41C9801B417F0F1F96F467760DDF752
:108FB0006BFE01B018F0E3FA01B40198009918F0C3
:108FC000EAFA02B000D10EE201200B9001200C90D1
:108FD000209801B46F467760DEF74CFD002802D17F
:108FE000009801B017E00098009801B0019801B412
:108FF000219801B417F052F96F467760DEF722F836
:1090000001B018F0BCFA01B4019800996F4677607E
:10901000DEF7E4FD02B06F467760DEF761FD002801
:1090200020D0209801B4029801B40198009916F05C
:10903000DEFE02B001B4EB21490017F04BF901B09C
:109040000B90209801B4029801B40198009916F091
:10905000CEFE02B001B401210902DB3117F03AF96A
:1090600001B00C90019801B4032118F0FBF90290B3
:109070001C9801B4019801B417F074FA6F46776038
:10908000DDF77CFF03B00D900D98152118F0D3FA91
:1090900013D01D9801B4209801B47A2117F01AF961
:1090A00001B0052118F0DEF901B40198009918F01B
:1090B000D9F902B01D9000981C900D98412118F02C
:1090C0006AFA00D06BE701200E9009980F900120FA
:1090D00010900D98412118F0D5F901B4089801B409
:1090E000019800996F467760DEF782FA02B011901E
:1090F000089801B4129801B417F072FE04216F466B
:109100007760DCF78BFF02B00D9918F094FA02D06B
:109110001198109050E00E980F9918F064FA4BD007
:109120000E9801B410980F9918F0ACF901B403210E
:1091300018F00AFA01B001B40198009918F092F9F8
:1091400002B01290089801B4139801B4099801B4C0
:10915000019800996F467760DEF74AFA02B001B4D1
:1091600017F03EFE04216F467760DCF757FF02B030
:10917000139013980D9918F05EFA0CD0129801B460
:10918000089801B4019800996F467760DEF730FACD
:1091900002B0109010E013980D9918F0FCF905D06A
:1091A0001298032118F05EF90E9004E01298032142
:1091B00018F068F90F90AEE70298032118F03BFA17
:1091C00042D00A9801B4099801B41298052118F008
:1091D00049F901B4099801B417F00FFE6F467760A2
:1091E000DCF7EEFC03B001B417F01CFE08216F465B
:1091F0007760DCF79BFD02B01A9801B40B9801B4BC
:109200001E980D9918F02EF901B420980F9918F0B6
:1092100029F901B41EBC1E9801B402B404B408B408
:1092200010B400F0E3F805B01C9801B4209801B424
:109230007B2117F04FF801B001B40198009918F0A4
:1092400011F902B01C90CDE01098052118F00AF930
:109250001090012014901498039918F09CF900D1F3
:10926000C0E00120159003201690109801B403214E
:1092700018F0F8F81190099801B4019801B4019818
:10928000009916F08BFD03B017901598049918F00B
:1092900082F900D19BE0169802210902013118F0F1
:1092A000CAF911D0109801B4032118F0DBF811901D
:1092B000099801B4019801B40198009916F06EFD67
:1092C00003B0179003201690012018901798169954
:1092D00018F0E8F86F467760DEF702FC00280CD043
:1092E0001898032118F0BEF81890169801B40321BD
:1092F00018F000F901B01690E8E718986F4677600B
:10930000DEF7EEFB002855D01A9801B41D9801B481
:109310000D9801B4059801B4019800996F467760E3
:10932000DEF766F902B001B40198009918F09AF8D6
:1093300002B001B41F9801B418980F9918F092F870
:1093400001B4069801B4019800996F467760DEF782
:109350004FF902B001B40198009918F083F802B0F7
:1093600001B4059801B4069801B41D9801B40198A0
:1093700000996F467760DEF73BF902B001B4002731
:10938000239801B4019801B40297039801B404979B
:10939000059801B40697079801B40897099801B495
:1093A0000A9700F0E7F80BB01598189918F05AF8DA
:1093B00015900BE0169801B4032118F09BF801B04A
:1093C00016901598032118F04DF815905DE71C983C
:1093D000029918F047F81C901498032118F042F8ED
:1093E000149038E7DBE5002019B000BD00B5019806
:1093F00001B4039801B4069801B4069801B4FCF7CF
:10940000D3FD02B001B4089801B417F015FD6F4602
:109410007760E4F76DFE04B0002000BD00B50020C9
:1094200001B401B401B401B4099800900598019009
:1094300001200290029801B4069801B416F041FF91
:109440006F467760E2F756F901B018F098F801B46A
:109450000198009918F09FF802B000D187E0012030
:109460000390039801B4069801B416F02AFF6F46E2
:109470007760E2F743F901B018F081F801B4019880
:10948000009918F088F802B060D0059801B40398EC
:1094900001B4059801B417F0DCF96F467760E2F784
:1094A00069F903B018F06BF8012118F0ECF83CD022
:1094B000069801B4089801B4049801B4039801B463
:1094C0000198009918F040F802B001B40198009991
:1094D00017F0C8FF02B001B40A9801B4069801B4AD
:1094E000049801B40198009918F02EF802B001B464
:1094F0000198009917F0B6FF02B001B4089801B4C2
:10950000069801B4089801B417F0A3F96F46776084
:10951000E2F730F903B018F032F801B417F0A4FB09
:109520006F467760E2F708F904B0039801B4019838
:1095300001B40099032017F0DDFF01B001B40198D8
:10954000009917F08FFF02B003908AE7029801B4E8
:10955000019801B40099032017F0CCFF01B001B4C9
:109560000198009917F07EFF02B0029062E7002098
:1095700004B000BD00B5019801B4049801B404988A
:1095800001B4FCF711FD02B001B4079801B40798CB
:1095900001B4FCF709FD02B001B4099801B417F059
:1095A00063FB6F467760E2F7F3FA04B0002000BD7A
:1095B00000B5002001B401B401B401B401B401B498
:1095C000079801B4F5F7E2FF01B00090009801B4EC
:1095D0007A2116F07FFE01B001B419216F46776041
:1095E000DEF76CF901B0019001986F467760DEF705
:1095F00077FA002810D06F467760DDF719FD01B4C7
:1096000001B4029801B4019800996F467760DDF7C4
:109610001FFD02B001BC1CE06F467760DDF708FD5E
:1096200001B401B4472080003768385801B401986C
:1096300000996F467760DDF70BFD02B03768F86F71
:1096400001B4009901986F467760DDF701FD01B024
:1096500001BC02900120C1496F467760DFF736FBFD
:1096600001B40021099A6F467760DDF763FD009829
:10967000039801B400F0FEF802B003900120B8494D
:109680006F467760DFF722FB01B40021049A6F4632
:109690007760DDF74FFDC72001B4019801B406984B
:1096A00001B4F6F733F904B00490029801B40598B8
:1096B00001B40198009916F09AFB02B00590059844
:1096C00001B4099801B4079801B47A2116F002FE9A
:1096D00001B001B4019800996F467760DDF7B4FFDF
:1096E00002B001B406BC02B404B400F047F802B002
:1096F00006B000BDD4B001000000000001970200D8
:10970000012C06DA00B516F065FE00F002F801B093
:1097100000BD00B5E86801B4029801B47A2116F0E2
:10972000D9FD01B001B4019800996F467760DDF76B
:10973000A1FF02B000BD0000D4B001000000000095
:1097400045970200032C06DA00B517F011F800F077
:1097500002F803B000BD00B5E86801B4029801B496
:109760000198009916F043FB02B0029917F03BFFF5
:1097700001D0019800E0039800BD000000B50298F8
:10978000012117F09CFE02900298052117F003FFBB
:1097900001D001986CE06F467760DDF7F3FC01B40F
:1097A00001B4039801B47B2116F094FD01B001B41B
:1097B000059801B4019800996F467760DDF718FFAE
:1097C00002B001B40198009A7B216F467760DDF703
:1097D0005FFD02B0029801B47A2116F07BFD01B062
:1097E00001B4049801B4019800996F467760DDF7E1
:1097F000FFFE02B0024600987A216F467760DDF7DF
:1098000047FD029801B4942116F064FD01B00246B0
:10981000009894216F467760DDF73AFD029801B415
:109820008F21490016F056FD01B06F467760DEF7D4
:1098300057F9002811D0039801B4039801B48F217F
:10984000490016F047FD01B001B4019800996F4638
:109850007760DDF7CDFE02B000E0039801B4019817
:109860008F21490004BC6F467760DDF711FD01BC14
:1098700000BD000000B5002001B401B401B46F4682
:109880007760DDF7D5FB0090049801B416F006FD73
:109890006F467760DDF7D6FB01B017F070FE0190E0
:1098A000012002900298019917F075FE24D00098CB
:1098B00001B4069801B4069801B4059801B4019862
:1098C000009916F094FA02B001B406BC04B40498EE
:1098D00001B402B4029816F017FF03B001B416F0F9
:1098E0007DFD6F467760DDF7B3FB02B00298032180
:1098F00017F0B8FD0290D5E7009803B000BD000056
:1099000000B5F8F7D3FC17486F467760DFF70CFA1D
:1099100001B4039801B4039801B4029801B400F0B3
:1099200003F803B001BC00BD7746009816F058FF5D
:10993000BE4600B501980299816001980399C16003
:10994000019801B4039801B4F5F720FE01B001B409
:1099500001980099416002B0002000BDF496020019
:10996000389702004C3C040000B5002001B401B45B
:1099700001200090039801B416F008FD6F4677604F
:10998000DDF782F901B017F0FAFD032117F07AFD37
:109990000190009801B4029801B4019800996F46B3
:1099A0007760DEF709F902B001B46F467760DEF741
:1099B00061F8002802D1009801B011E000980098E9
:1099C00001B0039801B4019801B416F0CBFD6F46C5
:1099D0007760DDF7D3FA02B001B400F09FF801B070
:1099E0006F467760DEF77CF8002805D000980321E9
:1099F00017F038FD0090CCE7019801B4019801B44C
:109A0000019800996F467760DEF70AF902B001B459
:109A10006F467760DEF72EF8002802D1009801B07B
:109A200011E00098009801B0039801B4029801B4C5
:109A300016F098FD6F467760DDF7A0FA02B001B42A
:109A400000F06CF801B06F467760DEF749F8002847
:109A500005D00198032117F015FD0190CCE703987C
:109A600001B4019801B40398032117F0FBFC01B481
:109A70000EBC02B404B408B400F004F803B002B0A1
:109A800000BD000000B5002001B4029801B416F03A
:109A90007DFC6F467760DDF7F7F801B017F06FFDDA
:109AA00000900398012117F076FD0BD000980399E0
:109AB00017F0D8FC0346012001B408B4F5F71EFBEB
:109AC00002B003900498002117F0C9FD02D000985D
:109AD000049006E00498062117F0C1FD01D0012092
:109AE00004900498012117F056FD04D000980499C1
:109AF00017F0B8FC0490029801B4049801B40698D9
:109B0000059917F0BFFC01B417F0B0F96F46776004
:109B1000DDF7BEF803B001B000BD000000B501984C
:109B200001B4014613206F467760DDF76BFF002814
:109B300001D001B061E0172000996F467760DDF732
:109B400061FF002801D001B057E0192000996F464D
:109B50007760DDF757FF002801D001B04DE04120CC
:109B600000996F467760DDF74DFF002801D001B006
:109B700043E001200002413000996F467760DDF735
:109B800041FF002801D001B037E0864800996F46B8
:109B90007760DDF737FF002801D001B02DE01520F8
:109BA00000996F467760DDF72DFF002801D001B0E6
:109BB00023E01B2000996F467760DDF723FF002824
:109BC00001D001B019E040200002513000996F46E9
:109BD0007760DDF717FF002801D001B00DE04020CD
:109BE0000002533000996F467760DDF70BFF0028C5
:109BF00001D001B001E001BC01E0422002E00A20F6
:109C000000E0002000BD000000B55720800037684C
:109C100038586F467760DDF763FF6F467760DDF792
:109C2000CFF86F467760DDF7EDF96F467760DDF7C7
:109C300057FF002807D06F467760DDF7F9F9572105
:109C40008900376878506F467760DDF79BFA01B47A
:109C5000F721029A6F467760DDF71AFB0098B8216A
:109C6000039A6F467760DDF713FB57208000376853
:109C7000385801B4019801B416F0B0FB6F46776014
:109C8000DDF7E6F903B0002000BD000000B50B20B1
:109C9000400137683858002117F0E1FC04D0032058
:109CA0000B214901376878500B204001376838583C
:109CB00001B4032117F0D6FB0B2149013768785016
:109CC00001BC00BD00B5002001B400F009F801B0EE
:109CD000592080003768385816F05EFB406800BD98
:109CE00000B559208000376838586F467760DDF737
:109CF000F7FE6F467760DDF763F86F467760DDF754
:109D000081F901B46F467760DDF7B4FE002802D018
:109D1000009801B003E00098009801B001986F46E8
:109D20007760DDF7DDFE002818D01F486F467760AA
:109D3000DEF7FAFF01B403F025FB0346592080004B
:109D40003768385801B408B4029801B403F032FC03
:109D500003B001BC59218900376878505920800030
:109D60003768385801B400F00CF801B0002000BD8D
:109D7000012C0BDA00B516F02DFB00F007F801B04E
:109D800000BD7746009816F007FBBE4600B5019867
:109D900000696F467760DDF7A3FE002806D0BAE0C1
:109DA00004E00000FFFD0100CC41040003F0DAFAFA
:109DB000019801B46F467760DDF73AF901B4019874
:109DC0000099016102B00198012141610120C5495A
:109DD0006F467760DEF77AFF01B40021029A6F4682
:109DE0007760DDF7A7F902984068034600981120D4
:109DF00001B408B402F0C9FD03B0019840680346FD
:109E0000B94801B41B2001B408B402F0BEFD03B090
:109E10000120B6496F467760DEF758FF01B4002194
:109E2000029A6F467760DDF785F90298406803462D
:109E300000981F2001B408B402F0A7FD03B0012070
:109E4000AB496F467760DEF741FF01B40021029A0B
:109E50006F467760DDF76EF9029840680346009818
:109E60006F2001B408B402F090FD03B00120A149B5
:109E70006F467760DEF72AFF01B40021029A6F4631
:109E80007760DDF757F90298406803460098B520DF
:109E900001B408B402F079FD03B0012096496F4681
:109EA0007760DEF713FF01B40021029A6F467760F6
:109EB000DDF740F90298406803460098012000024F
:109EC0002D3001B408B402F060FD03B00198406881
:109ED00003468A4801B401200002913001B408B45D
:109EE00002F053FD03B000F06DFA00F06BF90120B1
:109EF00083496F467760DEF7E9FE01B40021029ADC
:109F00006F467760DDF716F900983768B86C01B4D2
:109F1000F5F772FF02B0002000BD0000D4B00100D0
:109F200000000000299F020000B5E86801B401B4F8
:109F30000198C06D01B4E868406816F082FDC06900
:109F400001B40198009917F08DFA02B0002701972B
:109F500001B401980099C16503B0E8684068C06920
:109F600001B407210902D1316F467760DDF76CFB40
:109F700001B001B402F08EFB01B0002000BD000072
:109F8000D4B00100000000008D9F020000B5E86819
:109F9000C06901B4E8684068C06901B407210902DA
:109FA000D1316F467760DDF74FFB01B001B406BCDD
:109FB00002B404B4342116F060FD02B0002000BDEC
:109FC000D4B0010000000000CD9F020000B50020C9
:109FD00001B401B401B401B4E8684068C06901B4D7
:109FE00007210902D1316F467760DDF72DFB01B003
:109FF0000090E868006A01B401F06BFB01B000203A
:10A000000190E8680069029001200390039801B470
:10A0100003986F467760DDF715F817F0B0FA01B4D2
:10A02000019800996F467760DDF7B2FD02B0002815
:10A0300021D0029801B4049817F097FA01B401985E
:10A0400000996F467760DDF70DF802B00190019836
:10A0500001B4E868006A01B406BC009801B402B417
:10A0600004B4042116F026FC03B00398032117F072
:10A07000F9F90390CAE700200290002004B000BD67
:10A08000D4B00100000000008DA0020000B5E86817
:10A0900001B400F0BFFD01B0002000BDD4B001004C
:10A0A00000000000A9A0020000B52D20C000376804
:10A0B000385801B46F467760DDF7DCFC002802D128
:10A0C000009801B006E00098009801B05B20800085
:10A0D000376838586F467760DDF702FD002811D1E8
:10A0E0003FE000001C9F02004CBD0200809F020068
:10A0F000C09F020080A002009CA00200442F030029
:10A1000090A102005B2080003768385801B4172006
:10A1100000013768385801B4E868006901B416F0E6
:10A12000BDF86F467760DCF78DFF01B017F027FAB6
:10A1300001B416F050FABD486F467760DCF7DAFCE0
:10A1400001B001B416F03BFA6F467760DCF7D2FC41
:10A1500002B001B406BC04B402B4019816F09CFE2F
:10A1600002B05D208000376838586F467760DDF7B1
:10A17000B7FC002806D0E868C06901B4302116F0A9
:10A180007CFC01B000F02EFA00F05AF9002000BD6E
:10A19000D4B00100000000009DA10200012C06DAED
:10A1A00000B516F017F900F002F801B000BD00B5D7
:10A1B000019801B4E86801B4019816F06DFE02B090
:10A1C000002000BD00B5002001B4032000900098DD
:10A1D000092117F008FA0AD0009801B400F00AF833
:10A1E00001B00098032117F03DF90090EFE700203F
:10A1F00001B000BD00B501208D496F467760DEF7E4
:10A2000065FD01B40021029A6F467760DCF792FF8A
:10A21000212001B4019801B4049801B4192000026E
:10A22000533001B4F8F7AAFE05B0012081496F460A
:10A230007760DEF74BFD01B40021029A6F4677602C
:10A24000DCF778FF212001B4019801B4049801B42F
:10A2500019200002553001B4F8F790FE05B0002037
:10A2600000BD0000D4B001000000000071A2020097
:10A2700000B5422001B4E86801B400F013F802B060
:10A28000002000BDD4B001000000000091A2020037
:10A2900000B50A2001B4E86801B400F003F802B088
:10A2A000002000BD00B5002001B4029801B40146B1
:10A2B00003206F467760DDF7A5FB002801D001B0D1
:10A2C0001FE0052000996F467760DDF79BFB0028B3
:10A2D00001D001B01BE0072000996F467760DDF7E1
:10A2E00091FB002801D001B017E0092000996F46CA
:10A2F0007760DDF787FB002801D001B013E001BCD7
:10A3000016E02F20C00037683858009010E05F201A
:10A3100080003768385800900AE00320C001376891
:10A320003858009004E06120800037683858009069
:10A3300000986F467760DDF7D3FB002806D00398BE
:10A3400001B4019801B400F00EF802B0002001B091
:10A3500000BD0000022C0BDA00B516F0FAF800F090
:10A3600007F802B000BD7746009816F0F8FCBE462C
:10A3700000B5029801B40298406901B401980099AF
:10A3800017F081F902B01AD0019802994161019841
:10A3900040696F467760DDF7A3FB002801D00320FA
:10A3A00000E0052001B40298006901B4019801B4ED
:10A3B00016F000F86F467760DFF7E4F903B000208D
:10A3C00000BD000000B56F467760E0F7B7F91A49A5
:10A3D00017F045F90CD0FFF775FC0346174801B498
:10A3E00001200002A53001B408B402F0CEFA03B097
:10A3F000002000BDD4B001000000000001A4020054
:10A4000000B56F467760E0F799F90B4917F027F927
:10A410000AD084203768385801B415F052FF6F46CF
:10A420007760E0F783F901B0002000BDDC8C040008
:10A4300064A2020084A20200308E0400F4A3020091
:10A4400000B5002001B401B400F07CF83120C00058
:10A450003768385801B46F467760DDF70BFB00288A
:10A4600002D0009801B003E00098009801B00120EC
:10A470000090632080003768385801B46F467760D9
:10A48000DDF7F8FA002802D0009801B003E0009848
:10A49000009801B001200190019801B401216F469C
:10A4A0007760DDF7BDFB01B001B46F467760DDF783
:10A4B000E1FA002802D1009801B015E00098009858
:10A4C00001B06F467760DBF7B9FD17F058F80099D7
:10A4D00016F0D8FF01B4029801B4019800996F46B4
:10A4E0007760DDF79DFB02B001B46F467760DDF762
:10A4F000C1FA002802D1009801B016E00098009837
:10A5000001B06F467760DFF739FF6F467760DCF7A1
:10A5100079FD6F467760DDF7E3FA6F467760DCF729
:10A520004FFC6F467760DCF76DFD6F467760DDF7B7
:10A53000D7FA002803D06F467760DFF753FE00207C
:10A5400002B000BD00B56320800037683858002194
:10A5500017F0ADF800D043E0D420012149426F4606
:10A560007760DCF79BFD17F00AF801B407210902B8
:10A57000D1316F467760DDF73BF801B06321890088
:10A5800037687850632080003768385801B401215B
:10A590006F467760DDF744FB01B001B46F4677602A
:10A5A000DDF768FA002802D1009801B00DE00098AC
:10A5B000009801B0632080003768385801B4B3496F
:10A5C0006F467760DDF70AFB01B06F467760DDF715
:10A5D00087FA002804D0AD48632189003768785095
:10A5E000002000BD00B5002001B401B401B401B4E5
:10A5F00001B401B401B401B401B4192000013768F9
:10A6000038586F467760DDF76BFA6F467760DCF796
:10A61000D7FB6F467760DCF7F5FC01B46F467760D7
:10A62000DDF728FA002802D0009801B004E0009875
:10A63000009801B000F0B0FA6F467760DDF750FA8D
:10A64000002800D064E13768B86F01B47A2115F0B2
:10A6500041FE01B0052116F005FF00902D20C0003D
:10A66000376838586F467760DDF73AFA002801D02E
:10A67000009800E0012001B4052002BC16F0F2FEB3
:10A68000019001200290029801B41920000137685E
:10A69000385801B415F002FE6F467760DCF7D2FC43
:10A6A00001B016F06CFF01B40198009916F073FF29
:10A6B00002B000D12CE1192000013768385801B4EC
:10A6C000039801B40198009915F091FB02B001B410
:10A6D00015F05CFE6E4900226F467760DCF708FBE0
:10A6E00001B016F04CFF012116F091FF00D1D1E02E
:10A6F000192000013768385801B4039801B4019853
:10A70000009915F074FB02B00346002001B46048C4
:10A7100001B408B400F000F903B0039001200490E4
:10A72000002005900398069001200790079801B437
:10A7300007986F467760DCF785FC16F020FF01B4C0
:10A74000019800996F467760DDF722FA02B0002881
:10A7500000D198E0069801B4089816F006FF01B4FD
:10A76000019800996F467760DCF77CFC02B0059099
:10A77000652080003768385801B4059801B40798FF
:10A7800001B415F003FE6F467760DCF77DFA01B087
:10A7900016F0F5FE01B40198009916F063FE02B0C0
:10A7A00001B4652080003768385801B401980099D9
:10A7B0006F467760DCF75EFF02B001B40198009944
:10A7C00016F060FE02B0089084203768385801B453
:10A7D000069801B4069801B43768B86F01B47B21BC
:10A7E00015F078FD01B001B4019800996F467760CB
:10A7F000DCF7FEFE02B00146092016F033FE01B47C
:10A80000049801B4069801B4059801B40198009920
:10A810006F467760DCF7ECFE02B001B40198009956
:10A8200016F020FE02B001B41EBC002001B437684F
:10A83000B86F01B43320C0003768385801B402B48F
:10A8400004B408B410B4FEF7A5FA07B0049801B434
:10A85000069801B415F09AFD6F467760DCF714FA9C
:10A8600001B016F08CFE099916F0FCFD01B40198B8
:10A87000009916F0F7FD02B004900798032116F036
:10A88000F1FD079052E7002006903BE0C127090048
:10A89000288E040084203768385801B4192000013C
:10A8A0003768385801B4049801B40198009915F03C
:10A8B0009EFA02B001B4039801B4059801B404985B
:10A8C00001B4019800996F467760DCF791FE02B001
:10A8D00001B40198009916F0C5FD02B001B40EBC98
:10A8E000002001B43768B86F01B43320C000376866
:10A8F000385801B402B4092001B404B408B4FEF716
:10A9000049FA07B00298032116F0ACFD0290BAE6AE
:10A91000002009B000BD000000B5002001B401B462
:10A9200001B401B401B401B401B401B401B46F467F
:10A930007760DCF77DFB0090012001900C980021EE
:10A9400016F08DFE05D0BC48032116F09BFD01904A
:10A950000CE00C98012116F01EFE02D0012001909F
:10A9600004E00C98012116F0AAFD01900A9801B4A8
:10A9700015F00CFD6F467760DCF786F901B016F034
:10A98000FEFD0290012003900B9804900198012194
:10A9900016F051FE01D000989BE00B98002116F0B4
:10A9A0005EFE0BD0009801B40B9801B40198009A98
:10A9B000012115F067FA02B000988AE0029801219F
:10A9C00016F039FE1DD0049801B4012001B40C9892
:10A9D00001B400F081F803B00590059801214942C7
:10A9E00016F0EDFD01D0009873E0009801B40B98CB
:10A9F00001B40198009A012115F044FA02B00098C0
:10AA000067E0039807900798029916F03CFE4AD039
:10AA1000049801B4089801B40C9801B400F05CF8F3
:10AA200003B008900898012116F0B5FD05D00798ED
:10AA3000032116F017FD079034E00898039916F0EB
:10AA4000FAFD05D00798032116F00CFD079029E0C8
:10AA5000079801B4049801B40C9801B4FFF712F8F8
:10AA600003B00690009801B4079801B415F0B6FC45
:10AA70006F467760DCF7ECFA02B0009801B415F08D
:10AA80000DFC6F467760DCF7DDFA01B016F077FD5C
:10AA9000019916F0D0FD01D000981AE008980390B3
:10AAA00003980790AFE7079801B4049801B40C9895
:10AAB00001B4FEF7E7FF03B00690009801B40798D1
:10AAC00001B415F08BFC6F467760DCF7C1FA02B079
:10AAD000009809B000BD000000B5002001B401B429
:10AAE00001B4069801B415F051FC6F467760DCF7AD
:10AAF000CBF801B016F043FD0090049801B415F0B6
:10AB000045FC6F467760DCF7BFF801B016F037FD03
:10AB100001900598009916F0A5FC019916F04FFDDB
:10AB200002D00120404234E00120029002980099B6
:10AB300016F031FD29D0049801B40698039916F057
:10AB400091FC01B415F00EFD6F467760DCF71CFA3E
:10AB500002B001B4079801B4049801B415F002FDE5
:10AB60006F467760DCF710FA02B001B401980099E3
:10AB700016F089FD02B002D00120404209E002989F
:10AB8000032116F06FFC0290D0E70598009916F0AB
:10AB900069FC03B000BD000000B567208000376885
:10ABA00038586F467760DCF79BFF6F467760DCF7BD
:10ABB00007F96F467760DCF725FA6F467760DCF7B8
:10ABC0008FFF6F467760DCF7FBF86F467760DCF746
:10ABD00019FA00BD012C0BDA00B515F0FBFB00F0F3
:10ABE00007F801B000BD7746009815F06BFFBE4630
:10ABF00000B5002000BD0000012C0BDA00B515F0F7
:10AC0000E9FB00F007F801B000BD7746009815F0A9
:10AC1000C3FBBE4600B5002001B401B401B40498E2
:10AC2000406A092116F03EFC6F467760DCF758FF5A
:10AC3000002803D0A2E001E001000040049801B424
:10AC400001B40198406A092116F039FC01B4019859
:10AC50000099416203B00498406A052116F022FC75
:10AC600001B46F467760DCF705FF002802D1009839
:10AC700001B004E00098009801B00498406E6F465F
:10AC80007760DCF72DFF002806D00498406E01B4F1
:10AC9000FFF7BBFF01B005E00498806801B400F045
:10ACA00088FA01B00498406A032116F0FBFB6F4656
:10ACB0007760DCF715FF002816D00498006903467A
:10ACC000BB4801B408B400F0A5F802B0049801B480
:10ACD00001B40198406A0321494216F0E3FB01B434
:10ACE00001980099416203B0002000900498006927
:10ACF000019001200290029801B402986F4677609B
:10AD0000DCF7A0F916F03BFC01B4019800996F46FE
:10AD10007760DCF73DFF02B000281FD0019801B436
:10AD2000039816F022FC01B4019800996F467760F1
:10AD3000DCF798F902B00090009801B40598006A19
:10AD400001B406BC02B404B4012115F0F6FE02B051
:10AD50000298032116F086FB0290CCE700200190B8
:10AD6000049801B401B40198406A0921494216F0DF
:10AD700099FB01B401980099416203B0002003B02F
:10AD800000BD0000D4B001000000000091AD020041
:10AD9000022C06DA00B515F0DCFB00F002F802B078
:10ADA00000BD00B5019801B401210902DF3115F0A1
:10ADB00091FA01B001B4039801B401210902DF3115
:10ADC00015F088FA01B001B40198009916F05AFB09
:10ADD00002B001B46F467760DCF74CFE002802D069
:10ADE000009801B015E00098009801B0019801B4F6
:10ADF000E02115F06FFA01B001B4039801B4E0212D
:10AE000015F068FA01B001B40198009916F03AFB08
:10AE100002B000BD00B502986F467760DCF760FEB7
:10AE20006F467760DBF7CCFF6F467760DCF7EAF8B8
:10AE300001B46F467760DCF71DFE002802D1009850
:10AE400001B014E00098009801B0019801B415F029
:10AE500025FA6F467760DCF7F5F801B016F08FFB46
:10AE600001B403216F467760DCF7DAFE01B06F466C
:10AE70007760DCF735FE002801D04E48029002983A
:10AE800001B4029801B400F0C3F802B000BD0000A4
:10AE9000D4B00100000000009DAE0200022C06DAD2
:10AEA00000B515F056FB00F002F802B000BD00B589
:10AEB000002001B401B401B401B4059801B400212B
:10AEC0006F467760DCF7FAFC01B00090069801B499
:10AED00000216F467760DCF7F1FC01B0019000982B
:10AEE00001B46F467760DCF7C5FD002802D10098F9
:10AEF00001B003E00098009801B001986F467760B8
:10AF0000DCF7EEFD002802D001207FE013E000987E
:10AF10006F467760DCF7E4FD002802D0032075E07F
:10AF200009E001986F467760DCF7DAFD002802D06F
:10AF3000012040426AE0059801B406216F4677601F
:10AF4000DCF7BCFC01B00290069801B406216F4604
:10AF50007760DCF7B3FC01B00390029801B46F4650
:10AF60007760DCF787FD002802D1009801B003E08C
:10AF70000098009801B003986F467760DCF7B0FD49
:10AF8000002802D0012041E019E002986F46776066
:10AF9000DCF7A6FD002802D0032037E00FE003987D
:10AFA0006F467760DCF79CFD002805D107E00000C4
:10AFB00084AD020090AE02000120404226E00598D8
:10AFC00001B46F467760DBF755FD01B415F0F0FA78
:10AFD0006F467760DBF78EFD02B001B4079801B4CD
:10AFE0006F467760DBF746FD01B415F0E1FA6F4676
:10AFF0007760DBF77FFD02B001B415F0E0FA6F4631
:10B000007760DBF711FE02B016F0B9FA04B000BDAC
:10B0100000B5002001B401B401B4049801B415F0E6
:10B020003DF96F467760DCF70DF801B016F0A7FA2E
:10B0300001B401216F467760DCF7BEFD01B001B4B9
:10B040006F467760DCF716FD002802D0009801B04B
:10B050000FE00098009801B005986F467760DCF724
:10B060003FFD6F467760DBF7ABFE6F467760DBF73F
:10B07000C9FF6F467760DCF733FD002801D00498E4
:10B080005CE0049801B415F009F96F467760DBF7CE
:10B09000D9FF01B016F073FA0090012001900198D9
:10B0A00001B40198032116F0EDF901B4019800995B
:10B0B00016F071FA02B040D00198032116F0D2F9CF
:10B0C00002900298009916F066FA30D0059801B403
:10B0D000059801B4039801B40198009914F087FE13
:10B0E00002B001B4069801B4059801B40198009922
:10B0F00014F07DFE02B001B40EBC08B402B404B476
:10B10000029815F001FB03B0012116F058FA08D09F
:10B11000029801B4029801B4069801B400F010F846
:10B1200003B00298032116F09DF90290C9E7019837
:10B13000032116F097F90190B1E7049803B000BD20
:10B1400000B5002001B4029801B4049801B401983C
:10B15000009914F04CFE02B00090029801B40498DB
:10B1600001B4049801B4079801B40198009914F04F
:10B170003EFE02B001B402980199009A14F082FEDA
:10B1800003B0029801B4059801B4029801B4029882
:10B190000199009A14F076FE03B0002001B000BDC2
:10B1A000012C0BDA00B515F015F900F007F801B025
:10B1B00000BD7746009815F09EFDBE4600B5842080
:10B1C0003768385801B40298406801B415F0F1FDB1
:10B1D0006F467760E0F798FC02B0019880686F4690
:10B1E0007760DCF77DFC00280FD084203768385862
:10B1F00001B40298806801B415F070FE00220023AB
:10B200006F467760E2F718FD02B0019800696F465B
:10B210007760DCF765FC002814D00120CA496F462E
:10B220007760DDF753FD01B40021029A6F46776025
:10B23000DBF780FF029800690346009808B4F4F732
:10B24000DBFD02B0002000BDD4B001000000000012
:10B2500055B20200012C06DA00B515F0BBF800F07B
:10B2600002F801B000BD00B5002001B401B4E868E7
:10B27000C06815F03DFEC06801B4049815F046FEA4
:10B2800040680146032016F0EDF801B401980099DA
:10B290006F467760DCF7D8F902B001B46F4677608B
:10B2A000DCF7BCFA01B00090E868C06815F020FE39
:10B2B000006901B4049815F029FE40680146032096
:10B2C00016F0D0F801B4019800996F467760DCF76A
:10B2D000BBF902B001B46F467760DCF79FFA01B0AA
:10B2E0000190019801B4019801B4059801B400F0EF
:10B2F0000EF803B0002002B000BD0000032C0BDAF2
:10B3000000B515F035FA00F007F803B000BD774638
:10B31000009815F0FBFDBE4600B5002001B401B455
:10B3200001B401B401B401B401B401B401B401B475
:10B3300001B401B401B484203768385801B414F062
:10B34000C0FF6F467760E0F7D5F901B016F017F946
:10B35000009084203768385801B414F0B2FF6F466B
:10B360007760E0F7CBF901B016F009F901900E987B
:10B37000806801B414F0A5FF6F467760E0F7BAF972
:10B3800001B016F0FCF802900E98806801B414F039
:10B3900098FF6F467760E0F7B1F901B016F0EFF86B
:10B3A000039002986F467760DCF79AFB6F467760F0
:10B3B000DBF706FD6F467760DBF724FE01B46F46CE
:10B3C0007760DCF757FB002802D0009801B00FE04F
:10B3D0000098009801B003986F467760DCF780FB17
:10B3E0006F467760DBF7ECFC6F467760DBF70AFEB1
:10B3F0006F467760DCF774FB002800D05CE1012029
:10B400000F9916F03FF804900120109916F03AF8C1
:10B4100005900E98406901B4014605206F4677609B
:10B42000DCF7F0FA002801D001B00BE00B20009906
:10B430006F467760DCF7E6FA002801D001B00FE034
:10B4400001BC1FE0049801B40198039916F00AF8B2
:10B4500001B40198009916F015F802B0049011E0BB
:10B46000049801B40198039915F0FCFF01B403217D
:10B4700016F06AF801B001B40198009916F002F8CC
:10B4800002B004900E98806901B4014609206F460D
:10B490007760DCF7B7FA002801D001B00BE00B2091
:10B4A00000996F467760DCF7ADFA002801D001B053
:10B4B0000FE001BC1FE0059801B40298049915F053
:10B4C000D1FF01B40198009915F0DCFF02B005909E
:10B4D00011E0059801B40298049915F0C3FF01B476
:10B4E000032116F031F801B001B40198009915F06C
:10B4F000C9FF02B00590049801B4019801B4019805
:10B5000000996F467760DCF7B5F802B004900498B4
:10B51000012116F040F804D00498009915F0A2FF1C
:10B520000490059801B4029801B4019800996F46FF
:10B530007760DCF79FF802B005900598012116F0BE
:10B540002AF803D107E0000048B2020005980199EB
:10B5500015F088FF0590049801B46F467760DCF71A
:10B560003FF901B00490059801B46F467760DCF7AD
:10B5700037F901B005900120069001200790069848
:10B58000019916F008F800D196E0069801B40498E5
:10B5900001B4019800996F467760DCF76BF802B050
:10B5A00007900398079915F06DFF01B4029806996A
:10B5B00015F068FF01B406BC02B404B4F3F718FC3C
:10B5C00002B008900120099004980A900998009907
:10B5D00015F0E1FF4FD0099801B4039801B4019828
:10B5E00000996F467760DCF745F802B00B9002983F
:10B5F0000B9915F047FF01B401980B9915F042FF24
:10B6000001B406BC02B404B4F3F7F2FB02B00C9030
:10B6100084203768385801B40F98806801B40C98BA
:10B6200001B4089801B415F074FB6F467760E2F737
:10B6300021FB04B00A980C9915F014FF01B401988D
:10B6400001B4019800996F467760DCF713F802B0F7
:10B650000A900E98C0686F467760DCF741FA0028C0
:10B6600001D00C9800E0009801B40A9802BC15F0D3
:10B67000F9FE0990AAE70598089915F0F3FE01B4C0
:10B68000029801B4019800996F467760DBF7F2FFEA
:10B6900002B005900E9800696F467760DCF720FADB
:10B6A000002801D0089800E0019801B4079802BC76
:10B6B00015F0D8FE069062E700200DB000BD000036
:10B6C000012C0BDA00B514F085FE00F007F801B08C
:10B6D00000BD7746009815F00BFCBE4600B5002073
:10B6E00001B401B401B401B401B401B407984069D4
:10B6F0006F467760DCF7F4F9002869D0079801B449
:10B700000898406901B4FAF79AFE01B001B40198B3
:10B710000099816102B0079801B40898406901B4AA
:10B72000FAF7CFFE01B001B401980099C16102B0EF
:10B73000079801B40898406901B4FAF780FE01B097
:10B7400001B484203768385801B414F0BAFD6F464C
:10B750007760DFF7CFFF01B015F011FF01B40321CF
:10B7600015F0F2FE01B001B40198009915F08AFEBF
:10B7700002B001B406BC02B404B400F002FA02B094
:10B78000079801B40898406901B4FAF79AFE01B02D
:10B7900001B484203768385801B414F092FD6F4624
:10B7A0007760DFF7ABFF01B015F0E9FE01B40321CC
:10B7B00015F0CAFE01B001B40198009915F062FEBF
:10B7C00002B001B406BC02B404B400F0B9F802B08F
:10B7D000079801B40898406801B401980099C160C5
:10B7E00002B0079801B40898806801B401980099E4
:10B7F000016102B00798006A002115F058FF00D1DE
:10B800008CE06F467760DAF719FC15F0B8FE01B4EA
:10B810000898006A01B40198009915F033FE02B04F
:10B820000090009801B40898406A01B4019800990A
:10B8300015F0EDFE02B003D00798002101626DE023
:10B84000009801B40898406A01B4019800996F46C5
:10B850007760DBF7F9FE02B00190032002900198B7
:10B86000C44915F0D4FE0AD00320019915F00AFE50
:10B8700001B4012001B4F3F741FC02B00290079833
:10B88000806A01B4039801B4019800996F4677600B
:10B89000DBF7AEFE02B003906F467760DBF7B8FBD4
:10B8A00001B4049801B4019800996F467760DBF702
:10B8B0009FFE02B001B4012115F046FE01B00490D4
:10B8C0006F467760DBF7A4FB01B4049801B40198DC
:10B8D00000996F467760DBF78BFE02B001B401215F
:10B8E00015F032FE01B00590079801B401B401983B
:10B8F000C068069915F0B6FD01B401980099C160C1
:10B9000003B0079801B401B401980069079915F0D4
:10B91000A9FD01B401980099016103B0002006B0AF
:10B9200000BD0000022C0BDA00B514F012FE00F08E
:10B9300007F802B000BD7746009815F0D9FABE4668
:10B9400000B5002001B407F0BBF90090009814F096
:10B9500023FDC06801B46F467760DCF78BF80028E0
:10B9600002D1009801B00AE00098009801B0009858
:10B9700014F012FDC06801B400F0BFF801B06F46CA
:10B980007760DCF7ADF8002818D0029801B4019870
:10B9900014F002FDC0680346049801B408B400F036
:10B9A00028F802B001B46F467760DBF719FF01B0E9
:10B9B00001B401980099816002B00DE0029801B4D1
:10B9C000049801B46F467760DBF70AFF01B001B459
:10B9D00001980099816002B0002001B000BD000014
:10B9E000022C0BDA00B514F0B4FD00F007F802B039
:10B9F00000BD7746009815F097FABE4600B501984D
:10BA000001B400F035F801B001B48420376838582B
:10BA100001B414F056FC6F467760DFF76FFE01B09B
:10BA200015F0ADFD01B40198009915F02BFD02B0A1
:10BA30000346012001B408B4F3F760FB02B00346EB
:10BA4000029801B408B4012001B4FAF7DBFA03B09C
:10BA500000BD0000012C0BDA00B514F0BBFC00F0B7
:10BA600007F801B000BD7746009815F05DFABE46B4
:10BA700000B50198C0686F467760DCF731F80028A0
:10BA80000CD00198C068C06901B40298406801B444
:10BA90000198009915F02EFD02B000E0012000BDD4
:10BAA000012C0BDA00B514F095FC00F007F801B09A
:10BAB00000BD7746009815F037FABE4600B50198EC
:10BAC000406800BD012C0BDA00B514F083FC00F0D7
:10BAD00007F801B000BD7746009815F033FABE466E
:10BAE00000B50198C06900BD012C0BDA00B514F057
:10BAF00071FC00F007F801B000BD7746009815F022
:10BB000013FABE4600B50198C0686F467760DBF750
:10BB1000E7FF6F467760DBF753F96F467760DBF737
:10BB200071FA6F467760DBF7DBFF6F467760DBF714
:10BB300047F96F467760DBF765FA00BD012C0BDA39
:10BB400000B514F047FC00F007F801B000BD7746DF
:10BB5000009815F0CDF9BE4600B50198806800BD8B
:10BB6000022C0EDA00B514F0F4FC00F00AF802B072
:10BB700000BD0000449204007746009815F0B8F923
:10BB8000BE4600B5002001B407F09AF80090009876
:10BB900014F002FCC06801B46F467760DBF76AFFFF
:10BBA000002802D1009801B00AE00098009801B086
:10BBB000009814F0F1FBC06801B4FFF79EFF01B0DC
:10BBC0006F467760DBF78CFF002818D0029801B42D
:10BBD000019814F0E1FBC0680346049801B408B46E
:10BBE00000F027F802B001B46F467760DBF7F8FD8C
:10BBF00001B001B401980099416002B00DE00298D3
:10BC000001B4049801B46F467760DBF7E9FD01B039
:10BC100001B401980099416002B0002001B000BD5C
:10BC2000022C0BDA00B514F094FC00F007F802B017
:10BC300000BD7746009815F077F9BE4600B501982B
:10BC400001B400F035F801B001B4842037683858E9
:10BC500001B414F036FB6F467760DFF74BFD01B09F
:10BC600015F08DFC01B40198009915F00BFC02B0A1
:10BC70000346012001B408B4F3F740FA02B00346CA
:10BC8000029801B408B4012001B4FAF7BBF903B07B
:10BC900000BD0000012C0BDA00B514F09BFB00F096
:10BCA00007F801B000BD7746009815F03DF9BE4693
:10BCB00000B50198C0686F467760DBF711FF002878
:10BCC0000CD00198C068806901B40298406801B442
:10BCD0000198009915F00EFC02B000E0012000BDB3
:10BCE000012C0BDA00B514F075FB00F007F801B079
:10BCF00000BD7746009815F025F9BE4600B50198BD
:10BD0000806900BD012C0BDA00B514F063FB00F074
:10BD100007F801B000BD7746009815F0E9F8BE4677
:10BD200000B50198406800BD022C0BDA00B514F094
:10BD300010FC00F007F802B000BD7746009814F040
:10BD4000C1FEBE4600B5002000BD0000D4B0010019
:10BD50000000000059BD020000B500F049FC034698
:10BD6000CF4801B408B4F4F747F802B0002000BD92
:10BD7000D4B00100000000007DBD0200012C06DAF5
:10BD800000B514F027FB00F002F801B000BD00B5CB
:10BD9000019801B400F00DF801B0002000BD0000D2
:10BDA000012C0BDA00B514F015FB00F007F801B018
:10BDB00000BD7746009814F0D2FFBE4600B50020C3
:10BDC00001B401B401B401B401B401B401B40898E0
:10BDD00001B4FCF781FA01B06F467760DBF780FEB3
:10BDE0006F467760DAF7ECFF6F467760DBF70AF9AA
:10BDF0006F467760DBF774FE002800D0F0E16F46F5
:10BE00007760DBF78DF9009000980A216F46776024
:10BE1000DBF784F96F467760DBF782F901900198D0
:10BE200001216F467760DBF779F96F467760DBF7C2
:10BE300077F90290029801216F467760DBF76EF97F
:10BE40000898C0686F467760DBF74AFE002850D03C
:10BE5000019801B4099801B400F084FB01B001B469
:10BE600000F093FB01B001B40A9801B400F062FB4A
:10BE700001B001B400F089FB01B001B40198009950
:10BE800015F000FB02B001B4032115F05DFB01B019
:10BE900001B4019800996F467760DBF73FF902B073
:10BEA000029801B4099801B400F02CFB01B001B470
:10BEB00000F06BFB01B001B40A9801B400F0ECFA99
:10BEC00001B001B400F061FB01B001B40198009928
:10BED00015F0D8FA02B001B4032115F035FB01B01A
:10BEE00001B4019800996F467760DBF717F902B04B
:10BEF00079E0089801B400F035FB01B001B42421C9
:10BF000014F0F0FD01B06F467760DBF7E9FD002823
:10BF100003D002200002013000E0012001B40998A2
:10BF200001B400F007FB01B001B4242114F0DAFDE4
:10BF300001B06F467760DBF7D3FD002803D0022005
:10BF40000002013000E0012001B4039801B402981E
:10BF5000019915F097FA00270197029701B401980B
:10BF600000996F467760DBF7D9F804B0089801B400
:10BF700000F0C8FA01B001B4242114F0B3FD01B0FF
:10BF80006F467760DBF7ACFD002803D0022000028B
:10BF9000013000E0012001B4099801B400F07CFAFE
:10BFA00001B001B4242114F09DFD01B06F4677600B
:10BFB000DBF796FD002803D002200002013000E0EC
:10BFC000012001B4049801B40298019915F05AFABD
:10BFD00000270197029701B4019800996F46776096
:10BFE000DBF79CF804B06F467760DBF799F80390B5
:10BFF000039801B402986F467760DBF78DF801B4BF
:10C00000019800996F467760DBF788F802B06F46B9
:10C010007760DBF785F80490049801B403986F46C5
:10C020007760DBF779F801B4019800996F46776083
:10C03000DBF774F802B001986F467760DBF76CF8B5
:10C0400001B402986F467760DBF766F801B4019897
:10C0500000996F467760DBF7CBFA02B001B4039822
:10C060006F467760DBF758F801B404986F46776045
:10C07000DBF752F801B4019800996F467760DBF75F
:10C08000B7FA02B001B40198009915F0EBF902B0CB
:10C0900005900598034915F092FA05D14CE000008F
:10C0A00070BD020001000200059801B40099C24869
:10C0B0006F467760DBF7C8FA01B001B46F4677606E
:10C0C000DDF72EF901B00690039801B4079801B48A
:10C0D00003986F467760DBF71FF801B40198009969
:10C0E0006F467760DBF784FA02B0012115F0E7F9BB
:10C0F00001B4019800996F467760DBF70FF802B042
:10C10000049801B4079801B404986F467760DBF790
:10C1100003F801B4019800996F467760DBF768FA7D
:10C1200002B0012115F0CBF901B4019800996F46D6
:10C130007760DAF7F3FF02B00520A0496F46776019
:10C14000DCF7C4FD01B40021019A6F467760DAF78D
:10C15000F1FF00980121029A6F467760DAF7EAFF53
:10C1600000980221039A6F467760DAF7E3FF0098A0
:10C170000321049A6F467760DAF7DCFF0098042108
:10C18000059A6F467760DAF7D5FF099801B4FCF796
:10C19000A3F801B00346009808B4F3F72DFE02B0EF
:10C1A00000986F467760DAF7B7FF6F467760DBF786
:10C1B00097FC002814D0089801B4099801B4FCF742
:10C1C0008BF801B003467E4801B408B4F6F7A0FB33
:10C1D00002B001B406BC02B404B4FCF75BF802B0D0
:10C1E000002007B000BD0000D4B001000000000036
:10C1F000F5C10200012C06DA00B514F0EBF800F0EE
:10C2000002F801B000BD00B5002001B401B401B4D2
:10C21000049801B401B401210902653114F05AF8FF
:10C2200001B00190009801B4E521490014F052F8E2
:10C2300001B00290009801210902CB3114F04AF8B4
:10C2400001B00290009814F038F9406F052115F004
:10C2500029F96F467760DBF743FC002806D0E868D1
:10C2600042216F467760DAF759FFCBE0049814F06B
:10C2700084FD40686F467760DBF732FC002817D0FA
:10C2800001986F467760DBF72BFC002804D00098FC
:10C29000012114F012F9416102986F467760DBF7D3
:10C2A0001FFC002804D00098012114F006F98161D8
:10C2B00028696F467760DAF72FFF01B46F46776021
:10C2C000DBF7D8FB002802D0009801B007E0009807
:10C2D000009801B068696F467760DAF71DFF6F4616
:10C2E0007760DBF7FDFB002800D186E0019801B400
:10C2F0006F467760DBF7BEFB002802D1009801B0E3
:10C3000003E00098009801B002986F467760DBF771
:10C31000E7FB00282AD0009801B4A8696F4677602F
:10C32000DAF7FAFE0346029801B408B400F096F872
:10C3300002B001B40198009914F0BFF8416102B055
:10C34000009801B4E8696F467760DAF7E5FE0346C6
:10C35000039801B408B400F081F802B001B4019868
:10C36000009914F0AAF8816102B040E001986F468C
:10C370007760DBF7B5FB002815D0009801B4286979
:10C380006F467760DAF7C8FE0346029801B408B436
:10C3900000F064F802B001B40198009914F08DF82F
:10C3A000416102B023E002986F467760DBF798FBAB
:10C3B000002807D11BE0000001000200E8C10200D4
:10C3C0000CC40200009801B468696F467760DAF720
:10C3D000A3FE0346039801B408B400F03FF802B08E
:10C3E00001B40198009914F068F8816102B00498D2
:10C3F000422114F0C2FC416004E004980A2114F0C8
:10C40000BCFC4160002003B000BD0000D4B00100BE
:10C410000000000019C40200012C06DA00B513F078
:10C42000D9FF00F002F801B000BD00B5019814F08A
:10C43000A4FC806814F041F8406F052115F032F833
:10C440006F467760DBF74CFB6F467760DAF7B8FC36
:10C450006F467760DAF7D6FD00BD000000B50198A1
:10C4600001B4039801B413F0A5FF6F467760DAF7C3
:10C47000D7FD02B015F083F800BD0000012C0BDAE7
:10C4800000B513F0A7FF00F007F801B000BD774634
:10C49000009814F064FCBE4600B5052001B4029873
:10C4A00001B400F011F802B000BD0000022C0BDA5C
:10C4B00000B514F04EF800F007F802B000BD774662
:10C4C000009814F04CFCBE4600B50198806801B499
:10C4D0000398032114F0D6FF01B40198009913F0DA
:10C4E00086FC02B000BD0000012C0BDA00B513F091
:10C4F00071FF00F007F801B000BD7746009814F016
:10C500002EFCBE4600B5092001B4029801B4FFF725
:10C51000DBFF02B000BD0000012C0BDA00B513F008
:10C5200059FF00F007F801B000BD7746009814F0FD
:10C5300016FCBE4600B5032001B4029801B4FFF713
:10C54000C3FF02B000BD0000012C0BDA00B513F0F0
:10C5500041FF00F007F801B000BD7746009814F0E5
:10C56000FEFBBE4600B5072001B4029801B4FFF7F8
:10C57000ABFF02B000BD0000012C0BDA00B513F0D8
:10C5800029FF00F007F801B000BD7746009814F0CD
:10C59000F7F9BE4600B56F467760DDF7FFF8BF4993
:10C5A00015F049F812D0019801B4242114F044F98F
:10C5B00001B06F467760DBF793FA002803D00420C0
:10C5C0000002013000E0012010E00EE001988068D8
:10C5D00001B413F03AFE012149426F467760DDF75E
:10C5E000C3FF01B014F0CBFF00E0002000BD00004D
:10C5F00000B5FBF739FBAA4801B43768786901B484
:10C60000F6F786F902B000BDD4B0010000000000CA
:10C6100015C60200012C06DA00B513F0DBFE00F0AF
:10C6200002F801B000BD00B501986F467760DBF7F6
:10C6300057FA6F467760DAF7C3FB6F467760DAF731
:10C64000E1FC6F467760DBF74BFA6F467760DAF70D
:10C65000B7FB6F467760DAF7D5FC00BD012C0BDA2B
:10C6600000B513F0B7FE00F007F801B000BD774643
:10C67000009814F0E6F9BE4600B50198C06901B40F
:10C6800007210902D1316F467760DAF7DDFF01B08B
:10C6900000BD000000B5002001B4029801B40721DC
:10C6A0000902D1316F467760DAF7A2FF01B00121AC
:10C6B00014F005FF009001207A496F467760DCF79F
:10C6C00005FB01B40021019A6F467760DAF732FD6D
:10C6D000FFF78EFF0346009808B4F3F78DFB02B016
:10C6E000002001B000BD0000D4B001000000000037
:10C6F000F5C60200012C06DA00B513F06BFE00F05F
:10C7000002F801B000BD00B5E86801B4029801B4B8
:10C7100000F00DF802B0002000BD0000022C0BDA82
:10C7200000B513F016FF00F007F802B000BD774621
:10C73000009814F014FBBE4600B56F467760DAF738
:10C74000EFFC01B401B404996F467760DAF7E6FCB8
:10C7500001B001BC0290029801B403986F46776063
:10C76000DAF7DAFC012114F0AAFE01B4019800996D
:10C770006F467760DAF7D2FC02B001204A496F4673
:10C780007760DCF7A3FA01B40021039A6F46776063
:10C79000DAF7D0FC029880680346009808B4F3F7F3
:10C7A0002BFB02B0002000BDD4B00100000000004F
:10C7B000B5C70200012C06DA00B513F00BFE00F03D
:10C7C00002F801B000BD00B5019801B4E8686F46F9
:10C7D0007760DAF7A1FC01B406BC02B404B400F03F
:10C7E0000CF802B0002000BD022C0BDA00B513F0EB
:10C7F000B0FE00F007F802B000BD7746009814F0D4
:10C80000BFF8BE4600B5002001B401B401B40498DD
:10C8100040696F467760DBF763F96F467760DAF758
:10C82000CFFA6F467760DAF7EDFB6F467760DBF79C
:10C8300057F9002800D065E0049801B401B40198CC
:10C840008069079914F00EFE01B401980099816186
:10C8500003B00498C068002114F001FF04D00D203B
:10C8600040013768385801E00498C0680090049887
:10C870000069002114F0F3FE04D0692080003768BD
:10C88000385801E004980069019004988069009983
:10C8900014F081FE0AD035E008E00000608C04004E
:10C8A00008C60200E8C60200A8C702000498806912
:10C8B000009914F0E7FD019914F0E4FD01B4029829
:10C8C00001B4019800996F467760DAF7BDFE02B0B7
:10C8D00001B46F467760DAF783FF01B002900298E7
:10C8E00001B40598C06901B40198009914F0CBFE19
:10C8F00002B007D0049801B400F016F801B0049813
:10C900000299C161002003B000BD0000012C0BDAC8
:10C9100000B513F05FFD00F007F801B000BD7746E9
:10C92000009814F02DF8BE4600B53520C0003768D9
:10C9300038586F467760DBF7D3F800280DD00198A0
:10C94000806801B414F00CFB0820000206306F462A
:10C950007760DCF717FF01B00CE00198806801B444
:10C9600014F0FEFA0820000207306F467760DCF70B
:10C9700009FF01B0002000BD032C0BDA00B513F055
:10C98000F7FE00F007F803B000BD7746009814F0FA
:10C9900058F8BE4600B5002001B401B40398806881
:10C9A0006F467760DBF79CF86F467760DAF708FA36
:10C9B0006F467760DAF726FB6F467760DBF790F813
:10C9C00000280FD0039801B46F467760DAF730FB88
:10C9D00001B401980099816002B0039801B400F09D
:10C9E0006DF801B0BF486F467760DCF79DF90090A5
:10C9F0000098049914F0BDFA41600098059914F06C
:10CA0000B8FA816001200190019801B4049880680F
:10CA100001B413F043FC6F467760DAF713FB01B003
:10CA200014F0ADFD01B40198009914F0B4FD02B00A
:10CA300026D00398806801B4029801B40198009947
:10CA400013F0D5F902B014F094FA4068049914F088
:10CA5000B6FD0FD00398806801B4029801B4029823
:10CA600001B414F094FA6F467760DAF70BFB03B069
:10CA7000009812E00198032114F0F4FC0190C3E740
:10CA80000398806801B4019801B413F0A7FC6F46C5
:10CA90007760DAF7DDFA02B0009802B000BD00005E
:10CAA000012C0BDA00B513F095FC00F007F801B08B
:10CAB00000BD7746009813F0C4FFBE4600B50020C5
:10CAC00001B4029880686F467760DBF709F86F461B
:10CAD0007760DAF775F96F467760DAF793FA6F46A1
:10CAE0007760DAF7FDFF002800D01EE00298C068EA
:10CAF000009002207C496F467760DCF7E7F801B4CC
:10CB00000021039A6F467760DAF714FB0098012141
:10CB1000019A6F467760DAF70DFB009813F090FBEF
:10CB20006F467760D9F79AFA01B0002001B000BDD6
:10CB3000D4B00100000000003DCB020000B5002091
:10CB400001B4E868806A6F467760DAF7C9FF0028A9
:10CB500013D0012065496F467760DCF7B7F801B460
:10CB60000021EA686F467760DAF7E4FA002001B442
:10CB7000019801B400F008FA03B0E868422181622C
:10CB8000E86801210161E86801214161E86801214B
:10CB9000C161E86801B46F467760D9F74FFA14F0C5
:10CBA000EEFC01B401980099016202B0286901B459
:10CBB000E868C06801B40198009914F03CFD02B027
:10CBC0000BD0E86801B400F033F801B00090009891
:10CBD00001B406F0D5F901B0E8E7E8680A218162FE
:10CBE000002001B000BD0000D4B001000000000032
:10CBF000F5CB020000B5E868806A6F467760DAF727
:10CC00006FFF6F467760DAF7DBF86F467760DAF729
:10CC1000F9F900BD012C0BDA00B513F0DBFB00F0D5
:10CC200007F801B000BD7746009813F00AFFBE4632
:10CC300000B5002001B401B401B401B401B401B4E1
:10CC400001B401B401B46F467760D9F7F7F914F075
:10CC500096FC00900A9801B4019801B40C98006AFF
:10CC600001B40198009914F00DFC02B001B40198D0
:10CC70000099C16102B00A980099016200200190F8
:10CC80000A988068029001200390039801B40398E9
:10CC90006F467760DAF7D6F914F071FC01B40198A9
:10CCA00000996F467760DAF773FF02B000281FD053
:10CCB000029801B4049814F058FC01B4019800994A
:10CCC0006F467760DAF7CEF902B00190019801B4AF
:10CCD000D32113F0BFFC01B00398032114F0C2FB71
:10CCE0000390D2E70C53040030CB0200E8CB0200E3
:10CCF000002002906F467760D9F7A0F914F03FFC4E
:10CD000004900498009914F0BDFB05900A9801B4B2
:10CD100001B401984069079914F0A4FB01B401988B
:10CD20000099416103B00A9801B401B40198006907
:10CD3000032114F097FB01B401980099016103B03D
:10CD40000A98406901B407210902D1316F46776022
:10CD5000DAF766FF01B001B46F467760DAF78AFE52
:10CD6000002802D0009801B00BE00098009801B0B4
:10CD70000A98006901B43D216F467760DAF750FFE9
:10CD800001B06F467760DAF7ABFE002800D1ECE027
:10CD9000049801B40B98806901B40198009914F0CB
:10CDA00071FB02B006900A98049981610A980069A3
:10CDB00001B40B98406901B407210902D1316F46D3
:10CDC0007760DAF741FC01B001B4019800996F4631
:10CDD0007760DAF739FC02B00790079801B46F4624
:10CDE0007760DAF71BFD01B001B413F0F4FBC4481F
:10CDF0006F467760D9F77EFE01B0172109013768C9
:10CE000078500798C72114F0C6FB2ED017200001D8
:10CE10003768385801B4089801B415216F46776017
:10CE2000DAF7E6FB01B001B46F467760DAF7F6FC9B
:10CE300001B001B415216F467760DAF71BFC01B031
:10CE400001B413F0C8FBAF486F467760D9F752FEC4
:10CE500001B001B413F0B3FB6F467760D9F74AFE17
:10CE600002B017210901376878506F467760D9F70B
:10CE700043F96F467760DAF7C5F86F467760DAF7FF
:10CE80002FFE00286BD06F467760D9F7F3FD01B411
:10CE9000089801B4C9216F467760DAF7A9FB01B0A1
:10CEA000012114F00CFB01B413F07AFB6F4677609C
:10CEB000D9F720FE02B001B413F068FA92496F4628
:10CEC0007760D9F717FE01B001B40B98006901B47F
:10CED00013F075FB6F467760D9F70CFE02B001B412
:10CEE00013F054FA89496F467760D9F703FE01B011
:10CEF00001B40B98406901B413F061FB6F46776091
:10CF0000D9F7F8FD02B001B413F040FA80496F463A
:10CF10007760D9F7EFFD01B001B4079801B413F0C1
:10CF20004EFB6F467760D9F7E5FD02B001B413F010
:10CF30002DFA78496F467760D9F7DCFD01B001B46E
:10CF400013F024FA6F467760DCF734FC01B06F46CB
:10CF50007760D9F7BBF86F467760DEF759F80A9823
:10CF6000012141610A98012101612920059914F0EC
:10CF700089FA01B4032001B4F2F7C0F802B00890B6
:10CF8000089809B000BD000000B501986F467760B1
:10CF9000DAF7A6FD6F467760D9F712FF6F46776024
:10CFA000DAF730F801B46F467760DAF763FD0028EE
:10CFB00002D0009801B007E00098009801B00198F5
:10CFC00001B413F0C5F901B06F467760DAF788FD58
:10CFD000002800D01DE002986F467760DAF780FDE8
:10CFE0006F467760D9F7ECFE6F467760DAF70AF89C
:10CFF0006F467760DAF774FD002801D001200290B7
:10D00000002001B4029801B4049801B400F004F8BF
:10D0100003B0002000BD000000B5002001B43E4870
:10D020006F467760DBF780FE01B46F467760DCF710
:10D03000BDFB14F0A4FA01B46F467760D8F7FEFF89
:10D0400014F09DFA01B4059801B4079801B4099849
:10D050006F467760DAF744FD6F467760D9F7B0FE28
:10D060006F467760D9F7CEFF01B40027009801B46E
:10D070000197029801B40397049801B405970698A4
:10D0800001B40797089801B4099707200002FF3000
:10D0900001B40B9801B400F04BF90CB001BC009046
:10D0A0003768B8686F467760DAF71AFD6F467760C1
:10D0B000D9F786FE6F467760D9F7A4FF6F46776091
:10D0C000DAF70EFD00282BD06F467760D9F7B0FF56
:10D0D00001B401B4029801B4019800996F467760D9
:10D0E000D9F7B6FF02B001BC3768B8600B4801B48D
:10D0F00013F0A6F86F467760D8F7B0FF01B01BE0D9
:10D10000988B0400A48B0400AC8B0400C08B04003B
:10D11000D08B0400DC8B04005453040098D102002F
:10D120003768B86801B4019801B413F057F96F4635
:10D130007760D9F78DFF02B004986F467760DAF711
:10D14000CFFC002814D0009813F030FF406801B4E1
:10D15000019813F02BFF806801B406BC212001B4B4
:10D16000059801B402B404B4F5F708FF04B010E068
:10D17000009813F01BFF406801B4019813F016FFEC
:10D18000806801B413F016F96F467760D8F768FF2E
:10D1900002B0002001B000BDD4B0010000000000CA
:10D1A000A5D1020000B5002001B401B401B4376874
:10D1B000B86801B413F072F86F467760D9F742FF90
:10D1C00001B014F0DCF9012114F0F9F900D1A9E063
:10D1D0006F467760D8F732FF14F0D1F90090012044
:10D1E0000190019801B43768B86801B413F056F89B
:10D1F0006F467760D9F726FF01B014F0C0F901B48B
:10D200000198009914F0C7F902B000D184E03768A2
:10D21000B86801B4029801B40198009912F0E7FDD2
:10D2200002B00290029801B4852113F013FA01B004
:10D2300001B46F467760DAF71DFC002802D0009831
:10D2400001B033E00098009801B0029813F0AEFEF0
:10D25000006901B401216F467760DAF7E1FC01B0A3
:10D2600001B46F467760DAF705FC002802D1009818
:10D2700001B01BE00098009801B0009801B4039839
:10D2800013F094FEC06801B40198009914F0FAF804
:10D2900002B001B4039813F089FE006901B401984B
:10D2A00000996F467760DAF7BBFC02B06F46776093
:10D2B000DAF716FC002829D0029813F077FE4068B0
:10D2C00001B4039813F072FE806801B413F072F891
:10D2D0006F467760DCF756FA02B0029813F066FEEC
:10D2E00080696F467760DAF7FBFB00280ED00320D9
:10D2F00001B4029801B43768B86801B4F7F7ACFC20
:10D3000003B00198032114F0BDF8019001980321A6
:10D3100014F0A8F8019064E7652001B405F030FE30
:10D3200001B044E700203768B860002003B000BDBA
:10D330007746009813F03AFEBE4600B50198029970
:10D34000416001980399816001980499C160019836
:10D3500005990161019806994161019807998161D8
:10D36000002000BD00B5FDF7EDF86F467760D8F7F7
:10D3700065FE14F004F93121C900376878500020A7
:10D3800000BD000000B5002001B401B42920C00098
:10D39000376838586F467760DAF7A2FB6F467760D8
:10D3A000D9F70EFD6F467760D9F72CFE6F46776090
:10D3B000DAF796FB002807D06F467760D9F738FE7A
:10D3C0002921C90037687850F5F716FF00900098BA
:10D3D0006F467760DAF784FB002804D0009801B428
:10D3E00000F067F801B071486F467760DBF79CFC8E
:10D3F00001B401B400F014F801B001BC019029207F
:10D40000C0003768385801B4029801B412F0E6FF42
:10D410006F467760D9F71CFE02B0019802B000BDDC
:10D420007746009813F00DFBBE4600B5019801B495
:10D430006F467760D9F7FCFD01B40198009941600F
:10D4400002B0019801210161019801214161019817
:10D450000121C16101980121C1600198002141624F
:10D4600017200001376838586F467760DAF738FBC5
:10D470006F467760D9F7A4FC6F467760D9F7C2FD95
:10D480006F467760DAF72CFB002807D06F4677608D
:10D49000D9F7F0FA1721090137687850002000BD4C
:10D4A000012C0BDA00B512F095FF00F007F801B07F
:10D4B00000BD7746009813F0C4FABE4600B50020C0
:10D4C00001B401B401B400200090049840680190B8
:10D4D00001200290029801B402986F467760D9F754
:10D4E000B1FD14F04CF801B4019800996F467760D3
:10D4F000DAF74EFB02B0002818D0019801B4039867
:10D5000014F033F801B4019800996F467760D9F7A9
:10D51000A9FD02B00090009801B400F022F801B01B
:10D520000298032113F09EFF0290D3E700200190A0
:10D53000049801B401B40198C068032113F092FF6C
:10D5400001B401980099C16003B0002003B000BD90
:10D55000012C0BDA00B512F03DFF00F007F801B026
:10D5600000BD7746009813F07AFABE4600B50198E0
:10D57000406801B40298806801B40D4801B4049871
:10D58000006901B413F028FA6F467760D8F75EFDA2
:10D5900004B0002000BD0000D4B001000000000075
:10D5A000A5D5020000B5002000BD0000603F0400CA
:10D5B00098D502007746009812F0EEFEBE4600B500
:10D5C00001980399416601980299416001980121EF
:10D5D0004162CB486F467760DBF7A6FB01B40920B8
:10D5E00001B4052001B403200002E93001B403981E
:10D5F00001B400F0D9F804B0029802BCC161C1487E
:10D600006F467760DBF790FB01B401B400F0B8F827
:10D6100001B0029802BC0162BB486F467760DBF73D
:10D6200083FB01B40298006A01B4019801B400F0D0
:10D630008DF802B0029802BC8160019801B46F4677
:10D640007760D9F7F5FC01B401980099816202B0C6
:10D65000019801B46F467760D9F7EAFC01B40198EC
:10D660000099C16202B0019801B46F467760D9F7A2
:10D67000DFFC01B401980099016302B0019801B484
:10D680006F467760D9F77EFD01B401980099416338
:10D6900002B0019801B46F467760D9F7C9FC01B4B4
:10D6A00001980099816302B0019801B46F467760D8
:10D6B000D9F7BEFC01B401980099C16302B001988A
:10D6C00001B46F467760D9F7B3FC01B401980099B3
:10D6D000016402B0019801B46F467760D9F7A8FCE5
:10D6E00001B401980099416402B0019801B46F46F9
:10D6F0007760D9F747FD01B401980099816102B0C4
:10D70000019801B46F467760D9F792FC01B4019893
:10D710000099C16402B0019801B46F467760D9F7EF
:10D7200087FC01B401980099816502B0019801B4A9
:10D730006F467760D9F726FD01B40198009901661C
:10D7400002B001980121C165002000BD7746009814
:10D7500013F0D1FABE4600B501980121416001984D
:10D760000299C160019801B46F467760D9F760FCF7
:10D7700001B401980099016102B0002000BD0000D1
:10D780007746009813F0B4FBBE4600B5019801211E
:10D79000416001980121816001980121C1600198D7
:10D7A00001210161002000BD7746009813F00CFCB8
:10D7B000BE4600B50020019801B46F467760D9F7E6
:10D7C00037FC01B401980099416002B04F486F46A0
:10D7D0007760DBF7A9FA01B401B400F0DBF801B01F
:10D7E000029802BC8160029801B4029801B400F072
:10D7F0009DF802B0049801B4029801B400F05AF800
:10D8000002B0039801B4029801B400F011F802B01C
:10D81000002000BD022C0BDA00B512F09AFE00F0D9
:10D8200007F802B000BD7746009813F0CDFBBE4666
:10D8300000B5019801B4039801B405F06BF801B08C
:10D8400001B401980099416102B0002000BD0000C0
:10D85000012C0BDA00B512F0BDFD00F007F801B0A5
:10D8600000BD7746009813F0AFFBBE4600B50198A7
:10D87000406901B400F002F801B000BD00B50198A4
:10D8800001210902013113F0EDFD01B4112113F062
:10D890005BFE01B000BD0000022C0BDA00B512F0F7
:10D8A00058FE00F007F802B000BD7746009813F06C
:10D8B0008BFBBE4600B5019801B4039801B405F096
:10D8C00029F801B001B401980099816102B00020EB
:10D8D00000BD0000012C0BDA00B512F07BFD00F05A
:10D8E00007F801B000BD7746009813F06DFBBE4607
:10D8F00000B50198806901B4FFF7C0FF01B000BD19
:10D90000D8530400744E04007C460400E055040023
:10D91000022C0BDA00B512F01CFE00F007F802B082
:10D9200000BD7746009813F04FFBBE4600B5019846
:10D9300001B4039801B404F0EDFF01B001B4019803
:10D940000099C16002B0019801B40298C06801B4A6
:10D95000012002BC13F096FD01B401980099016109
:10D9600002B0002000BD0000012C0BDA00B512F05F
:10D9700031FD00F007F801B000BD7746009813F0C4
:10D9800023FBBE4600B50198C06801B4FFF776FFDF
:10D9900001B000BD7746009813F024FBBE4600B5E9
:10D9A000019801B46F467760D9F742FB01B4019842
:10D9B0000099416102B0002000BD0000D4B0010018
:10D9C00000000000C9D9020000B5082000020130A3
:10D9D00000216F467760D8F743FB002000BD0000B0
:10D9E00000B501986B21890037687850002000BD90
:10D9F0007746009813F055F9BE4600B5029800210D
:10DA000013F02DFE06D00320B2496F467760D9F798
:10DA100075FE029001980299816001980299416017
:10DA2000002000BDD4B001000000000031DA020087
:10DA3000022C06DA00B512F08CFD00F002F802B0FC
:10DA400000BD00B519200001376838586F4677606F
:10DA5000DAF746F86F467760D9F7B2F96F46776024
:10DA6000D9F7D0FA01B46F467760DAF703F80028E7
:10DA700002D0009801B00FE00098009801B0029821
:10DA80006F467760DAF72CF86F467760D9F798F928
:10DA90006F467760D9F7B6FA6F467760DAF720F805
:10DAA000002800D04BE0002001B48B4801B404985A
:10DAB00001B4FCF731FF03B00346884801B408B451
:10DAC000F4F726FF02B00346854801B408B4F2F724
:10DAD00093F902B0192000013768385801B412F0E8
:10DAE000DDFB6F467760D9F7ADFA01B013F047FD63
:10DAF00080213768795813F062FD20D01920000189
:10DB00003768385801B4192000013768385801B413
:10DB100012F0C4FB6F467760D9F794FA01B013F0A6
:10DB20002EFD80213768795813F0ACFC01B406BC97
:10DB300002B4012001B404B4F7F78EF803B000205A
:10DB400000BD0000D4B001000000000051DB020065
:10DB5000012C06DA00B512F03DFC00F002F801B02D
:10DB600000BD00B501986F467760D9F7B9FF6F46E1
:10DB70007760D9F725F96F467760D9F743FA6F4692
:10DB80007760D9F7ADFF6F467760D9F719F96F461F
:10DB90007760D9F737FA00BDD4B00100000000006B
:10DBA000A5DB0200012C06DA00B512F013FC00F030
:10DBB00002F801B000BD00B5002001B401200090C2
:10DBC000009801B4039801B412F0E0FB6F4677604F
:10DBD000D9F75AF801B013F0D2FC01B401980099BA
:10DBE00013F0D9FC02B026D019200001376838584C
:10DBF00001B4039801B4029801B4039888213768EE
:10DC0000795813F02FFC01B40EBC02B404B408B46C
:10DC1000FBF738FF03B001B412F0E0FB6F4677600A
:10DC2000D9F716FA02B0009888213768795813F0AE
:10DC300019FC0090C4E7002001B000BD00B50198B8
:10DC40006F467760D9F74CFF6F467760D9F7B8F821
:10DC50006F467760D9F7D6F901B46F467760D9F788
:10DC600009FF002802D0009801B01BE0009800983E
:10DC700001B02520C0003768385801B4029801B4BB
:10DC800012F0ACFB00226F467760D9F7CDFE02B0F0
:10DC900013F075FC01B4012149426F467760D9F752
:10DCA000BFFF01B06F467760D9F71AFF002800D098
:10DCB0000DE02520C0003768385801B4029801B43F
:10DCC00012F08CFB6F467760D9F7C2F902B00020E2
:10DCD00000BD0000FFFF0100008B040044DB0200D8
:10DCE00098DB020000B5002001B401B4A020782127
:10DCF0006F467760DFF700F8009008206F46776086
:10DD0000E1F770FBA02008216F467760DEF7F4FF93
:10DD10000190019801B412F0D4FA6F467760E1F7F0
:10DD20008DFB01B001208A496F467760DAF7CEFF9C
:10DD300001B40021019A6F467760D9F7FBF900988A
:10DD400000F068F801B0012082496F467760DAF789
:10DD5000BDFF01B40021029A6F467760D9F7EAF956
:10DD600001BC5B21890037687850009802B000BD83
:10DD7000D4B00100000000007DDD020000B5E868BD
:10DD800001B412F09EFA6F467760E1F75FFB01B0D5
:10DD9000002000BDD4B0010000000000A1DD0200A1
:10DDA000012C06DA00B512F015FB00F002F801B004
:10DDB00000BD00B5E86801B412F083FA00216F4697
:10DDC0007760DDF7A1FE01B0002001B43768F86F7D
:10DDD00001B4032001B4052001B4052001B4069864
:10DDE00001B4E86801B4FAF7D5FF07B0E86801B4F8
:10DDF00012F067FA6F467760E1F720FB01B00198F7
:10DE000001B412F0C3FA6F467760E1F717FC01B076
:10DE1000002000BD00B542203768F86001981B2142
:10DE2000090137687850019801B412F091FA01B0F5
:10DE3000002000BDD4B001000000000041DE02005F
:10DE400000B567208000376838586F467760D9F78B
:10DE500047FE002800D00DE03F4801B4102000022A
:10DE6000033001B4452080003768385801B4F9F711
:10DE700066FD03B0002000BDD4B00100000000002A
:10DE800085DE020000B567208000376838586F468D
:10DE90007760D9F725FE002800D01DE003F090F848
:10DEA0002E486F467760DAF73FFF01B4002001B4D7
:10DEB0002B4801B4029801B402F030FF03B001BC5A
:10DEC00067218900376878506720800037683858A4
:10DED00001B400F00CF801B0002000BD012C0BDAF9
:10DEE00000B512F077FA00F007F801B000BD7746F0
:10DEF000009813F085F8BE4600B5002001B401B4C7
:10DF0000039801B4049801B4CA2112F0A3FB01B034
:10DF100001B401980099416002B003980121C160E9
:10DF200001200190019801B40498406801B412F0F6
:10DF3000B5F96F467760D9F785F801B013F01FFB8C
:10DF400001B40198009913F026FB02B00AD1B3E0A6
:10DF500070DD020094DD020078DE0200AC560400A1
:10DF6000E4F902000398406801B4029801B40198F2
:10DF7000009911F03CFF02B00090009801B401F04C
:10DF8000DBFC01B0009801B40498806801B406BCC1
:10DF900002B404B401F0B3FC02B0009801B40498D8
:10DFA000806801B401210902373112F093F901B000
:10DFB00001B4039801B40698806801B4752112F089
:10DFC00089F901B001B4019800996F467760D9F7DB
:10DFD00051FB02B001B40698806801B4742112F0BC
:10DFE00079F901B001B40798806801B4732112F087
:10DFF00071F901B001B40198009913F033FA02B03D
:10E0000001B4019800996F467760D9F7F1FA02B030
:10E0100001B40198009913F025FA02B001B40598F3
:10E02000806801B4762112F055F901B001B404986A
:10E0300001B40798806801B4752112F04BF901B062
:10E0400001B412F0B7F96F467760D8F7EDFF02B070
:10E0500013F095FA01B40798806801B4742112F0A6
:10E0600039F901B001B40898806801B4732112F045
:10E0700031F901B001B40198009913F0F3F902B03D
:10E0800001B4019800996F467760D9F7B1FA02B0F0
:10E0900001B40198009913F0E5F902B001B40EBC87
:10E0A00002B404B408B401F0E4FB03B00198032106
:10E0B00013F0D8F9019035E70A2001B401F0C8FB4C
:10E0C00001B00120CC496F467760DAF7FFFD01B45B
:10E0D0000021049A6F467760D9F72CF80098102039
:10E0E00000020B3001B4E0203768385801B4F9F76A
:10E0F00026FC03B00120C1496F467760DAF7E6FDE0
:10E1000001B40021049A6F467760D9F713F800989C
:10E1100010200002093001B4E0203768385801B4FB
:10E12000F9F70DFC03B0B64801B4102000020B3023
:10E1300001B4512080003768385801B4F9F7FFFB6B
:10E1400003B0B04801B4102000020B3001B44520E8
:10E1500080003768385801B4F9F7F1FB03B00120AB
:10E16000A9496F467760DAF7B1FD01B40021049A3E
:10E170006F467760D8F7DEFF0098102000020B3062
:10E1800001B44D2080003768385801B4F9F7D7FB47
:10E1900003B001209D496F467760DAF797FD01B41F
:10E1A0000021049A6F467760D8F7C4FF00981020CA
:10E1B00000020B3001B4052080013768385801B4E3
:10E1C000F9F7BDFB03B0012091496F467760DAF79C
:10E1D0007DFD01B40021049A6F467760D8F7AAFF4D
:10E1E0000098102000020B3001B44F2080003768E7
:10E1F000385801B4F9F7A3FB03B0012085496F46F5
:10E200007760DAF763FD01B40021049A6F46776006
:10E21000D8F790FF0098102000020B3001B427209F
:10E22000C0003768385801B4F9F789FB03B0012002
:10E2300079496F467760DAF749FD01B40021049A05
:10E240006F467760D8F776FF009800F0AFFC01B01A
:10E25000012001B4049801B400F026FD02B00020B2
:10E2600002B000BDD4B001000000000071E2020065
:10E2700000B5E86840686F467760D9F731FC6F46B3
:10E280007760D8F79DFD6F467760D8F7BBFE01B485
:10E290006F467760D9F7EEFB002802D0009801B0F6
:10E2A00019E00098009801B0E868406801B4E86897
:10E2B000C06801B40198009911F099FD02B06F4651
:10E2C0007760D9F70DFC6F467760D8F779FD6F4618
:10E2D0007760D8F797FE6F467760D9F701FC002882
:10E2E00000D011E0E868406801B4E868C06801B493
:10E2F0000198009911F07BFD02B00346032001B4A0
:10E3000008B401F0EEF902B0002000BDD4B0010065
:10E310000000000019E3020000B5E86840686F469D
:10E320007760D9F7DDFB6F467760D8F749FD6F4618
:10E330007760D8F767FE01B46F467760D9F79AFB2C
:10E34000002802D0009801B019E00098009801B0B0
:10E35000E868406801B4E868C06801B401980099B1
:10E3600011F045FD02B06F467760D9F7B9FB6F46F3
:10E370007760D8F725FD6F467760D8F743FE6F4684
:10E380007760D9F7ADFB002800D027E0E868406847
:10E3900001B4E868C06801B40198009911F027FD44
:10E3A00002B00346012001B408B401F09AF902B0AA
:10E3B000E868406801B4E868C06801B40198009951
:10E3C00011F015FD02B012F029FE006A01B411F03F
:10E3D00037FF6F467760D7F741FE01B0002000BDE0
:10E3E000D4B0010000000000EDE3020000B500F031
:10E3F00085FD002012E0000064E202000CE3020050
:10E40000E0E3020020E4020038E4020088E40200B5
:10E41000C4E4020038E5020094E5020000BD0000FB
:10E42000D4B00100000000002DE4020000B500F0AF
:10E4300065FD002000BD0000D4B001000000000018
:10E4400045E4020000B5E86801B4E868C06801B4BA
:10E45000E868806801B4752111F03CFF01B001B497
:10E460000198009913F00EF802B001B4012001B434
:10E47000F0F744FE02B001B406BC02B404B400F0EC
:10E4800013FC02B0002000BDD4B001000000000069
:10E4900095E4020000B5E86801B4E868C0680321AB
:10E4A00012F0F0FF01B4012001B4F0F727FE02B032
:10E4B00001B406BC02B404B400F0F6FB02B00020C4
:10E4C00000BD0000D4B0010000000000D1E4020053
:10E4D00000B5E86801B4E868406801B411F0DEFEF8
:10E4E0006F467760D8F7AEFD01B013F048F803210E
:10E4F00012F0C8FF01B4E868C06801B4E868806839
:10E5000001B4752111F0E6FE01B001B40198009943
:10E5100012F0A8FF02B001B406BC02B404B4F0F7D4
:10E5200067FC02B001B406BC02B404B400F0BCFB4A
:10E5300002B0002000BD0000D4B0010000000000C7
:10E5400045E5020000B5E86801B4E868406801B438
:10E5500011F0A4FE6F467760D8F774FD01B013F098
:10E560000EF8032112F08EFF01B4E868C0680321A1
:10E5700012F078FF01B406BC02B404B4F0F738FC22
:10E5800002B001B406BC02B404B400F08DFB02B0CA
:10E59000002000BDD4B0010000000000A1E5020091
:10E5A00000B5E86801B400F0C1F901B0E86801B451
:10E5B00000F012F801B0002000BD0000012C0BDAC1
:10E5C00000B511F007FF00F007F801B000BD774675
:10E5D000009812F015FDBE4600B5019840686F46E0
:10E5E0007760D9F77DFA6F467760D8F7E9FB6F4619
:10E5F0007760D8F707FD6F467760D9F771FA002882
:10E6000000D020E184203768385801B4842037686E
:10E61000385801B411F055FE6F467760DDF76AF89F
:10E6200001B012F0ACFF01B40398806801B4762108
:10E6300011F050FE01B0052112F024FF01B40EBC10
:10E640001F2001B402B404B4012001B4012001B4BC
:10E6500008B4FAF78FFF06B084203768385801B441
:10E660000298806801B4DA2111F034FE01B001B4DF
:10E670000398806801B4D92111F02CFE01B001B4D7
:10E680000EBC02B4032001B4052001B404B408B4E4
:10E6900000F0DCF805B084203768385801B40298DF
:10E6A000806801B4E52111F015FE01B0072112F0D8
:10E6B000E9FE01B484203768385801B411F001FE36
:10E6C0006F467760DDF716F801B012F058FF01B41D
:10E6D00084203768385801B411F0F3FD6F46776035
:10E6E000DDF70CF801B012F04AFF01B4059880681C
:10E6F00001B4E52111F0EEFD01B001B401980099DB
:10E7000012F0C0FE02B00D2112F0ACFE01B41EBC2E
:10E710001F2001B402B404B408B4012001B410B441
:10E72000FAF728FF06B084203768385801B40298F9
:10E73000806801B401210902373111F0CBFD01B02D
:10E7400001B40398806801B4E52111F0C3FD01B064
:10E7500001B484203768385801B411F0B2FD6F4617
:10E760007760DCF7C7FF01B012F009FF01B405982C
:10E77000806801B401210902373111F0ABFD01B00D
:10E7800001B4032112F0B6FE01B001B40198009962
:10E7900012F078FE02B001B40598806801B4E4215B
:10E7A00011F098FD01B001B47A2111F093FD01B090
:10E7B000032112F057FE01B40027032001B4019891
:10E7C00001B40297039801B40497059801B4069721
:10E7D000079801B40897099801B40A97FAF7CAFE96
:10E7E0000BB084203768385801B40298406801B4EF
:10E7F0000398C06801B40198009911F0F8FA02B0CA
:10E8000001B4CE2111F026FF01B001B40398806855
:10E8100001B4E52111F05EFD01B0032112F022FEEA
:10E8200001B40498806801B4E42111F053FD01B0F3
:10E8300001B41EBC02B41F2001B404B408B410B467
:10E8400000F004F805B0002000BD000000B5002075
:10E8500001B401B407986F467760D9F741F96F4664
:10E860007760D8F7ADFA6F467760D8F7CBFB6F4685
:10E870007760D9F735F9002805D0049801B4F0F78E
:10E8800085FE01B00790049801B411F07FFD6F463A
:10E890007760D8F7F9F901B012F071FE01B4089869
:10E8A00001B47B2111F016FD01B001B4019800996B
:10E8B0006F467760D8F79CFE02B00090039801B4D1
:10E8C00011F0FFFC6F467760DCF714FF01B012F027
:10E8D00056FE009912F0D6FD01B405216F4677600F
:10E8E000D8F7B2FE01B00190002001B4089801B43D
:10E8F000089801B4089801B4059801B4099801B4C6
:10E90000099801B4FAF746FA07B0002002B000BD3A
:10E91000012C0BDA00B511F05DFD00F007F801B035
:10E9200000BD7746009812F06BFBBE4600B5002094
:10E9300001B401B401B46F467760D7F77FFB12F0E2
:10E940001EFE01B401210902F5316F467760D8F748
:10E950007BFE01B0009001200190019801B4059860
:10E96000406801B411F09AFC6F467760D8F76AFBF3
:10E9700001B012F004FE01B40198009912F00BFEF0
:10E9800002B045D00498406801B4029801B40198DF
:10E99000009911F02CFA02B001B4019801B4039867
:10E9A00001B40798806801B4752111F093FC01B09F
:10E9B00001B4019800996F467760D8F75BFE02B00A
:10E9C00001B4C4496F467760D8F712FE01B001B4B4
:10E9D0000198009912F056FD02B001B46F467760BD
:10E9E000DAF76CFC01B001B4009905206F4677603E
:10E9F000D8F7FEFD01B001B406BC02B404B400F0C7
:10EA0000AEF802B00198032112F02CFD0190A4E7AA
:10EA100004F056F911F0C0FC4068C06901B4072148
:10EA20000902D1316F467760D8F70EFE01B002902F
:10EA30000498806901B40598406901B4019800996F
:10EA400012F0A9FD02B01BD0049801B401B40198E2
:10EA5000806901B4059801B4C9216F467760D8F781
:10EA6000C7FD01B00027029701B40198009912F088
:10EA7000F9FC02B001B401980099816103B028E06B
:10EA80000498806901B40598406901B4019800991F
:10EA900012F095FD02B01BD0049801B401B40198A6
:10EAA000806901B4059801B4C9216F467760D8F731
:10EAB0009FFD01B00027029701B40198009912F060
:10EAC000E1FC02B001B401980099816103B000E05B
:10EAD0002AE00498806901B40598406901B401985E
:10EAE000009912F0CFFC02B001B400F021F801B09F
:10EAF000052112F050FD08D0049801B40598406932
:10EB000001B401980099816102B004F0D9F811F0C4
:10EB100043FC006A01B40598806901B406BC02B4E4
:10EB200004B4FCF708FF02B0002003B000BD0000F1
:10EB300000B50198012112F02EFD04D001200199A9
:10EB400012F0A0FC00E0019800BD0000022C0BDADE
:10EB500000B511F0FEFC00F007F802B000BD7746EA
:10EB6000009812F05BFABE4600B50198406801B407
:10EB70000298C068039912F075FC01B406BC02B497
:10EB800004B4F5F7CAF802B00198806801B402989D
:10EB9000406801B4F7F795FC01B001B406BC02B4BB
:10EBA00004B4F5F770F802B0002000BD00B50020F5
:10EBB00001B4FBF795F801B001986F467760D8F77C
:10EBC0008FFF6F467760D8F7FBF86F467760D8F70E
:10EBD00019FA6F467760D8F783FF002800D008E065
:10EBE000002001B4029801B4A12001B400F004F89F
:10EBF00003B0002000BD000000B5002001B436487D
:10EC00006F467760DAF790F801B4059801B46F4663
:10EC10007760D8F72FFF002802D0009801B003E0FA
:10EC20000098009801B02D4801B4049801B40198EF
:10EC300001B4079801B4049801B400F011F805B0CC
:10EC400001BC0090009801B000BD0000D4B00100EC
:10EC50000000000059EC020000B5422000BD000099
:10EC60007746009812F0E8F9BE4600B5019802997F
:10EC7000C160019803990161049801B4029801B43C
:10EC8000F6F7B2FD02B0002000BD0000022C0BDA46
:10EC900000B511F05EFC00F007F802B000BD774649
:10ECA000009812F0ADF9BE4600B5019840686F4675
:10ECB0007760D8F715FF6F467760D8F781F86F4611
:10ECC0007760D8F79FF96F467760D8F709FF00287B
:10ECD00006D064E050920400745804004CEC02002A
:10ECE0000198406801B40298C06801B40198009985
:10ECF00011F07DF802B06F467760D8F7F1FE00287A
:10ED000011D00198406801B40298C06801B401981C
:10ED1000009911F06CF802B00346052001B408B464
:10ED200000F0DFFC02B001980299C16001984068D0
:10ED300001B40298C06801B40198009911F057F825
:10ED400002B06F467760D8F7CBFE002822D0E020D3
:10ED50003768385801B4242111F0C4FE01B06F4661
:10ED60007760D8F7BDFE002801D0032000E0012025
:10ED700001B40298406801B40398C06801B40198D6
:10ED8000009911F034F802B00346009808B400F07E
:10ED9000A8FC02B0019801B400F012F801B0002004
:10EDA00000BD0000012C0BDA00B511F013FB00F0E0
:10EDB00007F801B000BD7746009812F021F9BE4671
:10EDC00000B5002001B40298C06801B403988068BF
:10EDD00001B4752111F07EFA01B001B411F0EAFA24
:10EDE0006F467760D8F720F902B012F0C8FB0090A8
:10EDF000009801B40398006901B4019800996F4626
:10EE00007760D8F75BFD02B001B46F467760D8F742
:10EE100031FE002802D0009801B011E0009800985F
:10EE200001B00098032112F02DFB01B40398006992
:10EE300001B4019800996F467760D8F73FFD02B0A2
:10EE40006F467760D8F74CFE002800D04CE0009861
:10EE500001B40398006901B40198009912F0AFFB66
:10EE600002B00DD0029801B401B4019800690321E9
:10EE700012F0F8FA01B401980099016103B00CE0B6
:10EE8000029801B401B401980069032112F0FAFA62
:10EE900001B401980099016103B0029801B403988C
:10EEA000006901B40498806801B4732111F012FA6A
:10EEB00001B001B40598806801B4742111F00AFA18
:10EEC00001B001B40198009912F0CCFA02B001B47B
:10EED000019800996F467760D8F78AFB02B001B4B9
:10EEE00001980099416102B0002001B000BD00000E
:10EEF000D4B0010000000000FDEE020000B5672064
:10EF00008000376838586F467760D8F7E9FD0028E9
:10EF100013D0672080003768385801B400F06DFBCB
:10EF200001B000206721890037687850422001B481
:10EF300000F08EFC01B000F003F8002000BD0000DE
:10EF400000B5002001B403F0BBFE00906D208000EE
:10EF50003768385801B46F467760D8F78BFD0028C2
:10EF600002D1009801B010E00098009801B06D2027
:10EF700080003768385801B411F090F96F46776017
:10EF8000D8F760F801B012F0FAFA6F467760D8F758
:10EF9000A7FD002812D06D2080003768385801B4D2
:10EFA00011F07CF96F467760D8F758F801B0592115
:10EFB00089003768785000F053FA10E0592080003B
:10EFC000376838586F467760D8F78AFD002806D032
:10EFD00000F046FA002059218900376878505920FE
:10EFE0008000376838586F467760D8F779FD002879
:10EFF00001D000F03DF83720C000376838586F4620
:10F000007760D8F76DFD002815D00120BD496F4607
:10F010007760D9F75BFE01B40021019A6F467760F3
:10F02000D8F788F800983720C0003768385801B4FE
:10F03000F0F7E2FE02B0002001B000BDD4B0010044
:10F040000000000049F00200012C06DA00B511F0C2
:10F05000C1F900F002F801B000BD00B5019801B49B
:10F06000E86801B4019811F017FF02B0002000BD5C
:10F0700000B5002001B400F0E7F9009000986F4659
:10F080007760D8F72DFD002808D09F4801B401987B
:10F0900001B4F0F7B1FE02B000F024F8002001B096
:10F0A00000BD0000D4B0010000000000B1F002007B
:10F0B000012C06DA00B511F08DF900F002F801B06C
:10F0C00000BD00B5422001B4029801B400F05FF920
:10F0D00002B0422000BD0000D4B0010000000000DA
:10F0E000E5F0020000B5002001B400F0ADF9009099
:10F0F00000986F467760D8F7F3FC00281CD0009882
:10F1000001B4019801B411F0C9F86F467760D7F7E0
:10F1100099FF01B012F033FA01B406BC02B4012029
:10F1200001B404B4F0F744FC03B00346774801B4DB
:10F1300008B4F0F761FE02B0002001B000BD00008D
:10F14000D4B00100000000004DF10200012C06DAED
:10F1500000B511F03FF900F002F801B000BD00B5B4
:10F16000019801B400F00DF801B0002000BD0000CE
:10F17000012C0BDA00B511F02DF900F007F801B001
:10F1800000BD7746009811F0A8FDBE4600B50020EE
:10F1900001B401B401B40498006A01B46F46776009
:10F1A000D8F768FC002802D1009801B00EE0009862
:10F1B000009801B00498006A11F04CFF406901B456
:10F1C00001216F467760D8F7F7FC01B06F46776092
:10F1D000D8F786FC00280CD0049801B40598006A82
:10F1E00011F038FF806901B401980099016202B002
:10F1F000D1E70498C069052112F054F901B46F46B3
:10F200007760D8F737FC002802D1009801B010E0F1
:10F210000098009801B00498006A6F467760D8F7AC
:10F220005FFC6F467760D7F7CBFD6F467760D7F707
:10F23000E9FE6F467760D8F753FC002855D003F0FD
:10F240003FFD009000986F467760D8F749FC002892
:10F2500011D0009811F0A0F8006901B4059801B42C
:10F2600011F0BCF86F467760D8F7F6FB02B06F4636
:10F270007760D7F7C7FE00F0E7F80190019801B476
:10F280006F467760D8F7F6FB002802D1009801B0EE
:10F290000DE00098009801B0019801B410F0FEFF55
:10F2A0006F467760D7F7CEFE01B012F068F96F466F
:10F2B0007760D8F715FC00280ED0019801B40598A6
:10F2C00001B411F08BF86F467760D8F7C5FB02B038
:10F2D0006F467760D7F796FE0498406901B4002125
:10F2E0006F467760D8F790FB01B00498006A0290EF
:10F2F000029801B46F467760D8F7BCFB002807D0AE
:10F3000009E000003CF00200A4F0020040F102001D
:10F31000009801B006E00098009801B0029811F042
:10F3200099FE80696F467760D8F7DAFB002821D014
:10F33000029811F08FFE806911F08CFE4069012166
:10F3400012F051F910D0029801B4039811F082FE26
:10F35000806911F07FFE806901B40198009911F075
:10F3600079FE816102B004E0029811F073FE8069B9
:10F370000290BDE7002003B000BD0000022C0BDAB4
:10F3800000B511F0E6F800F007F802B000BD7746CE
:10F39000009811F0A2FCBE4600B5029801B4029894
:10F3A00001B400F031F801B001B40198009912F0F5
:10F3B0007EF902B018D002986F467760D8F790FBBC
:10F3C000002805D00198C069032112F078F804E004
:10F3D0000198C069032112F07FF801B4029802BCC1
:10F3E000C161019801214162002000BD012C0BDAAE
:10F3F00000B510F0EFFF00F007F801B000BD774650
:10F40000009811F06AFCBE4600B50198C06903215E
:10F4100012F048F86F467760D8F762FB6F46776066
:10F42000D7F7CEFC6F467760D7F7ECFD6F46776075
:10F43000D8F756FB6F467760D7F7C2FC6F46776008
:10F44000D7F7E0FD00BD000000B5002001B403F0D7
:10F4500037FC10F0A1FF806C0090009801B000BD57
:10F4600000B5002001B401B42920C0003768385825
:10F470006F467760D8F734FB6F467760D7F7A0FC0C
:10F480006F467760D7F7BEFD6F467760D8F728FBE9
:10F49000002800D054E02920C0003768385801B453
:10F4A00010F0FCFE6F467760D7F7D8FD01B00090F2
:10F4B00000986F467760D8F713FB6F467760D7F7F1
:10F4C0007FFC6F467760D7F79DFD6F467760D8F772
:10F4D00007FB002800D033E0009801B4FDF7E9FFF6
:10F4E00001B02920C0003768385801B42920C00075
:10F4F0003768385801B410F0D1FE6F467760D7F7FF
:10F50000A1FD01B012F03BF8032111F0BBFF01B4E3
:10F510000198009910F06BFC02B0019001986F46C1
:10F520007760D8F7DDFA002805D0019801B400F023
:10F5300014F801B004E000202921C9003768785090
:10F54000002002B000BD0000012C0BDA00B510F065
:10F5500041FF00F007F801B000BD7746009811F0B8
:10F5600070FABE4600B5002001B401B401B4002019
:10F57000009004984068019001200290029801B424
:10F5800002986F467760D7F75DFD11F0F8FF01B480
:10F59000019800996F467760D8F7FAFA02B0002810
:10F5A00018D0019801B4039811F0DFFF01B401985D
:10F5B00000996F467760D7F755FD02B0009000982C
:10F5C00001B4F3F7C6FD01B00298032111F04AFF20
:10F5D0000290D3E700200190049801B4FDF76EFA81
:10F5E00001B0002003B000BD012C0BDA00B510F013
:10F5F000F1FE00F007F801B000BD7746009811F069
:10F60000FFFCBE4600B5019840686F467760D8F7AA
:10F6100067FA00280BD0019840680346C54801B43A
:10F6200008B4F0F7E9FB02B0019800214160002026
:10F6300000BD0000D4B001000000000041F602004F
:10F64000012C06DA00B510F0C5FE00F002F801B09A
:10F6500000BD00B5019801B400F00DF801B0002024
:10F6600000BD0000012C0BDA00B510F0B3FE00F075
:10F6700007F801B000BD7746009811F0CFFCBE46F8
:10F6800000B5019840686F467760D8F729FA0028DE
:10F690001BD0019840680346002001B4002001B44B
:10F6A00008B4F6F752F903B00198806803460020C9
:10F6B00001B4002001B408B4F6F747F903B001988B
:10F6C00000214160019800218160002000BD000000
:10F6D000022C0BDA00B510F03CFF00F007F802B086
:10F6E00000BD7746009811F099FCBE4600B5019820
:10F6F0000069029911F0B3FF00D007E00198029968
:10F700000161019801B400F011F801B0002000BDC2
:10F71000012C0BDA00B510F05DFE00F007F801B027
:10F7200000BD7746009811F079FCBE4600B50198FF
:10F7300040696F467760D8F7D3F96F467760D7F79F
:10F740003FFB6F467760D7F75DFC6F467760D8F771
:10F75000C7F9002800D078E00198006901B401469B
:10F7600005206F467760D8F74DF9002801D001B029
:10F7700015E0012000996F467760D8F743F900281B
:10F7800001D001B01DE0032000996F467760D8F7E3
:10F7900039F9002801D001B026E001BC35E001981C
:10F7A000406801B40298406901B45D2110F092FDF7
:10F7B00001B001B406BC02B404B4F5F7D6FD02B042
:10F7C00023E00198406801B40298406901B4BB216C
:10F7D000490010F07FFD01B001B406BC02B404B4CE
:10F7E000F5F7C3FD02B010E00198406801B402983B
:10F7F000406901B44A2110F06DFD01B001B406BCAE
:10F8000002B404B4F5F7B1FD02B00198806801B408
:10F810000298406801B4F6F712FE01B001B406BCCC
:10F8200002B404B4F4F7DFFA02B00198806801B4BE
:10F830000298406801B4F6F744FE01B001B406BC7A
:10F8400002B404B4F4F71FFA02B0002000BD0000B7
:10F8500000B501983521C90037687850002000BDF7
:10F86000032C0BDA00B510F083FF00F007F803B0AB
:10F8700000BD7746009811F0D1FBBE4600B5019857
:10F880000399C160019840680346029801B408B426
:10F89000F4F7F3FA02B0019840680346039801B404
:10F8A00008B4F4F73AFA02B00198806801B40298FB
:10F8B000406801B4F6F7C3FD01B001B406BC02B460
:10F8C00004B4F4F790FA02B00198806801B4029889
:10F8D000406801B4F6F7F5FD01B001B406BC02B40E
:10F8E00004B4F4F7D0F902B0002000BD022C0BDA0A
:10F8F00000B510F02EFE00F007F802B000BD77460C
:10F90000009811F08BFBBE4600B501980299416149
:10F91000019801B4FFF70AFF01B0002000BD00000C
:10F92000012C0EDA00B510F055FD00F00AF801B018
:10F9300000BD000034F602007746009811F06EFB1F
:10F94000BE4600B5019840696F467760D8F7C8F8A1
:10F95000002807D00198406901B45D2110F0BAFC7D
:10F9600001B001E03768F86C01B4029801B40020DE
:10F9700001B4029801B4F6F72FFE02B000270197F8
:10F9800001B401980099416003B0019840680346B2
:10F99000032001B408B401210902DF3110F034FD65
:10F9A00002B0019801B4029880690346002001B4B6
:10F9B00008B4F6F711FE02B001B401980099816015
:10F9C00002B0019880680346052001B408B4012103
:10F9D0000902DF3110F018FD02B001980521016124
:10F9E000002000BDD4B0010000000000F1F90200C9
:10F9F00000B5002001B46F467760D7F719FB00907F
:10FA0000CA486F467760D9F78FF901B4C84801B486
:10FA1000C84801B43768786E01B4039801B401F0A6
:10FA20006BF904B0019801B4019801B410F0D6FC50
:10FA30006F467760D7F70CFB03B0BC486F46776022
:10FA4000D9F772F901B4BC4801B4BC4801B43768B5
:10FA5000B86D01B4039801B401F04EF904B00198F7
:10FA600001B4019801B410F0B9FC6F467760D7F784
:10FA7000EFFA03B06F467760DFF73AFC11F07FFDD5
:10FA80006F467760D8F72CF8002839D0A7486F4622
:10FA90007760D9F749F901B4A94801B4A94801B47C
:10FAA0003768F86D01B4039801B401F025F904B08A
:10FAB000019801B4019801B410F090FC6F46776092
:10FAC000D7F7C6FA03B099486F467760D9F72CF993
:10FAD00001B49D4801B49D4801B43768386F01B442
:10FAE000039801B401F008F904B0019801B4019839
:10FAF00001B410F073FC6F467760D7F7A9FA03B032
:10FB00008A486F467760D9F70FF901B4904801B47D
:10FB1000904801B43768786F01B4039801B401F0DC
:10FB2000EBF804B0019801B4019801B410F056FC50
:10FB30006F467760D7F78CFA03B07C486F467760E2
:10FB4000D9F7F2F801B4844801B4844801B43768A5
:10FB5000F86E01B4039801B401F0CEF804B0019836
:10FB600001B4019801B410F039FC6F467760D7F703
:10FB70006FFA03B06D486F467760D9F7D5F801B4D6
:10FB8000774801B4774801B43768B86E01B4039878
:10FB900001B401F0B1F804B0019801B4019801B4C6
:10FBA00010F01CFC6F467760D7F752FA03B06F2055
:10FBB0008000376838586F467760D7F791FF002884
:10FBC0000AD06F2080003768385801B4019801B41A
:10FBD00000F004F902B0009054486F467760D9F7FE
:10FBE000A3F801B4604801B4604801B43768386EC6
:10FBF00001B4039801B401F07FF804B0019801B496
:10FC0000019801B410F0EAFB6F467760D7F720FA4D
:10FC100003B0009801B000BDD4B0010000000000A6
:10FC200025FC020000B501F043F801B410F0D3FC4C
:10FC30004F486F467760D6F75DFF01B001B410F012
:10FC4000A5FB4C496F467760D6F754FF01B000BD65
:10FC5000D4B00100000000005DFC020000B501F01E
:10FC600027F801B410F0B7FC43486F467760D6F729
:10FC700041FF01B001B410F089FB3E496F46776047
:10FC8000D6F738FF01B000BDD4B00100000000007D
:10FC900095FC020000B5072080013768385801B490
:10FCA00010F099FC35486F467760D6F723FF01B016
:10FCB00001B410F06BFB2F496F467760D6F71AFF3F
:10FCC00001B000BDD4B0010000000000D1FC020072
:10FCD00000B5072080013768385801B410F07BFC6C
:10FCE00027486F467760D6F705FF01B001B410F0E2
:10FCF0004DFB20496F467760D6F7FCFE01B000BD92
:10FD0000D4B00100000000000DFD020000B52D2060
:10FD1000C000376838586F467760D7F7E1FE002893
:10FD200001D0184800E0184800BD000088570400C2
:10FD3000500C030018FC02007407030050FC020082
:10FD40004C07030088FC0200D8000300C4FC02003A
:10FD50001400030000FD020004FF02008CFD0200FD
:10FD6000E8FE0200B4FD0200F0EE0200C8FD020051
:10FD7000588D0400908C04006C8D0400808D04006C
:10FD8000988D0400B08D0400C48D0400D4B001002F
:10FD90000000000099FD020000B500F01DF96F465B
:10FDA0007760D7F79DFE002801D0BC4800E0BC4832
:10FDB00000BD0000D4B0010000000000C1FD020041
:10FDC00000B5B84800BD0000D4B00100000000003C
:10FDD000D5FD020000B5B44800BD000000B500200C
:10FDE00001B401B401B401B401B401B401B46F466B
:10FDF0007760D7F71DF900900020019008980290D5
:10FE000001200390039801B403986F467760D7F7F9
:10FE100019F911F0B4FB01B4019800996F467760AD
:10FE2000D7F7B6FE02B000281ED0029801B404989D
:10FE300011F09BFB01B4019800996F467760D7F7EA
:10FE400011F902B00190009801B4029801B410F0C9
:10FE5000C5FA6F467760D7F7FBF802B00398032125
:10FE600011F000FB0390CDE70020029000200490E9
:10FE70000998059001200690069801B406986F46EF
:10FE80007760D7F7DFF811F07AFB01B40198009999
:10FE90006F467760D7F77CFE02B000281ED0059829
:10FEA00001B4079811F061FB01B4019800996F4605
:10FEB0007760D7F7D7F802B00490009801B405989E
:10FEC00001B410F08BFA6F467760D7F7C1F802B033
:10FED0000698032111F0C6FA0690CDE700200590A0
:10FEE000009807B000BD0000D4B001000000000081
:10FEF000F5FE020000B56F467760DAF773F900206F
:10FF000000BD0000D4B001000000000011FF02009D
:10FF100000B500F061F86F467760D7F7E1FD002883
:10FF200007D0002001B40A2001B400F011F802B09B
:10FF30000BE0002001B4422001B400F009F802B047
:10FF40005A4801B4F0F764F801B0002000BD000089
:10FF500000B5019801B419200001376838586F4680
:10FF60007760D7F7BDFD6F467760D6F729FF6F46FC
:10FF70007760D7F747F86F467760D7F7B1FD6F46E0
:10FF80007760D6F71DFF6F467760D7F73BF801B46F
:10FF90000198009911F077FB02B010D001986F46DC
:10FFA0007760D7F79DFD002804D06F467760D7F7BC
:10FFB0003FF800E0002019210901376878500298C5
:10FFC000002111F074FB04D002983321C900376876
:10FFD0007850002000BD000000B5192000013768EE
:10FFE00038586F467760D7F77BFD6F467760D6F756
:10FFF000E7FE6F467760D7F705F86F467760D7F76B
:020000040003F7
:100000006FFD6F467760D6F7DBFE6F467760D6F7F9
:10001000F9FF00BDD4B00100000000002100030082
:1000200000B52D20C000376838586F467760D7F785
:1000300057FD6F467760D6F7C3FE6F467760D6F7F9
:10004000E1FF2D21C900376878502D20C0003768A6
:1000500038586F467760D7F743FD6F467760D6F71D
:10006000AFFE6F467760D6F7CDFF01B46F4677607D
:10007000D7F700FD002802D1009801B006E00098F3
:10008000009801B05B208000376838586F46776071
:10009000D7F726FD00280BD11BE00000D88D040007
:1000A000EC8D0400008E04000C8E0400488D0400CA
:1000B0005B2080003768385801B46F467760D6F708
:1000C000D9FC01B406BC04B402B4019810F0E4FEFB
:1000D00002B0002000BD0000D4B00100000000000C
:1000E000E500030000B507208001376838580B2170
:1000F00011F0B8F901B400F003F801B0002000BD20
:1001000000B5019801B484203768385801B400F074
:10011000FBFA02B0072080013768385801B4C148A3
:1001200001B400F003F802B0002000BD00B56F4636
:100130007760D6F77DFF01B401B4049801B401984B
:1001400000996F467760D6F783FF02B0029801B43A
:10015000019801B400F00CF801B00027019701B438
:1001600006BC02B404B400F0AFFA03B0002000BD36
:1001700000B5002001B401B401B401B401B401B46C
:1001800001B401B401200090002001900998029070
:1001900001200390039801B403986F467760D6F767
:1001A00051FF11F0ECF901B4019800996F467760A6
:1001B000D7F7EEFC02B0002825D0029801B40498CD
:1001C00011F0D3F901B4019800996F467760D6F722
:1001D00049FF02B00190009801B4029801B402985E
:1001E00001B4062001B400F061F803B001B4019835
:1001F000009911F037F902B000900398032111F033
:1002000031F90390C6E700200290009801B410F085
:100210001CF86F467760D5F7A9FD01B00490012066
:1002200000900020059009980690012007900798FB
:1002300001B407986F467760D6F704FF11F09FF975
:1002400001B4019800996F467760D7F7A1FC02B01E
:10025000002825D0069801B4089811F086F901B459
:10026000019800996F467760D6F7FCFE02B00590C2
:10027000009801B4069801B4029801B4079801B43B
:1002800000F014F803B001B40198009911F0EAF8F5
:1002900002B000900798032111F0E4F80790C6E738
:1002A00000200690049808B000BD000000B50020B2
:1002B00001B401B40120000297300090059801B408
:1002C000069801B4012111F015F901B001B40198AB
:1002D00000996F467760D7F797FB02B001B46F467D
:1002E0007760D7F7C7FB002802D0009801B012E072
:1002F0000098009801B0059801B4069801B4012156
:1003000011F00EF901B001B4019800996F467760C1
:10031000D7F77AFB02B06F467760D7F7E1FB00288A
:1003200072D0059801B400993D2040426F46776035
:10033000D7F742FC01B001B46F467760D7F79AFB5C
:10034000002802D1009801B00AE00098009801B09E
:10035000059801B4FF216F467760D7F72DFC01B0F7
:100360006F467760D7F7BCFB002814D003986F4620
:100370007760D7F7B5FB00280AD0039801B4059839
:1003800001B4079801B410F073FE0FF056FD03B0EE
:10039000032072E038E00120059911F024F91AD009
:1003A000059801210902FF3111F01DF904D0012047
:1003B0000002993000900DE005981B4911F013F9E7
:1003C00004D0012000029B30009003E001200002D5
:1003D0009D30009018E0FD204042059911F003F98E
:1003E00004D001200002A13000900DE00F480599D3
:1003F00011F0F9F804D001200002A330009003E0CE
:1004000001200002A5300090009801B400F0F0F83F
:1004100001B0019003986F467760D7F761FB002821
:1004200006D122E0348D0400FFFF01000300FFFF2E
:10043000039801B4059801B4029801B410F018FEB5
:100440000FF0FBFC03B0039801B4029801B40698C6
:10045000032111F007F801B4089801B410F013FE5D
:100460006F467760D5F73CFD04B0019801B400F009
:1004700007F801B0032110F0F5FF02B000BD000045
:1004800000B5019801B400F003F801B000BD000010
:1004900000B5019801B4014603206F467760D7F795
:1004A000B1FA002801D001B097E0052000996F460D
:1004B0007760D7F7A7FA002801D001B08DE00D20B2
:1004C00000996F467760D7F79DFA002801D001B0F8
:1004D00083E00F2000996F467760D7F793FA0028E2
:1004E00001D001B079E0072000996F467760D7F717
:1004F00089FA002801D001B071E0092000996F4607
:100500007760D7F77FFA002801D001B067E01120AB
:1005100000996F467760D7F775FA002801D001B0CF
:100520005DE0132000996F467760D7F76BFA0028DB
:1005300001D001B053E00B2000996F467760D7F7E8
:1005400061FA002801D001B04BE0152000996F46F8
:100550007760D7F757FA002801D001B041E01920A1
:1005600000996F467760D7F74DFA002801D001B0A7
:1005700037E0172000996F467760D7F743FA0028D5
:1005800001D001B02DE01F2000996F467760D7F7AA
:1005900039FA002801D001B023E01B2000996F46F2
:1005A0007760D7F72FFA002801D001B019E0212099
:1005B00000996F467760D7F725FA002801D001B07F
:1005C00011E01D2000996F467760D7F71BFA0028CD
:1005D00001D001B007E001BC07E0032006E00520E0
:1005E00004E0092002E0112000E0012000BD00002D
:1005F00000B5019801B401460120000297306F4612
:100600007760D7F7FFF9002801D001B049E0012059
:100610000002993000996F467760D7F7F3F9002808
:1006200001D001B03FE0012000029B3000996F46ED
:100630007760D7F7E7F9002801D001B035E0012055
:1006400000029D3000996F467760D7F7DBF90028EC
:1006500001D001B02BE001200002A13000996F46CB
:100660007760D7F7CFF9002801D001B021E0012051
:100670000002A33000996F467760D7F7C3F90028CE
:1006800001D001B017E001200002A53000996F46AB
:100690007760D7F7B7F9002801D001B00DE001BCB1
:1006A0000DE021200EE00F200CE013200AE01920BD
:1006B00008E00D2006E0112004E0152002E00620ED
:1006C00000E0002000BD000000B5019801B40398CF
:1006D00001B410F0EFFC6F467760DFF781FD02B0E8
:1006E00010F04DFF6F467760D7F7FAF9002809D070
:1006F0006F467760DFF7D0FD7320C0006F467760EC
:10070000D6F732FD002000BD00B50298012110F09F
:10071000D6FE01B4C92001B4152001B4F5F772FC6E
:1007200003B00290029807218901376878500720AA
:1007300080013768385801B40FF087FD6F46776045
:10074000DEF7E8FD01B0002000BD0000D4B00100DC
:10075000000000005907030000B50720800137683A
:1007600038580B2110F08EFE01B4FFF7C9FC01B020
:10077000002000BDD4B0010000000000810703008C
:1007800000B5002001B401B401B400F091FA00906A
:10079000009801B441216F467760D6F76BFF01B036
:1007A00001900098412110F05DFE019910F06AFE61
:1007B0000290029801B400F005F801B0002003B0E7
:1007C00000BD000000B5019801B400F019FA01B0B5
:1007D00003200002E93001B403200002713001B4AB
:1007E00000F00AF802B0019801B4AF4801B4FFF775
:1007F0009DFC02B0002000BD00B5002001B46F4692
:100800007760D6F78DFC01B401B405996F46776027
:10081000D6F784FC01B001BC039003986F46776063
:10082000D6F77AFC012110F006FF05D003989F4906
:100830006F467760D6F772FC03986F467760D6F7FD
:100840006BFC0F210902A13110F0CDFE19D00298E6
:1008500001B404986F467760D6F75EFC01B406BC1D
:1008600002B404B4012001B400F0E0F803B003982E
:100870006F467760D6F750FC01B402F081FB01B0FF
:1008800030E07120800037683858032110F0EAFD0D
:1008900001B4712189003768785001BC00900320B1
:1008A00083496F467760D8F711FA01B40021019AA5
:1008B0006F467760D6F73EFC00980121049A6F4698
:1008C0007760D6F737FC00980221039A6F4677606D
:1008D000D6F730FC00980FF0B3FC6F467760D5F781
:1008E000BDFB01B0002001B000BD0000D4B001008C
:1008F00000000000F908030000B5002001B401B4B5
:1009000001B401B46F467760D5F798FB10F037FE5D
:100910000090E86801B4712080003768385801B44D
:10092000019800996F467760D7F76EF802B001B46E
:100930006F467760D7F79EF8002802D1009801B083
:100940000EE00098009801B028696F467760D6F7EE
:10095000E3FB01B401216F467760D7F761F901B07D
:100960006F467760D7F7BCF800285CD06F46776099
:10097000D5F764FB10F003FE01900098019910F088
:1009800081FD029028696F467760D6F7C5FB034664
:1009900003200002E93001B408B4EEF729FA02B0EE
:1009A0000390286901B428696F467760D6F7B4FBD5
:1009B000049910F067FD01B4019800996F467760C3
:1009C000D6F7ACFB02B00098039910F04BFD0090F5
:1009D0000298032110F056FD0346039801B468699C
:1009E00001B408B400F022F803B028696F467760BC
:1009F000D6F792FB012110F01EFE08D00298039951
:100A000010F030FD01B402F0BBFA01B00AE0029828
:100A1000039910F027FDC92110F034FD01B402F054
:100A2000AFFA01B075E7002004B000BD00B50020AA
:100A300001B40C206F467760D5F798F900900098C4
:100A400001B4059801B4059801B400F031F901B47E
:100A50001EBC039801B402B404B4072001B4012001
:100A60000002FF3001B401200002FF3001B408B4DD
:100A7000012001B410B400F00FF809B0029801B4DD
:100A8000019801B410F021FB6F467760DAF71AFA8B
:100A900002B0002001B000BD00B50398012110F0A4
:100AA0008EFD07D19CE00000248D040001B84C0AA3
:100AB000EC080300019801B4039801B4089801B44C
:100AC00010F010FB02216F467760D5F709FA03B0EA
:100AD000019801B40398032110F0C4FC01B410F094
:100AE0007FF9022101236F467760D5F7F9F902B04B
:100AF000019801B40398052110F0B4FC01B40998E1
:100B000001B410F0EFFA04216F467760D5F7E8F9E9
:100B100003B0019801B40398092110F0A3FC01B4BB
:100B2000059801B410F0DEFA04216F467760D5F71E
:100B3000D7F903B0019801B403980D2110F092FC8D
:100B400001B4069801B40B9801B4019800996F465E
:100B50007760D6F74DFD02B001B40D2110F0F4FC22
:100B600001B001B410F0BEFA04216F467760D5F7EA
:100B7000B7F903B0019801B40398112110F072FC89
:100B800001B4079801B40B9801B4019800996F461D
:100B90007760D6F72DFD02B001B40D2110F0D4FC22
:100BA00001B001B410F09EFA04216F467760D5F7CA
:100BB00097F903B0019801B40398152110F052FC85
:100BC00001B40B9801B410F08DFA04216F467760E0
:100BD000D5F786F903B00298192110F043FC029072
:100BE000019801B4039801B410F0FAF8022101232E
:100BF0006F467760D5F774F902B0029800BD000027
:100C000000B50198012110F05AFC01B40120000246
:100C1000FF3001B4012001B4F5F7F4F903B0392134
:100C2000C900376878503920C0003768385801212A
:100C300010F0C5FC01D0032000E0012001B40FF04A
:100C400004FB6F467760DAF7D3F801B0002000BDEF
:100C5000D4B00100000000005D0C030000B50020CE
:100C600001B401B401B400F023F80090009801B47D
:100C700041216F467760D6F7FDFC01B001900198E5
:100C80006F467760D6F72CFF002801D0019800E06E
:100C9000412001B4019802BC10F0F4FB02900298CC
:100CA00001B4FFF78FFD01B0002003B000BD0000CC
:100CB00000B500F005F83920C0003768385800BD8D
:100CC00000B53920C00037683858062110F0C7FC3D
:100CD00010D001203921C900376878503B2080218D
:100CE0006F467760D6F7DAF910F049FC01B4FFF7E8
:100CF00087FF01B0002000BD7746009810F08EF904
:100D0000BE4600B501980299816101980399C161BD
:100D1000019804990162002000BD00007746009808
:100D200010F06EF9BE4600B501980299C1610398B2
:100D300001B46F467760D6F79DFE002802D0009878
:100D400001B019E00098009801B03768F86C01B460
:100D50000FF0B7FA6F467760DAF7CCFC01B010F00D
:100D60000EFC0346002001B4002001B4072001B4AA
:100D700008B400F011F804B001B4029802BC81601C
:100D800001980121016101980121816101980121EE
:100D90004161002000BD000000B5002001B48420A6
:100DA0003768385801B40FF08CFA6F467760DAF77D
:100DB000A1FC01B010F0E3FB01B40398049910F01A
:100DC00051FB01B40FF0F6FA6F467760D6F72CF9B5
:100DD00002B010F0D4FB0090049801B46F46776025
:100DE000D6F748FE002802D0009801B006E000982F
:100DF000009801B047208000376838580490059863
:100E000001B46F467760D6F735FE002802D000980F
:100E100001B007E00098009801B0049801B400F018
:100E2000C5F801B005906F467760D6F7ABF901B40D
:100E30007321049A6F467760D6F72AFA00987421D6
:100E4000039A6F467760D6F723FA00987521019AC6
:100E50006F467760D6F71CFA84203768385801B49B
:100E60000FF02FFA6F467760DAF744FC01B010F00C
:100E700086FB01B4029801B4059801B40198009969
:100E80006F467760D6F7B4FB02B001B40398032134
:100E900010F0F8FA01B4079801B4019800996F4670
:100EA0007760D6F7A5FB02B001B40198009910F065
:100EB000D9FA02B001B40198009910F0E3FA02B037
:100EC00001B4032110F040FB01B00246009801215B
:100ED000090237316F467760D6F7DAF90098E421D6
:100EE000059A6F467760D6F7D3F90098D921069A0C
:100EF0006F467760D6F7CCF9069801B47A210FF0E7
:100F0000E9F901B0052110F0ADFA049910F0AAFA40
:100F10000246009876216F467760D6F7B9F98420AB
:100F20003768385801B40FF0CCF96F467760DAF7BC
:100F3000E5FB01B010F023FB01B4069801B47A215F
:100F40000FF0C8F901B001B40198009910F09AFAB5
:100F500002B0052110F096FA02460098E5216F468E
:100F60007760D6F795F90098DA21B94A6F4677602D
:100F7000D6F78EF90098BB21490037683A6D6F4665
:100F80007760D6F785F900984A2137687A6D6F4601
:100F90007760D6F77DF900985D213768FA6C6F4667
:100FA0007760D6F775F901BC01B000BD00B505202A
:100FB00001B4029801B4F8F7E1FB02B000BD0000F3
:100FC00000B5002001B401F07BFE009000F0A8F80D
:100FD00000F072F86D208000376838586F467760EF
:100FE000D6F77EFD6F467760D5F7EAFE6F467760ED
:100FF000D6F708F86F467760D6F772FD002807D05D
:101000006F467760D6F714F86D21890037687850FD
:101010006D2080003768385801B459208000376847
:10102000385801B40FF0DAF96F467760D6F710F848
:1010300002B0422001B4F8F753FE01B073208000E3
:10104000376838586F467760D6F74AFD002815D0C4
:10105000012080496F467760D7F738FE01B4002140
:10106000019A6F467760D6F765F800987320800084
:101070003768385801B4EEF7BFFE02B0002001B067
:1010800000BD0000D4B0010000000000911003007A
:10109000012C06DA00B50FF09DF900F002F801B05E
:1010A00000BD00B5019801B4E86801B401980FF0E3
:1010B000F3FE02B0002000BD00B5002001B4FEF731
:1010C000C3F9009000986F467760D6F709FD0028B5
:1010D00008D0614801B4019801B4EEF78DFE02B06A
:1010E000FEF700F8002001B000BD0000D4B0010000
:1010F00000000000F9100300012C06DA00B50FF023
:1011000069F900F002F801B000BD00B50A2001B491
:10111000029801B4FEF73BF902B00A2000BD0000BE
:1011200000B5002001B4FEF78FF9009000986F46DB
:101130007760D6F7D5FC002808D0484801B401985C
:1011400001B4EEF759FE02B0FDF7CCFF002001B06C
:1011500000BD0000D4B001000000000061110300D8
:10116000012C06DA00B50FF035F900F002F801B0F5
:1011700000BD00B5019801B400F00DF801B00020E9
:1011800000BD0000012C0BDA00B50FF023F900F0D0
:1011900007F801B000BD774600980FF09EFDBE46EF
:1011A00000B5019800210162002000BD00B50020BB
:1011B00001B42B4801B400F013F801B0009000987E
:1011C000002110F074FA08D0009801B48420376828
:1011D000385801B4FFF798FA02B0002001B000BD02
:1011E00000B5002001B401B4039801B40FF0CEF8AB
:1011F0006F467760DFF72AF801B0009000986F46DD
:101200007760D6F76DFC6F467760D5F7D9FD6F46EE
:101210007760D5F7F7FE6F467760D6F761FC002858
:1012200002D0002043E041E0012001B4019801B464
:1012300000F040F802B00190019801B46F46776069
:10124000D6F718FC00280DD1009801B01FE000006F
:10125000188E040084100300EC10030054110300E6
:10126000348D04000098009801B0019801B40FF08B
:1012700015F86F467760D5F7E5FE01B010F07FF9FD
:1012800001B403216F467760D6F7BAFC01B06F4610
:101290007760D6F725FC002806D0019801B401211B
:1012A0000EF0A5FD01B002E0002000E0002002B039
:1012B00000BD000000B5002001B401B401B46F46C8
:1012C0007760D5F7B5FE0090059801B4059801B494
:1012D0000EF0D1FF6F467760D4F758FC01B010F0E4
:1012E0004EF901B40198009910F055F902B000D1FF
:1012F00097E0059801B4032110F0B4F80690059822
:1013000001B4019801B4019800990EF047FD03B0B3
:1013100001B4FFF76DF901B001900198062110F0BA
:101320009EF943D0049801B40698032110F0AAF85E
:1013300001B40FF055FD06216F467760D4F76EFEBD
:1013400002B00290029801B400993D2040426F46DD
:101350007760D6F731FC01B001B46F467760D6F7FD
:1013600089FB002802D1009801B00AE0009800989B
:1013700001B0029801B4FF216F467760D6F71CFCDC
:1013800001B06F467760D6F7ABFB00280BD0009812
:1013900001B4039801B40FF021F86F467760D5F7D8
:1013A00057FE02B001E006203CE024E0009801B4C2
:1013B000059801B4039801B4089801B40FF01DFD1D
:1013C0006F467760D4F72AFE03B001B40FF006F839
:1013D0006F467760D5F73CFE02B0059801B40298DD
:1013E00001B4FFF74DF801B001B40198009910F075
:1013F00039F802B00590049801B4069801B4019838
:1014000000990EF0CBFC02B001210902833110F0EB
:1014100026F905D00598032110F024F80590EAE795
:1014200052E7009803B000BD00B5002001B4C448E5
:1014300001B4FFF7D5FE01B000900098002110F034
:1014400036F904D0009801B4FFF7DAFB01B00020B0
:1014500001B000BD774600980FF053FEBE4600B5C0
:10146000019801B400F012F801B0002000BD0000A6
:10147000012C0BDA00B50EF0ADFF00F007F801B05B
:1014800000BD774600980FF03CFEBE4600B50198BF
:101490000121416001981D21090137687958816057
:1014A00001987521890037687958C160019801B4A5
:1014B0003B20C0003768385801B400F03FF801B055
:1014C00001B401980099416102B0019801B47720FC
:1014D00080003768385801B400F030F801B001B42A
:1014E00001980099016102B001980A21C161019837
:1014F0000A218161019893490162019892494162F0
:1015000001989249816201980A21C16201980A21D9
:10151000016301980A21416301980A218163002037
:1015200000BD0000774600980FF0F9FDBE4600B5FB
:10153000019802994160002000BD000000B5844878
:101540006F467760D7F7F0FB01B4029801B40198B9
:1015500001B400F003F802B001BC00BD774600986A
:101560000FF0EBFDBE4600B50198029981600020A6
:10157000002000BDD4B00100000000008115030070
:10158000022C06DA00B50EF0E4FF00F002F802B01B
:1015900000BD00B5002001B401B401B401B401B430
:1015A000069801B40EF08DFE6F467760DAF7A2F868
:1015B00001B00FF0E4FF01B4079801B40EF081FE12
:1015C0006F467760DAF79AF801B00FF0D8FF01B4F0
:1015D000019800996F467760D6F70AF802B001B417
:1015E0000B210FF0B1FF01B0009001200190019894
:1015F00000990FF0D0FF6DD0079801B4079801B49F
:101600000EF05FFE6F467760DAF774F801B00FF006
:10161000B6FF03210FF036FF01B406BC02B401206F
:1016200001B404B4F4F709FD03B00290079801B4C3
:10163000079801B40EF045FE6F467760DAF75EF862
:1016400001B00FF09CFF07210FF01CFF01B406BC96
:1016500002B4012001B404B4F4F7EFFC03B003902A
:10166000069801B4039801B4059801B40FF0F1F89D
:101670006F467760DAF77EF803B00FF080FF0490D2
:10168000069801B4039801B4059803210FF0EAFE0F
:1016900001B4079801B40FF0E7FA6F467760DAF704
:1016A0004BF804B0069801B4039801B405980521DD
:1016B0000FF0D8FE01B4079801B40FF0D5FA6F46C9
:1016C0007760DAF739F804B0019803210FF0CAFE09
:1016D00001908CE7002005B000BD0000D4B00100EF
:1016E00000000000E9160300022C06DA00B50EF037
:1016F00030FF00F002F802B000BD00B5002001B4D8
:1017000014486F467760D7F70FFB01B4039801B414
:1017100001210902CD310EF0DDFD01B06F46776089
:10172000D6F7DEF9002808D0039801B40121090298
:10173000CD310EF0CFFD01B00EE021200CE0000015
:10174000248D0400EC8C0400FC8C0400148D040037
:10175000BC5904003C5D040001B4212001B401988F
:1017600001B4039801B400F033FF04B001BC009051
:101770003D2001B4019801B400F015FF02B0C54846
:101780006F467760D7F7D0FA01B4019801B4059895
:1017900001B4059801B4039801B400F005F804B051
:1017A00001BC01B000BD0000774600980FF095FA2B
:1017B000BE4600B5002001B401B4012001B4049874
:1017C00001B4F4F711F802B000F020FBFDF73CFE85
:1017D0000090009801B40EF061FD6F467760D5F778
:1017E00031FC01B00FF0CBFE0F2149013768795869
:1017F0000FF00DFF14D0009801B400F079FA01B099
:10180000009801B400F068FA01B00190019801B4A9
:10181000FFF7C1FC01B0019801B400F03CFA01B03F
:1018200003980121C161059801B4049801B400F046
:101830000BFA02B0012001B4012001B4059801B4F3
:1018400000F0D8F903B0049801B4049801B400F092
:10185000BDF902B003980021816103980121016163
:1018600003980121C160069801B46F467760D6F7EE
:1018700001F9002802D0009801B006E00098009815
:1018800001B0792080003768385801B4049801B459
:1018900000F080F902B0009801B4049801B40EF091
:1018A0009DFD6F467760D5F7D3FB02B0422001B4AF
:1018B000049801B4FDF770FD02B0002002B000BD35
:1018C000774600980FF047FCBE4600B5002000F0B8
:1018D00099F8029801B4029801B400F069FE02B0D0
:1018E000049801B4049801B4039801B400F012F80C
:1018F00003B0002000BD0000032C0BDA00B50EF091
:1019000037FF00F007F803B000BD774600980FF0EE
:1019100022FCBE4600B5019801B4039801B40598B5
:1019200001B403210FF010FE01B001B40198009939
:101930000FF0A8FD02B001B400F034F801B001B41A
:101940003D20C0003768385801B4019800996F46AF
:101950007760D5F779FE02B001210FF0B0FD01B438
:1019600001980099816002B0019801B4049801B413
:1019700000F018F801B001B43D20C00037683858B5
:1019800001B4019800996F467760D5F75DFE02B00B
:1019900001210FF094FD01B401980099C16002B0DB
:1019A000002000BD00B5019801210FF0F4FD15D015
:1019B000019801B4FDF7BCF801B001B4022109029D
:1019C000D1316F467760D5F755FE01B00146022050
:1019D0000002D1300FF056FD01900AE0019801B4E9
:1019E00002210902D1316F467760D5F743FE01B07D
:1019F0000190019801B428496F467760D5F7F8FD4A
:101A000001B000BD00B57B208000376838586F46B4
:101A10007760D6F765F86F467760D5F7D1F96F46EE
:101A20007760D5F7EFFA6F467760D6F759F8002858
:101A300011D0C92001B400F05BF801B07B2189000E
:101A400037687850C92001B400F008F801B01F21B0
:101A5000090137687850002000BD000000B5002063
:101A600001B401B401B46F467760D5F7E1FA009094
:101A7000049801B4009909486F467760D5F7E4FDF2
:101A800001B0019001200290029804990FF083FDAB
:101A900006D12AE0504404007492040068920400C5
:101AA000009801B4039801B4039801B40198009917
:101AB0006F467760D5F79CFD02B001B46F46776042
:101AC000D7F706FC01B001B400F024FF01B001B467
:101AD0000EF084FC6F467760D5F7BAFA02B0029830
:101AE00003210FF0BFFC0290CEE7009803B000BDC9
:101AF00000B5002001B401B401B46F467760D5F79A
:101B000097FA0090049801B40099BC486F4677603A
:101B1000D5F79AFD01B00190012002900298049936
:101B20000FF039FD24D0009801B4039801B4039854
:101B300001B4019800996F467760D5F759FD02B05E
:101B400001B46F467760D7F7B9FB01B001B400F07C
:101B5000E1FE01B001B40EF041FC6F467760D5F7AD
:101B600077FA02B0029803210FF07CFC0290D5E7CF
:101B7000009803B000BD0000022C0BDA00B50EF097
:101B8000E8FC00F007F802B000BD774600980FF0BF
:101B9000A4F8BE4600B502986F467760D5F7A0FF5F
:101BA000002802D001980299C162002000BD000007
:101BB000022C0BDA00B50EF0CCFC00F007F802B0F6
:101BC00000BD774600980FF088F8BE4600B5019832
:101BD00002994161002000BD032C0BDA00B50EF024
:101BE000C7FD00F007F803B000BD774600980FF07E
:101BF00074F8BE4600B5019801B4039801B400F032
:101C000089FE01B001B401980099016302B0019806
:101C100001B4049801B400F07DFE01B001B4019854
:101C20000099416302B0002000BD0000022C0BDAD5
:101C300000B50EF08EFC00F007F802B000BD77464C
:101C400000980FF04AF8BE4600B5019801B4039819
:101C500001B4009907200002D1306F467760D5F7B4
:101C6000F3FC01B001B46F467760D5F7C3FD01B056
:101C700001B401980099816202B00198012141628A
:101C8000002000BD012C0BDA00B50EF0A3FB00F024
:101C900007F801B000BD774600980FF01EF8BE4669
:101CA00000B50A2001B4029801B4FDF775FB02B03B
:101CB000019801B401B40198C06905210FF0FFFB40
:101CC00001B401980099C16103B0019801B4FDF716
:101CD0005DFA01B0002000BD00B5019801B40EF01E
:101CE000DDFA00216F467760D5F7C8F901B000BD75
:101CF00000B5434801B4029801B4F9F78BF802B07B
:101D0000002000BDD4B0010000000000111D030040
:101D1000022C06DA00B50EF01CFC00F002F802B04E
:101D200000BD00B501980EF0D8FFC06801B403985B
:101D30000EF0D3FFC06801B4019800990FF0A2FB28
:101D400002B001B46F467760D5F794FE002802D048
:101D5000009801B011E00098009801B001980EF0D1
:101D6000BCFF806801B403980EF0B7FF806801B42F
:101D7000019800990FF086FB02B000BDD4B00100BD
:101D800000000000891D030000B5002001B400F030
:101D900017F8009000981B490FF025FC02D0112085
:101DA0000BE009E0009818490FF01DFC02D021203B
:101DB00003E001E0652000E0002001B000BD00006C
:101DC00000B5CD2000216F467760D5F767F90FF099
:101DD000D6FB01B46F467760D5F74CFE002802D0E1
:101DE000009801B008E00098009801B06F46776055
:101DF000D7F7FAFC0FF0C3FB00BD000068920400A7
:101E0000041D0300012003000140060000B500206E
:101E100001B400F055FF009000980EF0BDFA806C00
:101E20006F467760D5F75CFE002800D024E000986C
:101E300001B46F467760D5F7FBF801B401980099BB
:101E40000EF0AAFA816402B06F467760D4F7F6F814
:101E50000FF095FB7D21890037687850C24801B4A6
:101E600000F076FB01B0C14801B401200002F5305A
:101E700001B400F005F802B0002001B000BD000080
:101E800000B5002001B403986F467760D5F728FEAF
:101E90006F467760D4F794FF6F467760D5F7B2F856
:101EA00001B46F467760D5F7E5FD002802D00098B1
:101EB00001B00AE00098009801B0029801B4012135
:101EC0006F467760D5F78AFE01B06F467760D5F729
:101ED00007FE002800D02FE06F467760D5F720F985
:101EE0000090009801216F467760D5F717F903201D
:101EF0009F496F467760D6F7E9FE01B40021019A49
:101F00006F467760D5F716F900980121039A6F465E
:101F10007760D5F70FF900980221049A6F46776031
:101F2000D5F708F9F7F7CEFE03460098272001B44D
:101F300008B4FAF72AFD03B0002001B000BD00008C
:101F4000D4B00100000000004D1F030000B50020C8
:101F500001B400F0B5FEC06D0090E8686F46776090
:101F6000D5F7DAF800990FF03EFB12D0E86801B41B
:101F7000019829690FF076FA01B4019800996F462B
:101F80007760D5F7CBF802B0686901B40EF0E0F9DC
:101F900001B0002001B000BD012C0BDA00B50EF03D
:101FA00019FA00F007F801B000BD774600980EF06E
:101FB000F3F9BE4600B50198C06D00BDD4B0010074
:101FC00000000000C91F030000B5002001B401B4E7
:101FD00001B401B4FDF738FA009000986F467760BD
:101FE000D5F77EFD6F467760D4F7EAFE6F467760DF
:101FF000D5F708F86F467760D5F772FD002800D056
:1020000044E0009801B4FFF773FE01B06F467760BB
:10201000D4F714F80FF0B3FA019001987D218900EC
:10202000376879580FF02EFA029001987D218900C7
:102030003768785001200390039801B4019801B4E7
:102040000EF02CF96F467760D4F7FCFF01B00FF06B
:1020500096FA01B4019800990FF09DFA02B015D0DC
:10206000009801B4049801B4019800990DF0BFFEE6
:1020700002B00346029801B408B400F014F802B0AC
:10208000039803210FF0EEF90390D5E7002004B088
:1020900000BD0000022C0BDA00B50EF05AFA00F079
:1020A00007F802B000BD774600980EF016FEBE4657
:1020B00000B5002001B401B401B4049801B401B426
:1020C0000198406A07990FF0DDF901B40198009971
:1020D000416203B00498806900210FF0E8FA1BD038
:1020E000049801B401B40198806907990FF0CAF906
:1020F00001B401980099816103B0049880690121BD
:102100000FF071FA07D0049800218161049801B49E
:10211000FFF7C6FD01B045E00498406901B46F4681
:102120007760D5F7A7FC002802D1009801B010E035
:102130000098009801B00498406901B4BE210EF0E7
:10214000C9F801B001B400216F467760D5F7BEFB36
:1021500001B001B46F467760D5F78CFC002809D137
:10216000009801B013E00000BC1F0300D8F002008B
:10217000401F03000098009801B00498406901B422
:10218000BE210EF0A7F801B005210FF08BF96F46C4
:102190007760D5F7A5FC002804D004980521090232
:1021A000DD3181610498406A01B401216F46776096
:1021B000D5F714FD01B001B46F467760D5F75AFC2E
:1021C000002802D1009801B007E00098009801B003
:1021D000049801B4FDF718F901B06F467760D5F7A0
:1021E0007FFC002845D0049801B401B40198406AEE
:1021F00001B40798806A01B4019800990FF032F990
:1022000002B00027019701B401980099416203B020
:102210000498C06A01B40598406901B406BC02B4D0
:1022200004B424210EF0A7FF02B0009000986F467E
:102230007760D5F755FC6F467760D4F7C1FD6F46E0
:102240007760D4F7DFFE6F467760D5F749FC00284A
:1022500000D0A7E7009801B40598006A01B401987E
:1022600000990EF0F7FE816102B0049800990162B6
:1022700098E70498006A6F467760D5F731FC6F469F
:102280007760D4F79DFD6F467760D4F7BBFE6F464D
:102290007760D5F725FC002800D071E00498006A2B
:1022A0000190049801B401B40198006907990FF0F6
:1022B000D9F801B401980099016103B0049800694C
:1022C00001B400F027FB01B0029002986F467760DE
:1022D000D5F706FC002834D001980EF0BBFE40690B
:1022E00001210FF06CF91AD0019801B401B40198E2
:1022F0000EF0B0FE406907990FF0C4F801B40198E0
:1023000000990EF0A7FE416103B0029801B4029853
:1023100001B4069801B434210EF08EFA03B001988E
:102320000EF098FE806901B4029001BC6F467760A0
:10233000D5F7D6FB002800D0CEE704980121016133
:102340001EE0019801B401B401980EF083FE4069CB
:1023500007990FF097F801B4019800990EF07AFEF2
:10236000416103B001980EF075FE806901B40290DE
:1023700001BC6F467760D5F7B3FB002800D0E0E7DB
:10238000002003B000BD0000032C0BDA00B50EF0F6
:10239000EFF900F007F803B000BD774600980EF0A3
:1023A0009CFCBE4600B5039801B415210FF0CCF893
:1023B00001B00390029801B403980EF04BFEC06880
:1023C00001B40398006B0346059801B408B4EFF715
:1023D00029FB02B001B4019802BC01B00FF042F831
:1023E00001B4019800990EF035FEC16002B0029868
:1023F00001B403980EF02EFE006901B40398406BFF
:102400000346059801B408B4EFF70CFB02B001B421
:10241000019802BC01B00FF025F801B401980099B1
:102420000EF018FE016102B0029801B403980EF09C
:1024300011FE406801B404980EF00CFEC06803461B
:10244000059801B408B4EFF7EDFA02B001B40198B1
:1024500002BC01B00FF006F801B4019800990EF02B
:10246000F9FD416002B0029801B403980EF0F2FD4C
:10247000806801B404980EF0EDFD006903460598EC
:1024800001B408B4EFF7CEFA02B001B4019802BC6F
:1024900001B00EF0E7FF01B4019800990EF0DAFDEB
:1024A000816002B0002000BD022C0BDA00B50EF0F6
:1024B00050F800F007F802B000BD774600980EF023
:1024C0006CFEBE4600B5002001B4A4486F4677609C
:1024D000D6F72AFC0090009801B4049801B40121B9
:1024E0000902D5310DF0F6FE01B001B400F012FA88
:1024F00001B001B4019800990EF0ACFD416002B04A
:10250000009801B4049801B4ED2149000DF0E2FEF9
:1025100001B001B400F0FEF901B001B401980099D6
:102520000EF098FD816002B0009801210EF092FD3E
:10253000C160009801210EF08DFD0161009803211A
:102540000902E9310EF086FD4161009801B000BD3D
:1025500000B501986F467760D5F7C2FA6F4677608D
:10256000D4F72EFC6F467760D4F74CFD6F4677604A
:10257000D5F7B6FA002800D00AE0F7F7A3FB034628
:10258000019801B4292001B408B4FAF7FEF903B0A8
:10259000002000BD022C0BDA00B50DF0DAFF00F0D0
:1025A00007F802B000BD774600980EF0D4FDBE4695
:1025B00000B5019801B4039801B400F0ABF901B083
:1025C00001B401980099416002B0002000BD0000F4
:1025D000774600980EF0F1FDBE4600B5002001B42C
:1025E00001B46F467760D4F723FD01B401B45C48B1
:1025F0006F467760DBF796FD01B4019800996F464E
:102600007760D4F725FD02B056486F467760DBF758
:1026100089FD01B4009901986F467760D4F718FDE1
:1026200001B051486F467760DBF77CFD01B400993B
:1026300001986F467760D4F70BFD01B04B486F46A9
:102640007760DBF76FFD01B4009901986F46776002
:10265000D4F7FEFC01B046486F467760DBF762FDB9
:1026600001B4009901986F467760D4F7F1FC01B08E
:1026700001BC0090039801B4059801B4079801B417
:10268000039801B401210DF0B2FB01B001B41EBCEE
:1026900002B404B408B410B400F06CF804B0032021
:1026A0000190019801B4019801B40DF0F7FD6F4657
:1026B0007760D4F7C7FC01B00EF061FF01B4019858
:1026C00000990EF068FF02B017D0039801B401988A
:1026D00001B4039801B4019800990DF088FB02B091
:1026E00001B406BC02B404B400F022F802B00198B0
:1026F00003210EF0B7FE0190D3E7039807210902EA
:10270000D13181610398232109022931C16100205F
:1027100002B000BD022C0BDA00B50DF01AFF00F07C
:1027200007F802B000BD774600980EF054FDBE4693
:1027300000B502986F467760D5F7D2F900280BD024
:102740000198406A01B4039801B40DF047FE6F464A
:102750007760D4F77DFC02B0002000BD385E040035
:1027600020CF040034CF040048CF040060CF040021
:1027700078CF0400774600980EF02DFDBE4600B5D8
:10278000002001B4002001B4059801B4059801B4FB
:10279000059801B400F04CF805B06F467760D4F7A7
:1027A00047FC01B401B4069801B4019800996F4642
:1027B0007760D4F74DFC02B0029802BC41620198E8
:1027C00001B4059801B40DF07CFD6F467760D8F731
:1027D00091FF01B00EF0D3FE01B403210EF0B4FE60
:1027E00001B001B400F096F801B001B4019800996D
:1027F000816202B0019801B4059801B40DF061FD49
:102800006F467760D8F77AFF01B00EF0B8FE01B4DA
:1028100003210EF099FE01B001B400F07BF801B085
:1028200001B401980099C16202B0002000BD00000F
:10283000774600980EF0DFFCBE4600B5B52001B427
:10284000012001B4512001B4049801B4FFF738F815
:1028500004B00198029901610198039941610498BB
:102860006F467760D5F73CF9002801D0049802E064
:10287000012000022D3001B4029802BC816105984C
:102880006F467760D5F72CF9002801D0059802E053
:1028900006200002A53001B4029802BCC161C24802
:1028A0006F467760D6F740FA01B4002001B4019872
:1028B00001B4FBF79DF802B0029802BC016200204F
:1028C00000BD0000774600980EF0A5FCBE4600B59E
:1028D000059801B4059801B4049801B4049801B4B2
:1028E00000F006F804B0019803994161002000BD92
:1028F000774600980EF0A8F9BE4600B501980499F5
:10290000416001980299816001980399C16000209B
:1029100000BD000000B5019801B402210902013197
:102920006F467760D4F764FE01B001210EF0C7FD59
:1029300000BD000000B53F20C000376838580021B6
:102940000EF08DFE06D007200002D1303F21C900D5
:10295000376878503F20C0003768385801B40321E9
:102960000EF080FD3F21C9003768785001BC00BDE2
:10297000774600980EF004F8BE4600B5019802991B
:10298000816001980A21416101980021C16001988C
:102990000021016101980121C161029801210EF01D
:1029A0000EFE49D0012081496F467760D6F78EF937
:1029B00001B40021029A6F467760D4F7BBFB0298FE
:1029C000806801B4019801B40EF033FC08200002C5
:1029D000023010236F467760D3F738FB03B0012035
:1029E00073496F467760D6F771F901B40021029AF6
:1029F0006F467760D4F79EFB0298806801B4019817
:102A000001B40EF016FC08200002033010236F46BC
:102A10007760D3F71BFB03B0039801210EF0CFFDC5
:102A20000AD0029801B4049801B40DF0C3FC6F46BB
:102A30007760D7F7B1FD02B0002000BDD4B001002F
:102A400000000000492A030000B50A2001B4E8682C
:102A500001B400F021F802B0002000BDD4B00100A4
:102A600000000000692A030000B5422001B4E868B4
:102A700001B400F011F802B0002000BD022C0BDA06
:102A800000B50DF066FD00F007F802B000BD774616
:102A900000980DF075FFBE4600B501984069029997
:102AA0000EF0F1FD2ED0FAF75DFC019840686F46FC
:102AB0007760D5F715F8002808D0019840680346DC
:102AC000422001B408B4F7F74EFC02B00198029915
:102AD0004161019840696F467760D5F701F8002899
:102AE00008D0019801218161019801B400F050F8EB
:102AF00001B007E001980121C161019801B400F023
:102B000011F801B0002000BD012C0BDA00B50DF06A
:102B100061FC00F007F801B000BD774600980DF0A9
:102B20002FFFBE4600B53520C000376838586F46C5
:102B30007760D4F7D5FF00280CD00198806801B4E5
:102B40000EF00EFA0120C0026F467760D6F71AFE2B
:102B500001B00CE00198806801B40EF001FA082081
:102B6000000204306F467760D6F70CFE01B00020FB
:102B700000BD0000012C0BDA00B50DF02BFC00F0BD
:102B800007F801B000BD774600980DF0F9FEBE468B
:102B900000B53520C000376838586F467760D4F7E5
:102BA0009FFF002806D113E0481D04003C2A0300C3
:102BB0005C2A03000198806801B40EF0D1F9082066
:102BC000000201306F467760D6F7DCFD01B00CE003
:102BD0000198806801B40EF0C3F9082000020530A6
:102BE0006F467760D6F7CEFD01B0002000BD000033
:102BF00000B573208000376838586F467760D4F787
:102C00006FFF6F467760D4F7DBF86F467760D4F7D5
:102C1000F9F96F467760D4F763FF002807D06F4655
:102C20007760D4F705FA73218900376878507320EC
:102C300080003768385801B4029801B40DF0CEFB1B
:102C400000226F467760D4F7EFFE02B00EF097FCDB
:102C500001210EF0A0FC0DD0732080003768385899
:102C600001B4029801B40DF0B9FB6F467760D4F758
:102C7000EFF902B0002000BD012C0BDA00B50DF019
:102C8000A9FB00F007F801B000BD774600980EF0F0
:102C900066F8BE4600B50198006900BD012C0BDA4C
:102CA00000B50DF097FB00F007F801B000BD7746C6
:102CB00000980EF054F8BE4600B50198406900BD7A
:102CC00000B5002001B4F7F70BF801B059208000DF
:102CD0003768385800BD000000B53720C00037689D
:102CE00038586F467760D4F7FBFE6F467760D4F7AD
:102CF00067F86F467760D4F785F96F467760D4F749
:102D0000EFFE002807D06F467760D4F791F937219E
:102D1000C900376878503720C0003768385801B488
:102D2000029801B40DF05AFB00226F467760D4F789
:102D30007BFE02B00EF023FC01210EF02CFC0DD026
:102D40003720C0003768385801B4029801B40DF03C
:102D500045FB6F467760D4F77BF902B0002000BDD9
:102D600000B5002001B400F0D5F803210EF07AFB85
:102D70000090009801B47F2080003768385801B473
:102D8000FDF7D4F902B06F467760D3F76BF90EF018
:102D9000F6FB9E490EF086FB01B40DF056FA6F4625
:102DA0007760D3F73BFE01B0009801B40DF04DFA07
:102DB0006F467760D3F732FE01B06F467760D6F783
:102DC00093F901B400F004F801B0002001B000BD97
:102DD00000B5002001B402986F467760D4F780FEFA
:102DE0006F467760D3F7ECFF6F467760D4F70AF948
:102DF00001B46F467760D4F73DFE002802D00098FA
:102E000001B014E00098009801B0029801B40DF0F0
:102E1000BDFA6F467760D3F737FF01B00EF0AFFB16
:102E200001B4C9216F467760D4F7FAFE01B06F464E
:102E30007760D4F755FE002806D0032000029A30B0
:102E40006F467760D4F790F9012040023768385810
:102E500001B400F02FF801B00090009802990EF034
:102E600012FC0DD06F467760DDF716FA029801B4B8
:102E7000012040023768385801B400F005F802B06C
:102E8000002001B000BD000000B5019801B4039816
:102E900001B40DF07BFA6F467760D2F76BFF01B09B
:102EA00001B406BC02B404B4FDF70EFC02B000206D
:102EB00000BD000000B5002001B4029801B40DF07F
:102EC00065FA6F467760DDF7C1F901B000900098B0
:102ED0006F467760D4F704FE6F467760D3F770FFD4
:102EE0006F467760D4F78EF86F467760D4F7F8FDB9
:102EF000002802D000200BE009E0009801B40DF09A
:102F0000BAF96F467760D2F7B1FE01B000E0002059
:102F100001B000BD00B57F2080003768385801B48B
:102F2000FEF75EF901B001B46F467760D4F7A2FDF9
:102F3000002802D0009801B003E00098009801B08A
:102F4000012000BDD4B0010000000000512F03009B
:102F500000B51B200001376838586F467760D4F7FA
:102F6000BFFD002807D01B2000013768385801B486
:102F70000DF0EEF901B042203768F860002000BD86
:102F800000B5019801B40DF060F96F467760D5F790
:102F900015FE01B0002000BD022C0BDA00B50DF0CB
:102FA000D8FA00F007F802B000BD774600980EF09E
:102FB00012F9BE4600B5002001B4039801B403988D
:102FC00001B400F025F802B00090009801B4039815
:102FD000006A03461D2001B4032001B408B4F3F7CE
:102FE0002CF803B001B4019800990EF033F8016297
:102FF00002B0009801B000BD022C0EDA00B50DF051
:10300000A8FA00F00AF802B000BD00002C920400FB
:10301000774600980EF0EFF8BE4600B5002001B4E8
:10302000039801B4039801B400F0A7F802B000902F
:10303000009801B40398006A01B40498806901B44F
:103040000598C06901B40EBC02B404B408B4F2F728
:10305000F4FF03B001B4019800990DF0FBFF41614A
:1030600002B0009801B40398006A01B404980069A2
:1030700001B406BC02B4012001B404B4F2F7DDFFD0
:1030800003B001B40498006901B403210EF05CFAA6
:1030900001B001B4019800990EF0F4F902B001B446
:1030A00002980DF0D7FF406801B406BC02B404B426
:1030B00000F04EF802B001B4019800990DF0CAFF7B
:1030C000416002B0039801B4DB210DF003F901B0B7
:1030D0006F467760D4F704FD00280BD0039801B445
:1030E000DB210DF0F7F801B001B403210EF02CFA4A
:1030F00001B000E0012001B4019801B40498006A15
:1031000001B40598406901B406BC02B4012001B4C1
:1031100004B4F2F792FF03B001990EF0B3F901B4D1
:1031200003980DF097FF806801B406BC02B404B4A4
:1031300000F00EF802B00027019701B40198009941
:103140000DF088FF816003B0009801B000BD000061
:1031500000B5019801B411210EF0CCF901B002992B
:103160000EF080F900BD0000022C0BDA00B50DF066
:10317000F0F900F007F802B000BD774600980DF0B6
:10318000EAFFBE4600B5002001B401B4049801B4C2
:10319000049801B4FFF791F902B000900398806899
:1031A00001B48C203768385801B40598C06801B460
:1031B00006BC02B4012001B404B4F2F73EFF03B030
:1031C00001B4019800990EF04DF902B001B4C92183
:1031D0006F467760D4F74EFA01B00190009801B4C1
:1031E0007B2080003768385801B4039801B40198F7
:1031F00000990CF0FCFD02B001B40598406801B4E0
:1032000006BC02B404B4EEF70DFC02B001B40198A0
:1032100000990DF01FFFC16002B0009801B41F209B
:1032200000013768385801B4039801B40198009937
:103230000CF0DDFD02B001B40598406801B406BC95
:1032400002B404B4EEF7EEFB02B001B401980099A9
:103250000DF000FF016102B0009802B000BD000057
:10326000012C0BDA00B50DF0B5F800F007F801B04D
:1032700000BD774600980DF052FFBE4600B501989C
:10328000406800BD012C0BDA00B50DF0A3F800F08A
:1032900007F801B000BD774600980DF0A3FEBE46CA
:1032A00000B56F467760D3F7E5FB01B4029840693B
:1032B00001B40CF0F3FF6F467760D3F7C3FE01B0A3
:1032C0000EF05DF901B40DF06BF96F467760D3F73E
:1032D00011FC02B001B40DF059F8CA496F4677608D
:1032E000D3F708FC01B001B4029840690346C64810
:1032F00001B408B4EFF70CFB02B001B40CF0CEFF40
:103300006F467760D3F79EFE01B00EF038F901B436
:103310000DF055F96F467760D3F7ECFB02B001B4BE
:103320000DF034F8B9496F467760D3F7E3FB01B08D
:1033300000BD0000D4B001000000000041330300D4
:10334000012C06DA00B50DF045F800F002F801B0E6
:1033500000BD00B501986F467760D4F7C1FB6F469A
:103360007760D3F72DFD6F467760D3F74BFE6F463E
:103370007760D4F7B5FB6F467760D3F721FD6F46D2
:103380007760D3F73FFE00BD042C0BDA00B50DF0DB
:1033900086FB00F007F804B000BD774600980DF0FA
:1033A00013FEBE4600B5002001B401B401B4059877
:1033B00001B406980DF081F8C06801B40198009935
:1033C0000DF07BF8816402B0059801B406980DF009
:1033D00074F8006901B4019800990DF06EF8C164A9
:1033E00002B0059801B406980DF067F8C068079917
:1033F0000EF038F801B4019800990DF05EF8C16044
:1034000002B0059801B406980DF057F800690899C4
:103410000EF028F801B4019800990DF04EF8016102
:1034200002B0FFF74DFC0CF0B7FFC06800900098A9
:1034300001B46F467760D4F71DFB002802D10098D5
:1034400001B007E00098009801B0009801B4F8F7C7
:1034500054FB01B06F467760D4F742FB002800D1DF
:10346000C2E00498806901B4FAF708FA01B001904B
:10347000069801B4FAF702FA01B001B4FBF758FB61
:1034800001B001B4029801B4019800996F467760C9
:10349000D4F792FB02B001B46F467760D4F7EAFA32
:1034A000002802D1009801B015E00098009801B002
:1034B000079801B4FAF7E2F901B001B4FBF738FB61
:1034C00001B001B4029801B4019800996F46776089
:1034D000D4F772FB02B06F467760D4F701FB002887
:1034E0002ED04B486F467760D5F71EFC01B4069886
:1034F00001B407980CF0E1FF406901B408980CF0A2
:10350000DCFF806901B40EBC089801B4089801B4CE
:103510000A9801B40A9801B402B404B408B4079834
:1035200001B402F01DF908B001BC0290009801B48A
:10353000039801B4069801B400F0CCFB03B053E04B
:10354000059801B4019801B400F065FA02B001B425
:103550006F467760D4F78EFA002802D1009801B048
:1035600017E00098009801B0009801B4069801B4E3
:10357000069801B400F055F803B06F467760D4F7B1
:10358000AFFA6F467760D3F71BFC6F467760D3F7CF
:1035900039FD6F467760D4F7A3FA002813D0059859
:1035A00001B401B401980CF088FF406F02210902B8
:1035B00001310DF084FF01B4019800990CF07DFFFA
:1035C000416703B010E0059801B401B401980CF014
:1035D00074FF406F0F490DF065FF01B40198009929
:1035E0000CF06BFF416703B0002003B000BD00008A
:1035F000032C16DA00B50DF0BBF800F012F803B09A
:1036000000BD0000A88C040034330300BC8C04000F
:10361000EC5E0400FFFDFFFF774600980DF0D4FC40
:10362000BE4600B5002001B401B401B401B401B438
:1036300001B401B401B401B401B401B401B401B4E2
:103640000F9801B400F0C9F901B06F467760D4F764
:1036500047FA6F467760D3F7B3FB6F467760D3F7CF
:10366000D1FC6F467760D4F73BFA002805D00F985D
:1036700001B434210DF0EAFD01B00F980CF01DFFEC
:10368000806E00901098406801B4009903200DF0FE
:1036900031FF01B001900E9801B4FAF729F901B099
:1036A00002900F980CF009FF006903900F980CF03E
:1036B00004FFC0680490009801B4F4F772F801B0F8
:1036C00001B4FAF7DBF801B00590009801B4F4F703
:1036D00002F801B001B4FAF7D1F801B006900098F1
:1036E00001B4F4F740F801B001B4FAF7C7F801B03B
:1036F0000790009801B4F4F712F801B001B4FAF79A
:10370000BDF801B00890089803210DF0ABFE01B49C
:10371000029801B4019800996F467760D3F7AAFF29
:1037200002B00990099802990DF05DFF39D00F9809
:1037300001B410980CF0C1FE006901B40B9801B4FB
:10374000FFF7E8F801B001B4019802BC01B00DF038
:1037500099FE01B4019800990CF0AFFE016102B02E
:103760000F9801B4119801B400F055F902B06F46FA
:103770007760D4F7B5F96F467760D3F721FB6F46D2
:103780007760D3F73FFC6F467760D4F7A9F900283C
:1037900002D0422016E104E00F9803990CF08DFE50
:1037A0000161079801B4029801B4019800996F462D
:1037B0007760D3F749FF02B001B46F467760D4F762
:1037C0000FF801B003210DF04DFE01B4029801B4D1
:1037D000019800996F467760D3F70AFF02B0079906
:1037E0000DF050FE0A900A9802990DF0FCFE39D0B7
:1037F0000F9801B410980CF060FE006901B40C98A9
:1038000001B4FFF787F801B001B4019802BC01B020
:103810000DF028FE01B4019800990CF04EFE0161F4
:1038200002B00F9801B4119801B400F0F4F802B09E
:103830006F467760D4F754F96F467760D3F7C0FAD4
:103840006F467760D3F7DEFB6F467760D4F748F9B1
:10385000002802D04220B5E004E00F9803990CF054
:103860002CFE0161069803210DF0FCFD01B40298C5
:1038700001B4019800996F467760D3F7FBFE02B060
:103880000B900B9802990DF0AEFE39D00F9801B451
:1038900010980CF012FEC06801B40D9801B4FFF747
:1038A00039F801B001B4019802BC01B00DF0EAFD95
:1038B00001B4019800990CF000FEC16002B00F98AD
:1038C00001B4119801B400F0A6F802B06F46776019
:1038D000D4F706F96F467760D3F772FA6F467760D0
:1038E000D3F790FB6F467760D4F7FAF8002802D040
:1038F000422067E004E00F9804990CF0DEFDC160FF
:10390000059801B4029801B4019800996F46776058
:10391000D3F79AFE02B001B46F467760D3F760FF29
:1039200001B003210DF09EFD01B4029801B401988D
:1039300000996F467760D3F75BFE02B005990DF0F2
:10394000A1FD0C900C9802990DF04DFE39D00F9806
:1039500001B410980CF0B1FDC06801B40E9801B428
:10396000FEF7D8FF01B001B4019802BC01B00DF020
:1039700079FD01B4019800990CF09FFDC16002B07F
:103980000F9801B4119801B400F045F802B06F46E9
:103990007760D4F7A5F86F467760D3F711FA6F46D2
:1039A0007760D3F72FFB6F467760D4F799F800283C
:1039B00002D0422006E004E00F9804990CF07DFD4F
:1039C000C1600A200DB000BD012C0BDA00B50CF06F
:1039D00001FD00F007F801B000BD774600980CF03B
:1039E0006CFDBE4600B50198806D01B40CF069FC19
:1039F0006F467760D7F78EFE01B06F467760D3F7DA
:103A000001FB00BD022C0BDA00B50CF0A2FD00F0AA
:103A100007F802B000BD774600980DF085FABE4663
:103A200000B5002001B401B401B401B401B401B483
:103A300001B409980CF041FD806E0090009801B42B
:103A4000F3F7AFFE01B001B40998406801B406BCB9
:103A500002B404B4EDF7D8FF02B00190009801B4AD
:103A6000F3F739FE01B001B40998406801B406BC0F
:103A700002B404B4EDF7C8FF02B00290009801B49C
:103A8000F3F771FE01B001B40998406801B406BCB7
:103A900002B404B4EDF7B8FF02B00390009801B48B
:103AA000F3F73DFE01B001B40998406801B406BCCB
:103AB00002B404B4EDF7A8FF02B004900198059099
:103AC000059802990DF08FFD23D003980690069873
:103AD00004990DF088FD16D0069801B4069801B43B
:103AE0000A9801B400F026F803B06F467760D3F768
:103AF000F7FF002801D042200CE0069803210DF0CA
:103B0000B1FC0690E3E7059803210DF0ABFC0590AE
:103B1000D6E70A2007B000BD032C0BDA00B50CF085
:103B200027FE00F007F803B000BD774600980DF0BF
:103B3000FBF9BE4600B5019801B4F7F7E3FF01B009
:103B40006F467760D3F7CCFF6F467760D3F738F9CD
:103B50006F467760D3F756FA6F467760D3F7C0FFAA
:103B6000002801D00A201DE00198C0680346039890
:103B700001B4039801B408B400F047F803B06F46ED
:103B80007760D3F7ADFF002801D042200AE001980A
:103B9000C0680346039801B4039801B408B400F068
:103BA0000CF803B000BD0000032C0BDA00B50CF0DC
:103BB000DFFD00F007F803B000BD774600980DF078
:103BC000C1F9BE4600B50198806801B4039801B4FC
:103BD000059801B40CF03DFE6F467760D7F7CAFD3B
:103BE00003B00DF0CCFC01B405216F467760D3F72C
:103BF00065FE01B000BD0000032C0BDA00B50CF02F
:103C0000B7FD00F007F803B000BD774600980DF04F
:103C100099F9BE4600B5029801B401216F4677605C
:103C2000D3F7DCFF01B001B46F467760D3F722FF12
:103C3000002802D0009801B00EE00098009801B072
:103C4000029801B40298806901B4019800996F4606
:103C50007760D3F7D5FF02B001B46F467760D3F732
:103C600009FF002802D0009801B00AE000980098EF
:103C700001B0039801B401216F467760D3F7AEFF1E
:103C800001B001B46F467760D3F7F4FE002802D08C
:103C9000009801B00EE00098009801B0039801B4BC
:103CA0000298C06901B4019800996F467760D3F714
:103CB000A7FF02B000BD0000032C0BDA00B50CF02A
:103CC00057FD00F007F803B000BD774600980DF0EF
:103CD0007BF9BE4600B5002001B401B401B401B4C3
:103CE00001B401B401B401B401B401B401B401B42C
:103CF00001B401B401B401B401B401B401B401B41C
:103D000001B401B401B401B401B401B401B401B40B
:103D100001B401B401B421980DF0AAFA40680090F2
:103D200000980CF0CAFB406F0221090201310DF02E
:103D3000B9FB6F467760D3F7D3FE002829D00098EF
:103D400001B4239801B4FFF766FE02B06F467760B6
:103D5000D3F7C6FE6F467760D3F732F86F467760C9
:103D6000D3F750F96F467760D3F7BAFE002810D02A
:103D7000009801B401B401980CF09FFB406FC0495A
:103D80000DF090FB01B4019800990CF096FB41678F
:103D900003B0009801B4FFF720FE01B06F467760D2
:103DA000D3F79EFE6F467760D3F70AF86F467760C9
:103DB000D3F728F96F467760D3F792FE002805D035
:103DC000009801B434210DF041FA01B000980CF0D4
:103DD00074FB806E0190229840680290029801B4B2
:103DE000009903200DF086FB01B0039000980CF0C1
:103DF00064FBC06801B401980CF05FFB806C01B4F7
:103E0000019802BC01B00DF03DFB049000980CF04D
:103E100054FB006901B401980CF04FFBC06C01B475
:103E2000019802BC01B00DF02DFB059000980CF03C
:103E300044FB406F1621090205310DF033FB6F463C
:103E40007760D3F74DFE6F467760D2F7B9FF6F46C4
:103E50007760D3F7D7F86F467760D3F741FE002835
:103E600001D100F03DFD049801210DF020FC00D1AE
:103E70009DE2049801B401216F467760D3F7D0FE2C
:103E800001B0069006986F467760D3F729FE0028A8
:103E90000AD0019801B4F3F71EFC01B00221090217
:103EA00001310DF0DFFA09E0019801B4F3F779FC74
:103EB00001B00221090201310DF0E4FA01210902E9
:103EC00001310DF0CFFA0346029801B408B4EDF7C2
:103ED0009BFD02B007906F467760D3F7A9F8089072
:103EE000019801B4F3F73FFC01B005990DF0CAFA4F
:103EF0000990099801B4049801B4039801B4F3F748
:103F00000EFC01B007990DF0BDFA01B406BC02B475
:103F100004B4FFF71DF902B001B4019800990DF047
:103F20003AFB02B06FD0099801B4029801B4F3F7DC
:103F3000F6FB01B006990DF0A5FA01B406BC02B477
:103F400004B4EDF791FD02B00121090201310DF039
:103F500089FA0346029801B408B4EDF755FD02B0A2
:103F60000A900A9801B4089801B4249801B4FFF7A4
:103F7000DCFD03B06F467760D3F7B2FD002839D07F
:103F80000A9801B4089801B4249801B401F05BFBCD
:103F900003B00B9001203B496F467760D4F796FE43
:103FA00001B400210C9A6F467760D3F7C3F80098EC
:103FB000099801B401F000FB02B06F467760D3F7B7
:103FC0008FFD6F467760D2F7FBFE6F467760D3F7C1
:103FD00019F86F467760D3F783FD00280AD0089858
:103FE00001B40C9801B40CF0F9F96F467760D3F77F
:103FF0002FF802B0099801B4049801B4FFF7A8F8AB
:1040000002B0099075E7089801B40CF047F96F46C3
:104010007760D3F717F801B00DF0B1FA6F4677600B
:10402000D3F75EFD002800D1C1E106986F467760A6
:10403000D3F756FD002801D0052000E001200C90A8
:1040400006986F467760D3F74BFD00281CD0079881
:1040500001B4039801B4019800990DF04BFA02B035
:1040600001B4FEF757FC01B001B402980CF006FC55
:10407000406901B4019802BC01B00DF003FA13E0ED
:10408000FFFDFFFF1C4B0300079803210DF0EAF929
:1040900001B4039801B4019800990DF02BFA02B015
:1040A00001B4FEF737FC01B001B4019801B40398E4
:1040B0000CF0E4FBC06801B4029802BC0027019731
:1040C0000DF0E0F901B4019800990CF0F6F9C16027
:1040D00003B000200D9008980E9001200F900F98CB
:1040E00001B40F986F467760D2F7ACFF0DF047FA36
:1040F00001B4019800996F467760D3F749FD02B08B
:10410000002839D00E9801B410980DF02EFA01B4A1
:10411000019800996F467760D2F7A4FF02B00D9026
:1041200000980CF0CAF9406F1621090205310DF014
:10413000B9F96F467760D3F7D3FC6F467760D2F753
:104140003FFE6F467760D2F75DFF6F467760D3F72B
:10415000C7FC00280AD0229801B40E9801B40E982A
:1041600001B4039801B401F0B8F804B00F9803212A
:104170000DF078F90F90B2E700200E9000980CF047
:104180009CF9406F21210DF08DF96F467760D3F7D0
:10419000A7FC002809D0002001B4002001B4029837
:1041A00001B4F1F7D2FB03B001E100980CF085F9FE
:1041B000406901B422980DF05BF8806801B4019861
:1041C00000996F467760D3F779FB02B001B46F4670
:1041D0007760D3F74FFC002802D1009801B017E0B8
:1041E0000098009801B000980CF067F9406F162114
:1041F000090205310DF056F96F467760D3F770FC70
:104200006F467760D2F7DCFD6F467760D2F7FAFE33
:104210006F467760D3F764FC002800D1A2E00098D5
:104220000CF04BF9406F41210DF03CF96F4677607F
:10423000D3F756FC002800D189E006986F467760D6
:10424000D3F74EFC6F467760D2F7BAFD6F467760C2
:10425000D2F7D8FE01B46F467760D3F70BFC002885
:1042600002D1009801B00EE00098009801B00098CB
:1042700001B4F1F7A6FA01B001B401216F467760ED
:10428000D3F7ACFC01B001B46F467760D3F7F2FB13
:10429000002802D0009801B01CE00098009801B0FE
:1042A000069801B46F467760D3F7E4FB002802D18B
:1042B000009801B00EE00098009801B0009801B499
:1042C000F1F77FFA01B001B401216F467760D3F7AF
:1042D000A7FC01B06F467760D3F702FC002835D009
:1042E000009801B401980CF0E8F8406901B401208D
:1042F00002BC0DF0C7F801B4019800990CF0DDF88C
:10430000416102B0219801B422980CF0B1FF80699C
:1043100001B4012002BC0DF0B5F801B40198009978
:104320000CF0A6FF816102B0219801B422980CF034
:104330009FFF006901B4012002BC0DF0A3F801B495
:10434000019800990CF094FF016102B009E02198F6
:1043500001210CF08DFF0161009801210CF0ADF8F6
:10436000416124E000980CF0A8F8406901B4F9F725
:1043700085FA01B001B400F095FF01B001B42298B4
:104380000CF076FF806801B4F9F778FA01B001B457
:1043900000F088FF01B001B4019800990DF05FF9B9
:1043A00002B004D0219801210CF062FF0161059850
:1043B00001210DF07CF900D192E2059801B40121B0
:1043C0006F467760D3F72CFC01B0109010986F46C1
:1043D0007760D3F785FB00280AD0019801B4F3F782
:1043E0009EF901B00221090201310DF03BF809E00C
:1043F000019801B4F3F7B7F901B0022109020131C4
:104400000DF040F80121090201310DF02BF80346AF
:10441000029801B408B4EDF7F7FA02B011906F46B4
:104420007760D2F705FE1290019801B4F3F7B9F95D
:1044300001B01390139801B4049801B4039801B427
:10444000F3F749F901B001B406BC02B404B4FEF7B5
:104450007FFE02B001B4019800990DF09CF802B003
:104460006CD0139801B4029801B4F3F734F901B099
:1044700001B406BC02B404B4EDF7F6FA02B00121AF
:10448000090201310CF0EEFF0346029801B408B4B2
:10449000EDF7BAFA02B01490119801B4159801B46E
:1044A000249801B4FFF741FB03B06F467760D3F760
:1044B00017FB002839D0119801B4159801B424983D
:1044C00001B401F0C0F803B015900120C5496F4652
:1044D0007760D4F7FBFB01B40021169A6F46776032
:1044E000D2F728FE0098139801B401F065F802B0E5
:1044F0006F467760D3F7F4FA6F467760D2F760FCC7
:104500006F467760D2F77EFD6F467760D3F7E8FAA3
:1045100000280AD0129801B4169801B40BF05EFF7F
:104520006F467760D2F794FD02B0139801B40498F7
:1045300001B4FEF70DFE02B013907BE7129801B4B0
:104540000BF0ACFE6F467760D2F77CFD01B00DF04A
:1045500016F86F467760D3F7C3FA002800D1BFE1A1
:1045600010986F467760D3F7BBFA002801D0072078
:1045700000E00320169010986F467760D3F7B0FAEA
:10458000002818D0119801B4039801B4019800993B
:104590000CF0B0FF02B001B4FEF7BCF901B001B4F9
:1045A00002980CF06BF9806901B4019802BC01B06B
:1045B0000CF068FF0FE0119803210CF053FF01B4D9
:1045C000039801B4019800990CF094FF02B001B473
:1045D000FEF7A0F901B001B4019801B403980CF002
:1045E0004DF9006901B4029802BC002701970CF054
:1045F00049FF01B4019800990BF05FFF016103B01E
:10460000002017901298189001201990199801B461
:1046100019986F467760D2F715FD0CF0B0FF01B422
:10462000019800996F467760D3F7B2FA02B000287C
:1046300039D0189801B41A980CF097FF01B401987A
:1046400000996F467760D2F70DFD02B01790009881
:104650000BF033FF406F1621090205310CF022FFE9
:104660006F467760D3F73CFA6F467760D2F7A8FBC6
:104670006F467760D2F7C6FC6F467760D3F730FAA3
:1046800000280AD0229801B4189801B4189801B4EF
:10469000039801B400F021FE04B0199803210CF036
:1046A000E1FE1990B2E70020189000980BF005FF8A
:1046B000406F21210CF0F6FE6F467760D3F710FAB9
:1046C000002809D0002001B4002001B4029801B4F0
:1046D000F1F73BF903B003E100980BF0EEFE8069BF
:1046E00001B422980CF0C4FDC06801B4019800998F
:1046F0006F467760D3F7E2F802B001B46F46776097
:10470000D3F7B8F9002802D1009801B017E000985B
:10471000009801B000980BF0D0FE406F16210902FE
:1047200005310CF0BFFE6F467760D3F7D9F96F46BD
:104730007760D2F745FB6F467760D2F763FC6F4630
:104740007760D3F7CDF9002800D1A4E000980BF0F2
:10475000B4FE406F41210CF0A5FE6F467760D3F7A1
:10476000BFF9002800D18BE010986F467760D3F72F
:10477000B7F96F467760D2F723FB6F467760D2F7C1
:1047800041FC01B46F467760D3F774F9002802D179
:10479000009801B00EE00098009801B0009801B4B4
:1047A000F0F7D5FF01B001B401216F467760D3F770
:1047B00015FA01B001B46F467760D3F75BF90028B2
:1047C00002D0009801B01EE00098009801B0109847
:1047D00001B46F467760D3F74DF9002804D10098F3
:1047E00001B010E0604B03000098009801B0009801
:1047F00001B4F0F7ACFF01B001B401216F4677605E
:10480000D3F70EFA01B06F467760D3F769F9002845
:1048100035D0009801B401980BF04FFE806901B4C7
:10482000012002BC0CF02EFE01B4019800990BF09F
:1048300044FE816102B0219801B422980CF018FD69
:10484000C06901B4012002BC0CF01CFE01B4019847
:1048500000990CF00DFDC16102B0219801B42298BD
:104860000CF006FD406901B4012002BC0CF00AFE08
:1048700001B4019800990CF0FBFC416102B009E021
:10488000219801210CF0F4FC4161009801210BF00A
:1048900014FE816124E000980BF00FFE806901B4E2
:1048A000F8F7ECFF01B001B400F0FCFC01B001B47A
:1048B00022980CF0DDFCC06801B4F8F7DFFF01B00E
:1048C00001B400F0EFFC01B001B4019800990CF0C4
:1048D000C6FE02B004D0219801210CF0C9FC416150
:1048E00000980BF0EAFD406F0C21090205310CF035
:1048F000D9FD6F467760D3F7F3F86F467760D2F74C
:104900005FFA6F467760D2F77DFB6F467760D3F72B
:10491000E7F8002800D1FEE06F467760D2F788FB09
:104920001A90019801B4F2F73CFF01B01B901B985C
:1049300001B4049801B4039801B4F2F7CCFE01B0BD
:1049400001B406BC02B404B4FEF702FC02B001B428
:10495000019800990CF01FFE02B000D1C1E01B9835
:1049600001B4029801B4F2F7B6FE01B001B406BC7E
:1049700002B404B4EDF778F802B001210902013164
:104980000CF070FD0346029801B408B4EDF73CF852
:1049900002B01C90019801B4F2F7E5FE01B01D9041
:1049A0001D9801B4049801B4039801B4F2F7B7FE5E
:1049B00001B001B406BC02B404B4FEF7C9FB02B0F6
:1049C00001B4019800990CF0E6FD02B000D17FE03F
:1049D0001D9801B4029801B4F2F7A1FE01B001B430
:1049E00006BC02B404B4EDF73FF802B0012109029D
:1049F00001310CF037FD0346029801B408B4EDF71D
:104A000003F802B01E901E9801B41D9801B42498BA
:104A100001B4FFF78AF803B06F467760D3F760F808
:104A20006F467760D2F7CCF96F467760D2F7EAFA33
:104A300001B46F467760D3F71DF8002802D00098C4
:104A400001B023E00098009801B000980BF035FD0C
:104A5000406F1021090201310CF024FD6F46776090
:104A6000D3F73EF86F467760D2F7AAF96F467760C2
:104A7000D2F7C8FA6F467760D3F732F86F4677609F
:104A8000D2F79EF96F467760D2F7BCFA6F4677602F
:104A9000D3F726F8002812D01A9801B41F9801B451
:104AA0001E9801B4259801B400F0D5FB03B001B401
:104AB0000BF094FC6F467760D2F7CAFA02B01D98EB
:104AC00001B4049801B4FEF743FB02B01D9067E700
:104AD0001B9801B4049801B4FEF73AFB02B01B9096
:104AE00025E71A9801B40BF0D9FB6F467760D2F72F
:104AF000A9FA01B00CF043FD6F467760D2F7F0FFE2
:104B0000002808D01A9801B4019801B4229801B481
:104B100000F056F803B000201FB000BDD4B0010073
:104B200000000000294B0300012C06DA00B50BF051
:104B300051FC00F002F801B000BD00B501980CF086
:104B4000A5FBC06801B4E8680CF0A0FBC06801B424
:104B5000019800996F467760D2F7B0FE02B000BDB1
:104B6000D4B00100000000006D4B0300012C06DAF8
:104B700000B50BF02FFC00F002F801B000BD00B54D
:104B800001980CF083FBC06801B4E8680CF07EFB70
:104B9000C06801B4019800996F467760D2F78EFE25
:104BA00002B000BD032C0BDA00B50BF0E1FD00F004
:104BB00007F803B000BD774600980CF005FABE4632
:104BC00000B5002001B401B401B401B401B46F46D2
:104BD0007760D2F72DFA009000200190089802909B
:104BE00001200390039801B403986F467760D2F7D1
:104BF00029FA0CF0C4FC01B4019800996F46776063
:104C0000D2F7C6FF02B0002800D17EE0029801B4BE
:104C100004980CF0AAFC01B4019800996F467760E3
:104C2000D2F720FA02B001900120C0496F467760A8
:104C3000D4F74CF801B40021029A6F467760D2F79E
:104C400079FA0098019801B400F0B6FC02B06F4602
:104C50007760D2F745FF002800D050E0009801B4FB
:104C6000029801B40BF0BAFB6F467760D2F7F0F907
:104C700002B0FEF725F80BF08FFB806B04900498D0
:104C80006F467760D2F72CFF002838D00220A84961
:104C90006F467760D4F71AF801B40021089A6F467E
:104CA0007760D2F747FA00980121029A6F46776041
:104CB000D2F740FA02209F496F467760D4F706F892
:104CC00001B40021099A6F467760D2F733FA009851
:104CD0000121039A6F467760D2F72CFA019801B44C
:104CE000079801B4EDF714FE02B0002701970346C0
:104CF00001BC01B001B408B4EBF77EF802B0039830
:104D000003210CF0AFFB03906CE700200290002021
:104D100005B000BDD4B0010000000000214D03002B
:104D2000012C06DA00B50BF055FB00F002F801B0DB
:104D300000BD00B50198806801B4E868806801B4DE
:104D4000019800996F467760D2F7B8FD02B001B4C0
:104D50006F467760D2F78EFE002802D1009801B02E
:104D60000FE00098009801B00198406801B4E8682D
:104D7000406801B4019800996F467760D2F79EFDB4
:104D800002B000BDD4B0010000000000914D03004E
:104D9000012C06DA00B50BF01DFB00F002F801B0A3
:104DA00000BD00B501980BF0BCFE406801B4E86896
:104DB000006C01B4019800996F467760D2F724FE29
:104DC00002B001B46F467760D2F754FE002802D1DA
:104DD000009801B018E00098009801B001980BF01D
:104DE000A0FE806801B4286901B400F02BF801B07E
:104DF00001B40CF073F86F467760D6F7ABFF02B0E2
:104E00006F467760D2F7FEF800BD0000D4B0010015
:104E100000000000194E0300012C06DA00B50BF06B
:104E2000D9FA00F002F801B000BD00B5286901B45C
:104E3000E86801B4039801B4D3210BF03BFD03B043
:104E4000002000BD00B5002001B4FDF739FF00903F
:104E500002986F467760D2F743FE6F467760D1F7CE
:104E6000AFFF6F467760D2F7CDF801B46F46776039
:104E7000D2F700FE002802D0009801B012E000989E
:104E8000009801B000980BF087FAC0686F46776011
:104E9000D2F726FE6F467760D1F792FF6F467760B4
:104EA000D2F7B0F86F467760D2F71AFE002805D027
:104EB00021486F467760D9F735F910E000980BF07C
:104EC0006BFAC06801B4039801B400F014F801B0A3
:104ED00001B406BC02B404B400F0B7F802B001B0EB
:104EE00000BD0000012C0BDA00B50BF073FA00F0E6
:104EF00007F801B000BD774600980CF0D5F9BE4622
:104F000000B5019801B400F027F801B001B402988F
:104F1000806801B40398406801B40EBC02B404B4C4
:104F200008B400F02AF803B000BD0000144D0300DF
:104F3000844D03000C4E0300A4B40400012C0BDAD2
:104F400000B50BF047FA00F007F801B000BD774656
:104F500000980CF0A9F9BE4600B5FDF7B1FE0BF0C4
:104F60001BFAC06800BD0000032C0BDA00B50BF083
:104F7000FFFB00F007F803B000BD774600980BF088
:104F8000D3FFBE4600B50198C0680346039801B43C
:104F9000039801B408B400F00CF803B000BD0000A1
:104FA000032C0BDA00B50BF0E3FB00F007F803B0BD
:104FB00000BD774600980BF0C5FFBE4600B50398CC
:104FC00001B4039801B4039801B4FEF723FE03B0C3
:104FD0006F467760D2F784FD002801D001202AE0D7
:104FE0000198406801B4039801210CF068FA014669
:104FF00009200CF037FA01B4059801210CF05FFA92
:1050000001B40498806901B4019800996F467760F3
:10501000D2F7EEFA02B001B4019800990CF022FA2E
:1050200002B001B40CF04EF96F467760D0F764FD22
:1050300002B00CF0A4FA00BD022C0BDA00B50BF0A4
:1050400088FA00F007F802B000BD774600980BF030
:105050006BFFBE4600B50198C0680346029801B4D4
:1050600008B400F00CF802B000BD0000022C0BDA0E
:1050700000B50BF06EFA00F007F802B000BD7746FD
:1050800000980BF05FFFBE4600B5002001B401B4EC
:1050900001B40498406901B4009903200CF02AFA85
:1050A00001B000900498006901B4069801B4019819
:1050B00000990AF09CFE02B0019001986F4677605B
:1050C000D2F70EFD6F467760D1F77AFE6F467760B4
:1050D000D1F798FF6F467760D2F702FD002877D0AE
:1050E0000498C06801B4069801B4019800990AF0C8
:1050F0007EFE02B0029002986F467760D2F7F0FC15
:10510000002865D0029801B40BF0DBF86F46776099
:10511000D6F7F0FA01B00CF032FA01B4019801B4FC
:10512000019800996F467760D2F746FD02B001B44E
:105130006F467760D2F79EFC002802D1009801B03C
:1051400017E00098009801B0029801B40BF0B9F88C
:105150006F467760D6F7D2FA01B00CF010FA01B4BE
:10516000019801B4019800996F467760D2F724FD49
:1051700002B06F467760D2F7B3FC002802D00298E5
:10518000019018E0009801B4019801B40BF012F9F5
:105190006F467760D7F7B0FD02B00190019801B477
:1051A000039801B40BF09AFE002200236F4677604B
:1051B000D8F760FD02B00498006901B4069801B404
:1051C000039801B402980199009A0AF05BFE03B0BB
:1051D000019803B000BD0000012C0BDA00B50BF004
:1051E000F9F800F007F801B000BD774600980BF021
:1051F000A9FEBE4600B50198406900BD012C0BDA3E
:1052000000B50BF0E7F800F007F801B000BD7746F5
:1052100000980CF049F8BE4600B50198406800BD02
:10522000012C0BDA00B50BF0D5F800F007F801B04F
:1052300000BD774600980CF037F8BE4600B50198DF
:10524000806800BD032C0BDA00B50BF091FA00F07A
:1052500007F803B000BD774600980BF065FEBE4628
:1052600000B5C2486F467760D3F75EFD01B402987F
:1052700001B4059801B4059801B4039801B400F095
:1052800003F804B001BC00BD774600980CF00CF8A0
:10529000BE4600B50198029981600198039941606A
:1052A000002000BD00B5019801210CF0C4F901D027
:1052B000012008E0019801210CF081F901D00320C0
:1052C00001E00120404200BD042C0BDA00B50BF0D8
:1052D000E6FB00F007F804B000BD774600980BF03D
:1052E000ECF8BE4600B5002001B401B401B401B42D
:1052F0000598C06D01B4079801B4099801B40298EB
:105300000199009A0AF0BEFD03B0FDF7D9FC0BF03D
:1053100043F8C06B01B4089801B401210902AF3110
:105320000AF0D8FF01B001B4019800990AF05FFDBE
:1053300002B00090FDF7C4FC0BF02EF8006C019059
:1053400000986F467760D2F7CBFB00282AD0012067
:1053500087496F467760D3F7B9FC01B40021069AFC
:105360006F467760D1F7E6FE012082496F4677608D
:10537000D3F7ACFC01B40021079A6F467760D1F7F0
:10538000D9FE019801B4039801B4EDF7C1FA02B057
:1053900000270197034601BC01B001B408B4EAF745
:1053A0002BFD02B001986F467760D2F799FB002879
:1053B00000D17DE0089801B46F467760D2F75AFBC0
:1053C000002802D0009801B007E00098009801B0D2
:1053D000FDF776FC0AF0E0FFC068089001206649FE
:1053E0006F467760D3F772FC01B40021069A6F46CE
:1053F0007760D1F79FFE0098029801B4EDF788FA24
:1054000002B00290029801B40AF048FF6F4677603C
:10541000D1F718FE01B00CF0B2F86F467760D2F702
:105420005FFB002844D0089801B4089801B4FB2120
:105430000AF050FF01B001B40A98406801B4019825
:1054400000990CF081F802B001B4099801B4DF2191
:1054500049000AF03FFF01B001B40B98406801B465
:10546000019800990CF070F802B001B40EBC02B4BF
:1054700004B408B4FFF7EFFE03B0039002203F49E5
:105480006F467760D3F722FC01B40021069A6F467D
:105490007760D1F74FFE00980121049A6F4677603C
:1054A000D1F748FE0098039801B4EAF7A5FC02B0D2
:1054B000002004B000BD0000D4B0010000000000D6
:1054C000C5540300012C06DA00B50AF083FF00F092
:1054D00002F801B000BD00B501980BF022FB406856
:1054E00001B4E868006C01B4019800996F467760D8
:1054F000D2F78AFA02B000BDD4B00100000000006B
:1055000005550300012C06DA00B50AF063FF00F030
:1055100002F801B000BD00B5E86801B4029801B41A
:10552000D3210BF00AFB02B0002000BDD4B0010073
:105530000000000039550300012C06DA00B50AF01E
:1055400049FF00F002F801B000BD00B501980BF072
:10555000E8FA406801B4E868006C01B40198009969
:105560006F467760D2F750FA02B000BD785F040052
:10557000B8540300F85403002C5503008055030071
:10558000D4B00100000000008D550300012C06DAA4
:1055900000B50AF01FFF00F002F801B000BD00B531
:1055A000286901B4E86801B4039801B4D3210BF071
:1055B00081F903B0002000BD00B5002001B401B4A2
:1055C000039801B40AF06AFE6F467760D1F73AFD9E
:1055D00001B00BF0D4FF00900120019001980099D8
:1055E0000BF0D9FF22D0049801B4049801B40398B9
:1055F00001B4019800990AF0FAFB02B001B406BCAC
:1056000004B4029801B402B402980BF07DF803B020
:105610006F467760D2F764FA002801D0422006E096
:10562000019803210BF01EFF0190D7E70A2002B07A
:1056300000BD0000032C0BDA00B50BF099F800F068
:1056400007F803B000BD774600980BF06DFCBE462E
:1056500000B5002001B401B40398C0680346059862
:1056600001B4059801B408B4FEF7CFFA03B06F4651
:105670007760D2F735FA002801D001200AE00398BC
:10568000C0680346059801B4059801B408B4FFF753
:1056900090FC03B000900398C0680346009801B4E2
:1056A00008B4FFF7ECFC02B00190C5486F46776084
:1056B000D3F73AFB01B4029801B4079801B40698F5
:1056C000406801B4019800990BF014FF02B001B4D6
:1056D000079801B40798406801B4019800990BF04D
:1056E00009FF02B001B40798806801B41EBC01989C
:1056F00001B402B404B408B410B4059801B400F0C5
:1057000017F806B001BC02B000BD0000012C0BDA96
:1057100000B50AF05FFE00F007F801B000BD774663
:1057200000980BF001FCBE4600B50198806800BDF2
:10573000774600980BF0AAFDBE4600B50198029985
:105740008160019805994160019803990161019870
:105750000499416101980699C160002000BD0000D4
:10576000774600980BF084FDBE4600B5019802997B
:10577000416001980399816001980499C160019882
:105780000599016101980699416101980799816124
:1057900001980899C161002000BD0000022C0BDABD
:1057A00000B50AF0D6FE00F007F802B000BD77465B
:1057B00000980BF009FCBE4600B5002001B401B40E
:1057C00001B401B401B401B401B401B401B401B431
:1057D00001B401B401B401B401B401B401B401B421
:1057E00001B4159801B407210902D1316F467760E1
:1057F000D1F7FEFE01B001B4C92001B4E9F7F8FA0F
:1058000002B00090009801B40AF01FFD02216F461B
:105810007760D1F709FC01B00BF0B1FE0190FDF704
:105820004FFA029002980AF0B7FDC0680390032077
:1058300064496F467760D3F749FA01B40021159A9D
:105840006F467760D1F776FC00980121019A6F4688
:105850007760D1F76FFC00980221029A6F4677605B
:10586000D1F768FC159840680346009808B4F4F72F
:1058700001F802B00490149840680346524801B4FD
:1058800008B4EAF7B9FA02B01498806801B401F0DC
:10589000CAFD01B01498806801B41598406801B43D
:1058A00006BC02B404B401F0AEFC02B01498C068A7
:1058B00001B41598406901B406BC02B404B4F0F711
:1058C000E3FD02B00346009801B408B4F6F7C6FD44
:1058D00002B0034607200002D13001B408B401F041
:1058E00079FC02B001B4F7F7C9FF01B00590029846
:1058F0000AF052FD006B0346002001B4002001B401
:1059000008B4EAF755F803B00690012007906F46F7
:105910007760D1F78DFB01B401B4069801B401980A
:1059200000996F467760D1F793FB02B06F467760BE
:10593000D1F77EFB01B4009901986F467760D1F7EB
:1059400087FB01B001BC089001200990099801B4BF
:10595000069801B4019800996F467760D2F73EF936
:1059600002B001B46F467760D2F784F8002802D104
:10597000009801B01CE00098009801B0089801B4AC
:10598000089801B4019800990AF031FA02B001B404
:105990000AF084FC6F467760D1F754FB01B00BF03E
:1059A000EEFD01B401216F467760D1F78FFF01B0A2
:1059B0006F467760D2F794F8002807D148E30000DB
:1059C0003C6004005860030090600300089801B434
:1059D000089801B4019800990AF009FA02B00A90F7
:1059E000079803210BF078FD0790089801B40898F8
:1059F00001B4019800990AF0FAF902B00B90002066
:105A00000C900A980D9001200E900E9801B40E98FB
:105A10006F467760D1F716FB0BF0B1FD01B401982A
:105A200000996F467760D2F7B3F802B0002800D132
:105A3000E2E20D9801B40F980BF097FD01B40198C4
:105A400000996F467760D1F70DFB02B00C900C986F
:105A50000BF00EFC40680F900C980BF009FC80686E
:105A600001B410980AF029FD406901B40198009929
:105A70000BF01DFE02B000D197E00F980AF01DFD5B
:105A8000406901210BF0D7FD05D00C9801210BF0E6
:105A9000EFFB01617CE00F980AF00FFD406901B453
:105AA00001216F467760D2F799F801B001B46F46D3
:105AB0007760D1F7DFFF002802D1009801B00DE038
:105AC0000098009801B00C980BF0D2FB806801B4EC
:105AD00001216F467760D2F7A3F801B001B46F4699
:105AE0007760D1F7C7FF002802D0009801B025E009
:105AF0000098009801B00F980AF0DFFC406901B4EB
:105B000001216F467760D2F78BF801B001B46F4680
:105B10007760D1F7AFFF002802D1009801B00DE007
:105B20000098009801B00C980BF0A2FB806801B4BB
:105B300001216F467760D2F751F801B06F46776068
:105B4000D1F7CEFF002823D00C9801B40D980BF0AC
:105B50008FFB006901B4012002BC0BF093FC01B47F
:105B6000019800990BF084FB016102B00C9801B41C
:105B70000D980BF07DFB806901B4012002BC0BF095
:105B800081FC01B4019800990BF072FB816102B0B5
:105B90000C9801B410980AF090FC406901B4019887
:105BA00000990BF065FB816002B00C980BF060FB74
:105BB000C06801B410980AF080FC806901B40198B3
:105BC00000990BF074FD02B000D197E00F980AF035
:105BD00074FC806901210BF02EFD05D00C98012189
:105BE0000BF046FB41617CE00F980AF066FC80698F
:105BF00001B401216F467760D1F7F0FF01B001B425
:105C00006F467760D1F736FF002802D1009801B0C7
:105C10000DE00098009801B00C980BF029FBC068CB
:105C200001B401216F467760D1F7FAFF01B001B4EA
:105C30006F467760D1F71EFF002802D0009801B0B0
:105C400025E00098009801B00F980AF036FC8069B2
:105C500001B401216F467760D1F7E2FF01B001B4D2
:105C60006F467760D1F706FF002802D1009801B097
:105C70000DE00098009801B00C980BF0F9FAC0689C
:105C800001B401216F467760D1F7A8FF01B06F46DC
:105C90007760D1F725FF002823D00C9801B40D9828
:105CA0000BF0E6FA406901B4012002BC0BF0EAFBFC
:105CB00001B4019800990BF0DBFA416102B00C9835
:105CC00001B40D980BF0D4FAC06901B4012002BCF4
:105CD0000BF0D8FB01B4019800990BF0C9FAC1612F
:105CE00002B00C9801B410980AF0E7FB806901B487
:105CF000019800990BF0BCFAC16002B00C980BF04F
:105D0000B7FA806901B4EBF7C1FF01B001B40D9897
:105D10000BF0AEFA006901B4EBF7B8FF01B001B4C3
:105D2000019800990BF04BFC02B004D00C980BF0DA
:105D30009FFA006903E00C980BF09AFA80691090C2
:105D40000C980BF095FAC06901B4EBF79FFF01B016
:105D500001B40D980BF08CFA406901B4EBF796FF93
:105D600001B001B4019800990BF029FC02B004D0F5
:105D70000C980BF07DFA406903E00C980BF078FA70
:105D8000C06911900C9801B40D980BF071FA00697C
:105D900011990BF077FB01B4019800990BF068FAA8
:105DA000016102B00C9801B40D980BF061FA4069E2
:105DB00012990BF067FB01B4019800990BF058FAA7
:105DC000416102B00F9801B410980AF076FBC068E8
:105DD00001B4019800990AF070FB816402B00F9839
:105DE00001B410980AF069FB006901B401980099A8
:105DF0000AF063FBC16402B00F9801B410980AF076
:105E00005CFBC06811990BF02DFB01B4019800995F
:105E10000AF053FBC16002B00F9801B410980AF069
:105E20004CFB006912990BF01DFB01B4019800991D
:105E30000AF043FB016102B00F980AF03EFB406F8D
:105E40002421090205310BF02DFB6F467760D1F755
:105E500047FE6F467760D0F7B3FF6F467760D1F7A4
:105E6000D1F86F467760D1F73BFE002808D0149830
:105E7000806803460F9801B408B401F076F802B0C8
:105E8000039801B46F467760D1F7F4FD002802D182
:105E9000009801B007E00098009801B0039801B4A1
:105EA000F5F72BFE01B06F467760D1F719FE002899
:105EB00008D0039801B40D9801B4169801B4FDF709
:105EC00009FF03B00F980AF0F8FA406F41210BF078
:105ED000E9FA12900F980AF0F0FA406F11210BF0D6
:105EE000E1FA01B46F467760D1F7C4FD002802D013
:105EF000009801B01DE00098009801B0129801B41C
:105F00006F467760D1F7B6FD002802D1009801B046
:105F10000FE00098009801B003986F467760D1F7C2
:105F2000DFFD6F467760D0F74BFF6F467760D1F7A4
:105F300069F86F467760D1F7D3FD002812D0149826
:105F400001B40D9801B4149801B405980AF024FA2C
:105F5000006A01B41EBC02B404B408B410B400F06A
:105F6000ABFD04B00C980BF083F9006901B4EBF7BA
:105F70008DFE01B001B43768B86A01B40198009988
:105F80006F467760D1F74CFE02B001B46F46776080
:105F9000D1F770FD002802D0009801B015E00098FC
:105FA000009801B00C980BF063F9406901B4EBF76D
:105FB0006DFE01B001B43768B86A01B40198009968
:105FC0006F467760D1F72CFE02B06F467760D1F74D
:105FD00087FD00280AD00B9801B40D9801B40AF08F
:105FE000FDF96F467760D1F733F802B00E980321C0
:105FF0000BF038FA0E9008E500200D90069801B4D9
:106000000B9801B4169801B400F084F803B00A9814
:1060100001B40AF043F96F467760D1F713F801B085
:106020000BF0ADFA6F467760D1F75AFD002809D022
:106030000A9801B40AF032F96F467760D1F70EF88A
:1060400001B0E4E7099803210BF00CFA09907DE414
:10605000002013B000BD0000D4B00100000000001B
:1060600065600300012C06DA00B50AF0B3F900F010
:1060700002F801B000BD00B5686901B4286901B437
:10608000039801B4E86801B401F00AFA04B000BD55
:10609000D4B00100000000009D600300012C06DA6E
:1060A00000B50AF097F900F002F801B000BD00B5A4
:1060B000019801B4EFF785FB01B001B46F4677603A
:1060C000D1F7D8FC002802D0009801B007E0009872
:1060D000009801B0019801B4EFF739FB01B06F46A9
:1060E0007760D1F7FDFC002804D0019801B401F0DD
:1060F000B6F901B0002000BD032C0BDA00B50AF0A0
:1061000037FB00F007F803B000BD774600980AF0AF
:106110005BFFBE4600B5002001B401B401B401B478
:1061200001B401B401B401B401B401B401B401B4C7
:106130000F9801B40AF0B2F86F467760D0F782FF8B
:1061400001B00BF01CFA6F467760D1F7C9FC6F46BF
:106150007760D0F735FE6F467760D0F753FF6F4614
:106160007760D1F7BDFC002800D034E1002000901A
:106170000E98019001200290029801B402986F4697
:106180007760D0F75FFF0BF0FAF901B4019800993E
:106190006F467760D1F7FCFC02B0002800D118E10F
:1061A000019801B403980BF0E0F901B4019800994B
:1061B0006F467760D0F756FF02B0009000980BF062
:1061C00057F84068039003980AF077F9406F24214C
:1061D000090205310BF066F96F467760D1F780FC54
:1061E000002800D0EFE00D98806801B401980BF012
:1061F0003FF8406801B406BC02B404B400F039FAB8
:1062000002B00490002005900498069001200790A9
:10621000079801B407986F467760D0F713FF0BF02B
:10622000AEF901B4019800996F467760D1F7B0FCE0
:1062300002B0002800D1C4E0069801B408980BF021
:1062400094F901B4019800996F467760D0F70AFF7E
:1062500002B0059005980AF030F9406F2421090238
:1062600005310BF01FF96F467760D1F739FC002834
:1062700000D0A0E00398006C08900598006C09908D
:1062800003980AF01AF9006F01B40A9801B40AF0F1
:10629000A5F800226F467760D1F7C6FB02B00BF07D
:1062A0006EF9012149420BF0DAF900D083E003983E
:1062B0000AF003F9806801B406980AF0FEF88068D5
:1062C00001B4019800990BF07AF902B001D003985B
:1062D00000E005980A900A9803990BF0C0F901D0E4
:1062E000059800E003980B900A980AF0E6F8C06E53
:1062F00001B40C980AF0E1F8806801B40AF06EF875
:1063000000226F467760D1F78FFB02B00BF037F9B0
:10631000012149420BF0A3F94DD00220C1496F463B
:106320007760D2F7D3FC01B40021099A6F467760F9
:10633000D0F700FF009801210A9A6F467760D0F7E6
:10634000F9FE0520B8496F467760D2F7BFFC01B46B
:1063500000210C9A6F467760D0F7ECFE009801217F
:106360000D9A6F467760D0F7E5FE00980221059AF6
:106370006F467760D0F7DEFE00980321079A6F46DC
:106380007760D0F7D7FE009804210A9A6F467760AD
:10639000D0F7D0FE019801B4129801B4ECF7B8FA26
:1063A00002B000270197034601BC01B001B408B454
:1063B000E9F722FD02B0079803210BF053F807908C
:1063C00026E700200690029803210BF04BF802907C
:1063D000D2E60020019000200CB000BDD4B0010036
:1063E00000000000E9630300012C06DA00B509F0A3
:1063F000F1FF00F002F801B000BD00B501980AF00D
:1064000090FB406801B4E86801B4019800996F46B8
:106410007760D1F753FA02B001B46F467760D1F7D5
:1064200029FB002802D1009801B010E000980098E4
:1064300001B001980AF075FB806801B4286901B4C5
:10644000019800996F467760D1F738FA02B001B42D
:106450006F467760D1F70EFB002802D0009801B09C
:106460002BE00098009801B001980AF05AFB4068B0
:1064700001B4286901B4019800996F467760D1F79B
:106480001DFA02B001B46F467760D1F7F3FA002825
:1064900002D1009801B010E00098009801B0019876
:1064A0000AF03FFB806801B4E86801B401980099E4
:1064B0006F467760D1F702FA02B000BDD4B0010098
:1064C00000000000C9640300012C06DA00B509F0E1
:1064D00081FF00F002F801B000BD00B5E86809F0E6
:1064E000ECFFC06E01B4286909F0E7FF806801B4D1
:1064F00009F074FF6F467760D0F7AAFD02B006205E
:106500004A496F467760D2F7E1FB01B400216A691E
:106510006F467760D0F70EFE00980121AA696F469A
:106520007760D0F707FE00980221029A6F467760E5
:10653000D0F700FE00980321EA696F467760D0F734
:10654000F9FD00980421EA686F467760D0F7F2FD04
:10655000009805212A696F467760D0F7EBFD009817
:1065600009F06EFE6F467760CFF778FD01B000202E
:1065700000BD0000D4B001000000000081650300F0
:1065800000B5E86809F099FF406F01B4286909F087
:1065900094FF406F01B4019800990AF090FF02B097
:1065A0002421090205310AF07DFF6F467760D1F79B
:1065B00097FA6F467760D0F703FC6F467760D0F7A5
:1065C00021FD6F467760D1F78BFA002830D0A8699B
:1065D00001B468690AF0A5FA406801B4019800990D
:1065E0000BF03DF802B001D0E86800E0286901B482
:1065F000A86901B468690AF094FA406801B4019886
:1066000000990BF02CF802B001D0286900E0E8688E
:1066100001B4019801B4686901B4D3210AF04AF9C0
:1066200004B005E0DC630300BC6403007465030090
:10663000E86909F042FFC06E01B4286A09F03DFF25
:10664000806801B409F0CAFE6F467760D1F704FA9A
:1066500002B06F467760D0F7D5FC002000BD000087
:10666000022C0BDA00B509F074FF00F007F802B055
:1066700000BD774600980AF0B5FCBE4600B5002084
:1066800001B401B4049801B4049801B400F040F8D6
:1066900002B000900120CE496F467760D2F716FB1A
:1066A00001B40021059A6F467760D0F743FD00984A
:1066B000019801B4ECF72CF902B00190019802B0F6
:1066C00000BD0000D4B0010000000000D16603004E
:1066D000012C06DA00B509F07DFE00F002F801B0E9
:1066E00000BD00B5019801B4E86801B4F0F797FB6C
:1066F00002B000BD022C0BDA00B509F02AFF00F051
:1067000007F802B000BD774600980AF06BFCBE4661
:1067100000B5002001B401B46F467760D0F788FC63
:106720000090049809F0C9FE406C0190039801B4F0
:10673000059801B4EDF7D9FB01B001B4069801B496
:10674000EDF735FB01B001B40EBC009801B402981E
:1067500001B402B404B408B400F0B0F805B0039872
:1067600001B4059801B4EDF7C0FB01B001B406987F
:1067700001B400F07CF801B001B40EBC009801B483
:10678000029801B402B404B408B400F097F805B05C
:10679000039801B4059801B400F047F801B001B4C2
:1067A000069801B4EDF703FB01B001B40EBC0098EC
:1067B00001B4029801B402B404B408B400F07EF845
:1067C00005B0039801B4059801B400F02EF801B0AB
:1067D00001B4069801B400F04AF801B001B40EBC4F
:1067E000009801B4029801B402B404B408B400F0F3
:1067F00065F805B0009801B4059801B409F0EEFD04
:106800006F467760D1F728F902B06F467760D0F70E
:10681000F9FB009802B000BD012C0BDA00B509F0BD
:10682000D9FD00F007F801B000BD7746009809F0E7
:1068300044FEBE4600B5019801B4EDF75BFB01B024
:1068400001B4029801B4EDF701FB01B001B4019865
:1068500000990AF007FE02B000BD0000012C0BDA1F
:1068600000B509F0B7FD00F007F801B000BD7746AC
:10687000009809F022FEBE4600B5019801B4EDF77C
:106880009BFA01B001B4029801B4EDF72FFA01B000
:1068900001B4019800990AF0E5FD02B000BD0000C6
:1068A000052C0BDA00B50AF0B4F800F007F805B0D3
:1068B00000BD774600980AF095FBBE4600B5002063
:1068C00001B401B401B401B401B4089801B408984A
:1068D00001B4089801B400F091F803B00090069854
:1068E000406901B4019801B40198009909F07FFA58
:1068F00002B0019001986F467760D1F7F1F8002857
:106900006AD000200290019803900120049004981E
:1069100001B404986F467760D0F794FB0AF02FFE1D
:1069200001B4019800996F467760D1F731F902B050
:1069300000284FD0039801B405980AF016FE01B460
:10694000019800996F467760D0F78CFB02B00290F7
:10695000029809F0B2FD406C09990AF0A3FD01B458
:106960006F467760D1F786F8002802D1009801B011
:1069700017E00098009801B00A9801B4039801B498
:1069800009F02CFD00226F467760D1F74DF802B078
:106990000AF0F5FD01B401216F467760D1F71EF9C9
:1069A00001B06F467760D1F79BF800280AD00A98AB
:1069B00001B4039801B409F011FD6F467760D0F778
:1069C00047FB02B0049803210AF04CFD04909EE7B7
:1069D000C466030000200390002005B000BD000045
:1069E000032C0BDA00B509F0C3FE00F007F803B082
:1069F00000BD774600980AF0F5FABE4600B50020C3
:106A000001B401B40398006901B4059801B4059874
:106A1000406801B409F0CEFC6F467760D0F704FB04
:106A200002B00AF0ACFD01B406BC02B404B401200B
:106A300001B4EFF7E7FA03B000900398C06801B41F
:106A4000069801B40598806801B409F0B3FC6F465C
:106A50007760D0F7E9FA02B00AF091FD01B406BC04
:106A600002B404B4012001B4EFF7CCFA03B00190F2
:106A7000009801B4029801B40598006901B4019826
:106A800000996F467760D0F7B3FD02B001B401986A
:106A900000990AF0E7FC02B002B000BD042C0BDA4A
:106AA00000B509F0FCFF00F007F804B000BD774620
:106AB00000980AF089FABE4600B5002001B401B47E
:106AC00004980AF0D5FB40680090009801B4FCF7E8
:106AD00084FF01B06F467760D1F702F86F467760A8
:106AE000D0F76EF96F467760D0F78CFA6F46776013
:106AF000D0F7F6FF002805D0009801B434210AF041
:106B0000A5FB01B0069801B400F0D5F901B06F46BD
:106B10007760D0F7E5FF6F467760D0F751F96F46A1
:106B20007760D0F76FFA6F467760D0F7D9FF00280B
:106B300004D0069801B4F4F7CCFD01B0009809F038
:106B4000BCFC806E01B4F0F72CFE01B001B4022150
:106B5000090201316F467760D0F776FD01B001B4CC
:106B60000798406801B4019800990AF08BFC02B0C4
:106B70000190019801210AF00EFD2DD0009801B47A
:106B800001B4019801B4EDF7B0F901B00027019705
:106B900003990AF077FC01B406BC02B404B4EDF723
:106BA0006CF903B005986F467760D0F799FF00281D
:106BB00011D0009801B4019801B4EEF702FE01B0C3
:106BC000014601200AF05EFC01B406BC02B404B424
:106BD000EEF7D9FD02B061E0009809F06EFC806E1E
:106BE00001B4F0F778FD01B001B4022109020131CE
:106BF0006F467760D0F728FD01B001B40798406870
:106C000001B4019800990AF03DFC02B001B484205F
:106C10003768385801B409F054FB6F467760D4F7F1
:106C200069FD01B00AF0ABFC01B4019800990AF0CB
:106C300029FC02B001B4029001BC01210AF0BFFCA2
:106C40002CD0009801B401B4019801B4FFF7EDFD18
:106C500001B00027019703990AF014FC01B406BCA7
:106C600002B404B400F0FFF803B005986F467760F3
:106C7000D0F736FF002811D0009801B4019801B474
:106C8000EEF79FFD01B0014601200AF0FBFB01B4C5
:106C900006BC02B404B4EEF776FD02B0009809F029
:106CA0000CFC806E01B4F0F75EFD01B001B402216E
:106CB000090201316F467760D0F7C6FC01B001B41C
:106CC0000798806801B4019800990AF0DBFB02B0D4
:106CD00001B4029001BC01210AF05DFC2DD00098A6
:106CE00001B401B4019801B4EDF761F801B00027D7
:106CF000019703990AF0C6FB01B406BC02B404B4C0
:106D0000EDF70BF803B005986F467760D0F7E8FE13
:106D1000002811D0009801B4019801B4EEF717FDD6
:106D200001B0014601200AF0ADFB01B406BC02B47B
:106D300004B4EEF7EEFC02B061E0009809F0BDFB90
:106D4000806E01B4F0F7EBFC01B001B4022109023E
:106D500001316F467760D0F777FC01B001B4079836
:106D6000806801B4019800990AF08CFB02B001B46C
:106D700084203768385801B409F0A3FA6F46776069
:106D8000D4F7BCFC01B00AF0FAFB01B401980099F9
:106D90000AF078FB02B001B4029001BC01210AF0B4
:106DA0000EFC2CD0009801B401B4019801B4FFF797
:106DB0005EFD01B00027019703990AF063FB01B45F
:106DC00006BC02B404B400F026F803B005986F4680
:106DD0007760D0F785FE002811D0009801B40198A3
:106DE00001B4EEF7B4FC01B0014601200AF04AFB01
:106DF00001B406BC02B404B4EEF78BFC02B0002070
:106E000002B000BD022C0BDA00B509F0A2FB00F0C5
:106E100007F802B000BD7746009809F04EFBBE4669
:106E200000B5019801B4039801B4039801B4ECF7DC
:106E30005DFF01B001B4019800990AF023FB02B094
:106E400001B406BC02B404B4ECF76CFF02B000203D
:106E500000BD0000022C0BDA00B509F07AFB00F04F
:106E600007F802B000BD7746009809F026FBBE4641
:106E700000B5019801B4039801B4039801B4ECF78C
:106E8000E5FF01B001B4019800990AF0FBFA02B0E5
:106E900001B406BC02B404B4ECF7F4FF02B0002065
:106EA00000BD0000012C0BDA00B509F093FA00F0E8
:106EB00007F801B000BD774600980AF019F8BE4601
:106EC00000B5019840696F467760D0F709FE6F46BC
:106ED0007760CFF775FF6F467760D0F793F801B40E
:106EE0006F467760D0F7C6FD002802D0009801B049
:106EF00031E00098009801B00198406901B4EFF7C3
:106F00009EFA01B001B40298806901B40198009919
:106F10006F467760D0F7D2FC02B001B46F4677605D
:106F2000D0F7A8FD002802D1009801B013E0009826
:106F3000009801B00198406901B4EFF7C2FA01B0BE
:106F400001B40298C06901B4019800996F46776056
:106F5000D0F7B4FC02B000BD022C0BDA00B509F08A
:106F6000F8FA00F007F802B000BD774600980AF082
:106F700039F8BE4600B5002001B401B401B401B433
:106F800001B401B4089801B4ECF7AFFF01B0009070
:106F9000089801B4ECF70BFF01B00190089801B418
:106FA000ECF74FFF01B001B40898406801B40198B4
:106FB00000990AF057FA02B003210AF063FA01B40B
:106FC0000898406801B409F0F5F96F467760D0F78A
:106FD0002BF802B00AF0D3FA0290089801B4ECF74B
:106FE00080FE01B001B40898806801B4019800994E
:106FF0000AF038FA02B003210AF044FA01B4089802
:10700000806801B409F0D6F96F467760D0F70CF8C4
:1070100002B00AF0B4FA0390012004900498029997
:107020000AF0E1FA61D001200590059803990AF071
:10703000DAFA54D0079801B4019801B40A9801B45F
:10704000ECF7FFFE01B001B4079801B40B9840685B
:1070500001B4019800996F467760D0F7C9FA02B081
:1070600001B406BC02B404B4E7F7C2FE02B001B436
:10707000019800990AF0F6F902B001B4039801B43E
:107080000B9801B4ECF72DFE01B001B4099801B4DE
:107090000C98806801B4019800996F467760D0F72A
:1070A000A7FA02B001B406BC02B404B4E7F7A0FE2C
:1070B00002B001B4019800990AF0D4F902B001B409
:1070C0000EBC089801B402B404B408B400F01EF871
:1070D00004B0059803210AF0C5F90590A5E70498C6
:1070E00003210AF0BFF9049098E7002006B000BD24
:1070F000042C0BDA00B509F0D2FC00F007F804B05C
:1071000000BD7746009809F06DFFBE4600B500202F
:1071100001B401B4059801B4059801B4059801B40F
:10712000FFF76CFC03B000900398406901B401982C
:1071300001B40198009908F05AFE02B0019001983C
:107140006F467760D0F7CCFC6F467760CFF738FE9C
:107150006F467760CFF756FF6F467760D0F7C0FC79
:10716000002816D00398406901B4019801B46F4615
:107170007760CFF75DFF01B401B403980299009ADC
:1071800008F080FE01B000270197029701BC02B011
:107190000190019801B4079801B409F01FF9002289
:1071A0006F467760D0F740FC02B00AF0E8F90121A1
:1071B0000AF0F1F90AD0019801B4079801B409F076
:1071C0000DF96F467760CFF743FF02B0002002B0A1
:1071D00000BD000000B5019801B4039801B409F0A6
:1071E000E9F86F467760CFF71FFF02B00AF0C7F9E2
:1071F00000BD0000022C0BDA00B509F0AAF900F07E
:1072000007F802B000BD7746009809F0EBFEBE46D5
:1072100000B5002001B401B401B401B401B401B45B
:1072200001B401B4012000900120019000200290DF
:107230000A98039001200490049801B404986F46C2
:107240007760CFF7FFFE0AF09AF901B40198009930
:107250006F467760D0F79CFC02B0002831D00398CD
:1072600001B405980AF081F901B4019800996F46BC
:107270007760CFF7F7FE02B00290029801B4ECF706
:10728000E0FD01B000990AF09AF905D0029801B426
:10729000ECF7D7FD01B00090029801B4ECF721FDA6
:1072A00001B001990AF08BF905D0029801B4ECF70E
:1072B00018FD01B00190049803210AF0D3F804905E
:1072C000BAE700200390FBF7FBFC09F065F8C06803
:1072D000059005986F467760D0F702FC002805D02E
:1072E000059801B4F4F7DFFC01B00CE084203768A6
:1072F000385801B408F0E5FF6F467760D4F7FAF923
:1073000001B00AF03CF9069005986F467760D0F717
:10731000E7FB002805D0059801B4F4F7A4FB01B001
:107320000CE084203768385801B408F0CAFF6F4673
:107330007760D4F7E3F901B00AF021F907900998D2
:1073400001B4079801B405210AF0FEF801B001B4B8
:10735000029801B405216F467760D0F749F901B072
:1073600001B406BC02B404B4112001B4EEF74AFE25
:1073700003B001B401980099416002B0099801B4CA
:10738000089801B405210AF0DFF801B001B40398B0
:1073900001B405216F467760D0F72AF901B001B436
:1073A00006BC02B404B4112001B4EEF72BFE03B006
:1073B00001B401980099816002B0099801B408985D
:1073C00001B40B98806801B408F0F4FF6F46776051
:1073D000CFF72AFE02B00AF0D2F801B40198009962
:1073E000C16002B0099801B4079801B40B984068D5
:1073F00001B408F0DFFF6F467760CFF715FE02B0EB
:107400000AF0BDF801B401980099016102B00020B2
:1074100008B000BD012C0BDA00B508F0DBFF00F06E
:1074200007F801B000BD7746009809F0DBFDBE46C5
:1074300000B5019801B46F467760CFF7F9FD01B44C
:1074400001980099416102B0002000BD012C0BDAC7
:1074500000B508F0BFFF00F007F801B000BD7746A7
:10746000009809F02AF8BE4600B5019801B46F46AD
:107470007760CFF7DDFD01B401980099C16502B0D6
:10748000002000BD042C0BDA00B509F008FB00F069
:1074900007F804B000BD7746009809F095FDBE4698
:1074A00000B5002001B401B401B401B401B401B4C9
:1074B00001B401B401B401B40B9801B40D9808F003
:1074C000FCFF406901B406BC02B404B400F06EFADB
:1074D00002B000900B9801B40D9808F0EEFF80699F
:1074E00001B406BC02B404B400F060FA02B001902A
:1074F0000C9801B40D9808F0E0FFC06801B4019841
:10750000009908F0DAFF816402B00C9801B40D987C
:1075100008F0D3FF006901B40198009908F0CDFF8D
:10752000C16402B00C9808F0C8FFC0696F4677606C
:10753000D0F7D6FA002828D00C9801B40D9808F09E
:10754000BCFF406901B40E9808F0B7FFC06903465C
:107550000F9801B408B4F4F781FF02B00346072086
:107560000002D13001B408B4FFF734FE02B001B418
:10757000019802BC01B009F075FF01B401980099AF
:1075800008F09BFF416102B063E00C9808F095FFA2
:10759000406A6F467760D0F7A3FA002859D00C985C
:1075A00008F08BFF406A03460D9801B408B4F4F765
:1075B00055FF02B0034607200002D13001B408B4E1
:1075C000FFF708FE02B002900C9808F076FF4069C1
:1075D000029909F057FF03900398012109F0DBFF9E
:1075E00016D00C9801B40D9808F067FF4069039914
:1075F00009F038FF01B4012001B4EAF735FA02B00E
:1076000001B40198009908F058FF416102B020E0F0
:107610000398012109F0D3FF16D00C9801B40D98FE
:1076200008F04BFF4069039909F02CFF01B40120D9
:1076300001B4EAF70BFA02B001B40198009908F01E
:107640003CFF416102B004E00C98012108F035FFD5
:1076500041610C9808F031FF006A6F467760D0F7FF
:107660003FFA002828D00C9801B40D9808F025FFA7
:10767000806901B40E9808F020FF006A03460F9855
:1076800001B408B4F4F7EAFE02B003460720000292
:10769000D13001B408B4FFF79DFD02B001B40198E8
:1076A00002BC01B009F0DEFE01B40198009908F0B7
:1076B00004FF816102B063E00C9808F0FEFE806A6E
:1076C0006F467760D0F70CFA002859D00C9808F074
:1076D000F4FE806A03460D9801B408B4F4F7BEFEC8
:1076E00002B0034607200002D13001B408B4FFF70E
:1076F00071FD02B004900C9808F0DFFE80690499D7
:1077000009F0C0FE05900598012109F044FF16D04C
:107710000C9801B40D9808F0D0FE8069059909F025
:10772000A1FE01B4012001B4EAF79EF902B001B450
:107730000198009908F0C1FE816102B020E005982F
:10774000012109F03CFF16D00C9801B40D9808F007
:10775000B4FE8069059909F095FE01B4012001B4D9
:10776000EAF774F902B001B40198009908F0A5FE97
:10777000816102B004E00C98012108F09EFE816155
:107780000C9801B40C9801B40E9808F096FE40696C
:1077900001B406BC02B404B400F008F902B001B4AC
:1077A0000198009908F089FE416102B00C9801B47B
:1077B0000C9801B40E9808F080FE806901B406BCF4
:1077C00002B404B400F0F2F802B001B401980099D8
:1077D00008F073FE816102B00C9808F06EFE4069FB
:1077E000009909F03FFE01B40221090201316F4600
:1077F0007760CFF729FF01B001B40F9801B4019869
:1078000000996F467760CFF7F3FE02B001B407210D
:107810000902D1316F467760CFF716FF01B001B48E
:10782000FBF778F801B006900C9808F046FE8069E6
:10783000019909F017FE01B40221090201316F46D6
:107840007760CFF701FF01B001B40F9801B4019840
:1078500000996F467760CFF7CBFE02B001B40721E5
:107860000902D1316F467760CFF7EEFE01B001B467
:10787000FBF750F801B00790069808900798099018
:10788000089801B4EAF702FA01B001B40C988069D3
:1078900001B4019800996F467760D0F7C1F902B042
:1078A00001B46F467760D0F7E5F8002802D0009861
:1078B00001B012E00098009801B0099801B4EAF70D
:1078C000E5F901B001B40C98806901B40198009900
:1078D0006F467760D0F7A4F902B06F467760D0F7B3
:1078E000FFF800282ED0089801B4EAF7CFF901B0CC
:1078F00001B40C98406901B40198009909F05FFE49
:1079000002B007D0052001B4099801B4FFF762FC6A
:1079100002B00890099801B4EAF7B8F901B001B4CF
:107920000C98406901B40198009909F048FE02B032
:1079300007D0052001B40A9801B4FFF74BFC02B050
:1079400009909DE7C4486F467760D1F7EDF901B41F
:107950000D9801B40E9808F0B0FD406901B40F987D
:1079600008F0ABFD806901B40EBC0A9801B40A9816
:1079700001B40A9801B40A9801B402B404B408B47A
:10798000079801B4FDF7ECFE08B001BC0AB000BDD9
:10799000022C0BDA00B508F0DCFD00F007F802B0AD
:1079A00000BD7746009809F00FFBBE4600B5019870
:1079B000C0680346029801B408B4EAF755F802B06B
:1079C00001B40298006901B406BC02B404B4EAF739
:1079D0003DF802B000BD0000012C0BDA00B508F044
:1079E000F9FC00F007F801B000BD7746009809F0F7
:1079F000EBFABE4600B50198806801B400F00DF8BE
:107A000001B0002000BD0000012C0BDA00B508F029
:107A1000E1FC00F007F801B000BD7746009809F0DE
:107A2000E1FABE4600B5002001B401B401B401B4CE
:107A300001B401B401200090009801B408980069D5
:107A400001B40198009909F0A6FD02B000D189E0C7
:107A500001200190019801B40898C06801B4019810
:107A6000009909F098FD02B076D0009801B408980A
:107A7000406801B4019800996F467760CFF7B8FD70
:107A800002B00290019801B40898806801B401988E
:107A900000996F467760CFF7ABFD02B00390039873
:107AA00001B4039801B4099801B4FEF7A7FF03B02D
:107AB00004900798406901B4059801B401980099B1
:107AC00008F095F902B00590059801B46F4677600B
:107AD000CFF7D0FF002802D1009801B00DE0009848
:107AE000009801B0059801B408F0D8FB6F467760A4
:107AF000CFF7A8FA01B009F042FD6F467760CFF7E3
:107B0000EFFF002822D084203768385801B403984A
:107B100001B4059801B40A98406801B40B988068D4
:107B200001B400270B2001B4019801B40297039817
:107B300001B40497059801B40697079801B4089713
:107B4000099801B40A97EEF761F90BB00198032187
:107B500009F088FC01907DE70098032109F082FC80
:107B6000009069E7002006B000BD0000022C0BDA8F
:107B700000B508F0EEFC00F007F802B000BD774653
:107B8000009809F021FABE4600B50198406801B49A
:107B9000039801B408F022FC6F467760CFF75CFFD2
:107BA00002B06F467760CFF72DFA002000BD0000CD
:107BB000022C0BDA00B508F0CCFC00F007F802B09C
:107BC00000BD7746009809F0FFF9BE4600B50020D9
:107BD00001B40298406801B4049801B408F0FEFBB7
:107BE0006F467760CFF734FA02B0FBF769F808F018
:107BF000D3FBC0680090009801B46F467760CFF760
:107C000039FF002802D1009801B009E000980098DF
:107C100001B0039801B4019801B4FBF7FCFE02B077
:107C20006F467760CFF75CFF002812D0039801B44D
:107C300001B4019808F041FC406F022109020131B2
:107C400009F03DFC01B40198009908F036FC416749
:107C500003B0002001B000BDEC5E04007746009840
:107C600009F070F9BE4600B501980299416001988B
:107C70000399816001980499C160059801B4029844
:107C800001B400F035F802B0019801B4039801B4D2
:107C900008F0F1FA042100226F467760CEF7BEF9B2
:107CA00001B001B401980099816102B0019801B45A
:107CB000039801B408F0DFFA042102226F467760CE
:107CC000CEF7ACF901B001B401980099C16102B0DE
:107CD000002000BD022C0BDA00B508F03AFC00F0E1
:107CE00007F802B000BD7746009809F02BF9BE46B0
:107CF00000B5019802994161019801B46F4677601F
:107D0000CFF796F901B401980099016102B0002003
:107D100000BD00007746009809F006F9BE4600B5A0
:107D2000019803218160029801B4029801B400F027
:107D300075FA02B00120C5496F467760D0F7C6FFDB
:107D400001B40021029A6F467760CFF7F3F90298E9
:107D500001B4002001B4029801B40120404201B4F2
:107D6000F6F74AFF03B00027019701B40198009984
:107D7000016103B0002000BDD4B00100000000008C
:107D8000857D0300022C06DA00B508F0E2FB00F066
:107D900002F802B000BD00B5029801B4029801B427
:107DA000E86801B400F012F803B0002000BD000044
:107DB000032C0BDA00B508F0DBFC00F007F803B089
:107DC00000BD7746009809F0AFF8BE4600B5002028
:107DD00001B401B401B401B401B401B401B401B4FB
:107DE00001B401B401B401B401B401B401B41098F8
:107DF00001B4F3F787FE01B06F467760CFF770FEEE
:107E00006F467760CEF7DCFF6F467760CFF7FAF802
:107E10006F467760CFF764FE002800D0ECE1109841
:107E2000406801B40099032009F064FB01B003210C
:107E300009F028FB0090129809F05AF8C0680099E0
:107E400009F030FB0190129809F052F8006900998E
:107E500009F028FB0290129809F04AF8C06801B4B2
:107E60001198406801B40198009909F06DFB02B0C7
:107E700001B4012001B4E7F741F902B00390109872
:107E8000C068806901B4139809F032F8C06801B481
:107E9000139801B408F015FA6F467760D3F72AFCFF
:107EA00001B009F06CFB01B40198009909F0DAFA0D
:107EB00002B001B41298406801B40198009909F029
:107EC00043FB02B0032109F0CDFA01B406BC02B4B1
:107ED00004B4E6F78DFF02B00490129809F008F898
:107EE000006901B41198406801B40198009909F043
:107EF0002BFB02B001B4012001B4E7F7FFF802B098
:107F000005901098C068C06901B4139808F0F0FF9C
:107F1000006901B4139801B408F0D3F96F46776093
:107F2000D3F7ECFB01B009F02AFB01B401980099EA
:107F300009F098FA02B001B41298406801B40198AF
:107F4000009909F001FB02B0032109F08BFA01B49A
:107F500006BC02B404B4E6F74BFF02B006900398E7
:107F600007900798049909F03EFB5CD005980890AB
:107F70000898069909F037FB4FD01098C06803465F
:107F8000089801B4089801B408B4FDF712F803B0DA
:107F900009901098C0680346099801B408B4FDF729
:107FA0006EF802B00A900A986F467760CFF798FD96
:107FB00000282CD0119801B40B9801B409980599A8
:107FC00009F060FA01B41398406801B4019800996F
:107FD00009F090FA02B0039909F054FA01B40B9831
:107FE000089909F04FFA01B41498406801B4019857
:107FF000009909F07FFA02B0059909F043FA01B43B
:1080000008F087FE6F467760D5F716FE04B0089833
:10801000032109F027FA0890AAE70798032109F03D
:1080200021FA07909DE75D208000376838586F4639
:108030007760CFF755FD002800D1DDE003980B9065
:108040000B98049909F0CFFA02D168E0787D03001B
:108050000B98039909F016FA01B41198406801B41D
:108060000198009909F046FA02B0019909F00AFA5C
:108070000C900C9801B401216F467760CFF7C0FDDA
:1080800001B001B46F467760CFF7F4FC002802D14D
:10809000009801B019E00098009801B00C9801B464
:1080A00084203768385801B408F00BF96F467760C0
:1080B000D3F720FB01B009F062FA01B401980099EE
:1080C0006F467760CFF778FD02B06F467760CFF7E5
:1080D00007FD00281DD0119801B40D9801B40E9829
:1080E00001B4149801B408F0ECF86F467760D3F748
:1080F00005FB01B009F043FA01B41EBC032001B432
:1081000002B404B4012001B408B410B4EDF72EFF9A
:1081100006B00B98032109F0A5F90B9090E705989C
:108120000D900D98069909F05EFA65D00D980599A5
:1081300009F0A8F901B41198406801B401980099B8
:1081400009F0D8F902B0029909F09CF90E900E9846
:1081500001B401216F467760CFF752FD01B001B441
:108160006F467760CFF786FC002802D1009801B0F7
:1081700019E00098009801B00E9801B48420376887
:10818000385801B408F09DF86F467760D3F7B6FA17
:1081900001B009F0F4F901B4019800996F467760D5
:1081A000CFF70AFD02B06F467760CFF799FC002841
:1081B0001CD0119801B40F9801B4139801B408F0C1
:1081C00080F86F467760D3F795FA01B009F0D7F9D8
:1081D00001B40EBC032001B40F9801B402B404B47E
:1081E000012001B408B4EDF7C1FE06B00D980321DB
:1081F00009F038F90D9094E700200FB000BD0000A1
:10820000022C0BDA00B508F0A4F900F007F802B070
:1082100000BD7746009808F087FEBE4600B501987D
:10822000029941600198C0686F467760CFF758FCAB
:10823000002808D00198C0680346029801B408B429
:10824000FFF751FD02B0002000BD0000012C0BDA49
:1082500000B508F0BFF800F007F801B000BD7746A0
:10826000009808F061FEBE4600B50198C06800BDE8
:108270007746009808F04AFEBE4600B5019801B462
:10828000039801B4032001B4E6F738FF02B001B44B
:1082900001980099416002B00198049981600398A7
:1082A00001B401460B206F467760CFF7ABFB002887
:1082B00001D001B029E0032000996F467760CFF725
:1082C000A1FB002801D001B02CE0052000996F46E9
:1082D0007760CFF797FB002801D001B022E007209C
:1082E00000996F467760CFF78DFB002801D001B071
:1082F00025E0092000996F467760CFF783FB0028BF
:1083000001D001B01BE001BC25E001984221C16011
:1083100001984221016101980B21416101980B21D3
:10832000816118E001980A21C16001984221016130
:1083300001980399416101980B2181610BE001983B
:108340004221C16001980A21016101980B2141611C
:10835000019803998161002000BD0000012C0BDA17
:1083600000B508F037F800F007F801B000BD774617
:10837000009808F0BDFDBE4600B50198806801B4C4
:1083800084203768385801B407F09BFF6F46776048
:10839000D3F7B4F901B009F0F2F801B4032109F000
:1083A000D3F801B001B40198009909F05BF802B06C
:1083B00000BD0000012C0BDA00B508F00BF800F04E
:1083C00007F801B000BD7746009808F091FDBE4661
:1083D00000B50198406801B484203768385801B46A
:1083E00007F06FFF6F467760D3F784F901B009F0AB
:1083F000C6F801B4032109F0A7F801B001B401984F
:10840000009909F02FF802B000BD0000012C0BDA32
:1084100000B507F0DFFF00F007F801B000BD7746B8
:10842000009808F05AFCBE4600B50198C06A00BD2D
:10843000022C0BDA00B508F08CF800F007F802B057
:1084400000BD7746009808F048FCBE4600B5002005
:1084500001B401B401B40498006A00900498C069A2
:10846000092109F01FF86F467760CFF739FB002824
:1084700001D0012007E0059808F03AFDC06801B47A
:10848000FAF748FA01B001900498C069092109F08F
:1084900009F86F467760CFF723FB002801D0012051
:1084A00007E0059808F024FD006901B4FAF732FAF4
:1084B00001B0029000986F467760CFF711FB00285B
:1084C00018D0009808F0C6FD4069012109F077F83E
:1084D0000AD0029801B4029801B4029801B4079836
:1084E00001B400F019F804B0009808F0B3FD8069F9
:1084F0000090DFE7002003B000BD0000042C0BDA81
:1085000000B508F0CCFA00F007F804B000BD7746DB
:10851000009808F0E2FBBE4600B50198C06A01B4BD
:10852000039801B4049808F095FD4068059908F097
:10853000A9FF01B4059808F08DFD8068079908F03F
:10854000A1FF01B41EBC02B404B408B410B42821C5
:1085500008F011FE04B0002000BD0000042C0BDA6E
:1085600000B508F09CFA00F007F804B000BD7746AB
:10857000009808F012FEBE4600B5842037683858CF
:1085800001B4049801B4F5F779F901B001B4069883
:1085900001B4F5F773F901B001B408F05AF90123F9
:1085A0006F467760D3F7C8F803B0002000BD000025
:1085B000012C0BDA00B507F00DFF00F007F801B051
:1085C00000BD7746009807F0E7FEBE4600B501986B
:1085D000006E00BD012C0BDA00B507F0FBFE00F0C9
:1085E00007F801B000BD7746009808F00FFBBE46C3
:1085F00000B56F467760CEF73DFA01B4029801B43A
:1086000000F022F801B001B407F0CAFF6F467760AE
:10861000CEF770FA02B001B407F0B8FE9A496F467F
:108620007760CEF767FA01B000BD0000012C0BDACD
:1086300000B507F0CFFE00F007F801B000BD7746A7
:10864000009808F0E3FABE4600B50198406801B40E
:1086500007F024FE6F467760CEF7F4FC01B008F017
:108660008EFF00BD012C0BDA00B507F0B3FE00F061
:1086700007F801B000BD7746009808F087F8BE46BD
:1086800000B5019801B4EDF7A4F901B0E9F7EEFDEA
:108690000346019801B408B400F00DF802B00020C0
:1086A00000BD0000022C0BDA00B507F052FF00F00D
:1086B00007F802B000BD7746009808F075F8BE468E
:1086C00000B5012071496F467760D0F7FFFA01B419
:1086D0000021039A6F467760CEF72CFD029801B413
:1086E000039840690346019801B408B4EAF710F909
:1086F00002B00027019701B401980099416103B0CD
:10870000002000BDD4B0010000000000118703006C
:10871000012C06DA00B507F05DFE00F002F801B0AA
:1087200000BD00B5019801B4E86801B40198009952
:108730006F467760CFF7CAF802B000BD012C0BDAA4
:1087400000B507F047FE00F007F801B000BD77461E
:10875000009808F061F8BE4600B50198C06F6F46FA
:108760007760CFF7BDF9002800D004E0019801B48C
:10877000ECF743FE01B0002000BD0000012C0BDA35
:1087800000B507F027FE00F007F801B000BD7746FE
:10879000009808F041F8BE4600B50198C06F6F46DA
:1087A0007760CFF79DF900281ED039486F46776073
:1087B000D0F7BAFA01B4029801B40398406B01B43F
:1087C0000498806B01B40EBC012001B4012001B4F7
:1087D00002B404B408B4059801B4E9F7B3F806B0DC
:1087E000029802BC816604E0019801B4E8F725FF15
:1087F00001B0002000BD0000032C0BDA00B507F02B
:10880000B7FF00F007F803B000BD7746009808F006
:1088100003F8BE4600B5039801B4039801B4039869
:1088200001B400F0BCF803B0019801B4FAF748FABB
:1088300007F0B2FD406808F004F9C06901B406BC55
:1088400002B404B4482107F0F7FF02B0002000BDD5
:10885000022C0BDA00B507F07CFE00F007F802B03E
:1088600000BD7746009807F0D7FFBE4600B5002050
:1088700000BD0000012C12DA00B507F0ABFD00F0DE
:108880000EF801B000BD0000CC8C0400048703008A
:10889000C03C04007746009807F00FFEBE4600B5C6
:1088A0006F467760CEF7E6F801B40298806801B4AD
:1088B00007F076FE6F467760CEF71CF902B001B480
:1088C00007F064FDC4496F467760CEF713F901B035
:1088D00001B4029801B4EDF7B7FD01B001B407F09F
:1088E0006EFE6F467760CEF705F902B001B407F06F
:1088F0004DFDBA496F467760CEF7FCF801B001B480
:10890000029801B4EDF7E2FD01B001B407F057FEA3
:108910006F467760CEF7EEF802B001B407F036FD8F
:10892000AF496F467760CEF7E5F801B001B4029821
:1089300001B4ECF74BFF01B001B407F040FE6F4605
:108940007760CEF7D7F802B001B407F01FFDA34956
:108950006F467760CEF7CEF801B001B4029801B44B
:10896000ECF7FAFE01B001B407F029FE6F4677601C
:10897000CEF7C0F802B001B407F008FD99496F4680
:108980007760CEF7B7F801B000BD0000032C0BDA1A
:1089900000B507F0EDFE00F007F803B000BD774624
:1089A000009807F08AFDBE4600B50198406D002191
:1089B00008F07DFE2BD0019801B401B40198406D00
:1089C00001B4069801B407210902D1316F467760DE
:1089D000CEF70EFE01B00027029701B4019800996E
:1089E00008F050FD02B001B401980099416503B050
:1089F0000198406D012108F0F6FD08D00198002192
:108A00004165019801B43C2107F016FF01B00198BF
:108A1000406F092108F046FD01B46F467760CFF73B
:108A200029F8002802D1009801B009E000980098C8
:108A300001B0029801B4029801B400F049F802B004
:108A40006F467760CFF74CF8002808D0002001B4BB
:108A5000002001B4039801B4ECF77CFF03B0019847
:108A6000406E6F467760CFF73BF800280DD0019835
:108A7000406E0346019801B4039801B4059801B40F
:108A800008B4282107F029FD04B0002000BD000033
:108A9000042C0BDA00B508F002F800F007F804B077
:108AA00000BD7746009807F06BFDBE4600B500207C
:108AB00000BD0000022C0BDA00B507F04AFD00F003
:108AC00007F802B000BD7746009807F0F6FCBE46F6
:108AD00000B5002001B401B40398406F04210902DD
:108AE000013108F0DFFC6F467760CEF7F9FF002810
:108AF00001D0012003E0049808F0FAF9C068009062
:108B00000398406F04210902013108F0CBFC6F4645
:108B10007760CEF7E5FF002801D0012003E004983C
:108B200008F0E6F900690190039801B4FDF782FEB0
:108B300001B0009908F0A6FC01B401216F467760EE
:108B4000CFF74CF801B001B46F467760CEF792FFD3
:108B5000002802D0009801B011E00098009801B000
:108B6000039801B4FDF788FE01B0019908F08AFC72
:108B700001B401216F467760CFF730F801B001B43E
:108B80006F467760CEF776FF002802D0009801B0DC
:108B90002AE00098009801B0039801B4EBF7AAF915
:108BA00001B0009908F06EFC01B484203768385891
:108BB00001B407F086FB6F467760D2F79BFD01B0EA
:108BC00008F0DDFC01B4019800996F467760CFF79B
:108BD00027F802B008E000007C8C0400F88A04004A
:108BE000848C0400908C040001B46F467760CEF74B
:108BF00041FF002802D0009801B020E000980098C2
:108C000001B0039801B4EBF7D7F801B0019908F06F
:108C100039FC01B484203768385801B407F051FB9F
:108C20006F467760D2F76AFD01B008F0A8FC01B486
:108C3000019800996F467760CEF7F2FF02B002B05C
:108C400000BD0000022C0BDA00B507F082FC00F03A
:108C500007F802B000BD7746009807F02EFCBE462C
:108C600000B501980299C163002000BD012C0BDA08
:108C700000B507F0AFFB00F007F801B000BD774684
:108C8000009807F01AFCBE4600B50198C06B6F460D
:108C90007760CEF725FF6F467760CEF791F86F4685
:108CA0007760CEF7AFF96F467760CEF719FF0028EF
:108CB0000AD0019801B46F467760CEF763FA01B429
:108CC00001980099C16302B00198C06B00BD00001B
:108CD000032C0BDA00B507F04BFD00F007F803B0EA
:108CE00000BD7746009807F09FFFBE4600B5002004
:108CF00000BD0000022C0BDA00B507F02AFC00F0E2
:108D000007F802B000BD7746009807F08DFFBE4619
:108D100000B5019801B4242107F08EFD01B06F4623
:108D20007760CEF7DDFE002807D0029801B40298E4
:108D300001B42C2107F080FD02B0002000BD00002E
:108D4000022C0BDA00B507F004FC00F007F802B0C3
:108D500000BD7746009807F067FFBE4600B50020CB
:108D600000BD0000012C0BDA00B507F033FB00F06A
:108D700007F801B000BD7746009807F055FFBE46E2
:108D800000B5422000BD0000012C0BDA00B507F051
:108D900021FB00F007F801B000BD7746009808F00D
:108DA0009EFABE4600B5002001B401B401B401B47E
:108DB000EEF75AFF009000200190009807F0CFFFD7
:108DC0008068029001200390039801B403986F46D5
:108DD0007760CEF737F908F0D2FB01B4019800991B
:108DE0006F467760CEF7D4FE02B0002821D00298FB
:108DF00001B4049808F0B9FB01B4019800996F46DA
:108E00007760CEF72FF902B00190019801B42421C8
:108E100007F068FE01B06F467760CEF761FE00286C
:108E200001D0422008E00398032108F01BFB0390C7
:108E3000CAE7002002900A2004B000BD012C0BDA22
:108E400000B507F0C7FA00F007F801B000BD77469B
:108E5000009807F095FDBE4600B5019840696F4641
:108E60007760CEF73DFE002801D0AC4800E0AC486A
:108E700001B40298806801B407F0ADFBA9486F46C1
:108E80007760CDF737FE01B001B407F07FFAA6494D
:108E90006F467760CDF72EFE01B001B4019801B4A2
:108EA00007F08DFB6F467760CDF724FE03B000BD61
:108EB000012C0BDA00B507F08DFA00F007F801B0CD
:108EC00000BD7746009808F0E1F9BE4600B501986C
:108ED000806801B407F0F5F96F467760D2F70AFCB5
:108EE00001B008F04CFB00BD012C0BDA00B507F017
:108EF00071FA00F007F801B000BD7746009808F05D
:108F0000C5F9BE4600B50198806801B407F0D9F9EB
:108F10006F467760D2F7F2FB01B008F030FB00BD7E
:108F2000012C0BDA00B507F055FA00F007F801B094
:108F300000BD7746009808F0A9F9BE4600B5019833
:108F4000006901B4029801B4FFF7DCFF01B001B47D
:108F5000032108F0F9FA01B001B40198009908F072
:108F600081FA02B000BD0000012C0BDA00B507F059
:108F700031FA00F007F801B000BD7746009808F01C
:108F800085F9BE4600B50198406901B4029801B464
:108F9000FFF79CFF01B001B4032108F0D5FA01B03E
:108FA00001B40198009908F05DFA02B000BD00001C
:108FB000012C0BDA00B507F00DFA00F007F801B04C
:108FC00000BD7746009808F06FF9BE4600B50198DD
:108FD000406801B4029801B4FBF7BEFF01B04068DD
:108FE00001B40198009908F085FA02B000BD0000B4
:108FF000012C0BDA00B507F0EDF900F007F801B02D
:1090000000BD7746009808F04FF9BE4600B50198BC
:10901000806801B4029801B4FBF79EFF01B040687C
:1090200001B40198009908F065FA02B000BD000093
:10903000012C0BDA00B507F0CDF900F007F801B00C
:1090400000BD7746009808F02FF9BE4600B5002015
:1090500001B4029801B4FBF77FFF01B040680090B3
:109060000298406801B4019801B40198009908F091
:1090700041FA02B001B40198032108F003FA01B4E7
:109080000099032008F036FA01B001B40198009964
:1090900008F0E8F902B001B000BD0000012C0BDAC5
:1090A00000B507F097F900F007F801B000BD77466A
:1090B000009808F0F9F8BE4600B5002001B4029807
:1090C00001B4FBF749FF01B0406800900298806846
:1090D00001B4019801B40198009908F00BFA02B0AC
:1090E00001B40198032108F0CDF901B400990320DF
:1090F00008F000FA01B001B40198009908F0B2F943
:1091000002B001B000BD0000042C14DA00B507F075
:10911000C6FC00F010F804B000BD00005874040054
:10912000E08804004C8C0400588C040077460098BA
:1091300008F051F8BE4600B5002001B40298006A5C
:1091400001B40398406A01B406BC02B404B400F050
:109150004AF802B001B407F0B4F86F467760D2F76E
:109160000DFE01B00090009801B4049807F072FF62
:10917000006A01B408F0C1F80F216F467760D2F79A
:10918000D5FE02B084203768385801B4019801B484
:109190000498806A01B4079802BC08F073F901B41E
:1091A000F4F76CFB01B001B40598C06A01B40998EA
:1091B00002BC08F067F901B4F4F760FB01B001B438
:1091C00007F0A7FD6F467760D4F736FD04B00020A6
:1091D00001B000BD022C0BDA00B507F0BAF900F0BF
:1091E00007F802B000BD7746009807F05AFDBE466A
:1091F00000B502986F467760CEF772FC6F467760D5
:10920000CDF7DEFD6F467760CDF7FCFE01B46F460B
:109210007760CEF72FFC002802D0009801B014E050
:109220000098009801B0029801B407F037F86F4633
:109230007760CDF707FF01B008F0A1F901B4012173
:109240006F467760CEF7E0FB01B06F467760CEF7F0
:1092500047FC002801D0002020E0029801B40298C9
:1092600001B4049801B407F019F86F467760CDF7A0
:10927000E9FE01B008F083F9032108F003F901B415
:1092800006BC02B4012001B404B4ECF7DBFE03B069
:1092900001B40198009906F0AAFD02B000BD0000DB
:1092A000042C0BDA00B507F0FAFB00F007F804B065
:1092B00000BD7746009807F09EFFBE4600B500202F
:1092C00001B4039807F0C6FE406903210902E931A1
:1092D00008F075F901D009200CE0039807F0BAFEF8
:1092E000406901210902F53108F069F901D00B202C
:1092F00000E00320009084203768385801B40598B6
:1093000001B4F4F7BBFA01B001B4079801B4F4F763
:10931000B5FA01B001B4039801B407F0A5FC6F469B
:109320007760D2F709FA04B0002001B000BD000058
:10933000042C0BDA00B507F0B2FB00F007F804B01C
:1093400000BD7746009807F006FFBE4600B58420B2
:109350003768385801B4049801B4F4F78FFA01B0B3
:1093600001B4069801B4F4F789FA01B001B407F02A
:1093700070FA01236F467760D2F7DEF903B0002060
:1093800000BD0000022C0BDA00B507F0E2F800F097
:1093900007F802B000BD7746009807F04DFEBE46C4
:1093A00000B5029801B484203768385801B4039896
:1093B00001B4D32107F07EFA03B0002000BD000005
:1093C000012C0BDA00B507F005F800F007F801B042
:1093D00000BD7746009807F02FFEBE4600B5019805
:1093E00001B4CB21490007F035F901B000BD000000
:1093F000012C0BDA00B506F0EDFF00F007F801B024
:1094000000BD7746009807F073FDBE4600B5019891
:10941000806800BD012C0BDA00B506F0DBFF00F020
:1094200007F801B000BD7746009807F061FDBE4621
:1094300000B50198406800BD022C0BDA00B507F0BA
:1094400088F800F007F802B000BD7746009807F0F2
:109450009DF9BE4600B5002001B402989C23C05877
:1094600001B40398A023C05801B40198009908F0F2
:1094700009F802B001B4F5F75BFB01B0032108F075
:10948000B2F80BD0029801B40398A023C05801B4DD
:10949000019800999C23C15002B028E0029801B4C1
:1094A00001B401989C23C05801B40598A023C0586A
:1094B00001B406989C23C05801B40198009907F0A4
:1094C000E1FF02B00027029701B40B216F467760DD
:1094D000CEF7BAF801B001B40198009907F0C2FFC5
:1094E00002B001B4019800999C23C15003B00298C6
:1094F000A423C05801B40398A823C05801B401980C
:10950000009907F0BFFF02B001B4F5F711FB01B0FD
:10951000032108F068F80BD0029801B40398A8233F
:10952000C05801B401980099A423C15002B028E0AA
:10953000029801B401B40198A423C05801B405985D
:10954000A823C05801B40698A423C05801B40198B8
:10955000009907F097FF02B00027029701B40B2192
:109560006F467760CEF770F801B001B401980099AA
:1095700007F078FF02B001B401980099A423C1500C
:1095800003B0039801B407210902D1316F46776017
:10959000CEF75AF801B001B403988423C05801B43F
:1095A000EAF7B7F901B001B4019800996F46776006
:1095B000CEF71EF802B0009002989C23C05801B468
:1095C0000398A023C05801B4019800996F467760B2
:1095D000CEF774F902B001B46F467760CEF74AFA5D
:1095E000002802D1009801B011E00098009801B065
:1095F0000298A423C05801B40398A823C05801B40A
:10960000019800996F467760CEF758F902B06F461F
:109610007760CEF765FA00280FD0029801B401B444
:109620000198AC23C058029907F01CFF01B40198BF
:109630000099AC23C15003B003E002980121AC2390
:10964000C150029801B401B40198B023C0580299E6
:1096500007F008FF01B401980099B023C15003B08E
:109660000298AC23C058012107F095FF03D002985F
:109670000121AC23C1500298B023C058012107F04A
:109680008AFF03D002980121B023C150002001B00D
:1096900000BD0000022C0BDA00B506F05AFF00F006
:1096A00007F802B000BD7746009806F006FFBE46F8
:1096B00000B5002001B401B401B401B4069801B4AE
:1096C000069801B400F0DEFA02B0069801B40698DC
:1096D00001B4FFF7FDF902B06F467760CEF700FAEC
:1096E000002800D05CE00598406F04210902013198
:1096F00007F0D8FE6F467760CEF7F2F9002801D068
:10970000012003E0069807F0F3FBC068009005987D
:10971000406F04210902013107F0C4FE6F467760F3
:10972000CEF7DEF9002801D0012003E0069807F00B
:10973000DFFB00690190059801B4EAF7DBFB01B09B
:10974000009907F09FFE01B46F467760CEF748F8A6
:1097500001B00290059801B4EAF72EFB01B001991F
:1097600007F090FE01B46F467760CEF739F801B08C
:109770000390039801B4039801B4079801B4402101
:1097800007F05AF803B0019801B4019801B40598A4
:1097900001B4059801B4099801B400F013F805B0BC
:1097A000002004B000BD0000052C0BDA00B507F066
:1097B00030F900F007F805B000BD7746009806F0D4
:1097C0007CFEBE4600B5002001B401B401B404988B
:1097D000406F812107F066FE6F467760CEF780F913
:1097E000002800D152E13768F86F00900598019089
:1097F000069801B4059801B4EAF778FA01B001B40B
:109800000198009907F02EFE02B0052107F02AFE0C
:10981000029084203768385801B46F467760CDF7DE
:1098200029F901B4069801B4ECF70EFE01B001B4B9
:10983000012107F089FE01B001B406F0B1FE6F46C8
:109840007760CDF757F902B001B406F09FFDCE491D
:109850006F467760CDF74EF901B001B4069801B4B8
:10986000ECF734FE01B001B4012107F06DFE01B048
:1098700001B406F0A4FE6F467760CDF73BF902B065
:1098800001B406BC002001B4019801B4032001B466
:10989000059801B4059801B402B404B4EFF77AFA5C
:1098A00007B0019801B4019801B47B2106F012FDC4
:1098B00001B001B40198009907F0E4FD02B00190F5
:1098C000049801B4EBF782FF01B001B46F467760F2
:1098D000CEF7D0F8002802D0009801B007E0009839
:1098E000009801B0049801B4EBF736FF01B06F4661
:1098F0007760CEF7F5F8002855D0029801B40198AA
:1099000001B47A2106F0E6FC01B0052107F0AAFDBA
:1099100001B40198009907F0A5FD02B002908420DF
:109920003768385801B4059801B4EBF74FFF01B020
:1099300001B4012107F008FE01B001B406F04BFEAE
:1099400092486F467760CDF7D5F801B001B406F0C4
:109950001DFD8D496F467760CDF7CCF801B001B49D
:10996000069801B4EBF7F8FE01B001B4012107F04D
:10997000EBFD01B001B406F022FE6F467760CDF733
:10998000B9F802B001B406BC002001B4019801B4DA
:10999000032001B4059801B4059801B402B404B4DD
:1099A000EFF7F8F907B0049801B4EBF79BFE01B0AC
:1099B00001B46F467760CEF75DF8002802D00098BA
:1099C00001B007E00098009801B0049801B4EBF7EB
:1099D0004FFE01B06F467760CEF782F8002855D071
:1099E000029801B4019801B47A2106F073FC01B029
:1099F000052107F037FD01B40198009907F032FD09
:109A000002B0029084203768385801B4059801B438
:109A1000EBF768FE01B001B4012107F095FD01B03C
:109A200001B406F0D8FD5A486F467760CDF762F86A
:109A300001B001B406F0AAFC53496F467760CDF738
:109A400059F801B001B4069801B4EBF711FE01B06A
:109A500001B4012107F078FD01B001B406F0AFFDBB
:109A60006F467760CDF746F802B001B406BC00201F
:109A700001B4019801B4032001B4059801B405981C
:109A800001B402B404B4EFF785F907B05D2080009B
:109A9000376838586F467760CEF722F8002848D0EC
:109AA00084203768385801B40598806E01B4EDF70A
:109AB00078FE01B001B4F3F7E1FE01B0089907F0B8
:109AC000E1FC01B40698806E01B4EDF74CFE01B0E4
:109AD00001B4F3F7D3FE01B00A9907F0D3FC01B447
:109AE0000798806E06F0CAFE406901B4F3F7C6FE1F
:109AF00001B001B40898806E06F0C0FE806901B420
:109B0000F3F7BCFE01B001B40027032001B40198B3
:109B100001B40297039801B40497059801B406971D
:109B2000079801B40897099801B40A97ECF76EF901
:109B30000BB0002003B000BD032C0BDA00B506F01B
:109B400017FE00F007F803B000BD7746009806F056
:109B5000B4FCBE4600B5019801B4EDF789FC01B034
:109B60006F467760CDF7BCFF6F467760CDF728F979
:109B70006F467760CDF746FA6F467760CDF7B0FF56
:109B8000002807D119E00000F88A0400988C04002E
:109B9000A08C040084203768385801B40298806D86
:109BA00001B4049801B4069801B407F0B2F86F4606
:109BB0007760D4F741F804B054E08420376838580F
:109BC00001B4039801B4059801B4049801B4EAF70C
:109BD0003DF901B001B4059801B4EAF787F801B086
:109BE00001B40698806D01B40798806D01B406F049
:109BF00068FB6F467760D1F77DFD01B007F0BFFCD1
:109C000001B40898806D01B406F05BFB6F46776085
:109C1000D1F774FD01B007F0B2FC01B400270A20AF
:109C200001B4422001B4029801B40397049801B42E
:109C30000597012001B4012001B4089801B40997E7
:109C40000A9801B40B970C9801B40D970E9801B4C3
:109C50000F97109801B41197129801B41397EDF76C
:109C600019FB14B0002000BD022C0BDA00B506F081
:109C700070FC00F007F802B000BD7746009806F0CF
:109C80001CFCBE4600B50198406E6F467760CDF76C
:109C900027FF002844D00198006E002107F007FD3F
:109CA0002ED06F467760CCF7C9F907F068FC01B495
:109CB0000298006E01B40198009907F06CFC02B0A4
:109CC00010D00198406E0346019801B4039801B486
:109CD00084203768385801B408B4242106F0FDFB0D
:109CE00004B00CE00198406E01B42C2106F0F5FBA5
:109CF00001B00198002141660198002101660FE042
:109D00000198406E0346019801B4039801B4842081
:109D10003768385801B408B4242106F0DEFB04B0DB
:109D2000002000BD042C0BDA00B506F0B8FE00F0F0
:109D300007F804B000BD7746009806F021FCBE4647
:109D400000B5002000BD0000012C0BDA00B506F0C4
:109D500041FB00F007F801B000BD7746009806F01F
:109D6000ACFBBE4600B50198406F012109020131EC
:109D700007F098FB6F467760CDF7B2FE6F467760CD
:109D8000CDF71EF86F467760CDF73CF900BD0000B7
:109D9000042C0BDA00B506F082FE00F007F804B0E0
:109DA00000BD7746009806F0AAFBBE4600B500202D
:109DB00001B401B401B401B401B401B401B401B4FB
:109DC0000C9806F07AFB406F04210902013107F07C
:109DD00069FB6F467760CDF783FE002801D0012034
:109DE00003E00B9807F084F8C06800900C9806F028
:109DF00064FB406F04210902013107F053FB6F46F9
:109E00007760CDF76DFE002801D0012003E00B98AC
:109E100007F06EF8006901900C9801B4EAF765F854
:109E200001B0009907F02EFB01B46F467760CDF7C3
:109E3000D7FC01B002900C9801B4E9F7B8FF01B06B
:109E4000019907F01FFB01B46F467760CDF7C8FC9E
:109E500001B00390099840696F467760CDF740FEE6
:109E6000002806D00998406901B401F0E8FA01B071
:109E700004E00998006906F05EFBC0680490099848
:109E800040696F467760CDF72BFE002806D0099811
:109E9000406901B401F04DF901B004E0099800698E
:109EA00006F049FB00690590029801B40D9801B4D1
:109EB000E9F7C7FF01B001B4032107F045FB01B08A
:109EC00001B40198009907F0CDFA02B001B40698E8
:109ED00001B4032107F038FB01B001B401980099E7
:109EE00007F0D0FA02B006900398049907F0CAFA76
:109EF000092107F0C7FA07900698059907F0B2FA0A
:109F000001B401216F467760CDF768FE01B001B45E
:109F10006F467760CDF7AEFD002802D0009801B003
:109F20000DE00098009801B00798049907F09AFA9C
:109F300001B401216F467760CDF750FE01B001B446
:109F40006F467760CDF796FD002802D0009801B0EB
:109F500017E00098009801B0069801B40B9801B47E
:109F600006F0AFF96F467760D1F7C4FB01B007F098
:109F700006FB01B4019800996F467760CDF750FE5B
:109F800002B001B46F467760CDF774FD002802D0AF
:109F9000009801B017E00098009801B0079801B44C
:109FA0000B9801B406F08DF96F467760D1F7A6FBE8
:109FB00001B007F0E4FA01B4019800996F467760A8
:109FC000CDF72EFE02B06F467760CDF789FD0028F1
:109FD00000D083E0069801B4089801B4079801B452
:109FE000079801B4109801B4ECF729FA01B001B454
:109FF000119801B4ECF765FA01B001B40F98C0688C
:10A0000001B40027119801B4019801B40297039894
:10A0100001B40497059801B40697079801B408970E
:10A02000099801B40A970B9801B40C970D9801B4E4
:10A030000E9700F0E4FB0FB004986F467760CDF701
:10A040004FFD00284AD0099840696F467760CDF7E8
:10A0500047FD00281FD00998406901B40B9801B44E
:10A06000089801B40A9801B40D98806801B40027DB
:10A07000009801B40197029801B40397049801B4C1
:10A080000597069801B40797089801B4099700F05E
:10A0900002F90AB022E00998006901B40B9801B4F2
:10A0A000089801B40A9801B40D98806801B400279B
:10A0B000002001B4002001B4029801B40397049871
:10A0C00001B40597069801B40797089801B4099759
:10A0D0000A9801B40B9700F00EF80CB0002008B0FD
:10A0E00000BD0000072C0BDA00B507F013F900F0F3
:10A0F00007F807B000BD7746009806F01CFABE4688
:10A1000000B5002001B40798002107F0A8FA01D09B
:10A11000012007900898002107F0A1FA0FD00298BB
:10A12000406801B406F0BAF86F467760CCF78AFF52
:10A1300001B007F024FA032107F094F9089007987A
:10A1400000900098089907F026FA24D0069801B4E8
:10A15000019801B4079801B4079801B4079801B4B5
:10A16000079801B400F028F806B0059801B40398E8
:10A17000806801B47A2106F0ADF801B001B401980D
:10A18000009907F06FF902B005900098032107F0DD
:10A1900069F90090D5E7002001B000BD062C0BDA6C
:10A1A00000B506F06DF900F007F806B000BD77467F
:10A1B000009806F0C0F9BE4600B5002001B401B415
:10A1C00001B4089801B4059801B4E4F737FC02B073
:10A1D0000090089801B4059801B4E4F7F5FC02B0CA
:10A1E0000190009802900298019907F0D4F945D0A7
:10A1F000059801B40598406901B4049801B406F0CB
:10A20000B1F96F467760CCF7BFFE02B001B4089891
:10A2100001B40A9801B40D9801B40998806801B49A
:10A220000027002001B4019801B40297039801B4FB
:10A230000497059801B40697079801B40897099800
:10A2400001B40A970B9801B40C97EEF7A3FD0DB07B
:10A25000069801B40598806801B47B2106F03AF8AD
:10A2600001B001B40198009907F0FCF802B0069023
:10A270000298032107F0F6F80290B4E7002003B03B
:10A2800000BD0000052C0BDA00B506F0C2FB00F0A3
:10A2900007F805B000BD7746009806F03EF9BE46C7
:10A2A00000B5002001B402988068012107F0D7F9B9
:10A2B00001D073E166E102988068032107F0CFF9CD
:10A2C00000D191E00298406A01B4049801B4069864
:10A2D00001B4089801B40A9801B4079801B400F0D9
:10A2E0006FF901B001B40898C06801B40998C0685A
:10A2F00001B40A98806A01B40B98406A01B4E4F78B
:10A30000D6FD01B001B406F055F86F467760CCF782
:10A310008BFE02B007F033F901B40198009907F001
:10A32000A1F802B0032107F09DF801B400270098BE
:10A3300001B40197029801B40397049801B40597FA
:10A34000069801B40797089801B409970A9801B4D0
:10A350000B970C9801B40D970E9801B40F9700F06D
:10A3600056F910B000900298806901B46F4677608A
:10A37000CDF780FB002802D1009801B012E00098D0
:10A38000009801B00298006A01B4039801B400F08B
:10A3900017F901B001B4019800996F467760CDF7C5
:10A3A00095FA02B06F467760CDF79AFB002807D088
:10A3B000029801B401210902293106F04BF901B0DC
:10A3C00000986F467760CDF78BFB00280BD0029882
:10A3D00005218160029801B40398406901B4019895
:10A3E0000099016102B0CDE00298406A01B404987E
:10A3F00001B4069801B4089801B40A9801B407980A
:10A40000C06801B40898C06801B40998806A01B4B2
:10A410000A98406A01B4E4F74AFD01B001B405F0BE
:10A42000C9FF6F467760CCF7FFFD02B007F0A7F8D1
:10A4300001B40198009907F015F802B0032107F064
:10A4400011F801B40027009801B40197029801B4F3
:10A450000397049801B40597069801B407970898E4
:10A4600001B409970A9801B40B970C9801B40D97A1
:10A47000FFF741FE0EB0029801B401B401980069E3
:10A4800001B4F8F71DFC0027029705F085FF40682E
:10A4900006F0D7FAC06901B40198009906F0F2FFFE
:10A4A00002B001B401980099016103B002980069FB
:10A4B000012107F070F865D0029801B401B4019849
:10A4C000C06801B40598806A01B40698406A01B476
:10A4D000E4F7EDFC01B00027039701B405F06AFF33
:10A4E0006F467760CCF7A0FD02B007F048F8032173
:10A4F00006F0B8FF01B40198009906F0B3FF02B06E
:10A5000001B401980099C16003B00298C06801B419
:10A510000398406A06F00FF8406801B405F0BEFEEB
:10A520006F467760CCF78EFD01B007F028F801B4D4
:10A530000198009907F043F802B013D00298012166
:10A5400081600298C0696F467760CDF7C9FA00282C
:10A5500007D0029801B401210902253106F07AF8EA
:10A5600001B00FE0029803218160029801B46F46A8
:10A570007760CBF763FD07F002F801B4019800990A
:10A58000016102B0029801B4039801B400F018F818
:10A5900001B001B401980099016202B0002001B03D
:10A5A00000BD0000012C0BDA00B505F013FF00F030
:10A5B00007F801B000BD7746009805F0AEFFBE4633
:10A5C00000B56F467760CBF739FD06F0D8FF01B4D0
:10A5D0000298006901B40198009906F053FF02B097
:10A5E00001B40298406801B405F0E4FE6F4677605C
:10A5F000CCF71AFD02B006F0C2FF00BD082C0BDA42
:10A6000000B506F0A9FE00F007F808B000BD7746D7
:10A61000009805F090FFBE4600B5002001B401B4DB
:10A620000998002107F01BF801D0012009900A9831
:10A63000002107F014F80FD00398406801B405F02A
:10A640002DFE6F467760CCF7FDFC01B006F097FF5A
:10A65000032106F007FF0A9001200090099801905D
:10A6600001980A9906F097FF30D0089801B4019834
:10A6700001B4099801B4049801B40A9801B40A9885
:10A6800001B40A9801B40A9801B400F031F808B096
:10A690000090069801B40498806801B47A2105F00E
:10A6A00019FE01B001B40198009906F0DBFE02B07A
:10A6B00006900098089906F0AAFF01D00A2006E04B
:10A6C0000198032106F0CEFE0190C9E7422002B0B6
:10A6D00000BD0000082C0BDA00B506F03DFE00F0CE
:10A6E00007F808B000BD7746009805F024FFBE4685
:10A6F00000B5002001B401B401B4089801B4059874
:10A7000001B4E4F79BF902B00090089801B40598F1
:10A7100001B4E4F759FA02B001900098029002984F
:10A72000019906F038FF57D0059801B405984069A3
:10A7300001B4049801B405F015FF6F467760CCF7BB
:10A7400023FC02B001B4089801B40A9801B40D9832
:10A7500001B40998806801B40027002001B4019871
:10A7600001B40297039801B40497059801B40697C1
:10A77000079801B40897099801B40A970B9801B497
:10A780000C97EEF707FB0DB0069801B405988068AA
:10A7900001B47B2105F09EFD01B001B40198009940
:10A7A00006F060FE02B006900A9801B40398019981
:10A7B00006F068FE01B40198009906F053FE02B05D
:10A7C0000B9906F024FF01D00B980CE002980321AE
:10A7D00006F048FE0290A2E70A98019906F042FEB0
:10A7E000009906F04FFE03B000BD0000082C06DA09
:10A7F00000B506F0B1FD00F002F808B000BD00B5EC
:10A80000002001B401B401B401B401B401B401B435
:10A8100001B401B401B40B980D9906F023FE01B404
:10A8200001216F467760CDF7D9F901B001B46F46C9
:10A830007760CDF71FF9002802D0009801B00DE035
:10A840000098009801B00C980E9906F00BFE01B428
:10A8500001216F467760CDF7C1F901B001B46F46B1
:10A860007760CDF707F9002802D0009801B017E013
:10A870000098009801B00B9801B4139801B405F04A
:10A8800020FD6F467760D0F735FF01B006F077FE08
:10A8900001B4019800996F467760CDF7C1F902B015
:10A8A00001B46F467760CDF7E5F8002802D0009834
:10A8B00001B017E00098009801B00C9801B413980B
:10A8C00001B405F0FEFC6F467760D0F717FF01B0CA
:10A8D00006F055FE01B4019800996F467760CDF7F8
:10A8E0009FF902B06F467760CDF7FAF8002801D0E3
:10A8F00000F013FC0E986F467760CDF7F1F8002852
:10A9000001D100F00AFC119801B40F9801B40F981E
:10A9100001B40F9801B40F9801B4179801B4EEF781
:10A9200029FE06B0129801B40C98032106F0AAFD86
:10A9300001B40E98032106F095FD01B4119805218C
:10A9400006F0A0FD01B41EBC119801B402B40320AE
:10A9500001B404B408B410B4EEF70CFE06B01298BB
:10A9600001B40C980E9906F07DFD01B40E980321F8
:10A9700006F078FD01B41198052106F083FD01B4BD
:10A980001EBC119801B402B4032001B404B408B48D
:10A9900010B4EEF7EFFD06B0129801B40C98032145
:10A9A00006F060FD01B40E98032106F06BFD01B4C2
:10A9B0001098052106F066FD01B41EBC119801B483
:10A9C000032001B402B404B408B410B4EEF7D2FD0D
:10A9D00006B0129801B40C98032106F043FD01B4AF
:10A9E0000E98109906F03EFD01B41098052106F06E
:10A9F00049FD01B41EBC119801B4032001B402B496
:10AA000004B408B410B4EEF7B5FD06B00F9801B465
:10AA10000C9801B4019800996F467760CDF700F962
:10AA200002B001B46F467760CDF724F8002802D158
:10AA3000009801B010E00098009801B00F9801B4A0
:10AA40000C980E9906F00EFD01B4019800996F461E
:10AA50007760CDF7C3F802B001B46F467760CDF7E9
:10AA600009F8002802D1009801B00DE00098009884
:10AA700001B0109801B40D9801B4019800996F4687
:10AA80007760CDF7CDF802B001B46F467760CCF7B0
:10AA9000F1FF002802D1009801B010E00098009862
:10AAA00001B0109801B40D980F9906F0DBFC01B4C9
:10AAB000019800996F467760CDF790F802B06F4625
:10AAC0007760CDF70DF8002800D026E30F980B999A
:10AAD00006F0D8FC01B4F4F72BF801B001B41098DB
:10AAE00001B40D980F9906F0BDFC01B401980099CE
:10AAF00006F0C8FC02B001B4F4F71AF801B001B4D2
:10AB000006BC02B404B4E4F7F9FA02B0009010985D
:10AB10000E9906F0B7FC01B4F4F70AF801B001B4DD
:10AB2000119801B41098109906F09CFC01B401989A
:10AB3000009906F0A7FC02B001B4F3F7F9FF01B0E9
:10AB400001B406BC02B404B4E4F7D8FA02B0019030
:10AB50000098019906F033FD00D16FE10F9801B420
:10AB60000C980E9906F07EFC01B40198009906F04D
:10AB700026FD02B055D0109801B40D980F9906F03B
:10AB800071FC092106F07EFC01B406BC02B404B4D9
:10AB9000E4F72EF902B001B40D980B2106F062FC27
:10ABA00001B406BC02B404B4E4F7A8FA02B00290FF
:10ABB000129801B40C980E9906F054FC032106F08B
:10ABC00051FC01B40498052106F05CFC01B40EBCF4
:10ABD000119801B4072001B4032001B402B404B4F5
:10ABE00008B4EEF7C7FC06B0129801B40C980E99A1
:10ABF00006F038FC052106F035FC01B40498032169
:10AC000006F040FC01B40EBC119801B4032001B45D
:10AC1000032001B402B404B408B4EEF7ABFC06B0F0
:10AC20000BE10F980B9906F0B6FC4FD0109801B4C9
:10AC30000D980F9906F016FC092106F023FC01B4CB
:10AC400006BC02B404B4E4F7D3F802B001B40D9822
:10AC50000B2106F007FC01B406BC02B404B4E4F70F
:10AC60004DFA02B00390129801B40C98052106F039
:10AC700009FC01B40598052106F004FC01B40EBCE2
:10AC8000119801B4072001B4032001B402B404B444
:10AC900008B4EEF76FFC06B0129801B40C980721C7
:10ACA00006F0F0FB01B40598032106F0EBFB01B4BC
:10ACB0000EBC119801B4032001B4032001B402B406
:10ACC00004B408B4EEF756FC06B0B6E0109801B430
:10ACD0000D980F9906F0C6FB01B40198009906F093
:10ACE0006EFC02B055D00F9801B40C980E9906F086
:10ACF000B9FB092106F0C6FB01B406BC02B404B4DA
:10AD0000E4F776F802B001B40C980B2106F0AAFB28
:10AD100001B406BC02B404B4E4F7F0F902B0049044
:10AD2000129801B40598052106F0ACFB01B40E9809
:10AD3000109906F097FB032106F094FB01B40EBCBA
:10AD4000119801B4032001B4072001B402B404B483
:10AD500008B4EEF70FFC06B0129801B40598032171
:10AD600006F090FB01B40E98109906F07BFB0521CC
:10AD700006F078FB01B40EBC119801B4032001B4B5
:10AD8000032001B402B404B408B4EEF7F3FB06B038
:10AD900053E010980C9906F0FEFB4ED00F9801B4CA
:10ADA0000C980E9906F05EFB092106F06BFB01B4CE
:10ADB00006BC02B404B4E4F71BF802B001B40C986A
:10ADC0000B2106F04FFB01B406BC02B404B4E4F757
:10ADD00095F902B00590129801B40698052106F085
:10ADE00051FB01B40E98052106F04CFB01B40EBCDA
:10ADF000119801B4032001B4072001B402B404B4D3
:10AE000008B4EEF7B7FB06B0129801B40698032118
:10AE100006F038FB01B40E98072106F033FB01B4AD
:10AE20000EBC119801B4032001B4032001B402B494
:10AE300004B408B4EEF79EFB06B06EE1109801B4BE
:10AE40000D980F9906F00EFB01B40198009906F0D9
:10AE5000B6FB02B055D00F9801B40C980E9906F0CD
:10AE600001FB092106F00EFB01B406BC02B404B4D8
:10AE7000E3F7BEFF02B001B40C980B2106F0F2FA22
:10AE800001B406BC02B404B4E4F738F902B0069089
:10AE9000129801B40798052106F0F4FA01B40E984F
:10AEA000109906F0DFFA032106F0DCFA01B40EBCBB
:10AEB000119801B4032001B4072001B402B404B412
:10AEC00008B4EEF757FB06B0129801B407980321B7
:10AED00006F0D8FA01B40E98109906F0C3FA0521CD
:10AEE00006F0C0FA01B40EBC119801B4032001B4FD
:10AEF000032001B402B404B408B4EEF73BFB06B07F
:10AF00000BE110980C9906F046FB4FD00F9801B456
:10AF10000C980E9906F0A6FA092106F0B3FA01B4CE
:10AF200006BC02B404B4E3F763FF02B001B40C98AA
:10AF30000B2106F097FA01B406BC02B404B4E4F79E
:10AF4000DDF802B00790129801B40898052106F0C8
:10AF500099FA01B40E98052106F094FA01B40EBCDA
:10AF6000119801B4032001B4072001B402B404B461
:10AF700008B4EEF7FFFA06B0129801B4089803215E
:10AF800006F080FA01B40E98072106F07BFA01B4AE
:10AF90000EBC119801B4032001B4032001B402B423
:10AFA00004B408B4EEF7E6FA06B0B6E00F9801B4C0
:10AFB0000C980E9906F056FA01B40198009906F023
:10AFC000FEFA02B055D0109801B40D980F9906F012
:10AFD00049FA092106F056FA01B406BC02B404B4D9
:10AFE000E3F706FF02B001B40D980B2106F03AFA20
:10AFF00001B406BC02B404B4E4F780F802B00890CF
:10B00000129801B40C980E9906F02CFA032106F060
:10B0100029FA01B40A98052106F034FA01B40EBCED
:10B02000119801B4072001B4032001B402B404B4A0
:10B0300008B4EEF79FFA06B0129801B40C980E9976
:10B0400006F010FA052106F00DFA01B40A98032162
:10B0500006F018FA01B40EBC119801B4032001B433
:10B06000032001B402B404B408B4EEF783FA06B0C6
:10B0700053E00F980B9906F08EFA4ED0109801B459
:10B080000D980F9906F0EEF9092106F0FBF901B4CD
:10B0900006BC02B404B4E3F7ABFE02B001B40D98F1
:10B0A0000B2106F0DFF901B406BC02B404B4E4F7E6
:10B0B00025F802B00990129801B40C98052106F009
:10B0C000E1F901B40B98052106F0DCF901B40EBCDE
:10B0D000119801B4072001B4032001B402B404B4F0
:10B0E00008B4EEF747FA06B0129801B40C9807219D
:10B0F00006F0C8F901B40B98032106F0C3F901B4B6
:10B100000EBC119801B4032001B4032001B402B4B1
:10B1100004B408B4EEF72EFA06B000200AB000BD61
:10B12000012C0BDA00B505F055F900F007F801B075
:10B1300000BD7746009805F0F0F9BE4600B50198CD
:10B140008068032106F08BFA05D0019801B4FFF75F
:10B1500037FA01B000E0002001B40298406A01B45F
:10B160000398C06801B40498C06801B4059801B49C
:10B1700000F06AF901B001B40698406A01B4E3F73F
:10B1800096FE01B001B405F015F96F467760CBF774
:10B190004BFF02B006F0F3F901B40198009906F0F4
:10B1A00061F902B0032106F05DF901B40EBC00980C
:10B1B00002B404B408B400F00CF804B000BD000000
:10B1C000042C0BDA00B505F06AFC00F007F804B0B7
:10B1D00000BD7746009805F0AEF9BE4600B50020E8
:10B1E00001B401B401B40498406801B405F056F804
:10B1F0006F467760CBF726FF01B006F0C0F901215A
:10B2000006F02DFA09D0079801B4012001B4069880
:10B2100001B400F0ADF803B099E00120009005986A
:10B220000290029801B4079801B40698406801B4EE
:10B2300005F034F86F467760CBF704FF01B006F0F5
:10B240009EF9032106F00EF901B406BC02B404B461
:10B25000E3F7CEFD02B001B40198009906F09BF926
:10B2600002B073D00798002106F00DFA28D002989A
:10B2700001B4059801B4E3F7E1FB02B0079906F0C9
:10B28000F1F80190079801B4039801B4069801B44D
:10B29000E3F79AFC02B001B4049801B4079801B432
:10B2A000E3F7CCFB02B001B40198009906F0EAF88C
:10B2B00002B001B40198009906F0E4F802B00790DA
:10B2C000019801B400216F467760CCF7FFFA01B016
:10B2D00001B46F467760CCF7CDFB002802D100980F
:10B2E00001B013E00098009801B0029801B40598ED
:10B2F00001B4E3F7A3FB02B001B4029801B40198D2
:10B3000000996F467760CCF78BFC02B06F46776090
:10B31000CCF7E6FB002800D018E0009801B40298B2
:10B3200001B4049801B4079801B400F021F803B007
:10B3300001B406BC02B404B4E3F7E0FE02B000902E
:10B340000298032106F08EF802906AE7009803B095
:10B3500000BD0000032C0BDA00B505F009FA00F07F
:10B3600007F803B000BD7746009805F0E4F8BE4644
:10B3700000B50398002106F086F931D0029801B497
:10B38000029801B4E3F720FC02B001B40498032151
:10B3900006F068F801B406BC02B404B4E3F728FD73
:10B3A00002B001B4039801B4039801B4E3F746FB7B
:10B3B00002B001B40198009906F064F802B001B43B
:10B3C0000298806801B47B2104F084FF01B001B4CD
:10B3D000019800996F467760CCF70AF902B024E033
:10B3E000029801B4029801B4E3F7EEFB02B001B495
:10B3F000039801B4039801B4E3F720FB02B001B451
:10B400000198009906F03EF802B001B402988068F5
:10B4100001B47B2104F05EFF01B001B401980099F2
:10B420006F467760CCF7E4F802B000BD012C0BDA70
:10B4300000B504F0CFFF00F007F801B000BD77467B
:10B44000009805F06AF8BE4600B5002001B401B4CA
:10B450000398406A01B4E3F72AFD01B00090039815
:10B46000806A01B40498406A01B4E3F720FD01B09A
:10B4700001B404F09FFF6F467760CBF7D5FD02B0B3
:10B4800006F07DF8032105F0EDFF01B40498406A51
:10B4900005F051F8406801B404F000FF6F46776092
:10B4A000CBF7D0FD01B006F06AF8032105F0DAFF12
:10B4B00001B40598C06801B40198009905F0E2FF55
:10B4C00002B001B406BC02B404B4E3F791FC02B0CC
:10B4D00001B40498406A01B4E3F7E9FC01B001B497
:10B4E000019800996F467760CCF782F802B0034666
:10B4F000009801B408B4E3F701FE02B0019003988C
:10B500008068032106F0ABF822D00398406A01B4AA
:10B510000498C06801B4059801B4FFF751F801B070
:10B5200001B40EBC02B404B408B400F028F803B0AF
:10B530000346019801B408B4E3F75AFC02B003468D
:10B54000009801B408B4E3F7D9FD02B00CE00AE0BA
:10B5500003988068052106F082F802D0019803E084
:10B5600001E0012000E0002002B000BD032C0BDA56
:10B5700000B505F0FDF800F007F803B000BD774610
:10B58000009804F0D8FFBE4600B5002001B401B415
:10B590000398406801B404F081FE6F467760CBF7F2
:10B5A00051FD01B005F0EBFF012106F058F807D07E
:10B5B0000398806801B47A2104F08CFE01B05EE04B
:10B5C0000120009004980190019801B4049840680B
:10B5D00001B404F063FE6F467760CBF733FD01B032
:10B5E00005F0CDFF032105F03DFF01B4019800995E
:10B5F00005F0D1FF02B040D0009801B4029801B428
:10B60000059801B4E3F7E0FA02B001B4039801B47D
:10B61000069801B4E3F712FA02B001B40198009958
:10B6200005F030FF02B001B40198009905F01AFF4F
:10B6300002B000900098059905F0C1FF17D001985D
:10B64000049905F01FFF032105F00CFF01B40498D5
:10B65000806801B47A2104F03DFE01B001B4019884
:10B6600000996F467760CBF7C3FF02B007E00198FF
:10B67000032105F0F7FE0190A6E70398C06802B029
:10B6800000BD0000032C0BDA00B505F071F800F0E6
:10B6900007F803B000BD7746009805F0BDF8BE4638
:10B6A00000B5039801B4039801B4039801B4442190
:10B6B00005F0C2F803B0002000BD0000032C0BDA37
:10B6C00000B505F055F800F007F803B000BD774667
:10B6D000009805F0A1F8BE4600B5039801B40398A0
:10B6E00001B4039801B4FEF730FA03B0002000BDA6
:10B6F000032C0BDA00B505F03BF800F007F803B0B7
:10B7000000BD7746009805F041F8BE4600B5002020
:10B7100001B401B401B401B401B401B401B401B481
:10B7200009988023C0586F467760CCF7D9F96F46E7
:10B730007760CBF745FB6F467760CBF763FC6F46CE
:10B740007760CCF7CDF9002801D000F0C6FD09984C
:10B7500001B4E5F7A3FB01B00090099801B4E4F748
:10B760001BFE01B00190012002900998BC23C05833
:10B770006F467760CCF7B4F9002818D00998BC233D
:10B78000C05801B404F09DFD6F467760CFF7B2FF5B
:10B7900001B005F0F4FE01B404F057FD03216F463B
:10B7A0007760CBF741FC01B005F0E9FE00E0012035
:10B7B000039009988423C05801B4E5F74CF801B010
:10B7C0006F467760CCF78CF900280ED0099801B449
:10B7D000E5F700F801B06F467760CCF781F90028F3
:10B7E00001D0112000E0012000E001200490099820
:10B7F0008423C05801B4E5F72EF801B06F46776096
:10B80000CCF76EF900280ED0099801B4E4F7E2FFF6
:10B8100001B06F467760CCF763F9002801D00120B2
:10B8200000E0112000E0012005900998BC23C058D9
:10B830006F467760CCF754F9002831D08420376800
:10B84000385801B40A98BC23C05801B40C9801B40C
:10B850000E9801B40E98049905F004FE089905F0BD
:10B8600011FE01B41098069905F0FCFD0A9905F047
:10B8700009FE01B40027009801B40197029801B4B1
:10B880000397049801B40597069801B407970898A0
:10B8900001B409970A9801B40B9703F0CDFD0CB0E1
:10B8A00009988423C05801B4E7F78DFF01B06F46B3
:10B8B0007760CCF715F900283BD0842037683858DA
:10B8C00001B40B98049905F0CDFD01B40D980599CC
:10B8D00005F0C8FD01B40D98039905F0C3FD069964
:10B8E00005F0D0FD01B40F98059905F0BBFD07994F
:10B8F00005F0C8FD01B40E988423C05801B4E7F7E1
:10B9000062FF01B001B40027009801B401970298CA
:10B9100001B40397049801B40597069801B40797FA
:10B92000089801B409970A9801B40B9703F048FDF1
:10B930000CB009988423C05801B4E7F7B8FE01B0F1
:10B940006F467760CCF7CCF8002800D18FE08420D8
:10B950003768385801B40B9801B40B988423C05849
:10B9600001B4E4F7E8FF01B00346052001B408B4D0
:10B97000E5F710F802B001B40198009905F072FDE6
:10B9800002B0049905F06EFD01B40D9801B40C9855
:10B990008423C05801B4E4F7CEFF01B00346012070
:10B9A00001B408B4E4F7F6FF02B001B401980099BD
:10B9B00005F058FD02B0059905F054FD01B40D984D
:10B9C000039905F04FFD01B40D988423C05801B4CC
:10B9D000E4F7B1FF01B00346072001B408B4E4F76F
:10B9E000D9FF02B001B40198009905F04BFD02B0F7
:10B9F000069905F047FD01B40F98059905F032FD51
:10BA000001B40E988423C05801B4E4F794FF01B048
:10BA10000346032001B408B4E4F7BCFF02B001B44C
:10BA20000198009905F02EFD02B0079905F02AFD56
:10BA300001B40E988423C05801B4E7F738FE01B072
:10BA400001B40027009801B40197029801B403974C
:10BA5000049801B40597069801B40797089801B4B3
:10BA600009970A9801B40B9703F0AAFC0CB0009850
:10BA700001B40A988423C05801B4E4F75CFF01B014
:10BA80000346052001B408B4E4F784FF02B001B412
:10BA90000198009905F0F6FC02B001B40A988423DD
:10BAA000C05801B4E4F747FF01B00346072001B4D2
:10BAB00008B4E4F76FFF02B001B40198009905F0F3
:10BAC000E1FC02B001B40A988423C05801B4E4F741
:10BAD000FAFE01B00346052001B408B4E4F75AFFAA
:10BAE00002B001B40198009905F0CCFC02B001B499
:10BAF0000A988423C05801B4E4F7E5FE01B0034678
:10BB0000072001B408B4E4F745FF02B001B401987E
:10BB1000009905F0B7FC02B001B4049801B4032108
:10BB200005F0E8FC01B001B40198009905F0AAFC09
:10BB300002B0049905F0A6FC0690019801B40A9899
:10BB40008423C05801B4E4F7F6FE01B00346012097
:10BB500001B408B4E4F71EFF02B001B401980099E3
:10BB600005F090FC02B001B40A988423C05801B4D7
:10BB7000E4F7E1FE01B00346032001B408B4E4F7A2
:10BB800009FF02B001B40198009905F07BFC02B0F6
:10BB900001B40A988423C05801B4E4F794FE01B0BC
:10BBA0000346012001B408B4E4F7F4FE02B001B486
:10BBB0000198009905F066FC02B001B40A9884234C
:10BBC000C05801B4E4F77FFE01B00346032001B47E
:10BBD00008B4E4F7DFFE02B001B40198009905F063
:10BBE00051FC02B001B4049801B4032105F082FCB9
:10BBF00001B001B40198009905F044FC02B0059928
:10BC000005F040FC07900998B423C0586F46776050
:10BC1000CBF766FF002800D1AAE00998B423C058EA
:10BC200001B40A988823C05801B406BC02B404B415
:10BC3000E4F729FF02B002900998B423C05801B478
:10BC40000B9801B40B988423C05801B4E4F773FE39
:10BC500001B00346052001B408B4E4F79BFE02B02E
:10BC600001B40198009905F0FDFB02B001B40B98F6
:10BC70008423C05801B4E4F726FE01B00346052032
:10BC800001B408B4E4F786FE02B001B4019800994B
:10BC900005F0E8FB02B0049905F0E4FB01B40D984F
:10BCA00001B40C988423C05801B4E4F744FE01B0F9
:10BCB0000346012001B408B4E4F76CFE02B001B4FD
:10BCC0000198009905F0CEFB02B001B40C988423D2
:10BCD000C05801B4E4F7F7FD01B00346012001B4F8
:10BCE00008B4E4F757FE02B001B40198009905F0DA
:10BCF000B9FB02B0059905F0B5FB01B484203768A3
:10BD0000385801B40D988823C05801B40B9801B479
:10BD10000D9801B4099801B4E3F76AF802B001B4D0
:10BD20001098B023C05801B400270A9801B40F98A6
:10BD300001B4029801B403970A2001B40A2001B4A7
:10BD4000069801B40797089801B409970A9801B4B6
:10BD50000B970C9801B40D970E9801B40F9710989B
:10BD600001B41197129801B4139701F0EEF914B0D1
:10BD700009988423C05801B4E5F71BF801B001B459
:10BD800003216F467760CBF717FF01B001B46F4610
:10BD90007760CBF76FFE002802D1009801B010E069
:10BDA0000098009801B009988423C05801B4E4F7C2
:10BDB000C8FF01B001B401216F467760CBF77EFD6B
:10BDC00001B06F467760CBF78BFE002800D17DE095
:10BDD000099801B40B9801B40B988423C05801B49E
:10BDE000E4F7A9FD01B00346052001B408B4E4F767
:10BDF000D1FD02B001B40198009905F033FB02B007
:10BE000001B40B988423C05801B4E4F75CFD01B081
:10BE10000346052001B408B4E4F7BCFD02B001B448
:10BE20000198009905F01EFB02B0049905F01AFB79
:10BE300001B40D98049905F015FB01B40C98842306
:10BE4000C05801B4E4F777FD01B00346012001B406
:10BE500008B4E4F79FFD02B001B40198009905F021
:10BE600001FB02B001B40C988423C05801B4E4F77C
:10BE70002AFD01B00346012001B408B4E4F78AFDAD
:10BE800002B001B40198009905F0ECFA02B00599EE
:10BE900005F0E8FA01B4099801B40B98069905F089
:10BEA000F1FA01B40027009801B40197029801B497
:10BEB0000397049801B40597069801B4079708986A
:10BEC00001B4099700F076FF0AB02AE109988423AB
:10BED000C05801B4E4F76DFF01B001B401216F4611
:10BEE0007760CBF7EBFC01B001B46F467760CBF71E
:10BEF000C1FD002802D1009801B010E00098009820
:10BF000001B009988423C05801B4E4F71AFF01B0C6
:10BF100001B403216F467760CBF7D0FC01B06F46C8
:10BF20007760CBF7DDFD002800D17DE0099801B4F2
:10BF30000B9801B40B988423C05801B4E4F7FBFCC0
:10BF400001B00346052001B408B4E4F723FD02B0B4
:10BF500001B40198009905F085FA02B001B40B987C
:10BF60008423C05801B4E4F7AEFC01B003460520B9
:10BF700001B408B4E4F70EFD02B001B401980099D1
:10BF800005F070FA02B0049905F06CFA01B40D984E
:10BF9000049905F067FA01B40C988423C05801B4E1
:10BFA000E4F7C9FC01B00346012001B408B4E4F78A
:10BFB000F1FC02B001B40198009905F053FA02B007
:10BFC00001B40C988423C05801B4E4F77CFC01B0A0
:10BFD0000346012001B408B4E4F7DCFC02B001B46C
:10BFE0000198009905F03EFA02B0059905F03AFA79
:10BFF00001B4099801B40B98069905F043FA01B40D
:10C000000027009801B40197029801B4039704989F
:10C0100001B40597069801B40797089801B40997E9
:10C0200000F0E6FC0AB07CE0099801B40B9801B47A
:10C030000B988423C05801B4E4F77DFC01B003469B
:10C04000052001B408B4E4F7A5FC02B001B40198DE
:10C05000009905F007FA02B001B40B988423C05888
:10C0600001B4E4F730FC01B00346052001B408B484
:10C07000E4F790FC02B001B40198009905F0F2F9E0
:10C0800002B0049905F0EEF901B40D98049905F099
:10C09000E9F901B40C988423C05801B4E4F74BFCCF
:10C0A00001B00346012001B408B4E4F773FC02B008
:10C0B00001B40198009905F0D5F902B001B40C98CB
:10C0C0008423C05801B4E4F7FEFB01B0034601200D
:10C0D00001B408B4E4F75EFC02B001B40198009921
:10C0E00005F0C0F902B0059905F0BCF901B4099852
:10C0F00001B40B98069905F0C5F901B40027009822
:10C1000001B40197029801B40397049801B405970C
:10C11000069801B40797089801B4099700F0DEF972
:10C120000AB009988423C05801B4E4F794FB01B025
:10C130006F467760CBF7D4FC002800D1CDE009989A
:10C1400001B4E4F747FB01B06F467760CBF7C8FC5A
:10C15000002861D00998A023C058032105F057FAA0
:10C160001FD084203768385801B40C9801B40C985B
:10C17000029905F077F90F2105F084F901B40C98C4
:10C180008423C05801B4E4F766FB01B001B41EBCBF
:10C1900002B4012001B404B408B410B400F0A0F853
:10C1A00005B00998A023C05801B40A98B823C05814
:10C1B000032105F067F901B40198009905F0EBF946
:10C1C00002B028D084203768385801B40C980299FE
:10C1D00005F048F9072105F055F9032105F052F95A
:10C1E00001B40C98029905F03DF90F2105F04AF9C8
:10C1F00001B40C988423C05801B4E4F72CFB01B0BF
:10C2000001B41EBC02B4032001B404B408B410B4D9
:10C2100000F066F805B060E00998A823C058032133
:10C2200005F0F5F91FD084203768385801B40C9810
:10C23000029905F017F90F2105F024F901B40C98C3
:10C2400001B40C988423C05801B4E4F704FB01B096
:10C2500001B41EBC02B4052001B404B408B410B487
:10C2600000F03EF805B00998A823C05801B40A9818
:10C27000B823C058032105F005F901B401980099CD
:10C2800005F089F902B028D084203768385801B405
:10C290000C98029905F0E6F80F2105F0F3F801B4C7
:10C2A0000C98029905F0DEF8072105F0EBF8032160
:10C2B00005F0E8F801B40C988423C05801B4E4F701
:10C2C000CAFA01B001B41EBC02B4072001B404B420
:10C2D00008B410B400F004F805B0002008B000BDA8
:10C2E00000B5002001B401B400F0E4F801B4072166
:10C2F0000902D1316F467760CBF7BCF901B001B4C8
:10C3000003F0A3FFFA216F467760CAF78DFE01B0F4
:10C3100005F035F90146092005F0B4F80090012038
:10C3200001900198092105F036F900D1BFE0069887
:10C33000012105F094F92ED0039801B4069801B4B8
:10C340000720039905F09EF801B40198009905F0C3
:10C3500089F802B001B40698039905F083F80299B0
:10C3600005F080F801B4049801B4032105F0C2F887
:10C3700001B00146032005F075F801B41EBC079812
:10C3800001B4032001B402B404B408B410B4EDF74E
:10C39000F1F806B085E00698032105F060F926D093
:10C3A000039801B40698029905F05CF801B4069868
:10C3B000039905F057F8029905F064F801B4049860
:10C3C00001B4032105F096F801B001460F2005F0F5
:10C3D00059F801B41EBC079801B4032001B402B49B
:10C3E00004B408B410B4EDF7C5F806B059E00698E7
:10C3F000052105F034F92ED0039801B4069802996E
:10C4000005F030F8019905F02DF801B4069801B453
:10C410000720049905F036F801B40198009905F059
:10C4200021F802B001B4049801B4032105F062F8C8
:10C4300001B00146032005F015F801B41EBC0798B1
:10C4400001B402B4032001B404B408B410B4EDF78D
:10C4500091F806B025E0039801B40698029905F01A
:10C4600001F8019905F00EF801B40698039904F05B
:10C47000F9FF01B4049801B4032105F03BF801B0C1
:10C4800001460F2004F0FEFF01B41EBC079801B462
:10C4900002B4032001B404B408B410B4EDF76AF890
:10C4A00006B00198032104F0DDFF019039E7002078
:10C4B00002B000BD00B5F6F703FCC06D00BD000082
:10C4C000052C0BDA00B504F0A4FA00F007F805B06B
:10C4D00000BD7746009804F059F9BE4600B500202B
:10C4E00001B401B401B401B401B401B401B401B4A4
:10C4F00001B401B401B401B40D988023C0586F4653
:10C500007760CBF7EDFA6F467760CAF759FC6F4654
:10C510007760CAF777FD6F467760CBF7E1FA0028BE
:10C5200000D054E20F980090109801B40E98842324
:10C53000C05801B4E4F73DFC01B00346032001B448
:10C5400008B4E2F7DBFD02B001B4019800996F4630
:10C550007760CBF779F802B0012104F0B0FF0190C9
:10C56000119801B40E988423C05801B4E4F7E9FB94
:10C5700001B00346032001B408B4E2F7BFFD02B0E6
:10C5800001B4019800996F467760CBF75DF802B06F
:10C59000012104F094FF0290012003900D98A42340
:10C5A000C058012104F08BFF0146012004F06AFF0E
:10C5B00007900D989C23C058012104F080FF01468C
:10C5C000012004F05FFF08900D988023C05801B44B
:10C5D00003F064FE6F467760CAF734FD01B004F0E3
:10C5E000CEFF01B40E988423C05801B4E4F7E1FBF8
:10C5F00001B001B4019800996F467760CBF724F839
:10C6000002B001B46F467760CBF7F4F801B009903F
:10C6100001200A900A98099904F0BDFF00D1BDE1FC
:10C6200001200B900B9801B40E988423C05801B4DC
:10C63000E4F7BFFB01B001B40198009904F0ABFF2F
:10C6400002B000D197E1039801B40E989423C0582A
:10C6500001B4019800996F467760CBF72FF902B0CB
:10C66000069006986F467760CBF73AFA002803D019
:10C670000D989023C05802E00D988C23C058059067
:10C680000D988023C05801B4049801B40198009912
:10C6900003F0ADFB02B0049004986F467760CBF7CF
:10C6A0001FFA6F467760CAF78BFB6F467760CAF751
:10C6B000A9FC6F467760CBF713FA002800D086E11B
:10C6C00006986F467760CBF70BFA002800D1A1E0FF
:10C6D0000898012104F05FFF16D00D9801B4099865
:10C6E00001B40F989C23C058012104F0E8FE01B466
:10C6F0000198009904F0B6FE02B001B401980099C7
:10C70000A023C15002B034E0089801B412980399F4
:10C7100004F0B8FE01B40198009904F050FF02B093
:10C720001CD00D9801B4099801B40F989C23C058EF
:10C73000012104F0C4FE01B40198009904F092FEB6
:10C7400002B0039904F08EFE129904F09BFE01B42E
:10C7500001980099A023C15002B00AE00D9801B4DD
:10C760000E989C23C05801B401980099A023C15091
:10C7700002B00798012104F00EFF16D00D9801B405
:10C78000089801B40F98A423C058012104F097FE23
:10C7900001B40198009904F065FE02B001B401985B
:10C7A0000099A823C15002B034E0079801B4119851
:10C7B000029904F067FE01B40198009904F0FFFEAD
:10C7C00002B01CD00D9801B4089801B40F98A423AE
:10C7D000C058012104F073FE01B40198009904F0DF
:10C7E00041FE02B0119904F03DFE029904F04AFEA8
:10C7F00001B401980099A823C15002B00AE00D9835
:10C8000001B40E98A423C05801B401980099A8233C
:10C81000C15002B00898012104F0BDFE49D006982D
:10C820006F467760CBF75CF9002803D00D98AC23F6
:10C83000C05800E0012001B4059801B4109809998E
:10C8400004F010FE01B403980B9904F00BFE01B440
:10C8500084203768385801B40A9801B4079801B4A5
:10C8600009980F9904F0FEFD01B400270A9801B45D
:10C870000A9801B4099801B40A2001B4422001B415
:10C88000059801B40697079801B40897099801B470
:10C890000A970B9801B40C970D9801B40E970F9856
:10C8A00001B41097119801B4129700F04EFC14B027
:10C8B00051E006986F467760CBF712F9002803D055
:10C8C0000D98AC23C05800E0012001B4059801B4D4
:10C8D0001098099904F0C6FD01B403980B9904F06F
:10C8E000C1FD01B484203768385801B40A9801B4F6
:10C8F000079801B4099801B41998109904F0C2FD81
:10C9000001B406BC02B404B4E2F772FA02B001B496
:10C9100000270A9801B40A9801B4099801B40A20C2
:10C9200001B40A2001B4059801B40697079801B430
:10C930000897099801B40A970B9801B40C970D98C1
:10C9400001B40E970F9801B41097119801B4129783
:10C9500000F0FBFB14B00798019904F083FD0790E9
:10C960000398032104F07EFD03900B98032104F04B
:10C9700079FD0B9056E60D98A423C058014601207E
:10C9800004F080FD07900898029904F06BFD089070
:10C990000A98032104F066FD0A903BE60D9801B465
:10C9A000099801B40F989C23C058012104F087FD19
:10C9B00001B40198009904F055FD02B0129904F0F9
:10C9C00061FD01B401980099B823C15002B0002064
:10C9D0000CB000BD052C0BDA00B504F01AF800F01D
:10C9E00007F805B000BD7746009803F0CFFEBE46BD
:10C9F00000B5002001B401B401B401B401B401B424
:10CA000007988023C0586F467760CBF769F86F4668
:10CA10007760CAF7D5F96F467760CAF7F3FA6F46C1
:10CA20007760CBF75DF8002800D0B2E101200190DB
:10CA30000798A423C058012104F041FD01460120BC
:10CA400004F020FD049001200590059801B4089899
:10CA50008023C05801B403F021FC6F467760CAF709
:10CA6000F1FA01B004F08BFD01B40198009904F0D3
:10CA700092FD02B000D173E107988023C05801B441
:10CA8000069801B40198009903F0B1F902B0009042
:10CA900007989423C05801B4069801B401980099EE
:10CAA0006F467760CAF70AFF02B0039003986F469B
:10CAB0007760CBF715F8002803D007989023C0586B
:10CAC00002E007988C23C0580290029801B40198A4
:10CAD00001B4E4F7FAFB02B003460A9801B408B4C3
:10CAE000E2F786F902B0019003986F467760CAF7C3
:10CAF000F7FF002862D00498012104F04CFD16D005
:10CB0000079801B4059801B40998A423C0580121DD
:10CB100004F0D5FC01B40198009904F0A3FC02B024
:10CB200001B401980099A823C15002B034E00498E0
:10CB300001B40B98029904F0A5FC01B40198009986
:10CB400004F03DFD02B01CD0079801B4059801B473
:10CB50000998A423C058012104F0B1FC01B4019844
:10CB6000009904F07FFC02B0029904F07BFC0B9961
:10CB700004F088FC01B401980099A823C15002B0C8
:10CB80000AE0079801B40898A423C05801B401989A
:10CB90000099A823C15002B00798A823C05801B437
:10CBA0000898A423C05801B40198009904F07FFDAF
:10CBB00002B003D007980121AC23C150049801B4FE
:10CBC0000120029904F05EFC01B4019800996F46BF
:10CBD0007760CBF703F802B001B46F467760CAF70D
:10CBE00049FF002802D0009801B00DE0009800989D
:10CBF00001B0049801B40B9801B4019800996F46F4
:10CC00007760CAF7FDFF02B06F467760CAF768FF2A
:10CC1000002805D00498019904F024FC049099E0C0
:10CC20000498012104F0B7FC43D003986F46776065
:10CC3000CAF756FF002803D00798AC23C05800E07D
:10CC4000012001B4019801B40A98069904F00AFC85
:10CC500001B40C9801B484203768385801B407989F
:10CC600001B407980A9904F0FDFB01B4002712985B
:10CC700001B4099801B4089801B4422001B40A2013
:10CC800001B4179801B4069801B40797089801B445
:10CC900009970A9801B40B970C9801B40D970E9858
:10CCA00001B40F97109801B4119700F04EFA13B029
:10CCB0004BE003986F467760CAF712FF002803D055
:10CCC0000798AC23C05800E0012001B4019801B4DA
:10CCD0000A98069904F0C6FB01B40C9801B48420AC
:10CCE0003768385801B4079801B4079801B411980F
:10CCF0000B9904F0C7FB01B406BC02B404B4E2F71C
:10CD000077F802B001B40027129801B4099801B471
:10CD1000089801B40A2001B40A2001B4179801B49C
:10CD2000069801B40797089801B409970A9801B4C6
:10CD30000B970C9801B40D970E9801B40F971098AB
:10CD400001B4119700F001FA13B00498019904F0AE
:10CD500089FB04900598032104F084FB059074E698
:10CD6000079801B4059801B40998A423C05801217B
:10CD700004F0A5FB01B40198009904F073FB02B024
:10CD80000B9904F07FFB01B401980099B823C150BE
:10CD900002B0002006B000BD052C0BDA00B503F090
:10CDA00038FE00F007F805B000BD7746009803F0A4
:10CDB000EDFCBE4600B5002001B401B401B401B4DD
:10CDC00001B401B407988023C0586F467760CAF752
:10CDD00087FE6F467760C9F7F3FF6F467760CAF743
:10CDE00011F96F467760CAF77BFE002800D0A0E1FA
:10CDF0000120019007989C23C058012104F05FFB9B
:10CE00000146012004F03EFB0490012005900598A6
:10CE100001B408988023C05801B403F03FFA6F466C
:10CE20007760CAF70FF901B004F0A9FB01B40198CB
:10CE3000009904F0B0FB02B000D161E107988023B3
:10CE4000C05801B4069801B40198009902F0CFFFD0
:10CE500002B0009007989423C05801B4069801B41A
:10CE6000019800996F467760CAF728FD02B00390D9
:10CE700003986F467760CAF733FE002803D00798FF
:10CE80009023C05802E007988C23C0580290029863
:10CE900001B4019801B4E3F7F6FD02B001900398E4
:10CEA0006F467760CAF71CFE002862D00498012103
:10CEB00004F071FB16D0079801B4059801B40998E5
:10CEC0009C23C058012104F0FAFA01B4019800999A
:10CED00004F0C8FA02B001B401980099A023C1502F
:10CEE00002B034E0049801B40C98029904F0CAFA34
:10CEF00001B40198009904F062FB02B01CD00798BD
:10CF000001B4059801B409989C23C058012104F08C
:10CF1000D6FA01B40198009904F0A4FA02B002997B
:10CF200004F0A0FA0C9904F0ADFA01B4019800994C
:10CF3000A023C15002B00AE0079801B408989C23CE
:10CF4000C05801B401980099A023C15002B00798BD
:10CF5000A023C05801B408989C23C05801B401987C
:10CF6000009904F0A4FB02B003D007980121AC2380
:10CF7000C150049801B40120029904F083FA01B46D
:10CF80000198009904F007FB02B005D004980199BC
:10CF900004F068FA0490ADE00498012104F0FBFA73
:10CFA0004DD003986F467760CAF79AFD002803D0EA
:10CFB0000798AC23C05800E0012001B4019801B4E7
:10CFC0000A9801B40C98079904F04CFA01B4842033
:10CFD0003768385801B4079801B4109801B408981C
:10CFE0000B9904F03FFA01B40F9801B4E6F72EFF55
:10CFF00001B001B40027012001B4019801B40297E7
:10D000000A9801B40A2001B4422001B4069801B480
:10D010000797089801B409970A9801B40B970C98E0
:10D0200001B40D970E9801B40F97109801B41197A1
:10D03000129801B4139700F088F815B055E00398E2
:10D040006F467760CAF74CFD002803D00798AC23E1
:10D05000C05800E0012001B4019801B40A9801B45D
:10D060000C98079904F0FEF901B484203768385809
:10D0700001B4079801B4109801B4089801B413984A
:10D080000C9904F0FFF901B406BC02B404B4E1F752
:10D09000AFFE02B001B40F9801B4E6F7D7FE01B0BD
:10D0A00001B40027012001B4019801B402970A9845
:10D0B00001B40A2001B40A2001B4069801B407970C
:10D0C000089801B409970A9801B40B970C9801B419
:10D0D0000D970E9801B40F97109801B411971298FC
:10D0E00001B4139700F031F815B00498019904F0D9
:10D0F000B9F904900598032104F0B4F9059086E687
:10D10000079801B4059801B409989C23C0580121DF
:10D1100004F0D5F901B40198009904F0A3F902B024
:10D120000C9904F0AFF901B401980099B823C150EB
:10D1300002B0002006B000BD0C2C0BDA00B504F0E4
:10D1400032F900F007F80CB000BD7746009803F004
:10D1500047FBBE4600B5002001B401B401B401B4E0
:10D1600001B401B401B401B401B401B401B401B417
:10D1700001B401B401B401B401B401B401B401B407
:10D1800001B401B401B401B41F9801B401216F4688
:10D190007760CAF711FD01B001B46F467760CAF736
:10D1A00069FC002802D0009801B00AE000980098BD
:10D1B00001B01E9801B401216F467760CAF7FCFCEC
:10D1C00001B06F467760CAF78BFC002801D000F0F1
:10D1D000E9FD23986F467760CAF782FC6F46776057
:10D1E000C9F7EEFD6F467760C9F70CFF6F467760B1
:10D1F000CAF776FC002807D01D9801B41A9801B42C
:10D20000E4F768F802B0239024986F467760CAF775
:10D2100067FC6F467760C9F7D3FD6F467760C9F743
:10D22000F1FE6F467760CAF75BFC002807D01D98B7
:10D2300001B41A9801B4E3F72BFC02B024901998BA
:10D24000406801B47B2103F045F801B001B41A989D
:10D25000806801B403F09AF86F467760C9F714FD4F
:10D2600001B004F08CF901B4019800996F46776021
:10D27000CAF7BEF902B000901A9801B41E9801B422
:10D28000E3F71FFD01B00346052001B408B4E3F73E
:10D2900081FB02B001B40198009904F0E3F802B0F8
:10D2A00001901B9801B41E9801B4E3F70AFD01B088
:10D2B0000346012001B408B4E3F76CFB02B001B4EB
:10D2C0000198009904F0CEF802B002901A982399C0
:10D2D00004F0C8F801B41E9801B4E3F7F2FC01B001
:10D2E0000346072001B408B4E3F754FB02B001B4CD
:10D2F0000198009904F0C6F802B003901B98249995
:10D3000004F0B0F801B41E9801B4E3F7DAFC01B000
:10D310000346032001B408B4E3F73CFB02B001B4B8
:10D320000198009904F0AEF802B00490019801B49D
:10D330001E9801B4E3F7A5FC01B00346052001B433
:10D3400008B4E3F727FB02B001B40198009904F098
:10D3500089F802B001B41E9801B4E3F7D2FC01B021
:10D360000346052001B408B4E3F714FB02B001B48E
:10D370000198009904F076F802B00590029801B483
:10D380001E9801B4E3F77DFC01B00346012001B40F
:10D3900008B4E3F7FFFA02B001B40198009904F071
:10D3A00061F802B001B41E9801B4E3F7AAFC01B021
:10D3B0000346012001B408B4E3F7ECFA02B001B46B
:10D3C0000198009904F04EF802B00690039801B459
:10D3D0001E9801B4E3F755FC01B00346072001B4E1
:10D3E00008B4E3F7D7FA02B001B40198009904F049
:10D3F00049F802B001B41E9801B4E3F782FC01B011
:10D400000346072001B408B4E3F7C4FA02B001B43C
:10D410000198009904F036F802B00790049801B41E
:10D420001E9801B4E3F72DFC01B00346032001B4BC
:10D4300008B4E3F7AFFA02B001B40198009904F020
:10D4400021F802B001B41E9801B4E3F75AFC01B010
:10D450000346032001B408B4E3F79CFA02B001B418
:10D460000198009904F00EF802B00890069801B4F3
:10D470000998079904F006F801B4032104F064F850
:10D4800001B001B40198009903F0ECFF02B001B4BF
:10D490001A98406801B47A2102F01CFF01B001B46F
:10D4A000032104F051F801B001B40198009903F090
:10D4B000E9FF02B00A900A9801B41A98406801B4D2
:10D4C0007A2102F007FF01B001B40198009903F03E
:10D4D000C9FF02B00C9021986F467760CAF700FB35
:10D4E00000280DD01A98239903F0BCFF1E9903F071
:10D4F000C9FF11901A98239903F0B4FF139006E026
:10D500001A9811901A981E9903F0ACFF1390209866
:10D510006F467760CAF7E4FA00280DD01B9824996B
:10D5200003F0A0FF1F9903F0ADFF12901B98249900
:10D5300003F098FF149006E01B9812901B981F9917
:10D5400003F090FF14901998C0686F467760CAF78F
:10D55000C7FA002800D174E1069801B40998079928
:10D5600003F090FF01B4032103F0EEFF01B001B41A
:10D570000198009903F076FF02B001B41A98C068D0
:10D5800001B402F09EFE6F467760CEF7B7F801B0A7
:10D5900003F0F5FF01B4032103F0D6FF01B001B49D
:10D5A0000198009903F06EFF02B00E900E9801B43E
:10D5B0001A98C06801B402F084FE6F467760CEF717
:10D5C0009DF801B003F0DBFF01B40198009903F06E
:10D5D00049FF02B010901D9801B4E3F732FB01B08F
:10D5E0006F467760CAF77CFA002855D01D9801B4C1
:10D5F000E4F7F3FC01B0012104F031F802D0059802
:10D600000D9048E01D9801B4E4F7E7FC01B0052156
:10D6100004F025F815D0079801B41A98C06801B431
:10D6200002F04FFE6F467760CEF764F801B003F06A
:10D63000A6FF01B40198009903F024FF02B00D90F9
:10D6400029E0059801B40898069903F01BFF01B47E
:10D65000032103F079FF01B001B40198009903F0B0
:10D6600001FF02B001B41A98C06801B402F029FEAB
:10D670006F467760CEF73EF801B003F080FF01B44B
:10D68000032103F061FF01B001B40198009903F098
:10D69000F9FE02B00D90B0E01D9801B4E4F79DFCD6
:10D6A00001B001B401216F467760CAF70FF901B0EC
:10D6B00001B46F467760CAF7DDF9002802D10098FF
:10D6C00001B02AE00098009801B01998C06801B430
:10D6D00002F0F7FD6F467760CEF70CF801B003F06B
:10D6E0004EFF009903F0BEFE01B41E9801B4E3F7AB
:10D6F00000FF01B001B40198009903F0B3FE02B03D
:10D7000001B40898069903F0BDFE01B40198009990
:10D710006F467760CAF762FA02B06F467760CAF761
:10D72000DFF9002867D01D9801B4E4F756FC01B07A
:10D73000052103F094FF24D00798009903F0A2FE7E
:10D7400001B41E9801B4E3F7D4FE01B001B401980E
:10D75000009903F097FE02B001B41A98C06801B4B2
:10D7600002F0AFFD6F467760CDF7C4FF01B003F064
:10D7700006FF01B40198009903F084FE02B00D90F9
:10D7800038E0059801B40898069903F07BFE01B4CF
:10D79000032103F0D9FE01B001B40198009903F010
:10D7A00061FE02B001B41A98C06801B402F089FDAC
:10D7B0006F467760CDF79EFF01B003F0E0FE019960
:10D7C00003F050FE01B41F9801B4E3F792FE01B0DC
:10D7D00001B40198009903F045FE02B001B40321A1
:10D7E00003F0B2FE01B001B40198009903F04AFEC3
:10D7F00002B00D9001E005980D900D9801B41A98B3
:10D80000C06801B402F05DFD6F467760CDF772FF2E
:10D8100001B003F0B4FE01B40198009903F022FEB8
:10D8200002B00F900F9801B41E9801B4E3F761FEA7
:10D8300001B001B40198009903F014FE02B0099000
:10D840005DE01D9801B4E4F7C8FB01B001B401210B
:10D850006F467760CAF73AF801B001B46F46776057
:10D86000CAF708F9002802D1009801B010E000982A
:10D87000009801B0009801B40898069903F002FEE0
:10D8800001B4019800996F467760CAF7A7F902B012
:10D890006F467760CAF724F900282ED01D9801B48E
:10D8A000E4F79BFB01B0052103F0D9FE05D00798F2
:10D8B000009903F0E7FD09901EE0059801B408986F
:10D8C000069903F0DFFD01B4032103F03DFE01B032
:10D8D00001B40198009903F0C5FD02B001B40198AC
:10D8E00001B4032103F030FE01B001B401980099A6
:10D8F00003F0C8FD02B0099001E00598099009986D
:10D90000009903F0AFFD0346079801B408B4E1F7AE
:10D910006FFA02B00B901D9801B4E4F70AFC01B055
:10D920006F467760CAF7DCF800283DD01C9801B438
:10D93000129801B4039801B4E1F7E0FB02B001B41E
:10D94000149801B4059801B4E1F7D8FB02B001B412
:10D95000169801B4079801B4E1F74AFA02B001B48D
:10D96000189801B4099801B4E1F742FA02B001B481
:10D97000229801B4E4F7DDFB01B001B40027009860
:10D9800001B40197029801B40397049801B4059774
:10D99000069801B40797089801B409970A9801B44A
:10D9A0000B9701F00DFD0CB01D9801B4E4F7F5FBE9
:10D9B00001B06F467760CAF793F8002800D18DE078
:10D9C0001C9801B4029801B41F9801B4E3F759F907
:10D9D00001B00346052001B408B4E2F7DBFF02B052
:10D9E00001B40198009903F03DFD02B0034612987E
:10D9F00001B408B4E1F782FB02B001B4049801B4A9
:10DA0000209801B4E3F73DF901B00346012001B4C9
:10DA100008B4E2F7BFFF02B001B40198009903F027
:10DA200021FD02B00346149801B408B4E1F766FB87
:10DA300002B001B4069801B4219801B4E3F721F9CA
:10DA400001B00346072001B408B4E2F7A3FF02B017
:10DA500001B40198009903F015FD02B00346169831
:10DA600001B408B4E1F7C4F902B001B4089801B4F4
:10DA7000229801B4E3F705F901B00346032001B48D
:10DA800008B4E2F787FF02B001B40198009903F0EF
:10DA9000F9FC02B00346189801B408B4E1F7A8F9FC
:10DAA00002B001B4229801B4E4F777FB01B001B4ED
:10DAB0000027009801B40197029801B403970498D5
:10DAC00001B40597069801B40797089801B409971F
:10DAD0000A9801B40B9701F073FC0CB01998C06858
:10DAE0006F467760C9F7FCFF00284AD01C9801B444
:10DAF0001A98C06801B4139801B4109801B4E1F702
:10DB0000FDFA02B001B4159801B4129801B4E1F71E
:10DB1000F5FA02B001B4179801B4149801B4E1F712
:10DB200067F902B001B4199801B4169801B4E1F78D
:10DB30005FF902B001B40027269801B4289801B417
:10DB4000029801B40397049801B40597069801B4AC
:10DB50000797089801B409970A9801B40B970C9895
:10DB600001B40D9701F08CF90EB01D9801B4E3F7E4
:10DB700068F801B06F467760C9F7B2FF002800D09F
:10DB800010E122986F467760C9F7AAFF002800D1FC
:10DB900090E0009801B4149801B40D9801B4E1F735
:10DBA00027F902B001B4139801B40C9801B4E1F75D
:10DBB000A5FA02B001B40198009903F063FC02B029
:10DBC00001B40198009903F05DFC02B01590C920E2
:10DBD000159903F047FCC92103F044FC01B4052169
:10DBE00003F088FC01B01690229801B4179801B494
:10DBF000019800996F467760C9F73CFD02B022900A
:10DC00001C9801B41A98806801B4139801B40C9858
:10DC100001B4E1F773FA02B001B40D9801B417989A
:10DC200001B4109801B4E1F7E3F802B001B411981F
:10DC300001B4239801B4E4F7E4FA01B001B42998DF
:10DC4000C92103F01FFC01B4052103F07DFC01B0E4
:10DC50000346012001B408B4E1F750FA02B00346CC
:10DC60001C9801B408B4E1F7C3F802B001B42198DC
:10DC7000406801B40027009801B40197029801B4EC
:10DC80000397049801B40597069801B4079708987C
:10DC900001B409970A9801B40B970C9801B40D9739
:10DCA0000E9801B40F97109801B4119700F078FF07
:10DCB00012B077E00B98099903F0E4FB01B41A98CD
:10DCC000406801B47B2102F005FB01B001B401986A
:10DCD00000996F467760C9F7B7FC02B001B46F4690
:10DCE0007760C9F787FD01B017901C9801B41A98A6
:10DCF00080680346189801B4012001B408B400F00C
:10DD000055F803B001B4139801B40C9801B4E1F7CD
:10DD1000F5F902B001B4159801B40E9801B4E1F719
:10DD2000EDF902B001B4179801B4109801B4E1F70D
:10DD30005FF802B001B4199801B4129801B4E1F788
:10DD400057F802B001B4239801B4E4F75AFA01B0CD
:10DD500001B4289801B4289801B42298406801B40D
:10DD60000027009801B40197029801B40397049822
:10DD700001B40597069801B40797089801B409976C
:10DD80000A9801B40B970C9801B40D970E9801B442
:10DD90000F97109801B41197129801B4139700F0DF
:10DDA00035F814B0002018B000BD000000B503988D
:10DDB000002103F054FC0BD0019801B402F0E6FA04
:10DDC0006F467760C8F760FF01B003F0D8FB0EE044
:10DDD000039801B46F467760C9F74CFE002802D063
:10DDE000009801B003E00098009801B00120039072
:10DDF000019801B4039801B4059801B403F036F812
:10DE00006F467760C8F744FF03B000BD00B500203F
:10DE100001B401B401B401B401B401B401B401B45A
:10DE200001B401B401B410980E9903F02BFB0090DB
:10DE300011980F9903F026FB01900D9801B402F0A0
:10DE4000A5FA6F467760C8F71FFF01B003F097FB94
:10DE500001B4169801B47B2102F03CFA01B001B480
:10DE6000019800996F467760C9F7C2FB02B0029033
:10DE7000029801B4019801B4019800996F46776047
:10DE8000C9F79AFE02B001B46F467760C9F7F2FD98
:10DE9000002802D1009801B012E00098009801B06B
:10DEA000159801B47A2102F015FA01B001B4029874
:10DEB00001B4019800996F467760C9F77DFE02B002
:10DEC0006F467760C9F70CFE002812D0002001B41D
:10DED000169801B4149801B4129801B4129801B4C0
:10DEE000129801B4129801B4EAF754FF07B000F099
:10DEF00053FE009801B4169801B47B2102F0EAF9B0
:10DF000001B001B402F056FA6F467760C9F78CF899
:10DF100002B003F034FB0390159801B47A2102F0AB
:10DF2000D9F901B0019903F05EFB00D13CE1009802
:10DF300001B4049801B4179801B47B2102F0CAF926
:10DF400001B001B4019800996F467760C9F750FBA2
:10DF500002B001B40198009903F094FA02B0049061
:10DF6000132000013768385801B402F0AAF90021E3
:10DF70006F467760CDF7C8FD01B013986F467760A4
:10DF8000C9F7AEFD002800D194E00C9801B40E98BA
:10DF900001B40F9801B402F0F9F96F467760C8F741
:10DFA00073FE01B003F0EBFA059903F06BFA01B4CC
:10DFB00006BC002001B402B404B4FFF7F7FE03B0BE
:10DFC00001B4129801B4069801B4199801B47B21E8
:10DFD00002F080F901B001B4019800996F467760B2
:10DFE000C9F706FB02B001B40198009903F04AFAA0
:10DFF00002B001B40EBC002001B4169801B414980C
:10E0000001B4129801B402B404B408B4EAF7C2FE31
:10E0100007B0132000013768385801B40E9801B4D6
:10E020000F9801B402F0B2F96F467760C8F72CFE82
:10E0300001B003F0A4FA059903F024FA032103F0D8
:10E0400021FA01B402F08EFA6F467760C8F79CFFA0
:10E0500002B001B4179801B47B2102F03BF901B082
:10E06000069903F00FFA0146012003F00BFA01B400
:10E070000EBC002001B4169801B4149801B401201C
:10E0800001B402B404B408B4EAF784FE07B00C98F3
:10E0900001B4132000013768385801B4109801B456
:10E0A000129801B402F035FE6F467760CFF7C4FDD9
:10E0B00004B077E00C9801B4049801B4012001B4D5
:10E0C000109801B4FFF772FE03B001B406BC002043
:10E0D00001B4169801B4149801B4129801B41298BE
:10E0E00001B402B404B4EAF755FE07B013200001EE
:10E0F0003768385801B40E9801B4059801B402F09D
:10E1000031FA6F467760C8F73FFF02B001B41320C1
:10E1100000013768385801B402F0D3F86F467760D1
:10E12000CDF7E8FA01B003F02AFA069903F0AAF94C
:10E1300001B40EBC002001B4169801B4149801B4C7
:10E14000012001B402B404B408B4EAF723FE07B016
:10E150000C9801B4132000013768385801B41098A6
:10E16000029903F07FF901B4132000013768385891
:10E1700001B402F0A6F86F467760CDF7BBFA01B0A4
:10E1800003F0FDF901B40198009903F07BF902B0A6
:10E1900001B4129801B402F0BCFD6F467760CFF76E
:10E1A0004BFD04B000F0F8FC009801B4049801B4F1
:10E1B000179801B47B2102F08DF801B001B40198E9
:10E1C00000996F467760C9F713FA02B001B401985D
:10E1D000009903F057F902B0059013200001376849
:10E1E000385801B402F06DF800216F467760CDF722
:10E1F0008BFC01B0132000013768385801B402F0DD
:10E2000060F86F467760CDF775FA01B003F0B7F9A3
:10E2100001B4169801B47B2102F05CF801B001B49E
:10E2200002F0C8F86F467760C8F7FEFE02B003F050
:10E23000A6F9069013986F467760C9F751FC00283D
:10E2400000D15CE214986F467760C9F749FC00285A
:10E2500000D10EE1012007900798039903F09BF984
:10E2600000D18BE0132000013768385801B402F068
:10E2700028F800216F467760CDF746FC01B01320E7
:10E2800000013768385801B40E9801B40F9801B4F2
:10E2900002F07CF86F467760C8F7F6FC01B003F037
:10E2A0006EF9059903F0EEF8099903F0DBF801B473
:10E2B000099801B407980B9903F0E4F801B406BC7F
:10E2C00002B404B4E0F794FD02B001B40EBC02B491
:10E2D00004B408B4FFF76AFD03B001B4039801B4B5
:10E2E000189801B47A2101F0F5FF01B001B401984A
:10E2F000009903F0C7F802B001B40EBC002001B4CD
:10E30000169801B4149801B402B4012001B404B405
:10E3100008B4EAF73FFD07B00C9801B413200001E0
:10E320003768385801B4109801B40A9801B41998A4
:10E3300001B47B2101F0CEFF01B001B40198009936
:10E340006F467760C9F754F902B001B4019800999B
:10E3500003F088F802B0079903F084F801B412982A
:10E3600001B402F0D6FC6F467760CFF765FC04B0CD
:10E370000798069903F076F807906DE70D9801B4B9
:10E3800002F004F86F467760C8F77EFC01B003F036
:10E39000F6F8039903F013F96AD0132000013768E7
:10E3A000385801B401F08DFF00216F467760CDF73A
:10E3B000ABFB01B0132000013768385801B40E9848
:10E3C00001B40F9801B401F0E1FF6F467760C8F720
:10E3D0005BFC01B003F0D3F8059903F053F8032177
:10E3E00003F050F801B402F0BDF86F467760C8F74B
:10E3F000CBFD02B001B4179801B47B2101F06AFF94
:10E4000001B0079903F03EF80146012003F03AF805
:10E4100001B4049801B4199801B47A2101F05AFFAB
:10E4200001B001B40198009903F02CF802B001B4D6
:10E430001EBC002001B4169801B4149801B402B4B3
:10E4400004B408B410B4EAF7A5FC07B00C9801B402
:10E45000132000013768385801B4109801B412989D
:10E4600001B402F056FC6F467760CFF7E5FB04B0CD
:10E4700044E1012008900898039903F08CF800D13A
:10E48000A6E0132000013768385801B401F019FFE5
:10E4900000216F467760CDF737FB01B013200001F4
:10E4A0003768385801B40E9801B40F9801B401F0E0
:10E4B0006DFF6F467760C8F7E7FB01B003F05FF8C8
:10E4C000059902F0DFFF0A9902F0CCFF01B4099828
:10E4D00001B407980C9902F0D5FF01B406BC02B450
:10E4E00004B4E0F785FC02B001B40EBC02B404B47D
:10E4F00008B4FFF75BFC03B001B4132000013768D8
:10E50000385801B401F0DDFE6F467760CDF7F6F8BC
:10E5100001B003F034F8039902F0B4FF01B40EBC6B
:10E52000002001B4169801B4149801B402B401207B
:10E5300001B404B408B4EAF72DFC07B00C9801B498
:10E54000132000013768385801B4109801B40B98B3
:10E5500001B4199801B47B2101F0BCFE01B001B4F3
:10E56000019800996F467760C9F742F802B001B48C
:10E570000198009902F076FF02B0079902F072FF4D
:10E5800001B4129801B4132000013768385801B45F
:10E5900001F097FE6F467760CDF7B0F801B002F05A
:10E5A000EEFF01B40198009902F06CFF02B00499EB
:10E5B00002F058FF01B402F0ACFB6F467760CFF772
:10E5C0003BFB04B00898069902F04CFF089052E714
:10E5D0000D9801B401F0DAFE6F467760C8F754FB7E
:10E5E00001B002F0CCFF039902F0E9FF00D185E011
:10E5F000132000013768385801B401F062FE002191
:10E600006F467760CDF780FA01B0132000013768BC
:10E61000385801B40E9801B40F9801B401F0B6FE59
:10E620006F467760C8F730FB01B002F0A8FF05998C
:10E6300002F028FF032102F025FF01B401F092FF50
:10E640006F467760C8F7A0FC02B001B4179801B418
:10E650007B2101F03FFE01B0079902F013FF014654
:10E66000012002F00FFF01B4132000013768385871
:10E6700001B401F026FE6F467760CDF73FF801B098
:10E6800002F07DFF049902F0FDFE01B41EBC0020E3
:10E6900001B4169801B4149801B402B404B408B4D7
:10E6A00010B4EAF777FB07B00C9801B4132000010F
:10E6B0003768385801B4109801B4129801B4132087
:10E6C00000013768385801B401F0FBFD6F467760F0
:10E6D000CDF714F801B002F052FF01B4019800998F
:10E6E00002F0D0FE02B0049902F0BCFE01B402F0C8
:10E6F00010FB6F467760CFF79FFA04B04CE2149896
:10E700006F467760C9F7ECF9002800D106E10120D7
:10E7100009900998039902F03EFF78D01320000178
:10E720003768385801B401F0CCFD00216F4677609E
:10E73000CDF7EAF901B0132000013768385801B469
:10E740000E9801B40B9801B4099801B407980D997B
:10E7500002F098FE01B406BC02B404B4E0F748FB32
:10E7600002B001B40EBC02B404B408B4FFF71EFB3F
:10E7700003B001B4039801B4189801B47A2101F0F0
:10E78000A9FD01B001B40198009902F07BFE02B02E
:10E7900001B40EBC002001B4169801B4149801B461
:10E7A00002B4012001B404B408B4EAF7F3FA07B0E4
:10E7B0000C9801B4132000013768385801B4109840
:10E7C00001B40C9801B4199801B47B2101F082FDC9
:10E7D00001B001B4019800996F467760C8F708FF4F
:10E7E00002B001B40198009902F03CFE02B001B4FD
:10E7F000129801B402F08DFA6F467760CFF71CFAD9
:10E8000004B00998069902F02DFE099081E70D9851
:10E8100001B401F0BBFD6F467760C8F735FA01B06F
:10E8200002F0ADFE039902F0CAFE76D0132000017B
:10E830003768385801B401F044FD00216F46776015
:10E84000CDF762F901B0132000013768385801B4E0
:10E850000E9801B4059801B401F084FE6F4677600C
:10E86000C8F792FB02B001B4132000013768385892
:10E8700001B401F026FD6F467760CCF73BFF01B095
:10E8800002F07DFE079902F0FDFD01B4049801B489
:10E89000199801B47A2101F01DFD01B001B401986D
:10E8A000009902F0EFFD02B001B41EBC002001B4DB
:10E8B000169801B4149801B402B404B408B410B4A6
:10E8C000EAF768FA07B00C9801B413200001376822
:10E8D000385801B41098029902F0C4FD01B4132015
:10E8E00000013768385801B401F0EBFC6F467760DF
:10E8F000CCF700FF01B002F042FE01B4019800998C
:10E9000002F0C0FD02B001B4129801B402F001FAA5
:10E910006F467760CFF790F904B03DE101200A908F
:10E920000A98039902F037FE00D193E0132000010A
:10E930003768385801B401F0C4FC00216F46776095
:10E94000CDF7E2F801B0132000013768385801B460
:10E950000E9801B40C9801B4099801B407980E9967
:10E9600002F090FD01B406BC02B404B4E0F740FA32
:10E9700002B001B40EBC02B404B408B4FFF716FA36
:10E9800003B001B4132000013768385801B401F016
:10E9900098FC6F467760CCF7B1FE01B002F0EFFD56
:10E9A000039902F06FFD01B40EBC002001B416986B
:10E9B00001B4149801B402B4012001B404B408B441
:10E9C000EAF7E8F907B00C9801B4132000013768A2
:10E9D000385801B4109801B40D9801B4199801B4D5
:10E9E0007B2101F077FC01B001B4019800996F46DA
:10E9F0007760C8F7FDFD02B001B40198009902F0FC
:10EA000031FD02B001B4129801B41320000137683F
:10EA1000385801B401F055FC6F467760CCF76EFEB4
:10EA200001B002F0ACFD01B40198009902F02AFD9A
:10EA300002B0049902F016FD01B402F06AF96F46C3
:10EA40007760CFF7F9F804B00A98069902F00AFD4A
:10EA50000A9065E70D9801B401F098FC6F46776065
:10EA6000C8F712F901B002F08AFD039902F0A7FD80
:10EA700000D191E0132000013768385801B401F04B
:10EA800020FC00216F467760CDF73EF801B01320DF
:10EA900000013768385801B40E9801B4059801B4E4
:10EAA00001F060FD6F467760C8F76EFA02B001B4FE
:10EAB000132000013768385801B401F002FC6F469A
:10EAC0007760CCF717FE01B002F059FD079902F00C
:10EAD000D9FC01B4132000013768385801B401F0A3
:10EAE000F0FB6F467760CCF709FE01B002F047FDFE
:10EAF000049902F0C7FC01B41EBC002001B41698B2
:10EB000001B4149801B402B404B408B410B4EAF720
:10EB100041F907B00C9801B4132000013768385848
:10EB200001B41098029902F09DFC01B41320000179
:10EB30003768385801B401F0C4FB6F467760CCF7F2
:10EB4000D9FD01B002F01BFD01B40198009902F05B
:10EB500099FC02B001B4129801B413200001376887
:10EB6000385801B401F0ADFB6F467760CCF7C6FDB5
:10EB700001B002F004FD01B40198009902F082FC9A
:10EB800002B0049902F06EFC01B402F0C2F86F46C4
:10EB90007760CFF751F804B000200BB000BD000043
:10EBA00000B5002001B401B401B40B9801B40D9874
:10EBB00001B47B2101F08EFB01B001B401F0FAFB3E
:10EBC0006F467760C8F730FA02B002F0D8FC0090C8
:10EBD0000898069902F056FC01B40D9801B47B2107
:10EBE00001F078FB01B001B4019800996F4677609D
:10EBF000C8F72AFD02B001B46F467760C8F7FAFD86
:10EC000001B001900198032102F0C5FC00D034E16D
:10EC1000132000013768385801B401F052FB00217D
:10EC20006F467760CCF770FF01B0132000013768A2
:10EC3000385801B4069801B4029801B401F092FC6E
:10EC40006F467760C8F7A0F902B001B40D9801B41F
:10EC50000F9801B47B2101F03DFB01B001B4019894
:10EC600000996F467760C8F705FD02B001460120A4
:10EC700002F008FC01B40EBC002001B40D9801B4F0
:10EC80000C9801B4012001B402B404B408B4EAF74A
:10EC900081F807B0049801B4132000013768385890
:10ECA00001B4089801B40A9801B402F032F86F4632
:10ECB0007760CEF7C1FF04B0049801B4069801B4A0
:10ECC0000298032102F0CEFB01B40498052102F062
:10ECD000D9FB01B40EBC02B404B408B4FFF766F863
:10ECE00003B001B4089801B40F9801B47B2101F07E
:10ECF000F1FA01B001B40198009902F0B3FB02B03F
:10ED000001B40E9801B4109801B47B2101F0E2FA2D
:10ED100001B001B4019800996F467760C8F7AAFC6A
:10ED200002B001B40198009902F0ACFB02B001B44A
:10ED30000EBC002001B40D9801B40C9801B40A98DF
:10ED400001B402B404B408B4EAF724F807B0069892
:10ED50000B9902F097FB01B40198029902F082FB33
:10ED6000032102F08FFB01B40E9801B47B2101F066
:10ED7000B1FA01B001B4019800996F467760C8F705
:10ED800037FC02B001B40198009902F06BFB02B0AD
:10ED90000290132000013768385801B401F091FA4D
:10EDA00000216F467760CCF7AFFE01B01320000161
:10EDB0003768385801B4069801B40298039902F0F4
:10EDC00051FB032102F05EFB01B401F0CBFB6F4667
:10EDD0007760C8F7D9F802B001B413200001376892
:10EDE000385801B401F06DFA6F467760CCF782FCB9
:10EDF00001B002F0C4FB01B40B98059902F042FB8C
:10EE000001B40198009902F03DFB02B001B40EBCC0
:10EE1000002001B40D9801B40C9801B4012001B494
:10EE200002B404B408B4E9F7B5FF07B0049801B41C
:10EE3000132000013768385801B40A9801B4132030
:10EE400000013768385801B401F03BFA6F4677602B
:10EE5000CCF750FC01B002F092FB01B4019800998C
:10EE600002F010FB02B001B40A9801B401F051FFA6
:10EE70006F467760CEF7E0FE04B0002003B000BD1F
:10EE800000B5002001B401B40798059902F0FAFA20
:10EE900001B4059801B401F014FA6F467760CCF71D
:10EEA00029FC01B002F06BFB01B406BC02B404B44F
:10EEB000DFF79EFF02B000900898069902F0E2FA90
:10EEC00001B4059801B401F0FCF96F467760CCF706
:10EED00015FC01B002F053FB01B406BC02B404B44B
:10EEE000DFF786FF02B00190009801B401216F4660
:10EEF0007760C8F761FE01B001B46F467760C8F76C
:10EF0000B9FD002802D0009801B00AE000980098EE
:10EF100001B0019801B401216F467760C8F74CFE3B
:10EF200001B06F467760C8F7DBFD002800D044E2EF
:10EF3000132000013768385801B401F0C2F96F4658
:10EF40007760CCF7D7FB01B002F019FB01B405984C
:10EF500001B401F0B6F96F467760CCF7CBFB01B096
:10EF600002F00DFB01B4019800996F467760C8F775
:10EF700035FE02B001B46F467760C8F77BFD00280C
:10EF800002D0009801B024E00098009801B013204E
:10EF900000013768385801B401F093F96F46776083
:10EFA000CCF7ACFB01B002F0EAFA01B4059801B469
:10EFB00001F087F96F467760CCF7A0FB01B002F053
:10EFC000DEFA01B4019800996F467760C8F706FE33
:10EFD00002B06F467760C8F783FD00284FD013203A
:10EFE00000013768385801B401F06BF96F4677605B
:10EFF000CCF780FB01B002F0C2FA01B4059801B46D
:10F0000001F05FF96F467760CCF774FB01B002F056
:10F01000B6FA01B406BC02B404B4E0F76FF802B06B
:10F0200001B4132000013768385801B401F049F9E0
:10F030006F467760CCF762FB01B002F0A0FA01B432
:10F04000069801B401F03DF96F467760CCF756FBA6
:10F0500001B002F094FA01B406BC02B404B4E0F7C3
:10F060004DF802B001B401F0A5F96F467760CDF715
:10F0700043FE02B013210901376878500CE01320D9
:10F0800000013768385801B401F01BF900216F46C0
:10F090007760CCF739FD01B009986F467760C8F703
:10F0A0001FFD002800D1AEE00A986F467760C8F7D0
:10F0B00017FD002848D0132000013768385801B4E4
:10F0C000059801B4029801B4079801B401F0F9F869
:10F0D0006F467760CCF70EFB01B002F050FA01B436
:10F0E0000198009902F0CEF902B001B4049801B47D
:10F0F000089801B401F0E5F86F467760CCF7FEFAA6
:10F1000001B002F03CFA01B40198009902F0BAF99A
:10F1100002B001B401F0FDFD6F467760CEF78CFDC3
:10F1200004B0039801B4132000013768385801B4C3
:10F13000079801B4099801B401F0EBFD6F467760C0
:10F14000CEF77AFD04B05DE013200001376838582F
:10F1500001B4059801B4029801B4079801B401F014
:10F16000B0F86F467760CCF7C5FA01B002F007FA45
:10F1700001B40198009902F085F902B001B413209E
:10F1800000013768385801B401F09BF86F4677608A
:10F19000CCF7B4FA01B002F0F2F9049902F072F976
:10F1A00001B401F0B6FD6F467760CEF745FD04B0BF
:10F1B000039801B4132000013768385801B4079848
:10F1C00001B40998049902F04DF901B4132000012B
:10F1D0003768385801B401F074F86F467760CCF79F
:10F1E0008DFA01B002F0CBF901B40198009902F058
:10F1F00049F902B001B401F08CFD6F467760CEF79B
:10F200001BFD04B0D9E00A986F467760C8F768FC28
:10F2100000285ED0132000013768385801B40598E3
:10F2200001B4132000013768385801B401F049F8DF
:10F230006F467760CCF75EFA01B002F0A0F9029950
:10F2400002F020F901B4049801B4089801B401F067
:10F2500038F86F467760CCF751FA01B002F08FF9B9
:10F2600001B40198009902F00DF902B001B401F067
:10F2700050FD6F467760CEF7DFFC04B0039801B411
:10F28000132000013768385801B40798029902F03A
:10F29000E9F801B4132000013768385801B401F0CF
:10F2A00010F86F467760CCF725FA01B002F067F9E5
:10F2B00001B40198009902F0E5F802B001B4099890
:10F2C00001B401F026FD6F467760CEF7B5FC04B0BF
:10F2D00073E0132000013768385801B4059801B471
:10F2E000132000013768385801B400F0EAFF6F4678
:10F2F0007760CCF7FFF901B002F041F9029902F012
:10F30000C1F801B4132000013768385801B400F087
:10F31000D8FF6F467760CCF7F1F901B002F02FF912
:10F32000049902F0AFF801B401F0F3FC6F46776086
:10F33000CEF782FC04B0039801B4132000013768B3
:10F34000385801B40798029902F08CF801B41320E0
:10F3500000013768385801B400F0B3FF6F4677609A
:10F36000CCF7C8F901B002F00AF901B4019800998C
:10F3700002F088F802B001B40998049902F072F81A
:10F3800001B4132000013768385801B400F099FF28
:10F390006F467760CCF7B2F901B002F0F0F801B433
:10F3A0000198009902F06EF802B001B401F0B1FCCE
:10F3B0006F467760CEF740FC04B0002002B000BD7D
:10F3C00000B506986F467760C8F78AFB6F4677608E
:10F3D000C7F7F6FC6F467760C7F714FE6F46776095
:10F3E000C8F77EFB002800D024E0019801B4039800
:10F3F00001B4059801B40798059902F043F801B4E7
:10F400000998079902F03EF801B400270B9801B45F
:10F41000019801B40297039801B40497059801B4C8
:10F420000697079801B40897099801B40A97EAF774
:10F43000A1F80BB0002000BD00B5002001B401B45C
:10F4400001B401B401B401B401B4099801B400F0ED
:10F4500038FF6F467760CCF74DF901B002F08FF8B6
:10F4600001B400F0F2FE03216F467760C7F7DCFDC0
:10F4700001B002F084F8009081208000376838588D
:10F480006F467760C8F72CFB6F467760C7F798FC2C
:10F490006F467760C7F7B6FD01B46F467760C8F76F
:10F4A000E9FA002802D0009801B01AE0009800980C
:10F4B00001B0812080003768385801B400F001FFA6
:10F4C0006F467760CCF716F901B002F058F801B436
:10F4D000019801B4019800996F467760C8F7F6F972
:10F4E00002B06F467760C8F7FBFA00280ED000988C
:10F4F00001B4019801B400F05DFF6F467760CDF76D
:10F50000FBFB02B0812189003768785081208000A0
:10F510003768385801B400F0D4FE00216F46776098
:10F52000CCF7F2FA01B0812080003768385801B476
:10F530000A9801B401F0D2FC002200236F467760E4
:10F54000CEF77AFB02B0089801B4812080003768BA
:10F55000385801B40C9801B40E9801B401F0D9FBED
:10F560006F467760CEF768FB04B081208000376873
:10F57000385801B400F0A5FE00216F467760CCF743
:10F58000C3FA01B0812080003768385801B40A9866
:10F5900001B4029801B4032101F0ACFF01B00146AF
:10F5A000012001F06FFF01B401F038FF00236F4626
:10F5B0007760CEF741FB03B0089801B4812080004A
:10F5C0003768385801B40E98029901F05BFF01B416
:10F5D0000E9801B401F09DFB6F467760CEF72CFBCF
:10F5E00004B0812080003768385801B400F069FE0B
:10F5F00000216F467760CCF787FA01B08120800048
:10F600003768385801B40A9801B4029801B403214C
:10F6100001F070FF01B00146012001F033FF01B499
:10F6200001F00EFF00226F467760CEF705FB03B0B6
:10F63000089801B4812080003768385801B40C98CC
:10F6400001B41098039901F01DFF01B401F061FBB2
:10F650006F467760CEF7F0FA04B0812080003768FB
:10F66000385801B400F02DFE00216F467760CCF7CA
:10F670004BFA01B0812080003768385801B40A98ED
:10F6800001B4029801B4032101F034FF01B0014636
:10F69000012001F0F7FE01B4039801B4032101F049
:10F6A00029FF01B00146012001F0ECFE01B401F098
:10F6B00030FB6F467760CEF7BFFA04B0089801B40C
:10F6C000812080003768385801B40E98029901F003
:10F6D000D9FE01B41098039901F0D4FE01B401F0F1
:10F6E00018FB6F467760CEF7A7FA04B00D98009923
:10F6F00001F0C8FE01B40C98019901F0B3FE01B409
:10F700000198009901F0BEFE02B001B4019801B465
:10F71000019800996F467760C7F796FF02B001B471
:10F720006F467760C8F766F801B00190019801B4A0
:10F73000019801B4019800996F467760C7F758FFA8
:10F7400002B001B40E98019901F09CFE01B40D982D
:10F75000029901F087FE01B40198009901F092FE30
:10F7600002B001B40198009901F08CFE02B0029041
:10F77000812080003768385801B400F0A2FD0021D4
:10F780006F467760CCF7C0F901B081208000376800
:10F79000385801B40A9801B40120029901F072FEB0
:10F7A00001B401F04DFE00226F467760CEF744FAB7
:10F7B00003B001200390039801B40298032101F0E3
:10F7C00061FE01B40198009901F0E5FE02B02CD071
:10F7D000089801B4812080003768385801B40C982B
:10F7E00001B40E98039901F03DFE01B4049801B4F0
:10F7F000089801B4019800996F467760C7F7F8FE42
:10F8000002B001B40198009901F02CFE02B001B4DD
:10F8100001F07FFA6F467760CEF70EFA04B00398D6
:10F82000032101F01FFE0390C5E7812080003768A7
:10F83000385801B40198039901F024FE01B406BCC4
:10F84000012001B4019801B4029801B402B401206E
:10F8500001B404B4E9F78EFE06B0089801B4812023
:10F8600080003768385801B40C9801B40E9801B480
:10F87000049801B4069801B4019800996F46776026
:10F88000C7F7B6FE02B001B40198009901F0EAFD95
:10F8900002B001B401F03DFA6F467760CEF7CCF9C3
:10F8A00004B0812080003768385801B400F009FDA9
:10F8B00000216F467760CCF727F901B081208000E6
:10F8C0003768385801B40A9801B4029801B403218A
:10F8D00001F010FE01B00146012001F0D3FD01B49A
:10F8E0000120039901F0CEFD01B401F012FA6F4638
:10F8F0007760CEF7A1F904B001200490049801B418
:10F900000298032101F0BEFD01B40198009901F0B5
:10F9100042FE02B02FD0089801B4812080003768E1
:10F92000385801B40E98029901F0ACFD01B40E985C
:10F93000039901F097FD01B4049801B4099801B44A
:10F94000019800996F467760C7F752FE02B001B484
:10F950000198009901F086FD02B001B401F0D9F9D7
:10F960006F467760CEF768F904B00498032101F080
:10F9700079FD0490C2E7812080003768385801B4CF
:10F980000198039901F07EFD01B406BC012001B489
:10F99000019801B4029801B402B4012001B404B486
:10F9A000E9F7E8FD06B0089801B4812080003768C7
:10F9B000385801B40E98029901F064FD01B40E9814
:10F9C00001B4049801B4069801B4019800996F46F7
:10F9D0007760C7F70DFE02B001B40198009901F0FD
:10F9E00041FD02B001B401F094F96F467760CEF7A3
:10F9F00023F904B00C98009901F044FD01B40B9870
:10FA0000019901F02FFD01B40198009901F03AFD30
:10FA100002B001B4019801B4019800996F46776073
:10FA2000C7F712FE02B001B46F467760C7F7E2FE77
:10FA300001B00190019801B4019801B401980099B6
:10FA40006F467760C7F7D4FD02B001B40D980199F5
:10FA500001F018FD01B40C98029901F003FD01B406
:10FA60000198009901F00EFD02B001B401980099CF
:10FA700001F008FD02B002908120800037683858FC
:10FA800001B400F01EFC00216F467760CCF73CF813
:10FA900001B0812080003768385801B40A9801B459
:10FAA0000120029901F0EEFC01B401F0B7FC002343
:10FAB0006F467760CEF7C0F803B001200590059837
:10FAC00001B40298032101F0DDFC01B40198009912
:10FAD00001F061FD02B02CD0089801B481208000B3
:10FAE0003768385801B40C98029901F0BBFC01B496
:10FAF000039801B4099801B4019800996F467760A2
:10FB0000C7F776FD02B001B40198009901F0AAFC94
:10FB100002B001B40E9801B401F0FBF86F467760B3
:10FB2000CEF78AF804B00598032101F09BFC0590FC
:10FB3000C5E7812080003768385801B401980399DF
:10FB400001F0A0FC01B406BC012001B4019801B48D
:10FB5000029801B4012001B402B404B4E9F70AFD2B
:10FB600006B0089801B4812080003768385801B485
:10FB70000C9801B4039801B4059801B40198009958
:10FB80006F467760C7F734FD02B001B40198009961
:10FB900001F068FC02B001B40E9801B401F0B9F8AC
:10FBA0006F467760CEF748F804B081208000376850
:10FBB000385801B400F085FB00216F467760CBF721
:10FBC000A3FF01B0812080003768385801B40A983B
:10FBD00001B40120029901F055FC01B4039801B46D
:10FBE000032101F087FC01B00146012001F04AFC2D
:10FBF00001B401F08EF86F467760CEF71DF804B0BF
:10FC000001200690069801B40298032101F03AFC05
:10FC100001B40198009901F0BEFC02B02FD0089801
:10FC200001B4812080003768385801B40C980299DB
:10FC300001F018FC01B4039801B40A9801B40198CA
:10FC400000996F467760C7F7D3FC02B001B4019802
:10FC5000009901F007FC02B001B41098039901F07B
:10FC600011FC01B401F055F86F467760CDF7E4FF61
:10FC700004B00698032101F0F5FB0690C2E781204D
:10FC800080003768385801B40198039901F0FAFBF5
:10FC900001B406BC012001B4019801B4029801B47A
:10FCA000012001B402B404B4E9F764FC06B008987A
:10FCB00001B4812080003768385801B40C9801B431
:10FCC000039801B4059801B4019800996F467760D4
:10FCD000C7F78EFC02B001B40198009901F0C2FB95
:10FCE00002B001B41098039901F0CCFB01B401F00B
:10FCF00010F86F467760CDF79FFF04B0002007B083
:10FD000000BDF0B544464D4656465746F0B40C4645
:10FD100015461E46074600F085FA6846F0B4694667
:10FD2000C8F72EFE06463D462846A96803248847A4
:10FD3000074604B03046C8F77BF93846F0BCA04609
:10FD4000A946B246BA46F0BD01B56F467760C8F71E
:10FD50009BF812BC416069468160C56020470E4631
:10FD600081688D46C56841680120014308478207C4
:10FD70000ED100280CD003681A89012A00D17047DF
:10FD80001F6A002F04D001B50124B847009000E09D
:10FD900001B56F467760C7F753FF02BD84071FD1D7
:10FDA00000281DD003681C89032C19D1491007D3E2
:10FDB0004468A14219D24418207A400001307047AB
:10FDC000490005B508466F467760C7F72DFB014629
:10FDD00005BC6F467760C7F745F94000013000BDAC
:10FDE00071466F467760C8F715F8012070478407A1
:10FDF0001CD100281AD003681C89062C16D1491082
:10FE000006D30489A14216D289004468605870471D
:10FE1000490005B508466F467760C7F705FB014600
:10FE200005BC6F467760C7F71DF900BD71466F4688
:10FE30007760C7F7EFFF0020704784071BD10028C9
:10FE400019D003681C89032C15D1491005D34468C7
:10FE5000A14215D2441822727047490005B50846E0
:10FE60006F467760C7F7E0FA014605BC6F467760DA
:10FE7000C7F700F900BD71466F467760C7F7CAFF44
:10FE800000B5F3E784071CD100281AD003681C8949
:10FE9000062C16D1491006D30489A14216D2890036
:10FEA000446862507047490005B508466F46776060
:10FEB000C7F7BAFA014605BC6F467760C7F7DAF8AC
:10FEC00000BD71466F467760C7F7A4FF00B5F3E742
:10FED00084073DD100283BD003681C89082C05D13C
:10FEE00000B56F467760C7F757F900BD1C4601B5EE
:10FEF0000846C7F761F901460098234600F002F86A
:10FF000001B000BDDA68170022D04F43D7407F0010
:10FF10005B68DB191A88D75A8F420BD002331A88D4
:10FF2000D75A8F4206D002331A88D75A8F4201D04F
:10FF3000002070479B185A68D70707D05F88012FA9
:10FF400001D101241047744600F051F880587047E1
:10FF500071466F467760C7F75DFF6F467760C7F7FA
:10FF600085FF84073AD1002838D003681C89082C03
:10FF700005D100B56F467760C7F76EF900BD1C4626
:10FF800005B50846C7F718F901460098234600F062
:10FF900002F802B000BDDA6817001FD04F43D74007
:10FFA0007F005B68DB191A88D75A8F4209D0023369
:10FFB0001A88D75A8F4204D002331A88D75A8F42F0
:10FFC00011D19B185A68D70705D01F898F420AD1D3
:10FFD000DA6802241047019B8350704771466F46D0
:10FFE0007760C7F717FF6F467760C7F73FFF05B425
:10FFF0000220B6496F467760C8F768FE06BCC1604C
:020000040004F6
:1000000002612047D4B0010000000000110004008C
:100010000C2C06DAA300AE4AD158C3680269641CEE
:10002000084771466F467760C7F7F4FE5D0004002D
:100030006D0004008100040099000400B500040074
:10004000D5000400F9000400210104004D01040062
:100050007D010400B1010400E901040081B008B48D
:10006000714601919047019902B0084781B001990A
:10007000009108B4714602919047029902B0084776
:1000800081B0019900910299019108B471460391E0
:100090009047039902B0084781B0019900910299F5
:1000A00001910399029108B4714604919047049913
:1000B00002B0084781B0019900910299019103991A
:1000C00002910499039108B47146059190470599EE
:1000D00002B0084781B001990091029901910399FA
:1000E0000291049903910599049108B4714606910F
:1000F0009047069902B0084781B001990091029992
:10010000019103990291049903910599049106992B
:10011000059108B4714607919047079902B00847C6
:1001200081B001990091029901910399029104997A
:10013000039105990491069905910799069108B4D0
:10014000714608919047089902B0084781B001991B
:1001500000910299019103990291049903910599E3
:10016000049106990591079906910899079108B499
:10017000714609919047099902B0084781B00199E9
:1001800000910299019103990291049903910599B3
:100190000491069905910799069108990791099983
:1001A000089108B471460A9190470A9902B008472D
:1001B00081B00199009102990191039902910499EA
:1001C000039105990491069905910799069108995B
:1001D0000791099908910A99099108B471460B9100
:1001E00090470B9902B0084781B00199009102999C
:1001F000019103990291049903910599049106993B
:1002000005910799069108990791099908910A990A
:1002100009910B990A9108B471460C9190470C9979
:1002200002B00847820706D1002804D003681A8963
:10023000042A00D1704771466F467760C7F7EAFD20
:1002400000B50198FFF7EEFF00BD00B50198401022
:1002500002D2400001F089F900BD820706D10028D2
:1002600004D003681A89032A00D1704771466F468B
:100270007760C7F7CFFD00B50198FFF7EEFF00BD2F
:10028000820706D1002804D003681A89062A00D103
:10029000704771466F467760C7F7BCFD00B501989F
:1002A000FFF7EEFF00BD820706D1002804D00368E7
:1002B0001A89052A00D1704771466F467760C7F7E3
:1002C000A9FD00B50198FFF7EEFF00BD0400040092
:1002D0002C0004000098820731D100282FD0036839
:1002E000DA68170020D04F43D7407F005B68DB19E6
:1002F0001A88D75A8F420BD002331A88D75A8F42A6
:1003000006D002331A88D75A8F4201D00020704796
:100310009B185A68D70710D05F88012F01D101249C
:1003200010477446FFF763FE1A89082A07D17446FE
:100330006F467760C6F786FF204780587047714642
:100340006F467760C7F766FD6F467760C7F78EFD2B
:10035000820716D1002814D003681A89042A10D104
:1003600000248188002901D18168084782B0009566
:10037000714601910546AF68B847019C009D02B0E7
:10038000204771466F467760C7F744FD00B5019876
:10039000FFF7EDFC019000BD820706D1002804D0D4
:1003A00003681A892E2A00D1704771466F4677601C
:1003B000C7F730FD00B50298401002D2400001F0AE
:1003C000D4F801B40298401002D2400001F0CDF8F8
:1003D000014601BD0020002101B4704700B502981C
:1003E000FFF74EFF019900BD0098820707D1002852
:1003F00005D003681A89182A01D15958084771464F
:100400006F467760C7F706FD009882072FD1002856
:100410002DD00368DA6817001CD04F43D7407F0007
:100420005B68DB191A88D75A8F4209D002331A88C1
:10043000D75A8F4204D002331A88D75A8F421BD121
:100440009B185A68D7070FD01F898F4214D1DA68DA
:10045000022410471A89082A09D17446019A6F4666
:100460007760C6F715FF2047019B835070477146A0
:100470006F467760C7F7CEFC6F467760C7F7F6FC2C
:100480000020002101B4052C01DB0698069101B47F
:10049000042C01DB0698069101B4032C01DB0698BD
:1004A000069101B4022C01DB0698069101B4012CDF
:1004B00001DB0698069101B47047820708D1002835
:1004C00006D003681A89162A02DB192A00DC704755
:1004D00071466F467760C7F79DFC0098820709D187
:1004E000002807D003681A891C2A03DB1D2A01DCB7
:1004F0005958084771466F467760C7F78BFC8207EB
:1005000006D1002804D003681A891D2A00D170473B
:1005100071466F467760C7F77DFC820706D10028D9
:1005200004D003681A891F2A00D1704771466F46AC
:100530007760C7F76FFC820706D1002804D00368F4
:100540001A891E2A00D1704771466F467760C7F737
:1005500061FC0020002101B4012C01DB0298029112
:1005600001B4704700B50298FFF701FC029001B496
:100570000298401002D2400000F0F7FF014601BD92
:10058000820708D1002806D003681A891C2A02DBDA
:100590001D2A00DC704771466F467760C7F73AFC4A
:1005A00000B50198FFF7E3FB01900146029800BDFA
:1005B00000B50298FFF7DBFB0290019900BD00B582
:1005C0000298FFF7D4FB029001B40298FFF7CFFB2B
:1005D0000290014601BD00B50198FFF7C8FB0190EC
:1005E000014600BD820722D1002820D003681A8965
:1005F000042A1CD103248188002901D1816808477D
:1006000082B0029900910399019104990291039596
:10061000714604910546AF68B847049C039D009954
:100620000291019903910299049102B02047714609
:100630006F467760C7F7EEFB820706D1002804D02B
:1006400003681A89202A00D1704771466F46776087
:10065000C7F7E0FB009882074DD100284BD0036814
:10066000DA68170021D04F43D7407F005B68DB1961
:100670001A88D75A8F4209D002331A88D75A8F4224
:1006800004D002331A88D75A8F4239D19B185A683E
:10069000D70714D05F88012F01D00124104701240F
:1006A00001B5904706BC96460AE01A89082A22D16D
:1006B00074466F467760C6F7C5FDA64600E08058D1
:1006C00001000091820716D1002814D003681A890E
:1006D000042A10D100248188002901D181680847AB
:1006E00082B00095714601910546AF68B847019CFC
:1006F000009D02B0204771466F467760C7F78AFBBE
:100700006F467760C7F7B2FB82071ED100281CD066
:1007100003681A89042A18D102248188002901D18A
:100720008168084782B0029900910399019102956E
:10073000714603910546AF68B847039C029D009936
:1007400002910199039102B0204771466F4677608C
:10075000C7F760FB00B50298401002D2400000F0DD
:1007600004FF01B40298FFF702FB0290014601BDAD
:100770000020002101B4022C01DB0398039101B495
:10078000012C01DB0398039101B47047820706D165
:10079000002804D003681A89182A00D170477146CE
:1007A0006F467760C7F736FB820706D1002804D072
:1007B00003681A89252A00D1704771466F46776011
:1007C000C7F728FB820706D1002804D003681A89DE
:1007D000212A00D1704771466F467760C7F71AFB30
:1007E000820706D1002804D003681A89232A00D181
:1007F000704771466F467760C7F70CFB820706D1DA
:10080000002804D003681A89222A00D17047714653
:100810006F467760C7F7FEFA820708D1002806D036
:1008200003681A89172A02DB182A00DC7047714610
:100830006F467760C7F7EEFA0098820704D1002868
:1008400002D003685958084771466F467760C7F76A
:10085000E1FA00B50398FFF726FD01B403984010B4
:1008600002D2400000F081FE01B40398401002D291
:10087000400000F07AFE024602BC01BD820706D1AC
:10088000002804D003681A89242A00D170477146D1
:100890006F467760C7F7BEFA820706D1002804D0FA
:1008A00003681A89262A00D1704771466F4677601F
:1008B000C7F7B0FA0098820759D1002857D00368CB
:1008C000DA68170021D04F43D7407F005B68DB19FF
:1008D0001A88D75A8F4209D002331A88D75A8F42C2
:1008E00004D002331A88D75A8F4245D19B185A68D0
:1008F000D70714D05F88012F01D0032410470124AB
:1009000001B5904706BC96460AE01A89082A2ED1FE
:1009100074466F467760C6F795FCA64600E080589F
:1009200001990091029901910100029182071ED163
:1009300000281CD003681A89042A18D1022481884F
:10094000002901D18168084782B00299009103997A
:1009500001910295714603910546AF68B847039C23
:10096000029D009902910199039102B020477146BE
:100970006F467760C7F74EFA6F467760C7F776FA2B
:10098000820708D1002806D003681A89112A02DBE1
:10099000122A00DC704771466F467760C7F73AFA53
:1009A000820706D1002804D003681A89282A00D1BA
:1009B000704771466F467760C7F72CFA820706D1F9
:1009C000002804D003681A89272A00D1704771468D
:1009D0006F467760C7F71EFA00B50498401002D240
:1009E000400000F0C2FD01B40498401002D2400063
:1009F00000F0BBFD01B40498FFF714FC01B40498A7
:100A0000401002D2400000F0B0FD034604BC02BC1E
:100A100001BD0020002101B4042C01DB05980591E3
:100A200001B4032C01DB0598059101B4022C01DB14
:100A30000598059101B4012C01DB0598059101B4DD
:100A40007047820706D1002804D003681A89292A32
:100A500000D1704771466F467760C7F7DBF98207B0
:100A600006D1002804D003681A892A2A00D17047C9
:100A700071466F467760C7F7CDF90098820709D1B4
:100A8000002807D003681A892B2A03DB2C2A01DCF3
:100A90005958084771466F467760C7F7BBF9002081
:100AA000002101B4032C01DB0498049101B4022C51
:100AB00001DB0498049101B4012C01DB049804913A
:100AC00001B47047820708D1002806D003681A894C
:100AD0002B2A02DB2C2A00DC704771466F467760B8
:100AE000C7F798F90098820709D1002807D0036852
:100AF0001A89112A03DB122A01DC5958084771466A
:100B00006F467760C7F786F900B50298FFF7B8FB24
:100B100001B40298401002D2400000F026FD0146C8
:100B200001BD820704D1002802D0036800E07047AD
:100B300071466F467760C7F76DF90098820753D109
:100B4000002851D00368DA68170021D04F43D740FE
:100B50007F005B68DB191A88D75A8F4209D00233AD
:100B60001A88D75A8F4204D002331A88D75A8F4234
:100B70003FD19B185A68D70714D05F88012F01D046
:100B800002241047012401B5904706BC96460AE0AE
:100B90001A89082A28D174466F467760C6F752FB37
:100BA000A64600E08058019900910100019182075A
:100BB0001AD1002818D003681A89042A14D10124F4
:100BC0008188002901D18168084782B0029900918B
:100BD0000195714602910546AF68B847029C019D98
:100BE0000099029102B0204771466F467760C7F7BF
:100BF00011F96F467760C7F739F900B50298FFF72A
:100C0000B6F8029001460398019A00BD820706D10A
:100C1000002804D003681A892D2A00D17047714634
:100C20006F467760C7F7F6F8820708D1002806D02C
:100C300003681A89152A02DB1B2A00DC70477146FB
:100C40006F467760C7F7E6F8820708D1002806D01C
:100C500003681A892F2A02DB302A00DC70477146AC
:100C60006F467760C7F7D6F800B50498FFF71BFB0F
:100C700001B40498401002D2400000F076FC01B4A8
:100C80000498401002D2400000F06FFC01B40498B8
:100C9000401002D2400000F068FC034604BC02BCD5
:100CA00001BD820706D1002804D003681A89142ADE
:100CB00000D1704771466F467760C7F7ABF882077F
:100CC00006D1002804D003681A89312A00D1704760
:100CD00071466F467760C7F79DF8820706D10028F6
:100CE00004D003681A891A2A00D1704771466F46EA
:100CF0007760C7F78FF8820706D1002804D0036811
:100D00001A89332A00D1704771466F467760C7F75A
:100D100081F800B50498FFF7C6FA01B40498FFF70C
:100D2000C2FA01B40498401002D2400000F01DFC49
:100D300001B40498401002D2400000F016FC0346B3
:100D400004BC02BC01BD00B50398FFF7ACFA01B4C6
:100D50000398FFF7A8FA014601BC019A00BD82077B
:100D600006D1002804D003681A89102A00D17047E0
:100D700071466F467760C7F74DF8820706D10028A5
:100D800004D003681A89322A00D1704771466F4631
:100D90007760C7F73FF8820706D1002804D00368C0
:100DA0001A89192A00D1704771466F467760C7F7D4
:100DB00031F800B50298FFF776FA01B402984010B6
:100DC00002D2400000F0D1FB014601BD00B5019800
:100DD000401002D2400000F0C8FB0246029800BD5D
:100DE00000B50298FFF739FA01B40298401002D218
:100DF000400000F0BAFB024601BD00B50398FFF7C2
:100E00002CFA01B40398401002D2400000F0ADFB70
:100E100001B40398401002D2400000F0A6FB024645
:100E200002BC01BD00B50298FFF717FA01B40298A1
:100E3000FFF713FA024601BD00B50498FFF733FA35
:100E400001B40498FFF709FA01B40498401002D2E3
:100E5000400000F08AFB01B40498401002D2400028
:100E600000F083FB034604BC02BC01BD00B503983F
:100E7000FEF77DFF039001B40398401002D24000BA
:100E800000F073FB01B40398401002D2400000F060
:100E90006CFB024602BC01BD82071AD1002818D0A3
:100EA00003681A89042A14D101248188002901D1F8
:100EB0008168084782B002990091019571460291BC
:100EC0000546AF68B847029C019D0099029102B0A7
:100ED000204771466F467760C6F79CFF00B50298C1
:100EE000FFF7E1F901B40298FFF7DDF9014601BD12
:100EF000820706D1002804D003681A89342A00D159
:100F0000704771466F467760C6F784FF820706D147
:100F1000002804D003681A89352A00D17047714629
:100F20006F467760C6F776FF820706D1002804D0A7
:100F300003681A89362A00D1704771466F46776078
:100F4000C6F768FF820706D1002804D003681A8913
:100F5000372A00D1704771466F467760C6F75AFF4F
:100F600000B50198401002D2400000F0FEFA0146A0
:100F700000BD820706D1002804D003681A89382AE8
:100F800000D1704771466F467760C6F743FF00B5E2
:100F90000398FFF775F901B40398401002D240009E
:100FA00000F0E3FA014601BC019A00BD820706D1B8
:100FB000002804D003681A89392A00D17047714685
:100FC0006F467760C6F726FF820706D1002804D057
:100FD00003681A892C2A00D1704771466F467760E2
:100FE000C6F718FF820706D1002804D003681A89C3
:100FF0003A2A00D1704771466F467760C6F70AFFFC
:10100000820706D1002804D003681A893B2A00D140
:10101000704771466F467760C6F7FCFE820706D1BF
:10102000002804D003681A893C2A00D17047714611
:101030006F467760C6F7EEFE820706D1002804D01F
:1010400003681A891B2A00D1704771466F46776082
:10105000C6F7E0FE820706D1002804D003681A898B
:10106000452A00D1704771466F467760C6F7D2FEB9
:1010700000B50198401002D2400000F076FA024616
:101080000398029900BD00B50498FFF7E6F801B493
:101090000498401002D2400000F067FA01B40498AE
:1010A000401002D2400000F060FA024602BC01BCCF
:1010B000019B00BD00B50298FEF759FE029001B4F5
:1010C0000298FFF7CAF8014601BD00B5029840102A
:1010D00002D2400000F049FA01B40298FFF7BDF8CF
:1010E000014601BD00B50398FFF7B7F801B40398B6
:1010F000401002D2400000F038FA024601BC019BC9
:1011000000BD820706D1002804D003681A89132A7B
:1011100000D1704771466F467760C6F77BFE820745
:1011200006D1002804D003681A893D2A00D17047EF
:1011300071466F467760C6F76DFE820706D10028BC
:1011400004D003681A893F2A00D1704771466F4660
:101150007760C6F75FFE820708D1002806D00368D3
:101160001A89412A02DB442A00DC704771466F4627
:101170007760C6F74FFE0098820709D1002807D094
:1011800003681A89402A03DB442A01DC59580847BE
:1011900071466F467760C6F73DFE820708D100288A
:1011A00006D003681A89402A02DB442A00DC704713
:1011B00071466F467760C6F72DFE820706D100287C
:1011C00004D003681A89442A00D1704771466F46DB
:1011D0007760C6F71FFE820708D1002806D0036893
:1011E0001A89432A02DB442A00DC704771466F46A5
:1011F0007760C6F70FFE820708D1002806D0036883
:101200001A89422A02DB442A00DC704771466F4685
:101210007760C6F7FFFD820706D1002804D0036877
:101220001A89302A00D1704771466F467760C6F739
:10123000F1FD00B50298401002D2400000F095F98F
:1012400001B40298FEF7EEFF024602BD0098820745
:1012500009D1002807D003681A89162A03DB192A46
:1012600001DC5958084771466F467760C6F7D2FDD2
:10127000820706D1002804D003681A89462A00D1C3
:10128000704771466F467760C6F7C4FD820706D186
:10129000002804D003681A89482A00D17047714693
:1012A0006F467760C6F7B6FD820706D1002804D0E6
:1012B00003681A89472A00D1704771466F467760E4
:1012C000C6F7A8FD00B50298FEF7C7FF01B4029863
:1012D000401002D2400000F048F9014601BD8207EB
:1012E00006D1002804D003681A89122A00D1704759
:1012F00071466F467760C6F78DFD00B50298FEF720
:10130000D2FF01B40298401002D2400000F02DF943
:10131000024601BD0020002101B4062C01DB079824
:10132000079101B4052C01DB0798079101B4042C47
:1013300001DB0798079101B4032C01DB07980791A3
:1013400001B4022C01DB0798079101B4012C01DBE9
:101350000798079101B470470020002101B4072CC1
:1013600001DB0898089101B4062C01DB089808916C
:1013700001B4052C01DB0898089101B4042C01DBB1
:101380000898089101B4032C01DB0898089101B476
:10139000022C01DB0898089101B4012C01DB0898AC
:1013A000089101B470470020002101B40B2C01DB2F
:1013B0000C980C9101B40A2C01DB0C980C9101B42F
:1013C000092C01DB0C980C9101B4082C01DB0C9862
:1013D0000C9101B4072C01DB0C980C9101B4062C84
:1013E00001DB0C980C9101B4052C01DB0C980C91DD
:1013F00001B4042C01DB0C980C9101B4032C01DB2B
:101400000C980C9101B4022C01DB0C980C9101B4E6
:10141000012C01DB0C980C9101B4704700B50398C6
:10142000FEF741FF01B40398FEF73DFF01B40398B6
:10143000401002D2400000F098F8024602BC01BD04
:1014400000B50398FEF72FFF01B40398FEF72BFFBA
:1014500001B40398401002D2400000F086F8034621
:1014600002BC01BDC20706D0CA0704D04A1E8218BA
:1014700001D61000F04703B56F467760C6F790F8C5
:1014800002B000BDC20706D0CA0704D04A1E821AA5
:1014900001D61000F04703B56F467760C6F794F8A1
:1014A00002B000BDC20703D0CA0701D00840F04710
:1014B00003B56F467760C6F721F802B000BDC207DA
:1014C00003D0CA0701D00843F04703B56F467760E1
:1014D000C5F7F0FF02B000BDC20704D0CA0702D0B2
:1014E0004840401CF04703B56F467760C5F7CEFF14
:1014F00002B000BDC2070CD0CA070AD08B06DB0EB3
:1015000042109A40930F01D0032B02D15000401C8F
:10151000F04703B56F467760C5F788FF02B000BD9E
:10152000C2070AD0CA0708D08B06DB0E4210DA4089
:10153000930F02D15000401CF04703B56F4677600F
:10154000C5F7F0FF02B000BDC20707D0CA0705D03B
:101550008B06DB0E184101221043F04703B56F469E
:101560007760C5F77BFF02B000BD401000D3F047A5
:10157000400000B56F467760C5F756FF00BD4200DA
:101580005110884201D1501CF04700B56F4677607A
:10159000C5F720FD00BDC20707D0CA0705D0401A15
:1015A00001DB002070470120704703B56F4677606C
:1015B000C6F714FBC6F794FA002802B000BDC207B4
:1015C00007D0CA0705D0401A01DC0020704701206F
:1015D000704703B56F467760C6F722FBC6F780FAFF
:1015E000002802B000BDC20707D0CA0705D0401AC4
:1015F00001DD002070470120704703B56F4677601A
:10160000C6F7DAFAC6F76CFA002802B000BDC207C6
:1016100007D0CA0705D0401A01DA00207047012020
:10162000704703B56F467760C6F7EAFAC6F758FA0F
:10163000002802B000BDC20707D0CA0705D0401A73
:1016400001D0002070470120704703B56F467760D6
:10165000C6F7DAF9C6F744FA002802B000BDC2079F
:1016600007D0CA0705D0401A01D0002070470120DA
:10167000704703B56F467760C6F720F9C6F730FAB2
:10168000002802B000BDC20707D0CA0705D0401A23
:1016900001D1002070470120704703B56F46776085
:1016A000C6F7BAF9C6F71CFA002802B000BDC20797
:1016B00007D0CA0705D0401A01D100207047012089
:1016C000704703B56F467760C6F700F9C6F708FAAA
:1016D000002802B000BD0000180004F9FC16040048
:1016E000100000001951601CC58C0000858D0000A1
:1016F0006D8B00002580000000000000080106013D
:10170000040102010001FE00FC00FA00F800F600EE
:10171000F400F200F000EE00EC00EA00E800E60061
:10172000E400E200E000DE00DC00DA004001E60058
:10173000D400D200D000CE00CC00CA00C800C60041
:10174000C400C200C000BE00BC00BA00B800B600B1
:101750003401B200B000AE00AC00AA00A800A600A0
:10176000A400A200A0009E009C00B20020019600F0
:101770009400920090008E008C008A008800860001
:101780008400820080007E007C007A007800760071
:101790007400720070006E006C00C20068006E0081
:1017A00064006200B0005E005C005A005800560001
:1017B0005400520050004E004C004A0048004600C1
:1017C00044006200400086003C003A003800760089
:1017D0006C00320030009E002C002A0028004E00D1
:1017E0002400220020001E001C001A001800160011
:1017F0001400120010000E006C000A000800060021
:10180000040002003F010000040000006900000025
:1018100008000000530000000C0000001F00000042
:101820001000000010000000140000001100010072
:10183000BD8202001100000079820200E000010078
:10184000792C0300FB00010019C502005E010100B4
:1018500049C50200C00101007DC402009F000100D3
:10186000E9C402002D000200917F02006500020021
:10187000ADC40200860001009D2C0300860000001C
:1018800055A3020003000200A1BD020004000200F3
:101890001DC702000000000000000000200004F945
:1018A000C41804001100000019F3DE43C58C0000C9
:1018B000858D00006D8B0000258000003D8E0300AB
:1018C000BD4C020008010601040102010001FE00F6
:1018D0001C018A01F800F600F400F200F000EE00AE
:1018E000EC00EA00E800E600E4004A01E000DE0067
:1018F000DC00DA00D800E6000C01D2002801CE009E
:10190000CC00CA00C800C600C400C200C000BE00AF
:10191000BC00BA00E000B600B400B2005001AE0056
:10192000AC002A01A800AE00A400A200A0009E0006
:101930009C009A00980096001C01AA0090008E005E
:10194000D4008A00880086008400820080007E0027
:101950007C007A00780076007400720070006E00DF
:101960006C006A00680066006400620060005E004F
:101970005C005A00580056005400520050004E00BF
:101980004C004A00480046004400420040003E002F
:101990003C003A0038003600AC0032006000C6005F
:1019A0002C002A00980026002400220020001E009F
:1019B0001C001A00180076006400120010004E008F
:1019C0000C000A00080006000400020032000000BB
:1019D00004000000E00000000800000058010000C2
:1019E0000C0000005901000010000000350000004C
:1019F000140000003600000018000000380000004D
:101A00001C000000D4000100512B0200BD010200A7
:101A10003D8E03004A010200092B03004801020029
:101A2000752B0300490102000DC9020026010200C6
:101A30002D7902004C000200A92902005301020086
:101A4000DD4A0200ED000200A14C0200420102004A
:101A500079C502008A0102007D2A03000400020009
:101A6000E9C70200620102000D2E0200CD00020053
:101A7000052C02000000000000000000200004F916
:101A8000A41A04001200000019F3DE43C58C000004
:101A9000858D00006D8B0000258000000000000097
:101AA000A58D030008010601040102010001FE00EA
:101AB0001C018A01F800F600F400F200F000EE00CC
:101AC000EC00EA00E800E600E4005201E000DE007D
:101AD000DC00DA00D800E6001401D2003001CE00AC
:101AE000CC00CA00C800C600C400C200C000BE00CE
:101AF000BC00BA00E000B600B400B2005001AE0075
:101B0000AC002A01A800AE00A400A200A0009E0024
:101B10009C009A00980096001C01AA0090008E007C
:101B2000DC008A00880086008400820080007E003D
:101B30007C007A00780076007400720070006E00FD
:101B40006C006A00680066006400620060005E006D
:101B50005C005A00580056005400520050004E00DD
:101B60004C004A00480046004400420040003E004D
:101B70003C003A00380036006C0032006000C600BD
:101B80002C002A00A00026002400220020001E00B5
:101B90001C001A0018007E006C0012001000560095
:101BA0000C000A00080006000400020032000000D9
:101BB00004000000E00000000800000058010000E0
:101BC0000C0000005901000010000000350000006A
:101BD000140000003600000018000000380000006B
:101BE0001C000000ED000200898D0300D4000100FC
:101BF000512B0200BD0102003D8E03004A0102008C
:101C0000092B030048010200752B03004901020063
:101C10000DC90200260102002D7902004C000200CD
:101C2000A929020053010200DD4A0200420102001C
:101C300079C502008A0102007D2A03000400020027
:101C4000E9C70200620102000D2E0200CD00020071
:101C5000052C020000000000000000003C0004F918
:101C6000801C0400130000001BE7536AC58C0000B1
:101C7000858D00006D8B00002580000000000000B5
:101C80004800A6004400420078003E003C0062008C
:101C900038003600340082006000760084002A009C
:101CA0009800660024008A0020001E001C0022000C
:101CB000180016002C00120010000E002C001A0054
:101CC00008000600040002006C010000040000008F
:101CD000D001000008000000040100000C0000001A
:101CE0000601000010000000D301000014000000F5
:101CF0000701000018000000D40100001C000000D3
:101D0000D101000020000000D201000024000000EA
:101D10000501000028000000B30000002C000000B6
:101D200098010000300000001501000034000000A0
:101D30006D01000038000000E6000200711403008D
:101D400000000000000000000C0004F96C1D0400FD
:101D5000140000001DE7536AC58C0000858D00004B
:101D60006D8B000025800000000000001800360088
:101D700014002A0020000E000C00120008000600CB
:101D800004000200FD0000000400000075010000D6
:101D900008000000200102008D6002004B010200DB
:101DA000296002003E010200D591030000000000FE
:101DB000000000000C0004F9E81D040015000000FC
:101DC0001DE7536AC58C0000858D00006D8B0000F7
:101DD0002580000000000000818D0300118D0300AC
:101DE0005D8D0300ED8C03002000260014003A00F6
:101DF000100046003C000A0020000600040002001B
:101E00004800000004000000E0000000080000009E
:101E100005000200658D0300DF010100E1580200AA
:101E2000DF0100008958020001000200F58C030068
:101E300002000200418D030004000200D18C030067
:101E400000000000000000007C0004F98C1E04006B
:101E500016000000178B1247C58C0000858D00000E
:101E60006D8B00002580000075880300659D0300D0
:101E7000118D0300B1960300A989030045160200E5
:101E800005540200DD590200559B030008040604B6
:101E9000040402040004FE03FC03FA03F803F6033F
:101EA000F403F203F003EE03EC039A06D004E60316
:101EB000E403E203E003DE03DC03DA03D8033606BF
:101EC000D403D203D003CE03CC03CA03C803C60392
:101ED000C403C203C003BE038C05BA03B803B60330
:101EE000B403B203B0032E05AC03AA03A803A603F0
:101EF000A403A203A0039E03D4059A03F00596034E
:101F00009403920390038E038C038A038803860351
:101F10000404820380037E037C037A037803760340
:101F20007403720370036E037C04CA0368036603C0
:101F30006403FA0460035E0354055A032005560344
:101F40005403520350034E034C034A035003460309
:101F50004403420340033E033C033A033803260490
:101F60003403320330032E032C0372032803560379
:101F70002403220320031E038C051A0318031603EF
:101F80001403120358050E036C040A030803060326
:101F90000403020300039E04FC02FA02F802F602A4
:101FA000F402F202F002EE02B405EA02E802E602EE
:101FB000E402E202E002DE02DC02DA02D802D60229
:101FC000D402D202D002CE02CC02CA02C802C60299
:101FD000C402C202C002BE02BC02BA02B802B60209
:101FE000B402B202B002AE02AC02AA02A802A60279
:101FF000A402A20258049E029C029A02980296022F
:102000009402920290028E028C028A028802860258
:102010008402820280027E023C043203780276024D
:102020007402720270026E026C026A026802660238
:102030006402620260025E025C025A0258025602A8
:102040005402520270034E025C02BA03C0024602FE
:102050007404420240023E023C023A023802360256
:102060003402320230022E022C022A0228022602F8
:102070002402220220021E021C021A02300416024E
:1020800014026202100276020C02420208020602E8
:10209000040202020002FE01FC01FA019802F601AC
:1020A000F401F201F001EE01EC01EA01E801E601C0
:1020B000E401E201E001DE017404DA01D8015E020C
:1020C0004402D2012004CE014C04CA01C801C60159
:1020D000C401C201C001E603BC01BA01B801B601E6
:1020E000B401B201B001AE01AC01AA01A802A6017F
:1020F000A401C201A0016E029C0102049801960194
:102100003C03920190018E018C018A0188018601B5
:102110008401820180017E017C017A0178017601CF
:102120007401720170016E016C016A01680166013F
:1021300064016201F8015E011C025A015801560156
:102140005401520150014E0134034A014801460135
:10215000440142014001E6033C013A01B00336016B
:10216000640232014801A6022C0102022801260164
:102170002401220120011E011C011A01180116016F
:1021800014011201A0020E010C01EA01080106016E
:102190008C0302010001FE00FC00FA00F8004E0171
:1021A000A401F200B801EE00EC00EA00E800E6004D
:1021B000E400E200E000DE00DC00DA00D800B60255
:1021C000D400D200D000CE00CC00CA00C800C600A7
:1021D000C400C200C802BE00BC004A01B8004603E9
:1021E000B400B200B000AE00AC00AA00A800A60087
:1021F000A400A200A0009E009C009A0098009600F7
:102200009400920090008E008C008A008800AE003E
:102210008400820028012E027C007A00780076007B
:102220007400720070006E006C006A006800660046
:102230006400620060005E00FC025A005800560014
:102240005400520050004E004C004A0048008600E6
:102250004400420080023E003C003A003800360054
:102260003400320030002E002C002A0078012600B5
:102270002400220020001E001C00D202F0015601A2
:102280001400120010000E000C000A0008000600E6
:10229000040002004800000004000000E00000000C
:1022A00008000000460000000C000000470000008D
:1022B0001000000043000000140000004400000073
:1022C00018000000080000001C00000009000000C9
:1022D0002000000019000000240000001A00000087
:1022E000280000003F0000002C000000400000001B
:1022F0003000000045000000340000001B0000001A
:1023000038000000140000003C0000002200000023
:1023100040000000F900000044000000260000001A
:1023200048000000270000004C00000006000000EC
:1023300050000000FE0000005400000020000000DB
:10234000580000002E0000005C0000006601000044
:102350006000000067010000640000001C00000035
:1023600068000000310000006C0000002300000045
:1023700070000000BE000000740000009B00000020
:1023800078000000D50101002D640200D501000095
:10239000D53D0200DA010100B1640200DA0100005B
:1023A000753C0200CA010100B1570200CA010000D9
:1023B00075570200CB0101003D570200CB01000020
:1023C0000157020059000100C956020059000000DF
:1023D0008D5602005A000100555602005A000000B6
:1023E00019560200C6000100E1550200C6000000B7
:1023F00099550200C700010061550200C7000000A6
:1024000019550200A7010100E1540200A8010100D2
:10241000A9540200940001006D8C03009400000098
:10242000458C0300E2000100851A020082010200CF
:10243000595302006D0002008D1902005C01020078
:10244000F51502008101020029160200EF000200CA
:10245000C939030005000200499D03004C01020038
:10246000E9530200EE00020055740200CD010100A4
:10247000313E0200DB000100D13C0200FB00010004
:10248000D93E0200FB000000693E02005E0101002F
:10249000196803005E010000556E0300BE010100D3
:1024A0009D3D0200BE010000093D020063000100E5
:1024B0005D68030063000000056E0300F700020082
:1024C000D15B020083010200194E02008901020063
:1024D0003D850200680102004DE60100EB000200AC
:1024E000B58A030002000200959603000400020072
:1024F0008D89030090010200F98202008001020030
:10250000B1630200330102000D6E02007D00020083
:102510004D74030051010200C95203009A000200E9
:102520003959020015000200C1590200BD01020024
:1025300075880300A9000200699C0300A100020045
:10254000A9970300AD000200399B0300DF010100E1
:10255000E1580200DF01000089580200010002007A
:10256000F58C03000000000000000000800004F96A
:10257000BC25040017000000178B1247C58C000013
:10258000858D00006D8B000025800000000000009C
:10259000659D0300118D0300B196030015880300AB
:1025A0009987030059870300DD590200A1B6030093
:1025B000D9B603006D880300AD15020008040604B7
:1025C000040402040004FE03FC03FA03F803F60308
:1025D000F403F203F003EE03EC030A05D004E60370
:1025E000E403E203E003DE03DC03DA03D8035E0660
:1025F000D403D203D003CE03CC03CA03C803C6035B
:10260000C403C203C003BE03BC05BA03B803B603C8
:10261000B403B203B0036E05AC03AA03A803A60378
:10262000A403A203A0039E0304069A03A80496032E
:102630009403920390038E038C038A03880386031A
:102640000404820380037E037C037A037803760309
:102650007403720370036E03BC04CA036803660349
:1026600064033A0560035E0384055A03800456033D
:102670005403520350034E034C034A0350034603D2
:102680004403420340033E033C033A033803660419
:102690003403320330032E032C0372032803560342
:1026A0002403220320031E03B4051A031803160390
:1026B0001403120388050E03AC040A03080306037F
:1026C000040302030003DE04FC02FA02F802F6022D
:1026D000F402F202F002EE02D405EA02E802E60297
:1026E000E402E202E002DE02DC02DA02D802D602F2
:1026F000D402D202D002CE02CC02CA02C802C60262
:10270000C402C202C002BE02BC02BA02B802B602D1
:10271000B402B202B002AE02AC02AA02A802A60241
:10272000A402A20290049E029C029A0298029602BF
:102730009402920290028E028C028A028802860221
:102740008402820280027E027404320378027602DE
:102750007402720270026E026C026A026802660201
:102760006402520360025E025C0252035802560287
:1027700054025202B0034E025C02FA03C002460247
:10278000A404420240023E023C023A0238023602EF
:102790003402320230022E022C022A0228022602C1
:1027A0002402220220021E021C021A0260041602E7
:1027B00014026202100276020C02420208020602B1
:1027C000040202020002FE01FC01FA019802F60175
:1027D000F401F201F001EE01EC01EA01E801E60189
:1027E000E401E201E001DE019C04DA01D8015E02AD
:1027F0004402D2015004CE017404CA01C801C601CA
:10280000C401C201C0011604BC01BA01B801B6017D
:10281000B401B201B001AE01AC01AA01E802A60107
:10282000A401C201A0016E029C012A049801960134
:102830007C03920190018E018C018A01880186013E
:102840008401820180017E017C017A017801760198
:102850007401720170016E016C016A026801660107
:1028600064016201F8015E011C025A01580156011F
:102870005401520150014E0164034A0148014601CE
:102880004401420140010E043C013A01D8033601E3
:10289000A40232014801E6022C01020228012601AD
:1028A0002401220120011E011C011A011801160138
:1028B00014011201E0020E010C01EA0108010601F7
:1028C000B40302010001FE00FC00FA00F8004E0112
:1028D000A401F200B801F601EC00EA00E800E6000D
:1028E000E400E200E000DE00DC00DA00D800E602EE
:1028F000D400D200D000CE00CC00CA00C800C60070
:10290000C400C200F802BE00BC004A01B8006E0359
:10291000B400B200B000AE00AC00AA00A800A6004F
:10292000A400A200A0009E009C009A0098009600BF
:102930009400920090008E008C008A008800AE0007
:1029400084008200280196017C007A0078007600DD
:102950007400720070006E006C006A00680066000F
:102960006400620060005E0024035A0058005600B4
:102970005400520050004E004C004A0048008600AF
:1029800044004200B0023E003C003A0038003600ED
:102990003400320030002E002C002A00B80126003E
:1029A0002400220020001E001C00F20220029601DA
:1029B0001400120010000E000C000A0008000600AF
:1029C000040002004800000004000000E0000000D5
:1029D00008000000460000000C0000004700000056
:1029E000100000004300000014000000440000003C
:1029F00018000000080000001C0000000900000092
:102A00002000000019000000240000001A0000004F
:102A1000280000003F0000002C00000040000000E3
:102A20003000000045000000340000001B000000E2
:102A300038000000140000003C00000022000000EC
:102A400040000000F90000004400000026000000E3
:102A500048000000270000004C00000006000000B5
:102A600050000000FE0000005400000020000000A4
:102A7000580000002E0000005C000000660100000D
:102A80006000000067010000640000001C000000FE
:102A900068000000310000006C000000230000000E
:102AA00070000000BE000000740000009B000000E9
:102AB00078000000D60000007C000000A0000200AA
:102AC000BDB60300C1010200518803007D01020070
:102AD0009115020004000200F98703008101020041
:102AE0007D870300AD00020085B603004C010200A3
:102AF0003D870300D50101002D640200D5010000CF
:102B0000D53D0200DA010100B1640200DA010000E3
:102B1000753C0200CA010100B1570200CA01000061
:102B200075570200CB0101003D570200CB010000A8
:102B30000157020059000100C95602005900000067
:102B40008D5602005A000100555602005A0000003E
:102B500019560200C6000100E1550200C60000003F
:102B600099550200C700010061550200C70000002E
:102B700019550200A7010100E1540200A80101005B
:102B8000A9540200940001006D8C03009400000021
:102B9000458C0300E2000100851A02008201020058
:102BA000595302006D0002008D1902005C01020001
:102BB000F5150200EF000200C9390300050002000C
:102BC000499D0300EE00020055740200CD01010092
:102BD000313E0200DB000100D13C0200FB0001009D
:102BE000D93E0200FB000000693E02005E010100C8
:102BF000196803005E010000556E0300BE0101006C
:102C00009D3D0200BE010000093D0200630001007D
:102C10005D68030063000000056E0300F70002001A
:102C2000D15B020083010200194E020089010200FB
:102C30003D850200680102004DE60100EB00020044
:102C4000B58A03000200020095960300900102007D
:102C5000F982020080010200B16302003301020028
:102C60000D6E02007D0002004D7403005101020050
:102C7000C95203009A0002003959020015000200EF
:102C8000C1590200BD01020075880300A9000200BD
:102C9000699C0300A1000200A9970300DF01010065
:102CA000E1580200DF010000895802000100020023
:102CB000F58C03000000000000000000C80004F9CB
:102CC0000C2D040018000000172BA629C58C00004D
:102CD000858D00006D8B0000258000000000000045
:102CE000659D0300118D0300B19603001588030054
:102CF000998703005987030081860300A1B603006A
:102D00000DB70300559403002D01020018070604B7
:102D1000040402042005FE032C06FA03F803F6035C
:102D2000F403F203F003F605EC037205E803E6038F
:102D3000E403E203E003DE03DC03DA036805D60301
:102D4000D4038A07D003CE03CC03CA03F003C6031F
:102D50000404C203C0031605BC034A078006B60379
:102D6000B403B203B003AE03AC03AA03A803A603E3
:102D7000A403A203A0039E03EC069A039803960300
:102D80009403DA0590038E038C038A038803860379
:102D90008403820380037E037C037A037803760333
:102DA0009C05720370036E036C036A036803660379
:102DB00064034A0760055E035C035A03700456030C
:102DC000540352035003D603AC064A034803460398
:102DD0004403120740033E033C033A03E004DE03CE
:102DE000340332033003C6052C03120428032603E0
:102DF00024038203200366031C039A06200416039F
:102E000014031203C8030E030C035A0308037603CA
:102E1000040302030003FE02FC02FA02F802F602B7
:102E2000F402F202F002EE02EC02EA02E802E6022A
:102E30007C04E202E002DE02DC02DA02D802D60200
:102E400004030A05D0021604CC02CA02C802C60254
:102E5000C402C202C0025E034406BA02B802B6024D
:102E6000B402B2025806AE02AC02AA023803A602AD
:102E7000A402A202A0029E0294049A029802960260
:102E80009402920290028E029C046A04300586022B
:102E90008402820280027E028C027A027802DE02C2
:102EA0007402320670026E026C026A022803660225
:102EB0006402BA02600236045C025A0258025602E8
:102EC0005402520250024E024C024A02480246028A
:102ED0004C02420240023E02F4033A023802360239
:102EE00034023202300266022C022A0260032602F9
:102EF000BC052202200296041C02CA021802160215
:102F0000140212021002D6050C020A02080206027E
:102F10000402D20300027E025404FA01F801F60111
:102F2000F401F201F001EE01EC01EA016002E601B8
:102F3000E401E201E001DE01DC01DA01D801D601A1
:102F4000EC01D2019802CE010C053A03C801C6017A
:102F5000D4023A05C001BE01BC01BA01B801B601F4
:102F6000B401B201B001AE01AC01AA01A801A601F1
:102F7000A401A201A001CE029C019A019801960130
:102F80009401820490018E018C018A0188018601DE
:102F90009C04820180019E037C017A010004760179
:102FA00074017201700186036C016A016801660197
:102FB0001403620160015E015C015A015801BE0305
:102FC0005401520150014E014C014A014801460191
:102FD00044011A02C0023E013C013A0138013601A7
:102FE0008402320130012E012C012A013004260115
:102FF0002401220120011E011C01020418011601F6
:103000001401120210010E010C01D2020801060186
:1030100004012A020001FE00FC006202F800CE0357
:10302000F400F200F000EE00EC00EA00E800E60038
:10303000E400E2002002DE00DC00DA00D800B60383
:10304000D400D200D000CE00CC00CA00C803B60124
:10305000C400AA0278035E02BC006A04B800B6008D
:10306000B400D203B000AE00AC00AA00A800A600D5
:10307000A400A200A0009E009C009A00900196006F
:103080009400920090008E008C008A0088008600D8
:103090008400820078037E007C007A00780076004D
:1030A0007400720090006E006C006A006800C60137
:1030B0004401620060005E005C00D20158005600CE
:1030C00054002A0450004E004C004A00B803460049
:1030D00074034200E0033E003C003A003800360032
:1030E0003400320098032E002C002A002800F6003D
:1030F0002400BA0020001E00DC020A02D8011600DB
:103100001400120010000E000C000A000800060057
:10311000040002004800000004000000E00000007D
:1031200008000000460000000C00000047000000FE
:1031300010000000430000001400000044000000E4
:1031400018000000080000001C000000090000003A
:103150002000000019000000240000001A000000F8
:10316000280000003F0000002C000000400000008C
:103170003000000045000000340000001B0000008B
:1031800038000000140000003C0000002200000095
:1031900040000000F900000044000000260000008C
:1031A00048000000270000004C000000060000005E
:1031B00050000000FE00000054000000200000004D
:1031C000580000002E0000005C00000066010000B6
:1031D0006000000067010000640000001C000000A7
:1031E00068000000310000006C00000023000000B7
:1031F00070000000BE000000740000009B00000092
:1032000078000000D60000007C000000F5000000FF
:10321000800000001301000084000000BC010000D9
:1032200088000000970000008C000000780100007A
:10323000900000007701000094000000670000008B
:1032400098000000DD0100009C000000AB010000C0
:10325000A0000000D8010000A4000000AA010000A6
:10326000A80000006F010000AC000000BB010000DE
:10327000B0000000BA010000B40000000D01000021
:10328000B8000000C2000000BC00000068000000A0
:10329000C0000000F4000000C4000000A000020014
:1032A000F1B60300C1010200399403008501020058
:1032B000113F02007C010200E93B02001C010200F8
:1032C000294202007F000200055902008601020027
:1032D000590102007D01020011010200BD0002003F
:1032E000F926020024010200314902001500020003
:1032F00065860300C301020031030200AB00020037
:1033000099CD0300AC000200D5C90300A200020061
:10331000C1C40300D2000200810E0200CB000200F3
:103320007D030200F2000200B9070200040002005F
:10333000F9870300810102007D870300AD000200D0
:1033400085B603004C0102003D870300D501010052
:103350002D640200D5010000D53D0200DA01010014
:10336000B1640200DA010000753C0200CA010100EC
:10337000B1570200CA01000075570200CB010100DD
:103380003D570200CB010000015702005900010027
:10339000C9560200590000008D5602005A00010073
:1033A000555602005A00000019560200C6000100DE
:1033B000E1550200C600000099550200C700010057
:1033C00061550200C700000019550200A701010065
:1033D000E1540200A8010100A95402009400010078
:1033E0006D8C030094000000458C0300E200010096
:1033F000851A020082010200595302006D0002008A
:103400008D1902005C010200F5150200EF000200B8
:10341000C939030005000200499D0300EE000200C7
:1034200055740200CD010100313E0200DB000100B5
:10343000D13C0200FB000100D93E0200FB0000006D
:10344000693E02005E010100196803005E01000090
:10345000556E0300BE0101009D3D0200BE0100004B
:10346000093D0200630001005D6803006300000085
:10347000056E0300F7000200D15B02008301020029
:10348000194E0200890102003D8502006801020018
:103490004DE60100EB000200B58A030002000200C5
:1034A0009596030090010200F9820200800102005B
:1034B000B1630200330102000D6E02007D000200C4
:1034C0004D74030051010200C95203009A0002002A
:1034D00039590200BD01020075880300A9000200ED
:1034E000699C0300A1000200A9970300DF0101000D
:1034F000E1580200DF0100008958020001000200CB
:10350000F58C03000000000000000000100004F92A
:103510003C3504001C0000001CB3DEFBC58C000021
:10352000858D00006D8B00002580000000000000EC
:10353000419D0300AD8A030035FC010028002600F0
:103540002400220020001E0034002A004000160043
:103550001400120030000E000C00120008000600DB
:1035600004000200AC01000004000000BB000000E9
:10357000080000005F0000000C000000A000020036
:10358000259D0300C1010200918A03009A000200F8
:1035900019FC01000000000000000000180004F900
:1035A000CC3504001D0000001B8F7D0CC58C000075
:1035B000858D00006D8B000025800000000000005C
:1035C000AD9D0300AD8A030035FC010048004600B4
:1035D00044004A0060003E003C003A0038005E00B3
:1035E0003400320030002E002C002A006800260033
:1035F00024002200300036001C001A00180046008B
:1036000014001200100046000C000A00080006001A
:1036100004000200AC01000004000000BB00000038
:10362000080000005F0000000C00000056010000D0
:10363000100000005500000014000000AA00020065
:10364000EDA70300A0000200919D0300C10102004C
:10365000918A03009A00020019FC0100000000009A
:1036600000000000180004F9883604001E00000065
:103670001ABFA234C58C0000858D00006D8B000040
:103680002580000000000000A8009600E4008200F1
:1036900080007E007C007A00B0007600740072002A
:1036A000F0006E006C006A00680066006400620052
:1036B00060009E005C005A00580056005400BA009A
:1036C00050004E0054004A0078004600440042007A
:1036D00040003E003C00820088003600340032008A
:1036E00030002E002C002A0028007E003C00220022
:1036F00020008E001C001A0018003E00140012006A
:1037000010000E000C0082000800060004000200F9
:103710000201000004000000C000000008000000DA
:10372000DB0000000C000000CD01000010000000D4
:10373000AC01000014000000A0000200E5A003009E
:10374000A30002009DA10300A6000200FDA5030046
:10375000A7000200D5A603006E0002006DB50300AD
:10376000000102009DEE01008401020059EF0100FA
:103770004601020075E90100FF000200ADEB010007
:103780000101020021EA0100CE01020055B303004D
:10379000CF010200C1B103000000000000000000E2
:1037A0002C0004F9C43704001F0000001A8B1247D4
:1037B000C58C0000858D00006D8B00002580000009
:1037C00000000000880086008400820080007E00E7
:1037D0007C007A0078008E007400720070006E0029
:1037E000C4006A00E0006600640062006000C60079
:1037F0008C005A0058005600DC0052007000760021
:103800004C004A00480046004400420040003E0090
:103810008C004A003800360034006A00A0002E00F8
:103820002C002A002800260024006A0060007E0088
:103830001C001A00200016001400120010000E00D8
:103840008C000A000800060004000200AE0100001F
:1038500004000000A501000008000000380100007D
:103860000C000000B8010000100000003B01000047
:1038700014000000290100001800000025010000CC
:103880001C0000004301000020000000AC0100000B
:1038900024000000DB00000028000000A40102005A
:1038A00031E901002101020005EE0100880102005A
:1038B000BDED01009101020075ED01008F000200D5
:1038C0002DB403009100020021B10300900002001A
:1038D000A5A50300A000020085A2030000000000CF
:1038E000000000000C0004F908390400200000006A
:1038F0001F0F8857C58C0000858D00006D8B000060
:10390000258000000000000014000A0008000600E6
:10391000040002000301000004000000D3000000C6
:10392000080000000000000000000000300004F962
:1039300050390400210000001AE7536AC58C0000CA
:10394000858D00006D8B00002580000000000000C8
:10395000D80086008400DA0080009E00F4007A001F
:10396000780076003C01AA007000460184006A00DD
:10397000680066001C01620060006E005C005A0076
:10398000580086005400520050004E0054004A0077
:10399000480046004400420080003E003C00D20047
:1039A000A00036003400320030002E002C012A0026
:1039B0002800260024002200A8001E000401C200E6
:1039C000180016005C00120010000E003400020106
:1039D00008000600040002001300000004000000BC
:1039E00012000000080000003D0000000C00000074
:1039F0000F000000100000003A000000140000005A
:103A00000C000000180000000D0000001C00000069
:103A100033000000200000000B0000002400000024
:103A20003C00000028000000390100002C000000CC
:103A3000930001002115020093000000AD3902003F
:103A400092000100110E0200920000007139020084
:103A5000730101000139020073010000D93802002E
:103A600084000100A10D0200840000009D380200C6
:103A700061010100310D02006101000061380200A6
:103A800060000100250902006000000025380200E6
:103A900061000100B5370200610000008D370200AF
:103AA00037010100B5080200370100000D370200A0
:103AB0005C0001009D3602005C00000075360200CB
:103AC0007001010045080200700100004D3602003F
:103AD00086010200E93902008B0002001135020064
:103AE00000000000000000002C0004F90C3B040062
:103AF000220000001BE7536AC58C0000858D000082
:103B00006D8B0000258000000000000090007E000A
:103B1000E400420050003E008C009A00F800B6001D
:103B20001401320048002E005C002A002800260004
:103B30002400D200F0001E001C00020118008600C4
:103B400014003A00A0004E0014002A0008000600ED
:103B50000400020033000000040000001800000010
:103B6000080000000A0000000C0000000D0000002A
:103B7000100000000C000000140000002B000000EA
:103B8000180000001E0000001C0000001D000000C6
:103B900020000000070000002400000039010000A0
:103BA0002800000037010100F10C0200370100007D
:103BB00031220200C1000100F1210200C100000019
:103BC000C92102005B000100892102005B000000A6
:103BD000612102006100010021210200610000005A
:103BE000F920020060000100710C0200600000007A
:103BF000BD20020009010100B10C02000901000012
:103C000081200200DF000100E1140200DF0000005B
:103C100009200200DE000100310C0200DE0000007D
:103C20004520020051000100C91F020051000000A0
:103C3000411E02007E000200653202008B0002007D
:103C4000211D02000000000000000000100004F927
:103C5000703C0400230000001D9DC5FAC58C0000C7
:103C6000858D00006D8B00002580000000000000A5
:103C7000180016001C003A0020002E0024000A0044
:103C80000800060004000200C0000000040000005C
:103C9000AC01000008000000DC0000000C00000087
:103CA000CB000200750A0200D2000200B912020025
:103CB000AF00020039D10300000000000000000046
:103CC0001C0004F9E43C0400240000001B395E479A
:103CD000C58C0000858D00006D8B000025800000E4
:103CE00000000000A8006E004400420058008E0052
:103CF0003C003A00400036006C00320030002E00DC
:103D00002C002A004800260064006A0088001E007B
:103D10001C001A0018001600140022001000660093
:103D20000C003A000800060004000200D700000062
:103D30000400000039010000080000003401000008
:103D40000C0000003501000010000000CD01000053
:103D500014000000DB00000018000000FB00010060
:103D600091770200BE010100557702005E0101005B
:103D7000C5760200630001000D770200F100020029
:103D8000A91A020088000200CD770200C4010200D7
:103D9000ED1A020033010200BD74020000000000B1
:103DA00000000000180004F9C83D040025000000D0
:103DB0001BDD6062C58C0000858D00006D8B0000EE
:103DC0002580000000000000500046004400420032
:103DD00040003E003C005A00380036007C00720073
:103DE00030002E002C003A002800260024003A0063
:103DF00020001E004C005200180016001400120093
:103E000010000E000C003200080006000400020042
:103E100013010000040000009700000008000000EB
:103E2000780100000C000000BC0100001000000040
:103E3000A1010000140000004E000200ED4102004C
:103E400054010200A5860300280102007D1E020025
:103E50002701020049370200C3010200311F02009E
:103E60000000000000000000100004F98C3E040077
:103E7000260000001EBFA234C58C0000858D000006
:103E80006D8B0000258000000000000010001E0067
:103E9000240012000800060004000200B500000023
:103EA000040000006500000008000000D3000000CE
:103EB0000C000000BC0002004D28020000000000C1
:103EC000000000000C0004F9E83E04002700000098
:103ED0001F49A041C58C0000858D00006D8B00003E
:103EE000258000000000000014000A000800060001
:103EF00004000200B6000000040000006F00000093
:103F0000080000000000000000000000100004F99C
:103F1000303F0400280000001E49A041C58C00006D
:103F2000858D00006D8B00002580000000000000E2
:103F300010000E0014001A00080006000400020021
:103F4000E000000004000000C701000008000000BD
:103F5000A90100000C0000000000000000000000AB
:103F60002C0004F9843F0400290000001BDD60627E
:103F7000C58C0000858D00006D8B00002580000041
:103F800000000000480046004400C20040003E001F
:103F90003C003A0038005E004400520090007E0071
:103FA0006C008200600026002400220020001E0019
:103FB00034009200880046005C00120010001600D9
:103FC00074000A000800060004000200D50000008A
:103FD00004000000C300000008000000C40000004E
:103FE0000C000000C500000010000000B601000039
:103FF00014000000F8000000180000009900000004
:104000001C0000004401000020000000E10000004E
:104010002400000064010000280000009800010056
:104020005DC602006301020015CC02004E010200D1
:10403000A1CA02004D01020049F50200BF010200C1
:10404000A1D402004F01020079C902005001020010
:10405000F12F02000000000000000000140004F92D
:10406000804004002A0000001D258B65C58C0000DF
:10407000858D00006D8B0000258000000000000091
:10408000380016002C003A0010001E0014000A0030
:104090000800060004000200A30100000400000064
:1040A000C801000008000000D30000000C00000060
:1040B000BE000000100000004D010200413102006E
:1040C000BF01020051D50200000000000000000006
:1040D000040004F9084104002B0000001D377FFC98
:1040E000C58C0000858D00006D8B000025800000D0
:1040F00000000000114E0200C95B0200953D020065
:10410000F1AB020045BD0200280036001C00120081
:1041100010000E0024000A0008000600040002003F
:104120004E000200F54D020054010200AD5B02009A
:104130001D010200793D0200A0000200D5AB020083
:104140001B01020029BD0200000000000000000069
:10415000080004F9744104002D0000001D2BA6295D
:10416000C58C0000858D00006D8B0000258000004F
:10417000D585030018002E003C00420010000E0000
:104180001C00120028000600040002003E0000008F
:1041900004000000FC0001002D860300A1010200C4
:1041A000916D02004B0002001D50020052010200FE
:1041B0002551020088000200AD500200BD0102003E
:1041C000D58503000000000000000000680004F92D
:1041D000F04104002E0000001AE7536AC58C00006D
:1041E000858D00006D8B0000258000000000000020
:1041F0008800860084009A00F8007E007C007A0027
:1042000078007600E400720070006E006C006A00B6
:10421000C000160164001A01F800FE005C000201F3
:1042200058003601DC00620050002601CC001A0163
:1042300048007E000C01420040003E003C0062004D
:10424000200136006400920030002E002C002A006D
:10425000280026002C004200680086001C001A007E
:104260001800A6005400120010000E005C00CA00E6
:104270000800060004000200B7000000040000006F
:104280005B00000008000000B00100000C0000000E
:104290005200000010000000A00100001400000007
:1042A000A2010000180000003D0100001C000000F9
:1042B0007000000020000000BE000000240000008C
:1042C0009C000000280000008E0000002C00000070
:1042D0003001000030000000310100003400000017
:1042E000B101000038000000800000003C00000028
:1042F000CC01000040000000C900000044000000A4
:104300003A01000048000000890000004C00000055
:104310008A00000050000000BF00000054000000B0
:1043200066000000580000002C0000005C00000047
:10433000140000006000000045010000640000005F
:10434000E6000200719D020094000100B1850300A7
:1043500016010200991F03004E00020019580200C6
:1043600055010200F9AB020000000000000000004F
:10437000100004F9944304002F0000001D834249FB
:10438000C58C0000858D00006D8B0000258000002D
:104390000000000038002E001400120010001E0063
:1043A0000C00120008000600040002009A01000040
:1043B00004000000960000000800000095000000C6
:1043C0000C000000A4010200356202009A00020005
:1043D000F55B02000000000000000000140004F97A
:1043E00000440400310000001D258B65C58C0000D1
:1043F000858D00006D8B000025800000000000000E
:10440000380016001400220018000E000C002200D4
:10441000300006000400020041010000040000001A
:10442000B200000008000000B90000000C0000000D
:10443000B901000010000000560002003D610200BA
:1044400079000200F5610200000000000000000099
:10445000380004F9884404001A0000001AE7536A7F
:10446000C58C0000858D00006D8B0000258000004C
:1044700000000000818D03004D8403005D8D03006A
:10448000ED8C0300A5230300880086008C003A0110
:1044900048015E017C007A00900046017400020130
:1044A00070006E006C00B20068006600640062007C
:1044B00060005E005C005A00B8005600BC00C200FC
:1044C00000010E01D4007200F0004600440092008A
:1044D00040003E003C003A00380036003401320013
:1044E000300066002C002A0058006600FC00220004
:1044F0003000160194001A00380016001400120053
:10450000F8006600AC008A00080006000400020003
:104510004800000004000000E00000000800000067
:10452000470100000C000000160000001000000011
:104530005400000014000000FE00000018000000FD
:10454000360100001C000000D80000002000000020
:10455000B8010000240000003C0100002800000019
:10456000170000002C00000059000000300000007F
:104570005A000000340000000100020031840300F2
:1045800042000200952003003700020071F1020092
:104590007A010200D91B03008C010200356302007E
:1045A000B5000100EDF30200B50000007DF302004C
:1045B0009A000200851C03007C00020085110300A4
:1045C0007B010200B11B03008B0102002D1C0300C4
:1045D000B80001000D8403007F010200791B030075
:1045E000C501020089230300A8000200FD84030026
:1045F00005000200658D0300DF010100E1580200A3
:10460000DF0100008958020002000200418D030012
:1046100004000200D18C0300000000000000000034
:10462000140004F944460400320000001E691C20F6
:10463000C58C0000858D00006D8B0000258000007A
:104640000000000010001E002400120008000600F8
:1046500004000200210000000400000065010000C9
:1046600008000000CA0100000C000000CB0100009F
:10467000100000000000000000000000140004F919
:10468000A0460400330000001D2BA629C58C0000A5
:10469000858D00006D8B000025800000000000006B
:1046A00048001E0024001200100026002C000A0002
:1046B0000800060004000200810000000400000061
:1046C0002000000008000000700000000C00000046
:1046D0002900000010000000E20001005D840200DB
:1046E000E200000035840200A0000200A1B1020037
:1046F0000000000000000000A40004F93C47040092
:1047000019000000178B1247C58C0000858D000032
:104710006D8B00002580000000000000659D0300F7
:10472000118D0300B1960300A9890300451602000C
:1047300005540200DD590200559B030008040604DD
:10474000040402040004FE03FC03FA03F803F60366
:10475000F403F203F003EE03EC03F206D004E603E5
:10476000E403E203E003DE03DC03DA03D8038E068E
:10477000D403D203D003CE03CC03CA03C803C603B9
:10478000C403C203C003BE03E405F204B803B603C6
:10479000B403B203B0038605AC03AA03A8039E04C6
:1047A000A403A203A0039E032C069A0348069603C3
:1047B000940392039003B6048C038A038803860350
:1047C0000404820380037E037C037A037803760368
:1047D0007403720370036E03D404CA036803660390
:1047E0006403520560035E03AC055A037805560363
:1047F0005403520350034E034C034A035003460331
:104800004403420340033E033C033A0338037E045F
:104810004404320330032E032C037203280356038F
:104820002403220320031E03E4051A0318031603BE
:1048300014031203B0050E03C4040A03080306039D
:10484000040302030003F604FC02FA02F802F60273
:10485000F402F202F002EE020C06EA02E802E602BC
:10486000E402E202E002DE02DC02DA02D802D60250
:10487000D402D202D002CE02CC02CA02C802C602C0
:10488000C402C202C002BE02BC02BA02B802B60230
:10489000B402B202B002AE02AC02CA03A802A6027F
:1048A000A402A202B0049E029C029A0298029602FE
:1048B0009402920290028E028C028A028802860280
:1048C0008402820280027E0294043203780276021D
:1048D0007402720270026E026C026A026802660260
:1048E0006402620260025E025C025A0258025602D0
:1048F00054025202C8034E025C021204C002460275
:10490000CC04420240023E023C023A023802360225
:104910003402320230022E022C022A02280226021F
:104920002402220220021E021C021A02880416021D
:1049300014026202100276020C024202080206020F
:10494000040202020002FE01FC01FA019802F601D3
:10495000F401F201F001EE01EC01EA01E801E601E7
:10496000E401E201E001DE01CC04DA01D8015E02DB
:104970004402D2017804CE01A404CA01C801C601D0
:10498000C401C201C0013E04BC01BA01B801B601B4
:10499000B401B201B001AE01AC01AA010003A6014D
:1049A000A401C201A0016E029C015A049801960163
:1049B0009403920190018E018C018A018801860185
:1049C0008401820180017E017C027A0178017601F6
:1049D0007401720170016E016C01AA026801660126
:1049E00064016201F8015E011C025A01580156017E
:1049F0005401520150014E018C034A014801460105
:104A00004401420140013E043C013A0108043601E0
:104A1000BC0232014801FE022C01020228012601DB
:104A20002401220120011E011C011A011801160196
:104A300014011201F8020E010C01EA01080106013D
:104A4000E40302010001FE00FC00FA00F8004E0140
:104A5000A401F200B801EE00EC00EA00E800E60074
:104A6000E400E200E000DE00DC00DA00D8000E0323
:104A7000D400D200D000CE00CC00CA00C800C600CE
:104A8000C400C2002003BE00AC014A01B8009E036E
:104A9000B400B200B000AE00AC00DA01A800A6007D
:104AA000AC01A200A0009E009C009A009800960015
:104AB0009400920090008E008C008A008800AE0066
:104AC00084008200280186027C007A00780076004B
:104AD0007400720070006E006C006A00680066006E
:104AE0006400620060005E0054035A0058005600E3
:104AF0005400520068014E004C004A0048008600F5
:104B000044004200D8023E003C003A003800360023
:104B10003400320030002E002C002A00D001260084
:104B20002400220020001E001C002A034802AE01BF
:104B30001400120010000E000C000A00080006000D
:104B4000040002004800000004000000E000000033
:104B500008000000460000000C00000047000000B4
:104B6000100000004300000014000000440000009A
:104B700018000000080000001C00000009000000F0
:104B80002000000019000000240000001A000000AE
:104B9000280000003F0000002C0000004000000042
:104BA0003000000045000000340000001B00000041
:104BB00038000000140000003C000000220000004B
:104BC00040000000F9000000440000002600000042
:104BD00048000000270000004C0000000600000014
:104BE00050000000FE000000540000002000000003
:104BF000580000002E0000005C000000660100006C
:104C00006000000067010000640000001C0000005C
:104C100068000000310000006C000000230000006C
:104C200070000000BE000000740000009B00000047
:104C300078000000AC0100007C0000005E00000075
:104C400080000000BA000000840000000A0100009B
:104C500088000000620000008C000000610000007D
:104C60009000000037010000940000002F010000B8
:104C7000980000002E0100009C000000DC000000F5
:104C8000A0000000C1010200F5860200D50101006C
:104C90002D640200D5010000D53D0200DA010100BB
:104CA000B1640200DA010000753C0200CA01010093
:104CB000B1570200CA01000075570200CB01010084
:104CC0003D570200CB0100000157020059000100CE
:104CD000C9560200590000008D5602005A0001001A
:104CE000555602005A00000019560200C600010085
:104CF000E1550200C600000099550200C7000100FE
:104D000061550200C700000019550200A70101000B
:104D1000E1540200A8010100A9540200940001001E
:104D20006D8C030094000000458C0300E20001003C
:104D3000851A020082010200595302006D00020030
:104D40008D1902005C010200F515020081010200CC
:104D500029160200EF000200C93903000500020015
:104D6000499D03004C010200E9530200EE000200DD
:104D700055740200CD010100313E0200DB0001004C
:104D8000D13C0200FB000100D93E0200FB00000004
:104D9000693E02005E010100196803005E01000027
:104DA000556E0300BE0101009D3D0200BE010000E2
:104DB000093D0200630001005D680300630000001C
:104DC000056E0300F7000200D15B020083010200C0
:104DD000194E0200890102003D85020068010200AF
:104DE0004DE60100EB000200B58A0300020002005C
:104DF00095960300040002008D89030090010200D3
:104E0000F982020080010200B16302003301020056
:104E10000D6E02007D0002004D740300510102007E
:104E2000C95203009A00020039590200150002001D
:104E3000C1590200BD01020075880300A9000200EB
:104E4000699C0300A1000200A9970300AD000200C5
:104E5000399B0300DF010100E1580200DF0100007F
:104E60008958020001000200F58C030000000000D8
:104E7000000000002C0004F9984E040034000000EB
:104E80001BE7536AC58C0000858D00006D8B000008
:104E90002580000000000000480046004400520049
:104EA00040003E007400C200B800360034006200CA
:104EB00078002E007C00C20028003E002400220062
:104EC0002000AE001C001A0018005600840072007A
:104ED000880016002C0032000800060004000200C2
:104EE0002F00000004000000300000000800000057
:104EF000A40000000C000000A5000000100000004D
:104F00009E010000140000002400000018000000B2
:104F1000250000001C00000095010000200000009A
:104F2000940100002400000093010000280000000C
:104F30002201010005BD02002201000061BB020048
:104F4000230101003DBB02002301000025B902003E
:104F5000D5010100B5830300DA0101005D83030080
:104F6000FB00010015940300BE010100F193030052
:104F7000F0000200A56E0300C1010200C1B60200EC
:104F800000000000000000001C0004F9AC4F040009
:104F9000350000001DE7536AC58C0000858D0000B8
:104FA0006D8B0000258000000000000030003E00F6
:104FB0001C00420010001E002C000A000800060021
:104FC000040002009E00000004000000E300000056
:104FD000080000005A0100000C0000005B01000006
:104FE000100000004F0000001400000050000000FE
:104FF00018000000A0000200FDB202000000000046
:1050000000000000180004F92850040036000000D9
:105010001949A041C58C0000858D00006D8B0000F2
:105020002580000000000000080106018401020143
:105030000001FE00FC00FA006801F600F400F20036
:10504000F000EE00EC00EA00E800E600E400E20018
:10505000E000DE00DC00DA00D800D600D400D20088
:10506000D000CE00CC00CA00D000C600C400C200F0
:10507000C0004E011401BA00B8005601B400F2009D
:10508000D000AE00AC00AA00A800A600A4000A014F
:10509000A0009E009C009A00980096009400920048
:1050A00090008E008C008A008800860084008200B8
:1050B0008000A6007C00CA007800EE007400720038
:1050C000B8006E006C006A00680066006400620050
:1050D00060005E005C005A00580056005400520008
:1050E0005000D6004C004A004800460054004200E0
:1050F00040003E003C003A00380036009400320088
:1051000030002E002C002A00280026002400220057
:1051100020001E0034001A00500016001400120077
:1051200010000E00A4000A0008000600040002009F
:105130003B00000004000000280000000800000000
:105140002A0000000C0000005701000010000000C1
:10515000D40000001400000069010100A1BA02009F
:105160006901000001820300940001004D820300E8
:105170002201020021BC020023010200E1B9020069
:105180005800020095BC02005700020055BA020008
:10519000F90001000D570300B5000100E9BA020053
:1051A000CF00020045520300D1000200694F030006
:1051B000A0000200B17D0300E9000200193B0300DA
:1051C000CC00020035560300EA000200053A030055
:1051D000D000020039500300000000000000000071
:1051E000200004F904520400370000001A2B0E6D51
:1051F000C58C0000858D00006D8B000025800000AF
:1052000000000000880086008400820080007E008C
:105210007C007A0098008E008400CA0070006E0046
:105220006C006A0068006600A400620060005E0016
:105230005C005A0090007E005400520050004E0066
:105240004C0052007800AE00B400420040003E0026
:105250009C003A00380036003400320030002E0046
:105260002C002A00280026006C00220020001E00CE
:105270001C001A00180016001400120010000E0086
:105280000C000A0008000600040002009400000060
:1052900004000000FA00000008000000B501000052
:1052A0000C0000006A000000100000003B0000003D
:1052B0001400000045000000180000001B00000062
:1052C0001C000000CD010100E1BC0200DB00010078
:1052D000C5BA020069010100D9510300690100004B
:1052E000D57C0300CF000200A14F0300D0000200D4
:1052F0006D500300F3000200A93B0300EC00020024
:10530000F93B030000000000000000000C0004F95D
:1053100030530400380000001F0F8857C58C000070
:10532000858D00006D8B00002580000000000000CE
:1053300014000A0008000600040002002D0100000D
:1053400004000000D300000008000000000000007E
:10535000000000001C0004F978530400390000002C
:105360001CDD6062C58C0000858D00006D8B000027
:1053700025800000000000002800460024002200D4
:1053800020001E002C001A0018001E0014002A0025
:1053900010000E0034000A0008000600040002009D
:1053A000B400000004000000C90100000800000073
:1053B000A40100000C000000B70100001000000074
:1053C00085000000140000002B0100001800000000
:1053D00000000000000000001C0004F9105404004C
:1053E0002C00000019735B2EC58C0000858D000019
:1053F0006D8B00002580000000000000CD7B0300C5
:10540000897B0300A5330300F5790300B957030036
:1054100008010601040102010001FE00FC00FA007F
:1054200038012601F400F200F000EE00EC004A0121
:10543000E800E600E4006A01E000DE00DC00DA00DB
:10544000D800D600D400D200D000CE00CC0042015B
:105450001801C600C4005201C000BE00BC00BA0062
:10546000B800B600B400B200B0002E01AC00AA0033
:10547000A800A600A400A200A0009E009C00AA0014
:1054800098004E019400420190008E008C008A002A
:105490008800860084009A0080007E007C007A00EC
:1054A000E000760074007200700016016C006A0063
:1054B000680066006400620060005E005C005A00E4
:1054C000580056005400520050004E004C004A0054
:1054D00048004600DC00420040003E003C00420024
:1054E000380036003400320030002E002C002A0034
:1054F000280046004C00220020001E001C001A005C
:105500001800B6001400120080000E000C000A0003
:105510000800060004000200A101000004000000D1
:105520000801000008000000110100000C0000004C
:105530000C01000010000000190100001400000020
:105540000E010000180000000F01010069D90200DF
:105550000F01000011D902001A01010051D8020008
:105560001A01000015D8020010010100D5D8020070
:105570001001000099D802004E000200B17B030028
:10558000540102006D7B0300A0000200D9790300E2
:105590001B0102009D5703008C000200857403006C
:1055A0009F010200F96003006E0102009D6A030082
:1055B000B3010200B93C0300B4010200A54B030093
:1055C0001D0102008933030071000200F135030060
:1055D0008700020091790300000000000000000035
:1055E000180004F9045604003A0000001CE7536A4E
:1055F000C58C0000858D00006D8B000025800000AB
:1056000085320300280056007400320048007600FE
:105610002400320038004E005C007A0010000E00BA
:105620007C004A00680006000400020078000000C8
:105630000400000077000000080000006001000086
:105640000C00000083000000100000006400000057
:10565000140000001F010200F56603003201020081
:1056600061660300A0000200097A03005D010200E8
:10567000F57103007C00020015740300F6000200BF
:10568000E1690300E8000200F1700300E700020096
:10569000596F030014010200A1680300BD0102005C
:1056A000853203000000000000000000200004F923
:1056B000D05604003B0000001B395E47C58C00003B
:1056C000858D00006D8B000025800000000000002B
:1056D000480046008400520058003E003C003A005A
:1056E000380036006400320030002E0064002A00CA
:1056F0007800260084002A00200066003C001A0082
:105700007000160014003A0010000E000C000A0091
:1057100008000600040002002C0100000400000044
:10572000AD01000008000000790100000C0000003D
:10573000720100001000000074010000140000005D
:105740007101000018000000CA0000001C000000E9
:1057500097010200DDDE02002A01020011E90200C9
:105760008D0102008DEC0200AE000200BDE50200DA
:105770009D000200E9F50200C6010200A5ED02004D
:105780000000000000000000240004F9AC570400F1
:105790003C0000001BE7536AC58C0000858D0000AB
:1057A0006D8B00002580000000000000480086008E
:1057B0004400420040005E00A4004A003800360069
:1057C0006C00320038007E002C002A0028005600B1
:1057D0002400220020001E001C007A0018003E0059
:1057E00014002A008000560064000A000800060029
:1057F000040002007200000004000000DC00000051
:1058000008000000BE0100000C000000A50100001F
:1058100010000000AD01000014000000DD000000D9
:1058200018000000CE0000001C000000490000002D
:10583000200000009701020021F90200400102004F
:1058400061F80200870102004DEB020092010200A4
:10585000EDF802008F010200D1F602009D00020067
:1058600065F60200C201020011F70200000000000C
:1058700000000000140004F9A85804001B000000F8
:105880001C8B1247C58C0000858D00006D8B0000BD
:105890002580000000000000DD930300118D03004F
:1058A000A1930300ED8C030028006E0024002A0061
:1058B00060001E003C001A004000260014002A0070
:1058C00010000E000C000A00380006000400020060
:1058D0004800000004000000E00000000800000094
:1058E000D30000000C000000960100001000000032
:1058F00005000200C193030002000200859303002B
:10590000DF010100E1580200DF01000089580200B8
:1059100001000200F58C030004000200D18C03009A
:1059200000000000000000000C0004F94C590400C5
:105930003D0000001E49A041C58C0000858D00007F
:105940006D8B0000258000006132030020001600EE
:105950000C000A00080006000400020041000000DC
:10596000040000003400000008000000BD01020037
:10597000613203000000000000000000080004F98C
:10598000A05904003E0000001F49A041C58C000042
:10599000858D00006D8B0000258000000000000058
:1059A0000C000A000800060004000200A601000026
:1059B0000400000000000000000000000C0004F9DA
:1059C000E05904003F0000001F0F8857C58C0000FD
:1059D000858D00006D8B0000258000000000000018
:1059E0000C0012000800060004000200A6010000DE
:1059F0000400000012010000080000000000000088
:105A000000000000180004F9285A040030000000CB
:105A10001D258B65C58C0000858D00006D8B0000F9
:105A2000258000000000000028002E0044001A001D
:105A300038000E000C002A000800060004000200D6
:105A40009A01000004000000960000000800000019
:105A5000950000000C0000009901000010000000FB
:105A60006B01000014000000A40102003562020076
:105A70009A000200F55B0200000000000000000038
:105A8000040004F9AC5A0400400000001F61F52B2B
:105A9000C58C0000858D00006D8B00002580000006
:105AA00000000000C5240300798503000C001200EB
:105AB00008000600040002008D000200A924030073
:105AC000A80002005D850300000000000000000047
:105AD000100004F9FC5A0400410000001CDBE3F64E
:105AE000C58C0000858D00006D8B000025800000B6
:105AF00000000000853103004D93030048002E0094
:105B00002400220030001E004C001A00180016006D
:105B100014001200100036000C00220008000600DD
:105B2000040002009C0100000400000017010000B6
:105B3000080000009D0100000C0000008D00020024
:105B400069310300A8000200319303008E010200B6
:105B5000952503007E010200F918030000000000F3
:105B600000000000240004F9905B040042000000E3
:105B70001BDD6062C58C0000858D00006D8B000010
:105B800025800000000000001B300300BD920300D0
:105B9000600046004400420040007E0044003A009D
:105BA000380036003400320030002E002C002A006D
:105BB00028006E0024004A0050001E002C001A002D
:105BC00018006E0014004A0010002E005C000A004D
:105BD00008000600040002009C0100000400000010
:105BE00017010000080000009D0100000C000000EB
:105BF000D701000010000000DC01000014000000CC
:105C000018010000180000000B0100001C0000003B
:105C1000C8000000200000008D000200F92F0300E2
:105C2000A8000200A19203008E0102009525030046
:105C30007E010200F91803000000000000000000CF
:105C4000300004F96C5C0400430000001B2BA62903
:105C5000C58C0000858D00006D8B00002580000044
:105C600000000000B52F03003791030048004600F4
:105C700044008A00B8003E004C003A00880036001C
:105C80009400320038002E004C005A0080004E0074
:105C90005C00220038001E001C001A00880016005C
:105CA0001400520010000E0074000A0008000600E4
:105CB000040002009C010000040000001701000025
:105CC000080000009D0100000C000000D70100004A
:105CD00010000000DC0100001400000018010000AA
:105CE000180000000B0100001C000000C8000000AC
:105CF000200000009B01000024000000340100008F
:105D000028000000350100002C0000004D000200BA
:105D100015270300A8000200099103008D0002006E
:105D2000992F03008E010200952503007E010200D9
:105D3000F91803000000000000000000300004F922
:105D4000685D0400440000001B2BA629C58C0000E0
:105D5000858D00006D8B0000258000000000000094
:105D6000B52F0300379103004800460044008A0025
:105D7000B8003E004C003A00880036009400320023
:105D800038002E004C005A0080004E005C002200BB
:105D900038001E001C001A00880016001400520073
:105DA00010000E0074000A00080006000400020043
:105DB0009C01000004000000170100000800000022
:105DC0009D0100000C000000D70100001000000041
:105DD000DC010000140000001801000018000000A1
:105DE0000B0100001C000000C800000020000000A3
:105DF0009B01000024000000340100002800000086
:105E0000350100002C0000004D00020015270300A2
:105E1000A8000200099103008D000200992F0300E1
:105E20008E010200952503007E010200F91803008F
:105E30000000000000000000240004F95C5E040083
:105E4000450000001BD70062C58C0000858D000056
:105E50006D8B000025800000000000004800460017
:105E600044004200400046003C005A0060003600FA
:105E70004400320068002E002C002A002800260072
:105E80002400220020004E0034001A0018001600E2
:105E90001400120010000E000C000A00080006009A
:105EA000040002004600000004000000470000005B
:105EB00008000000CA0100000C000000CB01000037
:105EC00010000000FE00000014000000200100008F
:105ED00018000000940000001C0000008100000079
:105EE000200000000000000000000000200004F975
:105EF000105F0400460000001C9DC5FAC58C000020
:105F0000858D00006D8B00002580000000000000E2
:105F100028002600240052002000460034003A00E9
:105F20001800160014001200200016000C000A00D1
:105F300008000600040002009E01000004000000AA
:105F40006B000000080000006C0000000C00000066
:105F5000B000000010000000B100000014000000BC
:105F6000D901000018000000DE0100001C00000044
:105F700000000000000000000C0004F99C5F040019
:105F8000470000001BE7536AC58C0000858D0000A8
:105F90006D8B0000258000000000000048004600D6
:105FA0004400420040003E003C007A0070007E0049
:105FB0003400320030003E002C002A002800260069
:105FC0002400220020001E001C001A0018003600C9
:105FD0001C003A0040000E000C00220008000600E1
:105FE0000400020039000000040000000E00000060
:105FF00008000000B00101003D4F030082000100D5
:10600000215203005F010100FD510300D501010091
:106010009D900300DA01010031900300FB000100B4
:10602000F18F0300BE010100B18F0300B201010036
:10603000E54E03000000000000000000180004F915
:1060400060600400480000001CE7536AC58C000033
:10605000858D00006D8B0000258000000000000091
:106060003800260024003A0040001E001C005A00A0
:106070001800160014001200380016003C00420000
:106080000800060004000200F900000004000000FF
:10609000E200000008000000AF0100000C0000005A
:1060A000BE01000010000000FB0000001400000012
:1060B000D5010100698F0300DA010100218F03007F
:1060C000DB000100E98E0300CD010100B18E030069
:1060D0000000000000000000E0010000446904002E
:1060E0004C6904005C690400706904008469040060
:1060F00094690400A4690400B4690400C869040038
:10610000D4690400E0690400F46904000C6A040026
:106110001C6A0400306A04003C6A04004C6A0400F3
:10612000606A04007C6A0400906A0400A46A0400A7
:10613000B06A0400C46A0400D06A0400E06A040083
:10614000F46A0400006B04000C6B04001C6B040078
:106150002C6B04003C6B0400546B0400606B040067
:10616000706B0400886B0400946B0400B06B040037
:10617000CC6B0400E86B0400F86B0400086C0400AE
:10618000186C0400286C0400346C0400446C040097
:10619000546C0400706C0400846C0400946C040063
:1061A000A46C0400B86C0400C86C0400D86C040033
:1061B000E86C0400F86C0400106D0400206D04000D
:1061C000346D0400406D04004C6D04005C6D0400EF
:1061D000706D0400846D0400946D0400A06D0400D3
:1061E000AC6D0400B86D0400C86D0400D46D0400EB
:1061F000E06D0400F06D0400FC6D0400086E040006
:10620000146E0400246E0400386E0400446E040012
:106210005C6E04006C6E04007C6E04008C6E0400E6
:106220009C6E0400AC6E0400C06E0400D06E0400CE
:10623000E06E0400F06E0400006F0400146F0400B0
:10624000246F0400306F04003C6F0400506F0400A2
:10625000686F0400786F0400846F0400946F04007A
:10626000A46F0400B86F0400CC6F0400DC6F04005E
:10627000EC6F0400FC6F040018700400347004001C
:106280004C7004005C70040074700400847004009E
:1062900094700400B0700400D0700400E07004003A
:1062A000F07004000C710400187104002C710400DB
:1062B0003C710400507104006071040074710400AA
:1062C0008471040094710400A8710400B871040082
:1062D000C4710400DC710400E8710400F47104006E
:1062E0000C72040018720400287204003C7204004E
:1062F0004C7204005C7204006C7204007C72040036
:106300008C720400A4720400C4720400D4720400ED
:10631000F072040008730400207304003473040056
:10632000487304005C7304007073040084730400F9
:1063300090730400A8730400BC730400D0730400BD
:10634000E0730400F873040008740400207404006F
:106350003874040048740400587404006474040021
:10636000707404008074040090740400A07404002D
:10637000B4740400C8740400DC740400F4740400F1
:1063800008750400187504002C7504004475040099
:10639000587504006C7504007C7504008C7504004D
:1063A00098750400A4750400B4750400CC7504004D
:1063B000D8750400E8750400F4750400087604003C
:1063C000187604002C760400387604004876040021
:1063D000547604006C76040078760400907604000D
:1063E0009C760400B0760400BC760400D4760400E9
:1063F000E8760400007704000C77040018770400A6
:10640000287704004477040054770400647704007C
:10641000787704009C770400AC770400BC77040014
:10642000D0770400E4770400F477040004780400D3
:106430001878040028780400447804005078040098
:106440005C78040070780400847804009478040078
:10645000A0780400B0780400C0780400D878040064
:10646000E4780400F878040004790400107904004A
:1064700020790400307904003C790400507904004C
:106480006479040078790400887904009C79040018
:10649000B0790400C0790400D0790400E0790400E8
:1064A000F0790400007A0400187A0400287A0400C5
:1064B000447A0400507A04005C7A0400687A04008C
:1064C0007C7A0400887A0400987A0400A47A040094
:1064D000B47A0400C07A0400D07A0400E07A0400A0
:1064E000F47A0400047B0400187B0400247B04007D
:1064F000387B04004C7B04005C7B0400747B04004C
:10650000807B0400907B0400A47B0400B87B040023
:10651000D47B0400E47B0400F87B0400087C0400C6
:10652000187C04002C7C04003C7C04004C7C04009F
:10653000607C0400787C0400887C0400987C040063
:10654000AC7C0400C07C0400D07C0400DC7C040033
:10655000F07C0400047D0400187D0400287D040004
:10656000347D0400447D0400547D0400647D0400F7
:10657000787D0400887D0400987D0400B07D0400CF
:10658000C47D0400D47D0400E47D0400F07D04009B
:10659000007E04000C7E0400207E0400347E040093
:1065A0004C7E0400607E0400707E0400847E040043
:1065B000907E04009C7E0400AC7E0400BC7E04003F
:1065C000CC7E0400DC7E0400F47E0400087F04001E
:1065D000187F04002C7F0400407F0400547F0400D7
:1065E000647F04007C7F0400907F0400A47F04008B
:1065F000BC7F0400D07F0400EC7F0400FC7F04001B
:10660000148004002C8004004080040054800400A6
:10661000688004007880040098800400B48004003E
:10662000CC800400E4800400F480040010810400A5
:106630002481040034810400488104005C8104004A
:10664000708104008881040098810400A8810400FE
:10665000BC810400D0810400DC810400E8810400D6
:10666000F8810400048204001C82040030820400CB
:10667000488204005082040064820400788204008E
:106680008882040094820400A0820400B88204007E
:10669000CC820400E8820400048304002083040008
:1066A0003483040048830400588304006C8304008E
:1066B000808304008C830400A0830400B48304005E
:1066C000C8830400D8830400F0830400008404001D
:1066D0002084040034840400488404005C840400A2
:1066E0006C8404007C8404008C8404009C8404007A
:1066F000B0840400C4840400E0840400F084040036
:10670000088504001C8504003085040040850400D1
:106710005C85040070850400808504009085040079
:10672000A8850400BC850400CC850400E485040031
:10673000F8850400108604002886040034860400CE
:106740004C8604005C860400708604008086040089
:106750008C8604009C860400AC860400C486040079
:10676000D8860400E8860400FC860400088704003C
:106770001487040020870400308704003C8704004D
:1067800048870400588704006C8704008087040051
:106790008C87040098870400AC870400BC87040041
:1067A000CC870400E8870400F88704001088040000
:1067B00028880400388804004C8804005C880400A1
:1067C0006888040074880400808804009C880400A1
:1067D000B0880400C0880400CC880400E08804006D
:1067E000EC880400FC880400108904002889040057
:1067F00040890400588904007489040080890400D9
:106800008C89040098890400A4890400B0890400DC
:10681000CC890400D8890400EC890400008A0400B3
:10682000108A0400248A0400408A0400508A04006C
:10683000688A0400708A0400808A0400908A040038
:10684000A08A0400AC8A0400B48A0400C48A04004C
:10685000D48A0400E48A0400F08A040000000000E6
:10686000040000001E040000050000001F040000DA
:1068700020000000110000002100000001000000C5
:10688000220000000D000000240000000A000000AB
:1068900025000000A000000026000000800000008D
:1068A0002700000080000000280000000306000010
:1068B00029000000080000002B000000220000005A
:1068C0002C0000001A0000002F0000001A04000035
:1068D000300000001D040000310000001B04000017
:1068E000320000001C0400003300000020040000FF
:1068F0003C0000000C00000041000000000000000F
:1069000047000000090000004800000020000000CF
:1069100049000000010000004E000000921000003D
:106920005E0000002C010000900100000200000049
:10693000910100000300000092010000040000002B
:1069400000000000F0AD010000000000F0AD01000B
:1069500006005F5F6472617700000000F0AD010027
:106960000A005F5F64726177436F72650000000028
:10697000F0AD01000B005F5F70726555706461746B
:1069800065000000F0AD010008005F5F7570646194
:1069900074650000F0AD010009005F5F76697369FE
:1069A000626C6500F0AD010007005F616374696FA0
:1069B0006E000000F0AD01000A005F616C69676E57
:1069C0006D656E7400000000F0AD010003005F61B2
:1069D00078000000F0AD010003005F617900000065
:1069E000F0AD01000B005F6261636B67726F756EE3
:1069F00064000000F0AD010010005F6261636B672E
:106A0000726F756E64436F6C6F720000F0AD0100C1
:106A100007005F626F72646572000000F0AD0100F4
:106A20000C005F626F72646572436F6C6F7200007E
:106A3000F0AD010004005F636F6C0000F0AD010079
:106A400008005F636F6C756D6E730000F0AD010040
:106A50000A005F636F6E6E6563746564000000001A
:106A6000F0AD010012005F636F6E74726F6C6C6545
:106A7000645370726974657300000000F0AD01002A
:106A80000D005F637573746F6D48656967687400A6
:106A9000F0AD01000C005F637573746F6D5769642E
:106AA00074680000F0AD010005005F64617461006E
:106AB000F0AD01000C005F64657374726F79436F11
:106AC00072650000F0AD010003005F647400000017
:106AD000F0AD010008005F666163746F72790000B9
:106AE000F0AD01000B005F666F726567726F756EC7
:106AF00064000000F0AD010003005F667800000054
:106B0000F0AD010003005F6679000000F0AD010008
:106B100007005F686569676874000000F0AD0100F8
:106B200007005F686974626F78000000F0AD0100D3
:106B300009005F69636F6E4F6E6C7900F0AD010004
:106B400010005F69636F6E54657874537061636998
:106B50006E670000F0AD010003005F696400000093
:106B6000F0AD010006005F696D616765000000001F
:106B7000F0AD01000F005F696E7075744C61737445
:106B80004672616D65000000F0AD010005005F6BAD
:106B9000696E6400F0AD010014005F6B696E647390
:106BA0004F7665726C617070656457697468000037
:106BB000F0AD010013005F6C617374557064617413
:106BC000656453707269746558000000F0AD01008F
:106BD00013005F6C61737455706461746564537005
:106BE0007269746559000000F0AD010006005F6C29
:106BF0006173745800000000F0AD010006005F6C86
:106C00006173745900000000F0AD010006005F6C74
:106C10006179657200000000F0AD010007005F6C53
:106C20006179657273000000F0AD010004005F6DD2
:106C300061700000F0AD010007005F6D617267696F
:106C40006E000000F0AD010007005F6D696C6C69BB
:106C500073000000F0AD010013005F6D6F766553A7
:106C60007072697465496E7465726E616C000000C3
:106C7000F0AD01000A005F6F62737461636C65734D
:106C800000000000F0AD010008005F6F66667365EC
:106C900074580000F0AD010008005F6F6666736510
:106CA00074590000F0AD01000C005F6F7665726CE6
:106CB0006170706572730000F0AD010006005F6FD7
:106CC000776E657200000000F0AD010008005F7093
:106CD000616464696E670000F0AD010007005F70D9
:106CE0006C61796572000000F0AD010008005F7012
:106CF0007265737365640000F0AD01000F005F7092
:106D0000726573736564456C61737065640000003F
:106D1000F0AD010006005F7072756E650000000046
:106D2000F0AD01000C005F726570656174436F75B2
:106D30006E740000F0AD010004005F726F77000018
:106D4000F0AD010005005F726F777300F0AD0100D8
:106D500006005F7363616C6500000000F0AD010028
:106D60000C005F7363726F6C6C436F6C6F7200002A
:106D7000F0AD01000C005F7363726F6C6C53706553
:106D800065640000F0AD010008005F737072697403
:106D900065730000F0AD010003005F737800000030
:106DA000F0AD010003005F7379000000F0AD010059
:106DB00005005F7465787400F0AD010007005F7531
:106DC0007064617465000000F0AD010003005F763F
:106DD00078000000F0AD010003005F76790000004C
:106DE000F0AD010006005F77696474680000000080
:106DF000F0AD010002005F7800000000F0AD01007E
:106E000002005F7900000000F0AD010002005F7A2F
:106E100000000000F0AD01000600616374696F6E50
:106E200000000000F0AD01000A006163746976653E
:106E30004361726400000000F0AD01000300616472
:106E400064000000F0AD01001000616464457665E7
:106E50006E744C697374656E65720000F0AD01006C
:106E6000080061646453686170650000F0AD010062
:106E7000090061646453707269746500F0AD0100CB
:106E80000600616C69676E5800000000F0AD0100FB
:106E90000600616C69676E5900000000F0AD0100EA
:106EA0000900616C69676E6D656E7400F0AD01007C
:106EB0000A00616C6C5370726974657300000000A5
:106EC000F0AD01000600616E616C6F6700000000AC
:106ED000F0AD01000600616E63686F720000000093
:106EE000F0AD01000900616E696D6174696F6E003B
:106EF000F0AD010007006170706C79546F00000004
:106F0000F0AD01000A0061726561486569676874E7
:106F100000000000F0AD0100090061726561576971
:106F200064746800F0AD01000200617800000000A8
:106F3000F0AD01000200617900000000F0AD010039
:106F40000A006261636B67726F756E640000000017
:106F5000F0AD01000F006261636B67726F756E6464
:106F6000436F6C6F72000000F0AD010009006261B8
:106F70007369634361726400F0AD010002006267EF
:106F800000000000F0AD010007006267436F6C6F06
:106F900072000000F0AD01000600626F726465725D
:106FA00000000000F0AD01000B00626F72646572BA
:106FB000436F6C6F72000000F0AD01000B00626F58
:106FC000726465725769647468000000F0AD010076
:106FD0000600626F74746F6D00000000F0AD010078
:106FE00007006275636B657473000000F0AD01000B
:106FF0000600627574746F6E00000000F0AD010051
:107000001300627574746F6E4576656E7448616EB8
:10701000646C657273000000F0AD010013006275CE
:1070200074746F6E4576656E7473456E61626C65DF
:1070300064000000F0AD01000E00627574746F6EA4
:1070400048616E646C65727300000000F0AD010071
:107050000700627574746F6E73000000F0AD01007C
:107060000E0063616368656454696C655669657791
:1070700000000000F0AD0100080063616368656412
:1070800056780000F0AD0100080063616368656434
:1070900056790000F0AD0100130063616C63446930
:1070A0006D656E73696F6E616C4861736800000096
:1070B000F0AD0100160063616C63756C617465501E
:1070C00061727469616C48656967687400000000EA
:1070D000F0AD0100080063616C6C6261636B0000DD
:1070E000F0AD0100060063616D6572610000000093
:1070F000F0AD0100120063616E5265736F6C7665CE
:10710000436C697070696E6700000000F0AD0100AB
:107110000400636172640000F0AD01000B00636164
:10712000726453706163696E67000000F0AD010026
:10713000090063617264576964746800F0AD01000E
:107140000B006361726473506572526F77000000C8
:10715000F0AD010008006361726473546F70000049
:10716000F0AD01000A0063656C6C4865696768747E
:1071700000000000F0AD0100090063656C6C576908
:1071800064746800F0AD010006006368616E6765B5
:1071900000000000F0AD01000A00636861724865FC
:1071A0006967687400000000F0AD010009006368C1
:1071B0006172576964746800F0AD01000500636C8A
:1071C00065617200F0AD01000E00636C6561724F85
:1071D00062737461636C657300000000F0AD0100C0
:1071E0000500636C6F6E6500F0AD01000500636C17
:1071F0006F736500F0AD01001100636F6C6C697313
:10720000696F6E48616E646C65727300F0AD010069
:107210000500636F6C6F7200F0AD01000600636FD4
:107220006C756D6E00000000F0AD01000B00636F27
:107230006C756D6E436F756E74000000F0AD0100EB
:107240000700636F6C756D6E73000000F0AD010098
:107250000900636F6E646974696F6E00F0AD0100C0
:107260000900636F6E6E656374656400F0AD0100C4
:107270000900636F6E73747261696E00F0AD010096
:107280000800636F6E7461696E730000F0AD0100F9
:107290001100636F6E74726F6C6C65645370726909
:1072A00074657300F0AD01001900636F6E74726F46
:1072B0006C6C6572436F6E6E656374696F6E537448
:1072C00061746500F0AD01000600636F7079546F62
:1072D00000000000F0AD010012006372656174658A
:1072E0004D6F76696E6753707269746500000000B7
:1072F000F0AD01000E0063726561746550617274D7
:1073000069636C6500000000F0AD01000F0063725E
:10731000656174656448616E646C65727300000039
:10732000F0AD01000D0063757272656E7448656999
:1073300067687400F0AD01000D0063757272656ED0
:10734000744F666673657400F0AD01000C006375E0
:107350007272656E7457696474680000F0AD010064
:107360000C00637573746F6D48656967687400001D
:10737000F0AD01000B00637573746F6D5769647431
:1073800068000000F0AD0100040064617461000059
:10739000F0AD01000F0064656661756C744C696640
:1073A000657370616E000000F0AD01000B00646554
:1073B0006661756C7452617465000000F0AD010087
:1073C0000C0064656661756C745374796C650000BB
:1073D000F0AD0100090064656C746154696D65006D
:1073E000F0AD01000F0064656C746154696D654D0A
:1073F000696C6C6973000000F0AD01000700646502
:107400007374726F79000000F0AD01000E006465C6
:107410007374726F7948616E646C6572000000006D
:10742000F0AD0100110064657374726F7965644892
:10743000616E646C65727300F0AD010007006469F1
:1074400073706F7365000000F0AD0100080064699F
:107450007374616E63650000F0AD01000400646F39
:10746000776E0000F0AD01000400647261770000E7
:10747000F0AD0100090064726177446562756700D0
:10748000F0AD010008006472617747726964000022
:10749000F0AD01000800647261774C696E65000010
:1074A000F0AD01000B00647261774F66667365741E
:1074B00058000000F0AD01000B00647261774F6668
:1074C0006673657459000000F0AD01000B00647232
:1074D00061775061727469616C000000F0AD010069
:1074E0000F00647261775061727469616C4C696EEF
:1074F00065000000F0AD01000C006472617750611E
:10750000727469636C650000F0AD0100070064727D
:107510006177536179000000F0AD01000C006472E6
:1075200061775361794672616D650000F0AD0100CD
:1075300010006472617753696E676C65436F6C7598
:107540006D6E0000F0AD01000D006472617753694B
:107550006E676C65526F7700F0AD01000A006472CF
:10756000617753707269746500000000F0AD01002E
:10757000080064726177546578740000F0AD010012
:10758000060064726177546F00000000F0AD0100E6
:107590000200647800000000F0AD01000200647990
:1075A00000000000F0AD01000600656666656374CA
:1075B00000000000F0AD01000F00656666656374B1
:1075C000536574427955736572000000F0AD010097
:1075D0000300656964000000F0AD01000700656EFE
:1075E00061626C6564000000F0AD01000500657625
:1075F000656E7400F0AD01000C006576656E744335
:107600006F6E746578740000F0AD0100070066616C
:1076100063746F7279000000F0AD01000A006661CA
:10762000737452616E646F6D00000000F0AD010074
:107630000200666700000000F0AD01000700666709
:10764000436F6C6F72000000F0AD010004006669CA
:1076500072650000F0AD01000F0066697265427549
:1076600074746F6E4576656E74000000F0AD0100B5
:107670000500666C61677300F0AD01001000666F75
:107680006C6C6F77696E6753707269746573000014
:10769000F0AD01000400666F6E740000F0AD0100F3
:1076A0000A00666F726567726F756E640000000095
:1076B000F0AD010005006672616D6500F0AD01007E
:1076C0000E006672616D6543616C6C6261636B7321
:1076D00000000000F0AD01000B006672616D65579F
:1076E0006F726B6572000000F0AD01000E006672F3
:1076F000616D6573496E53616D706C6500000000CB
:10770000F0AD01000200667800000000F0AD01005D
:107710000200667900000000F0AD0100060067611C
:107720006C6F697300000000F0AD01001300676129
:107730006D65466F726576657248616E646C6572E0
:1077400073000000F0AD0100090067656E657261AD
:10775000746F7200F0AD01000900676574486569D7
:1077600067687400F0AD01000B006765744F6273C9
:107770007461636C65000000F0AD01001A0067657C
:10778000744F7243726561746548616E646C6572B2
:10779000466F724576656E7400000000F0AD010022
:1077A000070067657454657874000000F0AD01004F
:1077B000070067657454696C65000000F0AD010056
:1077C0000C0067657454696C65496D6167650000FC
:1077D000F0AD01000C0067657454696C65496E6416
:1077E00065780000F0AD01000800676574576964B2
:1077F00074680000F0AD0100070068616E646C659C
:1078000072000000F0AD01000C0068616E646C65F0
:107810007253746174650000F0AD01000800686186
:107820006E646C6572730000F0AD01001300686156
:1078300073437573746F6D44696D656E73696F6EB4
:1078400073000000F0AD010004006861736800007F
:10785000F0AD01000400686561640000F0AD010056
:107860000A00686561646572466F6E74000000000E
:10787000F0AD01000A006865616465725465787452
:1078800000000000F0AD01000600686569676874DB
:1078900000000000F0AD0100040069636F6E00009D
:1078A000F0AD0100090069636F6E496D61676500A5
:1078B000F0AD0100080069636F6E4F6E6C790000D7
:1078C000F0AD01000F0069636F6E546578745370FA
:1078D0006163696E67000000F0AD01000200696439
:1078E00000000000F0AD01000D0069646C654361AB
:1078F0006C6C6261636B7300F0AD01000500696D33
:1079000061676500F0AD01000300696D670000006C
:10791000F0AD01000800696E666F466F6E7400007E
:10792000F0AD01000700696E666F546F70000000D3
:10793000F0AD01000400696E69740000F0AD010053
:107940000A00696E73657274414142420000000092
:10795000F0AD01000B00696E7365727441744B6584
:1079600079000000F0AD01000A0069734F62737482
:1079700061636C6500000000F0AD010008006973F0
:107980004F6E57616C6C0000F0AD01000D00697323
:107990004F75744F6653637265656E00F0AD0100FC
:1079A0000C0069734F7574736964654D61700000F4
:1079B000F0AD01000900697350726573736564006E
:1079C000F0AD0100080069735363616C65640000E9
:1079D000F0AD0100080069735374617469630000BD
:1079E000F0AD01000900697355706461746564004D
:1079F000F0AD01000700697356616C696400000016
:107A0000F0AD010010006973566572746963616CB2
:107A10005363726F6C6C0000F0AD01000600697377
:107A200057616C6C00000000F0AD01001300697438
:107A3000656D53656C656374656448616E646C65FF
:107A400072000000F0AD010005006974656D7300FF
:107A5000F0AD010003006B6579000000F0AD01009E
:107A600004006B696E640000F0AD01000C006C61F5
:107A700073745065726644756D700000F0AD01005E
:107A800005006C6179657200F0AD010006006C6163
:107A90007965727300000000F0AD010004006C65B0
:107AA00066740000F0AD010006006C656E677468D6
:107AB00000000000F0AD010004006C66737200006D
:107AC000F0AD010008006C6966657370616E0000BE
:107AD000F0AD010007006C696E65456E6400000042
:107AE000F0AD01000A006C696E65486569676874ED
:107AF00000000000F0AD010009006C696E65537470
:107B000061727400F0AD01000A006C696E6562720A
:107B100065616B7300000000F0AD010004006C6F44
:107B2000636B0000F0AD01000A006C6F7365456681
:107B30006665637400000000F0AD01000B006C6F1F
:107B400073654D657373616765000000F0AD0100FA
:107B500009006C6F7365536F756E6400F0AD0100C2
:107B600010006C6F7365536F756E644C6F6F706946
:107B70006E670000F0AD010003006D617000000051
:107B8000F0AD010006006D617267696E00000000D3
:107B9000F0AD01000D006D6178466F6E7448656947
:107BA00067687400F0AD01000B006D61784C696688
:107BB000657370616E000000F0AD010013006D612F
:107BC000784E6567617469766556656C6F63697434
:107BD00079000000F0AD010009006D617853637217
:107BE0006F6C6C00F0AD01000D006D617853696E33
:107BF000676C655374657000F0AD010008006D613D
:107C00007853706565640000F0AD010007006D6198
:107C10007853746570000000F0AD01000B006D61D9
:107C20007856656C6F63697479000000F0AD0100EF
:107C300006006D656C6F647900000000F0AD010016
:107C400009006D656E755374796C6500F0AD0100C7
:107C50000A006D6572676541744B6579000000002C
:107C6000F0AD010010006D65737361676553657455
:107C70004279557365720000F0AD010006006D6930
:107C80006C6C697300000000F0AD010008006D69C4
:107C90006E416E676C650000F0AD01000B006D6910
:107CA0006E4C6966657370616E000000F0AD010096
:107CB0000D006D696E53696E676C65537465700075
:107CC000F0AD010007006D696E537465700000002F
:107CD000F0AD010004006D6F76650000F0AD0100AD
:107CE0000D006D6F766553656C656374696F6E002A
:107CF000F0AD01000A006D6F7665537072697465AE
:107D000000000000F0AD01000A006D756C74697030
:107D10006C69657200000000F0AD010009006E653D
:107D2000696768626F727300F0AD010004006E65F0
:107D300078740000F0AD010008006E756D50616749
:107D400065730000F0AD010007006F66667365742F
:107D500058000000F0AD010007006F66667365749F
:107D600059000000F0AD01000D006F6E4275747493
:107D70006F6E4576656E7400F0AD010007006F6EA2
:107D8000456E644342000000F0AD010007006F6ED5
:107D90004576656E74000000F0AD010011006F6E55
:107DA0004D656E755374796C654368616E676500E7
:107DB000F0AD01000D006F6E5374796C654368611E
:107DC0006E676500F0AD010008006F6E5469636B6B
:107DD00043420000F0AD010008006F6E5570646111
:107DE00074650000F0AD010004006F6E6365000073
:107DF000F0AD010007006F7074696F6E73000000D2
:107E0000F0AD010005006F7264657200F0AD010015
:107E10000C006F75746C696E65436F6C6F72000057
:107E2000F0AD01000C006F75746C696E6557696484
:107E300074680000F0AD01000F006F7665726C6130
:107E40007048616E646C657273000000F0AD0100F3
:107E50000A006F7665726C61704D61700000000001
:107E6000F0AD010008006F7665726C617073000000
:107E7000F0AD01000C006F7665726C61707357692C
:107E800074680000F0AD010002006F78000000008F
:107E9000F0AD010002006F7900000000F0AD0100BC
:107EA000060070466C61677300000000F0AD0100D1
:107EB000070070616464696E67000000F0AD010046
:107EC0000800706167654C696E650000F0AD0100E7
:107ED0000600706172656E7400000000F0AD010074
:107EE0000F007061727469636C65536F75726365BE
:107EF00073000000F0AD01000B0070617573654DFB
:107F0000696C6C6973000000F0AD010006007065DB
:107F100072696F6400000000F0AD01000D00706830
:107F20007973696373456E67696E6500F0AD010032
:107F30000A007069636B52616E646F6D000000002F
:107F4000F0AD01000B00706C61796572496E64657B
:107F500078000000F0AD01000800706F736974696B
:107F60006F6E0000F0AD01000E0070726566657204
:107F700072656444656C617900000000F0AD010039
:107F80000D0070726573737572654C6576656C0073
:107F9000F0AD01000A00707265764F666673657415
:107FA00000000000F0AD01000E00707265765469AB
:107FB0006D654D696C6C697300000000F0AD0100E7
:107FC0000D0070726576696F75735363656E650039
:107FD000F0AD010013007072696E7461626C6543EC
:107FE000686172616374657273000000F0AD010036
:107FF00008007072696F726974790000F0AD010059
:108000000F007261697365427574746F6E446F77A7
:108010006E000000F0AD01001100726169736542ED
:108020007574746F6E52657065617400F0AD010017
:108030000D007261697365427574746F6E557000DE
:10804000F0AD01000B0072616E646F6D52616E677E
:1080500065000000F0AD01000A00726563616C63A9
:1080600053697A6500000000F0AD010008007265F8
:108070006769737465720000F0AD010016007265E7
:108080006769737465724672616D6543616C6C6299
:1080900061636B7300000000F0AD010014007265B5
:1080A0006769737465724672616D6548616E646C70
:1080B00065720000F0AD01000F00726567697374AE
:1080C000657248616E646C6572000000F0AD01007D
:1080D000100072656769737465724F6273746163CF
:1080E0006C650000F0AD0100060072656D6F76658D
:1080F00000000000F0AD0100130072656D6F766541
:108100004576656E744C697374656E657200000027
:10811000F0AD01000C0072656D6F76655370726989
:1081200074650000F0AD0100060072656E64657252
:1081300000000000F0AD01000A0072656E64657217
:108140005465787400000000F0AD01000A0072650B
:108150006E64657261626C6500000000F0AD010044
:108160000B0072657065617444656C617900000094
:10817000F0AD01000E00726570656174496E746542
:108180007276616C00000000F0AD010007007265BE
:108190007065617458000000F0AD01000700726561
:1081A0007065617459000000F0AD01000B0072654C
:1081B000736574486974626F78000000F0AD010067
:1081C0000D00726573697A654275636B657473003F
:1081D000F0AD01000500726967687400F0AD010040
:1081E0000300726F77000000F0AD01000800726FAD
:1081F00077436F756E740000F0AD01000400726F7C
:1082000077730000F0AD01000F0072756E42757457
:10821000746F6E4576656E7473000000F0AD0100FA
:108220000C0072756E43616C6C6261636B7300006D
:10823000F0AD0100100072756E6E696E6743616C7F
:108240006C6261636B730000F0AD010001007300AC
:10825000F0AD01000A00736179456E6454696D6583
:1082600000000000F0AD01000B0073617952656EF3
:108270006465726572000000F0AD01000700736173
:108280007954657874000000F0AD01000500736357
:10829000616C6500F0AD010005007363656E6500FB
:1082A000F0AD010010007363656E6544656661752D
:1082B0006C74526174650000F0AD01000B007363D3
:1082C0006F72696E6754797065000000F0AD01004F
:1082D000140073636F72696E6754797065536574C7
:1082E0004279557365720000F0AD010014007363AC
:1082F0007265656E45646765436F6C6C6973696F21
:108300006E730000F0AD010013007363726F6C6C4C
:10831000416E696D6174696F6E5469636B00000032
:10832000F0AD01000B007363726F6C6C436F6C6F88
:1083300072000000F0AD01000C007363726F6C6C92
:108340004F66667365740000F0AD01000900736349
:10835000726F6C6C526F7700F0AD01000B007363AD
:10836000726F6C6C5370656564000000F0AD0100C5
:108370000C007363726F6C6C5461726765740000FB
:10838000F0AD01000400736565640000F0AD01000C
:108390000C0073656C65637465644361726400000E
:1083A000F0AD01000D0073656C6563746564496E22
:1083B00064657800F0AD01000D0073656C65637451
:1083C00065645374796C6500F0AD01000900736554
:1083D0006C656374696F6E00F0AD01000F0073652A
:1083E00074416363656C65726174696F6E0000004F
:1083F000F0AD01000900736574416E63686F72002F
:10840000F0AD01001600736574427574746F6E45AB
:1084100076656E7473456E61626C65640000000081
:10842000F0AD01000D0073657444696D656E73698C
:108430006F6E7300F0AD01000C00736574446972D7
:10844000656374696F6E0000F0AD01000A0073652A
:1084500074466163746F727900000000F0AD010032
:108460000700736574466C6167000000F0AD0100A1
:108470000900736574486974626F7800F0AD01009B
:108480000800736574496D6167650000F0AD010017
:1084900007007365744B696E64000000F0AD010065
:1084A0000B007365744D617857696474680000004F
:1084B000F0AD01000C007365744D656E754974650F
:1084C0006D730000F0AD010014007365744D656EAE
:1084D000755374796C6550726F70657274790000B1
:1084E000F0AD010009007365744F66667365740032
:1084F000F0AD01000E0073657450617573654C65D5
:108500006E67746800000000F0AD01000B00736539
:1085100074506F736974696F6E000000F0AD0100F4
:108520000A0073657450726573736564000000001F
:10853000F0AD0100070073657452617465000000BE
:10854000F0AD0100130073657452656C6174697657
:1085500065546F43616D657261000000F0AD01000C
:108560000C0073657453656C656374696F6E00000D
:10857000F0AD010008007365745370656564000018
:10858000F0AD0100080073657453746174650000F8
:10859000F0AD01000F0073657453746179496E5337
:1085A000637265656E000000F0AD01000C0073653C
:1085B000745465787453706565640000F0AD010013
:1085C00008007365745468656D650000F0AD0100C6
:1085D0000E007368616B65416D706C6974756465DC
:1085E00000000000F0AD01000D007368616B654490
:1085F00075726174696F6E00F0AD01000E007368F2
:10860000616B65537461727454696D65000000009C
:10861000F0AD01000F0073686F756C6442655669B8
:108620007369626C65000000F0AD010004007368BE
:108630006F770000F0AD01000E00736F756E64532C
:10864000657442795573657200000000F0AD010059
:108650000600736F7572636500000000F0AD0100E5
:108660000D00736F75726365466163746F72790094
:10867000F0AD01000700736F757263657300000051
:10868000F0AD01000500737065656400F0AD010098
:10869000060073707265616400000000F0AD0100B7
:1086A000060073707269746500000000F0AD01008F
:1086B0001000737072697465436F6C6C6973696FD5
:1086C0006E730000F0AD01000C0073707269746588
:1086D0004E65787449640000F0AD010007007370C6
:1086E0007269746573000000F0AD01000D007370D5
:1086F000726974657342794B696E6400F0AD010074
:108700000300737263000000F0AD01000500737494
:1087100061727400F0AD010005007374617465004E
:10872000F0AD0100070073746F70706564000000A5
:10873000F0AD01000200737800000000F0AD010010
:108740000200737900000000F0AD010006007379AB
:108750007374656D00000000F0AD01000D007461E0
:1087600072676574585363726F6C6C00F0AD0100F2
:108770000D00746172676574595363726F6C6C009D
:10878000F0AD01000400746578740000F0AD0100E4
:1087900005007468656D6500F0AD01000A0074693C
:1087A000636B506572696F6400000000F0AD0100FA
:1087B000090074696C65496E64657800F0AD01006C
:1087C000070074696C654D6170000000F0AD010038
:1087D000130074696C654F7665726C617048616EE8
:1087E000646C657273000000F0AD010007007469ED
:1087F0006C65536574000000F0AD010011007469F0
:108800006C656D6170436F6C6C6973696F6E73003A
:10881000F0AD01000F0074696C656D61704F766595
:10882000726C617073000000F0AD010007007469A4
:108830006C65736574000000F0AD01000C00746994
:108840006D65496E53616D706C650000F0AD01009F
:10885000070074696D654F7574000000F0AD01008C
:10886000050074696D657200F0AD01000500746962
:108870006D657300F0AD010005007469746C6500EE
:10888000F0AD010012007469746C65416E696D6130
:1088900074696F6E5469636B00000000F0AD0100F5
:1088A0000A007469746C655374796C65000000008B
:1088B000F0AD01000800746F537472696E670000B8
:1088C000F0AD01000300746F70000000F0AD010016
:1088D0000A00756E72656769737465720000000046
:1088E000F0AD01000200757000000000F0AD010065
:1088F000060075706461746500000000F0AD010051
:108900000A00757064617465436172640000000060
:10891000F0AD0100100075706461746544696D65A7
:108920006E73696F6E730000F0AD01000F0075701B
:10893000646174654966496E76616C696400000023
:10894000F0AD01000E007570646174655061727461
:1089500069636C6500000000F0AD010012007570E5
:10896000646174655363726F6C6C54617267657493
:1089700000000000F0AD0100040075736572000096
:10898000F0AD0100050076616C756500F0AD010089
:108990000300766964000000F0AD01000200767803
:1089A00000000000F0AD0100020076790000000038
:1089B000F0AD0100150077616C6C436F6C6C6973EE
:1089C000696F6E48616E646C65727300F0AD010092
:1089D0000500776964746800F0AD01000B007769E9
:1089E0006474684F664C696E65000000F0AD01006C
:1089F0000C0077696474684F664C696E657300009B
:108A0000F0AD0100090077696E4566666563740024
:108A1000F0AD01000A0077696E4D6573736167659B
:108A200000000000F0AD0100150077696E4D657320
:108A3000736167654D756C7469706C6179657200FE
:108A4000F0AD0100080077696E536F756E64000029
:108A5000F0AD01000F0077696E536F756E644C6F57
:108A60006F70696E67000000F0AD010001007800D2
:108A7000F0AD01000700784F666673657400000072
:108A8000F0AD010006007852616E676500000000DD
:108A9000F0AD01000700785363726F6C6C0000004A
:108AA000F0AD01000500785374657000F0AD010071
:108AB00001007900F0AD01000700794F666673652B
:108AC00074000000F0AD010006007952616E676528
:108AD00000000000F0AD01000700795363726F6C75
:108AE0006C000000F0AD0100050079537465700062
:108AF000F0AD010001007A00F0AD010001002C0092
:108B0000F0AD010001000A00F0AD01000600737431
:108B100072696E6700000000F0AD010006006E751E
:108B20006D62657200000000F0AD010003002E2EA2
:108B30002E000000F0AD01000F005B6F626A6563FC
:108B400074204F626A6563745D000000F0AD01003F
:108B500008005B4F626A6563745D0000F0AD010060
:108B600001007B00F0AD010005000A20202020005C
:108B7000F0AD010002003A2000000000F0AD01005D
:108B800008000A202020202E2E2E0000F0AD01002B
:108B900002000A7D00000000F0AD010004006670D4
:108BA000733A0000F0AD010001002E00F0AD0100AD
:108BB0000B002F31303020667073202D2000000014
:108BC000F0AD01000900206672616D657320280018
:108BD000F0AD010003006D732F000000F0AD010047
:108BE00003006D7329000000F0AD010022007E310A
:108BF000352065333A3320723A312064233A3320EA
:108C0000723A3120643A3420723A312063233A3880
:108C100000000000F0AD0100150067343A31206318
:108C200035206520673A3220653A3120673A3300B3
:108C3000F0AD010004002372756E0000F0AD01007C
:108C400006002373636F706500000000F0AD010043
:108C5000040062746E200000F0AD010001002000ED
:108C6000F0AD0100030073696D000000F0AD01007C
:108C700001006E00F0AD010001005C00F0AD0100EC
:108C800001002800F0AD01000400292D3E2800005D
:108C9000F0AD010001002900F0AD010001007600F7
:108CA000F0AD010001006100F0AD01000A0020629A
:108CB00075636B6574732C2000000000F0AD01003B
:108CC00007002066696C6C6564000000F0AD01006F
:108CD000080020737072697465730000F0AD0100C4
:108CE000090020737072697465733A00F0AD010079
:108CF0000800594F552057494E210000F0AD0100A2
:108D00000F00247B57494E4E45527D2057494E5304
:108D100021000000F0AD0100090047414D45204F02
:108D200056455200F0AD0100070023766F6C756D5B
:108D300065000000F0AD01000B00236272696768F6
:108D4000746E657373000000F0AD01000700636F7F
:108D50006E736F6C65000000F0AD01000D00564FA2
:108D60004C554D4520444F574E202800F0AD010092
:108D70000B00564F4C554D45205550202800000003
:108D8000F0AD010011004252494748544E4553533B
:108D900020444F574E202800F0AD01000F004252F2
:108DA000494748544E455353205550202800000051
:108DB000F0AD01000A004849444520535441545342
:108DC00000000000F0AD01000A0053484F57205347
:108DD0005441545300000000F0AD01000C0048491C
:108DE000444520434F4E534F4C450000F0AD010029
:108DF0000C0053484F5720434F4E534F4C450000F3
:108E0000F0AD01000500534C45455000F0AD0100A8
:108E10000500434C4F534500F0AD010006005041A2
:108E20005553454400000000F0AD01000100090069
:108E3000F0AD0100060073657276657200000000F7
:108E4000F0AD010013005354415455535F42415259
:108E50005F444154415F4B4559000000F0AD0100B3
:108E600008005F535052495445530000F0AD0100D3
:108E700008005F4F4E5F5A45524F0000F0AD0100B1
:108E800012005F4F4E5F5354415455535F5245415A
:108E90004348454400000000F0AD010012005F4F60
:108EA0004E5F444953504C41595F555044415445DD
:108EB00000000000F0AD01000600696D61676532D9
:108EC00000000000F0AD01000500537461727400F1
:108ED000F0AD01000600696D6167653300000000B8
:108EE000F0AD010005007843656C6C00F0AD010049
:108EF0000600696D6167653400000000F0AD010097
:108F00000500577269746500F0AD01000600696DD7
:108F10006167653500000000F0AD0100070054688E
:108F2000696E674149000000F0AD01000600696DFF
:108F30006167653700000000F0AD0100080053656F
:108F40007474696E67730000F0AD01000600696D0E
:108F50006167653800000000F0AD01000C00466953
:108F60006C65204D616E616765720000F0AD0100B7
:108F70000600696D6167653900000000F0AD010011
:108F80000600437572736F7200000000F0AD0100BF
:108F90000700696D6167653131000000F0AD0100C7
:108FA0000500436C6F736500F0AD01000600696D4C
:108FB0006167653100000000F0AD010009005761F4
:108FC0006C6C706170657200F0AD01000700696D36
:108FD0006167653132000000F0AD010007005461A7
:108FE000736B626172000000F0AD01000700696DF3
:108FF0006167653133000000F0AD0100030041708E
:1090000070000000F0AD01000600696D6167653613
:1090100000000000F0AD01000800576562204368C1
:1090200061740000F0AD01000400736F6E67000012
:10903000F0AD010016006D7954696C65732E747281
:10904000616E73706172656E637931360000000085
:10905000F0AD0100040074696C650000F0AD010022
:109060000E007472616E73706172656E6379313671
:1090700000000000F0AD01000400686F6D650000A5
:10908000F0AD01000B004D6963726F4F532E756692
:1090900032000000F0AD01000F0077616C6C706170
:1090A0007065722E6173736574000000F0AD01008D
:1090B000080046696C652E6D6F610000F0AD01001F
:1090C000090057726974652E6D6F6100F0AD010083
:1090D00009007843656C6C2E6D6F6100F0AD010086
:1090E0000C0053657474696E67732E6D6F610000B8
:1090F000F0AD01000B00576562436861742E6D6F1F
:1091000061000000F0AD01000B005468696E67411A
:10911000492E6D6F61000000F0AD0100080074651C
:1091200073742E7478740000F0AD010014003E20BA
:10913000566F6964204B65726E656C203230323434
:109140002E310000F0AD010019003E204C6F61642B
:10915000696E67204D6963726F3A4F532076302EE7
:10916000302E3100F0AD010004006E756C6C000013
:10917000F0AD0100130046696C65204D616E6167BA
:1091800065722053797374656D000000F0AD0100C5
:10919000110046696C65204D616E616765722055EE
:1091A00073657200F0AD01000A00556E66696E6964
:1091B0007368656400000000F0AD01001B00546896
:1091C000696E674149204170702049736E27742091
:1091D000417661696C61626C65000000F0AD010070
:1091E000060053797374656D00000000F0AD010056
:1091F0000A00557365722046696C657300000000B3
:10920000F0AD010013005468697320697320612078
:10921000746573742066696C65000000F0AD010030
:1092200008004D6963726F3A4F530000BCAE0100F5
:109230000000C0FFFFFFDF41BCAE01009A99999981
:109240009999B93FBCAE0100000000000000E83F62
:10925000BCAE0100182D4454FB21F93FBCAE010007
:109260001A271792BF15B03FBCAE0100182D445409
:10927000FB211940BCAE0100399D52A246DF913F4F
:10928000BCAE0100004023A6FB645A428CAE010034
:1092900098140000200000000000000021000000E1
:1092A0005E0000002200000E000E0000230028FED9
:1092B00028FE280024004C92FF92640025000265DD
:1092C0001248A64026006C92926CA0002700000075
:1092D0000E000000280000007C8200002900000031
:1092E000827C00002A005438103854002B001010E3
:1092F0007C1010002C000000907000002D00101059
:10930000101010002E000000606000002F000060B0
:10931000100806003000003C42423C00310000448E
:109320007E4000003200004462524C003300004294
:109330004A4E320034003028247E20003500004E92
:109340004A4A32003600003C4A4A300037000002E8
:1093500062120E00380000344A4A34003900000C12
:1093600052523C003A0000006C6C00003B000000D0
:10937000967600003C001028284444003D00282830
:10938000282828003E004444282810003F000002FE
:109390005909060040003C425A5608004100781422
:1093A0001214780042007E4A4A4A34004300003CCE
:1093B000424224004400007E42423C004500007EC0
:1093C0004A4A42004600007E0A0A02004700003C6A
:1093D000425234004800007E08087E0049000042E6
:1093E0007E4200004A002040423E02004B00007EC8
:1093F000081462004C00007E404040004D007E0496
:1094000018047E004E00007E04087E004F003C429F
:1094100042423C005000007E12120C005100003C01
:109420005262BC005200007E12126C0053000024F5
:109430004A522400540002027E0202005500003EFF
:1094400040403E005600001E70701E0057007E20F7
:1094500018207E00580042241824420059000608B3
:10946000700806005A000062524A46005B00007E07
:10947000424200005C000006081060005D000042EF
:10948000427E00005E000804020408005F00808045
:109490008080800060000000020400006100003055
:1094A000484878006200007E484830006300003081
:1094B000484848006400003048487E00650000309D
:1094C00068585000660000107C1204006700001805
:1094D000A4A478006800007E0808700069000048B5
:1094E0007A4000006A000040847D00006B00007E2E
:1094F000102840006C0000427E4000006D0078089B
:10950000300870006E000078080870006F000030AE
:1095100048483000700000FC242418007100001836
:109520002424FC0072000078100810007300005022
:1095300058682800740000083E4820007500003874
:1095400040407800760000186060180077003840CE
:109550003040380078000048303048007900005C26
:10956000A0A07C007A000048685848007B000008F2
:10957000364100007C000000FE0000007D0000413C
:10958000360800007E00000804080400A000000067
:1095900000000000A10000007A000000A2000030DE
:1095A00048FC4800A30090FC92928400A400542838
:1095B00044285400A5002A2C782C2A00A60000007C
:1095C000EE000000A7000094AAAA5200A800000222
:1095D00000020000A9003E414955413EAA00002476
:1095E0002A2E0000AB00102854284400AC000010C4
:1095F00010107000AD00001010101000AE003E41C1
:109600005D45413EAF00000202020200B0000008CA
:1096100014140800B1008888BE888800B2000024B5
:10962000322C0000B30000222A140000B400000015
:1096300004020000B50000F840207800B6000C1EBF
:109640007E027E00B700000010000000B80000009D
:1096500080400000B90000243E200000BA00002431
:109660002A240000BB00442854281000BC00025FDC
:1096700070F84000BD00021F90C8B000BE00115538
:109680007AF84000BF000030484D2000C00060194B
:1096900016186000C100601816196000C200601A38
:1096A000151A6000C300601A151A6100C400601921
:1096B00014196000C500601A151A6000C6007C0A03
:1096C0007E4A4200C700001EA1611200C800007C53
:1096D00055564400C900007C56554400CA00007C21
:1096E00056554600CB00007C55544500CC00004543
:1096F0007E440000CD0000447E450000CE000046C0
:109700007D460000CF0000457C450000D000087E6B
:109710004A423C00D100007E09127D00D200003890
:1097200045463800D300003846453800D40000389C
:1097300046453A00D500003A45463900D600003883
:1097400045443900D700442810284400D80000FCC4
:10975000724E3F00D900003C41423C00DA00003C20
:1097600042413C00DB00003C42413E00DC00003C4A
:1097700041403D00DD00040872090400DE00007E67
:1097800024241800DF00007C025A2400E00000308E
:10979000494A7800E10000304A497800E200003090
:1097A0004A497A00E3000032494A7900E400003077
:1097B0004A487A00E50000304A4D7A00E600304819
:1097C00078685000E7000018A4642400E800003026
:1097D000695A5000E90000306A595000EA00003030
:1097E0006A595200EB0000306A585200EC00004900
:1097F0007A400000ED0000487A410000EE00004A87
:1098000079420000EF00004A78420000F00000308A
:109810004A4B3D00F100007A090A7100F200003065
:10982000494A3000F30000304A493000F40000306B
:109830004A493200F5000032494A3100F600003052
:109840004A483200F700101054101000F800007061
:1098500068583800F900003841427800FA000038B2
:1098600042417800FB00003842417A00FC00003899
:1098700042407A00FD0000B84241F800FE0000FFBF
:1098800024241800FF00005CA1A07D0000016019E5
:1098900015196000010100304A4A7A000201611A7C
:1098A00016196000030100314A4A790004013C0A9C
:1098B000094ABC00050100182464BC0006010038F8
:1098C00046452800070100304A4948000801003891
:1098D00046452A00090100304A494A000A01003879
:1098E000444528000B010030484A48000C0100386C
:1098F000454629000D010030494A49000E01007C0F
:10990000454639000F0100314A497E001001087EAA
:109910004A423C00110130484C7E04001201007D97
:1099200055554500130100326A5A52001401007D5A
:1099300056564500150100316A5A51001601007C47
:1099400055544400170100306A5850001801003F78
:1099500065A521001901001874AC28001A01007CCB
:10996000555645001B010030695A51001C01003852
:10997000465536001D0100304A49F2001E010039EB
:10998000465635001F0100314A4AF10020010038D7
:109990004455340021010018A4A578002201001EBE
:1099A000A1691A0023010018A6A5780024010078F7
:1099B00012117A0025017E080A7102002601047E38
:1099C000147E04002701047E0C08700028010002A8
:1099D000457E450029010002497A41002A010045DF
:1099E0007D4500002B01004A7A4200002C01000155
:1099F0004A7A49002D0100014A7A41002E010021D6
:109A00007FA100002F0100247DA000003001004450
:109A10007D440000310100487840000032017E00A2
:109A200022423E0033013D0040847D00340120404D
:109A3000463D0600350100800AF90200360100BFEC
:109A4000440A3100370100BF481420003801007873
:109A5000102848003901007C404241003A0100468C
:109A60007D4000003B01003FA06020003C0100A1C0
:109A70007F2000003D01007C414241003E01004545
:109A80007E4100003F01007E40484000400100420E
:109A90007E4008004101107E4840400042010052D3
:109AA0007E4800004301007C0A117C0044010078DC
:109AB0000A097000450100BF42043F00460100BC96
:109AC000440438004701007C09127D0048010079F8
:109AD0000A09700049010A06780870004A01003F2F
:109AE00002847F004B01003C048478004C0139451E
:109AF000454539004D0100324A4A32004E0139468F
:109B0000464639004F0100314A4A310050013A457A
:109B100044463900510132494832010052013C4269
:109B20007E4A420053013048306850005401007CA6
:109B3000163548005501007812091000560100BF83
:109B400049093600570100BC480408005801007D4F
:109B50001635480059010079120910005A010048D1
:109B6000565524005B0100505A6928005C010048EA
:109B7000565526005D0100505A692A005E01001208
:109B8000A56912005F010028AC7414006001004850
:109B90005556250061010050596A290062010101F2
:109BA000BF410100630100049F64100064010405CB
:109BB0007E050400650100083D4A2100660102128D
:109BC0007E120200670100183E5820006801003A2A
:109BD000414239006901003A414279006A01003D81
:109BE00041413D006B01003A42427A006C0100396C
:109BF000424239006D010039424279006E01003A5B
:109C000045453A006F01003A45457A0070013A41F6
:109C1000403A010071013A41407A01007201001F8F
:109C200060A01F007301001C60A03C00740178223A
:109C3000112278007501384231423800760108124D
:109C400061120800770100B84241FA007801040966
:109C50007009040079010064564D44007A010048FF
:109C60006A5948007B010064544D44007C0100485F
:109C7000685A48007D010064554E45007E01004849
:109C8000695A49007F0100087C0204008F010034FA
:109C900052523C00920100887E090200A0013C4221
:109CA000423C0806A101003048483008AF01003EA0
:109CB000403E0806B001003840781008B501006A3F
:109CC0005A4A4E00B601005878585800D101003861
:109CD00045463900D2010030494A3100E6010038DA
:109CE00045563500E7010030494AF100FA01007499
:109CF0002A750000FB0100304C4A7D00FC017814FD
:109D00007E554400FD0130487A695000FE0100781C
:109D1000744E3D00FF0100706A59380018020012AD
:109D2000A569120019020028AC7414001A0201017E
:109D3000BF4101001B0200049F641000BB02000031
:109D40000C0A0000BC0200000A060000BD02000070
:109D5000060A0000C602000201020000C70200015C
:109D600002010000C902000202020000D802000144
:109D700002020100D902000002000000DA02000223
:109D800005020000DB02000040800000DC0200024F
:109D900001020100DD020201000201007403000063
:109DA0000201000075030000804000007A030000FB
:109DB000C08000007E03000096760000840300004F
:109DC0000300000085030200030002008603037CF9
:109DD00012127C00870300001000000088030300BB
:109DE0007E4A4200890303007E087E008A03030046
:109DF000427E42008C03033C42423C008E0303003F
:109E00000E700E008F03035C62625C009003020020
:109E10003B400200910378141214780092037E4AAA
:109E20004A4A34009303007E020202009403605801
:109E3000465860009503007E4A4A4200960300623D
:109E4000524A46009703007E08087E0098033C4A69
:109E50004A4A3C00990300427E4200009A03007E79
:109E6000081462009B036018061860009C037E04BF
:109E700018047E009D03007E04087E009E030042BD
:109E80004A4A42009F033C4242423C00A003007EFB
:109E900002027E00A103007E12120C00A3030066E2
:109EA0005A424200A40302027E020200A5030608F1
:109EB00070080600A60318247E241800A703422475
:109EC00018244200A8030E107E100E00A9035C6245
:109ED00002625C00AA0300457C450000AB03040954
:109EE00070090400AC030030484A7900AD0300302B
:109EF000685A5100AE0378100A09F000AF03003A27
:109F000041200000B0033A4043403A00B103003022
:109F100048487800B20300FE25251A00B3030C3030
:109F2000C0300C00B403344A4A4A3000B503003054
:109F300068585000B603021AA6A24200B7033C08B4
:109F40000404F800B803003C4A4A3C00B903003856
:109F500040200000BA03007820504800BB03641280
:109F600012227C00BC03FC2020103C00BD03182002
:109F700040201800BE03112D2BA94100BF03003063
:109F800048483000C003087808780800C103F82466
:109F900024241800C2031824A4A44800C303304892
:109FA00048582800C403000838482800C503384032
:109FB00040403800C6031C20F8241800C703C428FA
:109FC0001028C400C8031C20FC201C00C903304812
:109FD00020483000CA03000238422000CB03384238
:109FE00040423800CC0330484A493000CD03384065
:109FF00042413800CE03304822493000D0033C5261
:10A00000525C2000D10310344A3C0800D203067889
:10A0100004020400D303120A7C020400D4030D706E
:10A0200009040800D5031824FF241800D603384873
:10A0300028483800D70348302221D800DA031C22F0
:10A0400021A14200DB031824A4A44200DC037E12F9
:10A0500012020200DD0300FC24240400DE033E2083
:10A0600010087C00DF030C0AC9281800E003700CFC
:10A07000621C7000E10301092516F800E2039EA0AE
:10A08000BEA07E00E30398A0B8A07800E4030C1201
:10A0900014107E00E503001028207800E603BE902F
:10A0A00088887000E70348544E443800E80324527F
:10A0B00052524C00E903285454544800EA036452B5
:10A0C0004C526400EB03086458640800EC033854F5
:10A0D00054542200ED03306848682400EE03184A07
:10A0E0007E4A1800EF031848FF0A0800F0034830C2
:10A0F00020205800F10378A4A4A49800F20330486B
:10A1000048485000F303006080847D00F4033C4A1B
:10A110004A4A3C00F5030030585848000004007CCF
:10A12000555644000104007C5554450002040101C9
:10A130003F8579000304007C0605040004043C4AC2
:10A140004A422400050400244A5224000604004226
:10A150007E420000070400457C45000008042040C2
:10A16000423E020009047C027E4830000A047E0858
:10A170007E4830000B0402027E0A72000C04007C50
:10A18000102A45000D047C2112087C000E040C519D
:10A1900052523D000F043F20E0203F00100478148D
:10A1A0001214780011047E4A4A4A300012047E4A92
:10A1B0004A4A34001304007E020202001404C07CE8
:10A1C000427EC0001504007E4A4A4200160476080A
:10A1D0007E087600170424424A4A34001804007EA0
:10A1E00008047E001904007D120A7D001A04007E16
:10A1F000081462001B04403C02027E001C047E0422
:10A2000018047E001D04007E08087E001E043C42E7
:10A2100042423C001F047E0202027E002004007EB7
:10A2200012120C002104003C4242240022040202CB
:10A230007E02020023040E5050503E0024041824D5
:10A240007E241800250442241824420026043F20BE
:10A2500020BF600027040E1010107E0028047E40EE
:10A260007E407E0029043F203FA07F002A04027E1A
:10A27000484830002B047E4848307E002C04007E85
:10A28000484830002D0424424A4A3C002E047E18DF
:10A290003C423C002F04006C12127E003004304817
:10A2A000487840003104003C4A4A310032040078CA
:10A2B0006850200033040078080808003404C07097
:10A2C0004878C000350430686850000036044830D3
:10A2D000783048003704004058683000380478402F
:10A2E0002010780039047942221279003A0400786B
:10A2F000203048003B044030080878003C047810C7
:10A30000201078003D047810101078003E0430488A
:10A31000484830003F047808080878004004FC24CE
:10A3200024241800410430484848500042040808DA
:10A330007808080043041CA0A0A07C004404182452
:10A34000FF241800450400483030480046043C20F3
:10A3500020BC600047041820202078004804784082
:10A360007840780049043C203CA07C004A040878EE
:10A37000505020004B047850502078004C04007856
:10A38000505020004D044858683000004E0478308A
:10A39000304830004F045028287800005004003026
:10A3A000696A500051040032686A50005204023F4A
:10A3B0000A887000530400780A0908005404003029
:10A3C0006858480055040050586828005604004852
:10A3D0007A4000005704004A7842000058040040C8
:10A3E00080847D0059047008785020005A04781049
:10A3F000785020005B04047E141060005C04007838
:10A40000223148005D047841221078005E0418A1D2
:10A41000A2A279005F043C20E0203C006204027F9D
:10A420004A4830006304087E5850200070040E1023
:10A430007E100E00710418207820180072043C4A27
:10A440004A4A3C0073043068586830007404001EA7
:10A4500070180C0075040018603010009004007E25
:10A46000020203009104007808080C009204087EA0
:10A470000A0A0200930420782808080096043B0486
:10A480003F043BE0970424183C1824C09A04003F82
:10A49000040A31C09B04003C101824C0AE04060816
:10A4A00070080600AF040C10E0100C00B004161881
:10A4B00070181600B1042C30E0302C00B2042112C8
:10A4C0000C1221C0B3040024181824C0BA047E085A
:10A4D00008087000BB04007E08087000D80400342F
:10A4E00052523C00D904002868583000E20400456C
:10A4F0007D450000E304004A7A420000E8043C4A3B
:10A500004A4A3C00E904003058583000EE04003D4F
:10A5100041413D00EF04003A42427A00D005681004
:10A5200020285000D105484848784000D20500480E
:10A5300030600000D305080808780800D4056808D2
:10A5400008087800D505000008780000D60508083E
:10A5500018680800D705087808087800D8057840FA
:10A5600050487800D905000008180000DA050404F6
:10A570000404FC00DB05484848483800DC050E4868
:10A5800048281800DD05087848487800DE0558207E
:10A5900010487000DF05000004FC0000E0050040EA
:10A5A00040487800E105000878483800E20548781E
:10A5B00040281800E305041C0404FC00E405485886
:10A5C00048483800E50504F820140800E60548501E
:10A5D00060685000E705F40424241C00E80508081E
:10A5E00008087000E905785058403800EA054878B6
:10A5F00008087800F005087800087800F1050818C8
:10A6000000087800F205081800081800F30500009B
:10A6100010080000F405100800100800021E7C5409
:10A6200055542800031E007E484930000A1E007C55
:10A63000454438000B1E003049487E001E1E007C39
:10A64000151404001F1E001079140800401E7E041B
:10A6500019047E00411E780832087000561E007CE6
:10A6600015140800571E00FC25241800601E004821
:10A6700054552400611E0050586A28006A1E0404C4
:10A680007D0404006B1E00083D482000801E7C21D4
:10A6900012207C00811E384132403800821E7C200E
:10A6A00012217C00831E384032413800841E7C21F8
:10A6B00010217C00851E384230423800F21E040909
:10A6C00072080400F31E00B84142F800A3207E0A7D
:10A6D0007A120A00A420A8FCAA828400A720087E7F
:10A6E0002A1C0800AB200098A4A6BF02AC20183C8E
:10A6F0005A5A4200AF20627F22443800902110381D
:10A7000054101000912108047E04080092211010BA
:10A7100054381000932110207E201000942110380E
:10A720001010381095212844FE4428008CAE0100FA
:10A73000A60900002000000000000000000000004A
:10A7400000000000000000000000000000002100E8
:10A75000000000000006FC000000000000000000F7
:10A760000000000000000000220000001C000000AB
:10A7700000001C00000000000000000000000000BD
:10A7800000002300A000F807A000F807A0000000C8
:10A790000000000000000000000000002400000095
:10A7A00018022404460C880300000000000000008A
:10A7B00000000000000025003802C40178002003DA
:10A7C00090040803000000000000000000000000EA
:10A7D000260080037804A4041803800340040000CA
:10A7E0000000000000000000000027000000000042
:10A7F0001C0000000000000000000000000000003D
:10A8000000000000280000000000F8010606010812
:10A81000000000000000000000000000000029000F
:10A82000000001080606F80100000000000000001A
:10A8300000000000000000002A00040014000E00C8
:10A8400014000400000000000000000000000000F0
:10A8500000002B0040004000F803400040000000D2
:10A860000000000000000000000000002C000000BC
:10A8700000000009000600000000000000000000C9
:10A880000000000000002D0000008000800080001B
:10A8900000000000000000000000000000000000B8
:10A8A0002E00000000000006000000000000000074
:10A8B000000000000000000000002F00000C8003DA
:10A8C00060001C0003000000000000000000000009
:10A8D0000000000030000000F80304040404F80342
:10A8E0000000000000000000000000000000310037
:10A8F000000004040404FC0700040004000000003D
:10A9000000000000000000003200000008060405FE
:10A91000C404380400000000000000000000000033
:10A92000000033000000080244044404B80300009F
:10A9300000000000000000000000000034000000E3
:10A94000800170010801FC07000100000000000008
:10A95000000000000000350000023C042404240430
:10A96000C403000000000000000000000000000020
:10A9700036000000F003480444048803000000008F
:10A98000000000000000000000003700000004008C
:10A99000C40734000C0000000000000000000000AC
:10A9A0000000000038000000B80344044404B80369
:10A9B000000000000000000000000000000039005E
:10A9C0000000780284048802F0010000000000000A
:10A9D00000000000000000003A0000000000300607
:10A9E0000000000000000000000000000000000067
:10A9F00000003B00000000001809000600000000F5
:10AA00000000000000000000000000003C004000CA
:10AA1000A000A000A0001001000000000000000045
:10AA20000000000000003D00200120012001200165
:10AA300020010000000000000000000000000000F5
:10AA40003E0000001001A000A000A0004000000097
:10AA5000000000000000000000003F0000000800AF
:10AA600084066400180000000000000000000000E0
:10AA7000000000004000F0030C04C2082209240971
:10AA8000F809000000000000000000000000410084
:10AA90000007F8008400F800000700000000000034
:10AAA000000000000000000042000000FC07440419
:10AAB0004404B80300000000000000000000000093
:10AAC000000043000000F00108020404040408022E
:10AAD0000000000000000000000000004400000032
:10AAE000FC0704040802F001000000000000000060
:10AAF00000000000000045000000FC07440444047E
:10AB000044040000000000000000000000000000FD
:10AB100046000000FC074400440044000000000020
:10AB20000000000000000000000047000000F001ED
:10AB300008024404C80300000000000000000000F8
:10AB40000000000048000000FC0740004000FC0737
:10AB500000000000000000000000000000004900AC
:10AB600000000404FC0704040404000000000000CA
:10AB700000000000000000004A0000000002000485
:10AB80000004FC03000000000000000000000000C2
:10AB900000004B000000FC074000F0000C03040420
:10ABA0000000000000000000000000004C00000059
:10ABB000FC07000400040004000000000000000086
:10ABC0000000000000004D000000FC07380070008D
:10ABD000FC07000000000000000000000000000072
:10ABE0004E000000FC073800C003FC070000000016
:10ABF000000000000000000000004F000000F8030B
:10AC000004040404F8030000000000000000000039
:10AC10000000000050000000FC0784008400440095
:10AC2000780000000000000000000000000051005B
:10AC30000000FC0102020206FC0900000000000006
:10AC4000000000000000000052000000FC0744006B
:10AC5000C4013806000000000000000000000000F1
:10AC6000000053000000180224044404880300007C
:10AC70000000000000000000000000005400000080
:10AC800004000400FC0704000400000000000000B1
:10AC900000000000000055000000FC030004000458
:10ACA000FC030000000000000000000000000000A5
:10ACB00056000C00F0030004F0030C00000000003C
:10ACC0000000000000000000000057007C0080072A
:10ACD000E001F0010007FC0000000000000000009F
:10ACE0000000000058000404B8034000B803040446
:10ACF00000000000000000000000000000005900FB
:10AD000004003800C00730000C0000000000000004
:10AD100000000000000000005A0004040407E404DE
:10AD20001C040404000000000000000000000000FB
:10AD300000005B0000000000FF0F01080108000098
:10AD40000000000000000000000000005C000300A4
:10AD50001C0060008003000C0000000000000000E8
:10AD60000000000000005D00000001080108FF0F66
:10AD700000000000000000000000000000000000D3
:10AD80005E00400038000400380040000000000071
:10AD9000000000000000000000005F000008000844
:10ADA000000800080008000000000000000000008B
:10ADB000000000006000000000000200040000002D
:10ADC0000000000000000000000000000000610022
:10ADD0000000200390049004E00700000000000041
:10ADE000000000000000000062000000FC071004EA
:10ADF0001004E0030000000000000000000000005C
:10AE0000000063000000C0012002100430040002B2
:10AE100000000000000000000000000064000000CE
:10AE2000E00310041004FC07000000000000000014
:10AE300000000000000065000000E00390049004A2
:10AE4000E00400000000000000000000000000001E
:10AE5000660000001000F807140014000000000055
:10AE60000000000000000000000067000000B806BD
:10AE7000440944093C0904060000000000000000E9
:10AE80000000000068000000FC0710001000E00750
:10AE90000000000000000000000000000000690049
:10AEA00000000000F40700000000000000000000A7
:10AEB00000000000000000006A0000080008000810
:10AEC000FD0700000000000000000000000000007E
:10AED00000006B000000FE078000E0011006100477
:10AEE0000000000000000000000000006C000000F6
:10AEF0000000FC030004000400000000000000004B
:10AF00000000000000006D00F00710001000E007D6
:10AF10001000E0070000000000000000000000003A
:10AF20006E000000F00710001000E00700000000B5
:10AF3000000000000000000000006F000000E003BF
:10AF400010041004E00300000000000000000000F6
:10AF50000000000070000000FC0F04010401F80074
:10AF60000000000000000000000000000000710070
:10AF70000000F80004010401FC0F000000000000C4
:10AF8000000000000000000072000000F007200038
:10AF90001000100000000000000000000000000091
:10AFA0000000730000006002900490042003000081
:10AFB000000000000000000000000000740000001D
:10AFC0001000FC031004100400000000000000004A
:10AFD00000000000000075000000F0030004000401
:10AFE000F00700000000000000000000000000006A
:10AFF00076003000C0030004C003300000000000F1
:10B00000000000000000000000007700F0000007D2
:10B01000E003C0010007F000000000000000000095
:10B02000000000007800100460038000600310043A
:10B030000000000000000000000000000000790097
:10B040000C0870088007F0000C00000000000000F1
:10B0500000000000000000007A000000000410075B
:10B0600090047004100400000000000000000000C4
:10B0700000007B0000004000BE070108010800003E
:10B080000000000000000000000000007C00000044
:10B090000000FF0F000000000000000000000000A2
:10B0A0000000000000007D00000001080108BE074C
:10B0B0004000000000000000000000000000000050
:10B0C0007E008000400040008000800040000000C2
:10B0D0000000000000000000000000008CAE010035
:10B0E000880300002000000000000000210000177D
:10B0F00000000000220000030003000023000A1FDC
:10B100000A1F0A0024000A17151D0A00250013094A
:10B110000412190026000A15150A10002700000362
:10B12000000000002800000E11000000290000119E
:10B130000E0000002A00000A040A00002B00000490
:10B140000E0400002C000010080000002D00000478
:10B15000040400002E000008000000002F0010086A
:10B160000402010030000E11110E00003100001227
:10B170001F100000320019151512000033000911CC
:10B18000150B000034000C0A091F080035001715C4
:10B1900015150900360008141615080037001109A6
:10B1A0000503010038000A1515150A0039000215BB
:10B1B0000D0502003A00000A000000003B000010EC
:10B1C0000A0000003C0000040A1100003D00000AD3
:10B1D0000A0A00003E0000110A0400003F000201BC
:10B1E0001505020040000E1115090E0041001E0554
:10B1F000051E000042001F15150A000043000E1135
:10B200001111000044001F11110E000045001F1510
:10B210001511000046001F050501000047000E1132
:10B2200011150C0048001F04041F00004900111FE5
:10B23000110000004A000911110F01004B001F040A
:10B240000A1100004C001F10101000004D001F02DA
:10B2500004021F004E001F0204081F004F000E11C1
:10B26000110E000050001F050502000051000609E4
:10B270001916000052001F05050A10005300121590
:10B2800015090000540001011F01010055000F10B5
:10B29000100F0000560007081008070057001F088D
:10B2A00004081F0058001B04041B00005900010281
:10B2B0001C0201005A001915131100005B00001F49
:10B2C000111100005C000102040810005D00001173
:10B2D000111F00005E000002010200005F0010105C
:10B2E00010101000600000010200000061000C124C
:10B2F000121E100062001F141408000063000C12DC
:10B300001212000064000814141F000065000E15DE
:10B31000151200006600041E0501000067000215FA
:10B32000150F000068001F04041800006900001DCC
:10B33000000000006A000010100D00006B001F04E8
:10B340000A1000006C00000F101000006D001E02BB
:10B3500004021E006E001E02021C00006F000C1290
:10B36000120C000070001E0A0A0400007100040A9A
:10B370000A1E000072001C0202020000730010147A
:10B380000A0200007400000F1414100075000E1063
:10B39000101E1000760006081008060077001E1028
:10B3A00008101E007800120C0C1200007900121414
:10B3B000080402007A00121A161200007B00000432
:10B3C0001F1100007C00001F000000007D00111F05
:10B3D000040000007E00000404080800D3000C12E2
:10B3E00013130C00F3000C12130D000004010E05E2
:10B3F000051E100005010609191F080006010C12A0
:10B400001313120007010C121313000018010F0B85
:10B410001B19000019010E151D1A000041011F140F
:10B42000121000004201100F1412000043011F020D
:10B4300005081F0044011E03031C00005A011014DC
:10B440000B0302005B0110140B0300007901121AB8
:10B45000171300007A01121A171300007B01121B48
:10B46000171200007C01121B171200008CAE0100A5
:10B470003000000000000032008F5900947A00B3C1
:10B480000148EF0091FF5C6FFFB67CFED5B3FFEF84
:10B490009EFFFF00AEFFAE00FFFFFF969696373788
:10B4A000370000008CAE0100080000008704000097
:10B4B000000000008CAE010024000000870407009B
:10B4C0000800000000000000404400005055040443
:10B4D00050555505505501011011000000000000A5
:10B4E0008CAE0100880000008704100010000000EE
:10B4F000000000000000000000000000000000004C
:10B500000000005005000000000000055000000091
:10B5100000504544440400000045554444440004A0
:10B520000045555555550404004555555555450597
:10B530000045555555551105004555555515010101
:10B5400000455511111100010050151111010000A5
:10B550000000000550000000000000500500000041
:10B5600000000000000000000000000000000000DB
:10B570008CAE01008800000087041000100000005D
:10B5800000000000000000000000000000000000BB
:10B59000006666666666060060FFFFFF666F66000F
:10B5A00060FFFFFFF6FF660060FFF1FF666F660059
:10B5B00060FFF1FF6666660060FFFFF16666660089
:10B5C00060FFFFF16666660060FFF1FF6666660079
:10B5D00060FFF1FF66F6660060FFFFFF66666600CB
:10B5E00060FFFFFFF6666600006666666666060038
:10B5F000000000000000000000000000000000004B
:10B600008CAE0100D8020000870424002400000052
:10B61000001111111111111111111111111111112B
:10B6200011000000103133333333333333333333CA
:10B6300033333333130100001113111111111111A0
:10B6400011111111111111113111000031111111CC
:10B6500011111111111111111111111111130000FA
:10B6600031111111111111111111111111111111AA
:10B6700011130000311111111111111111111111BA
:10B6800011111111111300003111111111111111AA
:10B69000111111111111111111130000311111119A
:10B6A00011111111111111111111111111130000AA
:10B6B000311111111111111111111111111111115A
:10B6C000111300003111111111111111111111116A
:10B6D000111111111113000031111111111111115A
:10B6E000111111111111111111130000311111114A
:10B6F000111111111111111111111111111300005A
:10B700003111111111111111111111111111111109
:10B710001113000031111111111111111111111119
:10B720001111111111130000311111111111111109
:10B7300011111111111111111113000031111111F9
:10B740001111111111111111111111111113000009
:10B7500031111111111111111111111111111111B9
:10B7600011130000311111111111111111111111C9
:10B7700011111111111300003111111111111111B9
:10B7800011111111111111111113000031111111A9
:10B7900011111111111111111111111111130000B9
:10B7A0003111111111111111111111111111111169
:10B7B0001113000031111111111111111111111179
:10B7C0001111111111130000311111111111111169
:10B7D0001111111111111111111300003111111159
:10B7E0001111111111111111111111111113000069
:10B7F0003111111111111111111111111111111119
:10B800001113000031111111111111111111111128
:10B810001111111111130000311111111111111118
:10B820001111111111111111111300003111111108
:10B830001111111111111111111111111113000018
:10B8400031111111111111111111111111111111C8
:10B8500011130000311111111111111111111111D8
:10B8600011111111111300003111111111111111C8
:10B8700011111111111111111113000031111111B8
:10B8800011111111111111111111111111130000C8
:10B890003111111111111111111111111111111178
:10B8A00011130000111311111111111111111111A6
:10B8B000111111113111000010313333333333338F
:10B8C0003333333333333333130100000011111199
:10B8D000111111111111111111111111110000008B
:10B8E0008CAE0100D8020000870424002400000070
:10B8F000002222222222222222222222222222224A
:10B9000022000000203233333333333333333333C5
:10B910003333333323020000222322222222222225
:10B92000222222222222222232220000322211113D
:10B9300011111111111111111111111122230000F6
:10B9400032121111111111111111111111111111C5
:10B9500021230000321211111111111111111111B5
:10B9600011111111212300003212111111111111A5
:10B970001111111111111111212300003212111195
:10B9800011111111111111111111111121230000A7
:10B990003212111111111111111111111111111175
:10B9A0002123000032121111111111111111111165
:10B9B0001111111121230000321211111111111155
:10B9C0001111111111111111212300003212111145
:10B9D0001111111111111111111111112123000057
:10B9E0003212111111111111111111111111111125
:10B9F0002123000032121111111111111111111115
:10BA00001111111121230000321211111111111104
:10BA100011111111111111112123000032121111F4
:10BA20001111111111111111111111112123000006
:10BA300032121111111111111111111111111111D4
:10BA400021230000321211111111111111111111C4
:10BA500011111111212300003212111111111111B4
:10BA600011111111111111112123000032121111A4
:10BA700011111111111111111111111121230000B6
:10BA80003212111111111111111111111111111184
:10BA90002123000032121111111111111111111174
:10BAA0001111111121230000321211111111111164
:10BAB0001111111111111111212300003212111154
:10BAC0001111111111111111111111112123000066
:10BAD0003212111111111111111111111111111134
:10BAE0002123000032121111111111111111111124
:10BAF0001111111121230000321211111111111114
:10BB00001111111111111111212300003212111103
:10BB10001111111111111111111111112123000015
:10BB200032121111111111111111111111111111E3
:10BB300021230000321211111111111111111111D3
:10BB400011111111212300003212111111111111C3
:10BB500011111111111111112123000032121111B3
:10BB600011111111111111111111111121230000C5
:10BB70003222111111111111111111111111111183
:10BB800022230000222322222222222222222222D7
:10BB90002222222232220000203233333333333345
:10BBA0003333333333333333230200000022222272
:10BBB00022222222222222222222222222000000CB
:10BBC0008CAE0100D802000087042400240000008D
:10BBD0000044444444444444444444444444444469
:10BBE000440000004034333333333333333333339F
:10BBF0003333333343040000444344444444444413
:10BC00004444444444444444344400003444111102
:10BC100011111111111111111111111144430000D1
:10BC200034141111111111111111111111111111DE
:10BC3000414300003414111111111111111111118E
:10BC4000111111114143000034141111111111117E
:10BC5000111111111111111141430000341411116E
:10BC60001111111111111111111111114143000084
:10BC7000341411111111111111111111111111118E
:10BC8000414300003414111111111111111111113E
:10BC9000111111114143000034141111111111112E
:10BCA000111111111111111141430000341411111E
:10BCB0001111111111111111111111114143000034
:10BCC000341411111111111111111111111111113E
:10BCD00041430000341411111111111111111111EE
:10BCE00011111111414300003414111111111111DE
:10BCF00011111111111111114143000034141111CE
:10BD000011111111111111111111111141430000E3
:10BD100034141111111111111111111111111111ED
:10BD2000414300003414111111111111111111119D
:10BD3000111111114143000034141111111111118D
:10BD4000111111111111111141430000341411117D
:10BD50001111111111111111111111114143000093
:10BD6000341411111111111111111111111111119D
:10BD7000414300003414111111111111111111114D
:10BD8000111111114143000034141111111111113D
:10BD9000111111111111111141430000341411112D
:10BDA0001111111111111111111111114143000043
:10BDB000341411111111111111111111111111114D
:10BDC00041430000341411111111111111111111FD
:10BDD00011111111414300003414111111111111ED
:10BDE00011111111111111114143000034141111DD
:10BDF00011111111111111111111111141430000F3
:10BE000034141111111111111111111111111111FC
:10BE100041430000341411111111111111111111AC
:10BE2000111111114143000034141111111111119C
:10BE3000111111111111111141430000341411118C
:10BE400011111111111111111111111141430000A2
:10BE5000344411111111111111111111111111117C
:10BE6000444300004443444444444444444444441C
:10BE70004444444434440000403433333333333394
:10BE80003333333333333333430400000044444407
:10BE9000444444444444444444444444440000002E
:10BEA0008CAE010008020000870420002000000082
:10BEB0000000000000000000000000000000000082
:10BEC000000000000000C0FCFF0F000000000000A8
:10BED000000000000000BCDDDDFB000000000000F1
:10BEE000000000000000DCBBBBFD00000000000003
:10BEF000000000000000CCBBBBFC00000000000004
:10BF00000000000000C0BCD1BDFB0F00000000001D
:10BF10000000000000C01B11DDBB0F00000000008E
:10BF20000000000000C0BCBBBBCB0F000000000045
:10BF30000000000000BC11D1DDDDCB0000000000DE
:10BF400000000000C01D11DDDDDDD10C000000008F
:10BF500000000000BCD1CBBCFBCF1DCB000000001B
:10BF6000000000001CCDCCDDBDFFDFC100000000E3
:10BF7000000000001CCCCCDBCBFFCFC100000000D8
:10BF800000000000DBCBCCCCFCFFBFCD00000000EC
:10BF900000000000BBBDCCCCFFCFDBBB000000002D
:10BFA00000000000B0DBBDBBBBDBBD0B0000000030
:10BFB0000000000000B0CBCCCCBC0B0000000000A7
:10BFC0000000000000000000000000000000000071
:10BFD000000000000000D007700D0000000000000D
:10BFE000000000000000706666070000000000000E
:10BFF0000000000000000067760000000000000064
:10C0000000000000006607000070660000000000ED
:10C010000000000000676677776676000000000089
:10C020000000000000606666666606000000000012
:10C03000000000006600676666760066000000008B
:10C040000000000066760000000067660000000047
:10C05000000000006766767777676676000000006C
:10C060000000000060666666666666060000000006
:10C07000000000000067666666667600000000004B
:10C080000000000000006766667600000000000007
:10C0900000000000000000000000000000000000A0
:10C0A0000000000000000000000000000000000090
:10C0B0008CAE010008020000870420002000000070
:10C0C0000000000000000000000000000000000070
:10C0D0000000000000000000000000000000000060
:10C0E0000000000000000000000000000000000050
:10C0F0000000000000000000000000000000000040
:10C10000000000000000000000000000000000002F
:10C11000000000000000000000000000000000001F
:10C12000000000000000000000000000000000000F
:10C1300000000000000000000000000000000000FF
:10C1400000000000000000B0BB0000000000000084
:10C150000000000000B000404500B00000000000FA
:10C1600000000000005B0B000400540B0000000006
:10C1700000000000B0550400000054B500000000AD
:10C180000000000000440040BB004004000000002C
:10C1900000000000000040D4DDBB000000000000F3
:10C1A0000000000000004055DDBD00000000000060
:10C1B000000000004B005455D5DD0B400B00000083
:10C1C000000000005B045411D5DD0B540B0000008F
:10C1D000000000004B005411D5DD0B400B000000A7
:10C1E0000000000000004055DDBD00000000000020
:10C1F00000000000000040D4DDBB00000000000093
:10C200000000000000440040BB00400400000000AB
:10C2100000000000B0550400000054B5000000000C
:10C2200000000000005B04000400540B000000004C
:10C230000000000000B000404500B0000000000019
:10C2400000000000000000B0BB0000000000000083
:10C2500000000000000000000000000000000000DE
:10C2600000000000000000000000000000000000CE
:10C2700000000000000000000000000000000000BE
:10C2800000000000000000000000000000000000AE
:10C29000000000000000000000000000000000009E
:10C2A000000000000000000000000000000000008E
:10C2B000000000000000000000000000000000007E
:10C2C0008CAE01000802000087042000200000005E
:10C2D000000000000000000000000000000000005E
:10C2E000000000000000000000000000000000004E
:10C2F000000000000000000000000000000000003E
:10C30000000000000000000000000000000000002D
:10C31000000000000000000000000000000000001D
:10C32000000000000000000000000000000000000D
:10C3300000000000000000000000000000000000FD
:10C3400000000020020000000000002002000000A9
:10C350000000002022000000000000220200000077
:10C360000000000022020000000020220000000067
:10C370000000000020220000000022020000000057
:10C380000000000000220200002022000000000047
:10C390000000000000202200002202000000000037
:10C3A0000000000000002202202200000000000027
:10C3B0000000000000002022220200000000000017
:10C3C0000000000000000022220000000000000029
:10C3D0000000000000000022220000000000000019
:10C3E00000000000000020222202000000000000E7
:10C3F00000000000000022022022000000000000D7
:10C4000000000000002022000022020000000000C6
:10C4100000000000002202000020220000000000B6
:10C4200000000000202200000000220200000000A6
:10C430000000000022020000000020220000000096
:10C440000000002022000000000000220200000086
:10C450000000002002000000000000200200000098
:10C4600000000000000000000000000000000000CC
:10C4700000000000000000000000000000000000BC
:10C4800000000000000000000000000000000000AC
:10C49000000000000000000000000000000000009C
:10C4A000000000000000000000000000000000008C
:10C4B000000000000000000000000000000000007C
:10C4C000000000000000000000000000000000006C
:10C4D0008CAE01000802000087042000200000004C
:10C4E000000000000000000000000000000000004C
:10C4F000000000000000000000000000000000003C
:10C50000000000000000000000000000000000002B
:10C51000000000000000000000000000000000001B
:10C52000000000000000000000000000000000000B
:10C5300000000000000000000000000000000000FB
:10C54000000000000000C0FCFF0F00000000000021
:10C55000000000000000BCDDDDFB0000000000006A
:10C56000000000000000DCBBBBFD0000000000007C
:10C57000000000000000CCBBBBFC0000000000007D
:10C580000000000000C0BCD1BDFB0F000000000097
:10C590000000000000C01B11DDBB0F000000000008
:10C5A0000000000000C0BCBBBBCB0F0000000000BF
:10C5B0000000000000BC11D1DDDDCB000000000058
:10C5C00000000000C01D11DDDDDDD10C0000000009
:10C5D00000000000BCD1CBBCFBCF1DCB0000000095
:10C5E000000000001CCDCCDDBDFFDFC1000000005D
:10C5F000000000001CCCCCDBCBFFCFC10000000052
:10C6000000000000DBCBCCCCFCFFBFCD0000000065
:10C6100000000000BBBDCCCCFFCFDBBB00000000A6
:10C6200000000000B0DBBDBBBBDBBD0B00000000A9
:10C630000000000000B0CBCCCCBC0B000000000020
:10C6400000000000000000000000000000000000EA
:10C65000000000000000D007700D00000000000086
:10C660000000000000007066660700000000000087
:10C6700000000000000000677600000000000000DD
:10C6800000000000000000000000000000000000AA
:10C69000000000000000000000000000000000009A
:10C6A000000000000000000000000000000000008A
:10C6B000000000000000000000000000000000007A
:10C6C000000000000000000000000000000000006A
:10C6D000000000000000000000000000000000005A
:10C6E0008CAE01000802000087042000200000003A
:10C6F000000000000000000000000000000000003A
:10C700000000000000000000000000000000000029
:10C710000000000000000000000000000000000019
:10C720000000000000000000000000000000000009
:10C7300000000000000000000000000000000000F9
:10C7400000000000000000000000000000000000E9
:10C7500000000000000000000000000000000000D9
:10C76000000000000000B0CBCC0C00000000000076
:10C770000000000000B0DB55D5CD0C00000000002B
:10C780000000000000DB555555DDCD000000000025
:10C7900000000000B055555555D59D0B0000000018
:10C7A00000000000DB55555555D59DB9000000002F
:10C7B000000000005B55555555D5DDB9000000005F
:10C7C000000000B05DB5CCCC5BDDDD990B00000056
:10C7D000000000B055CCCCCCCCDDDD9D0B000000C2
:10C7E000000000B0B5CCCCCCCCDBDD9D0B00000054
:10C7F000000000B0C5CCCCCCCCDCDD9D0B00000033
:10C80000000000B0C5CCDCCBCCDCDD9D0C00000012
:10C81000000000B0CDCC5B55CCDCDD9D0C000000F1
:10C8200000000000CCDC55B5CCDCDDC90000000008
:10C8300000000000CCCC5B55CCDBDDC90000000063
:10C8400000000000C0CCDCCBCCDD9D0C0000000063
:10C850000000000000CCCCCCDBDDCD0000000000EF
:10C860000000000000C0DCDDDDCD0C000000000099
:10C87000000000000000C0CCCC0C00000000000054
:10C8800000000000000000000000000000000000A8
:10C890000000000000000000000000000000000098
:10C8A0000000000000000000000000000000000088
:10C8B0000000000000000000000000000000000078
:10C8C0000000000000000000000000000000000068
:10C8D0000000000000000000000000000000000058
:10C8E0000000000000000000000000000000000048
:10C8F0008CAE010008020000870420002000000028
:10C900000000000000000000000000000000000027
:10C910000000000000000000000000000000000017
:10C920000000000000000000000000000000000007
:10C9300000000000000000000000000000000000F7
:10C9400000000000000000000000000000000000E7
:10C9500000000000000000000000000000000000D7
:10C9600000000000000000000000000000000000C7
:10C97000000000000000000000000000CC000000EB
:10C9800000000000B0BBBBBBBBCB00C0CD000000B3
:10C99000000000001BDDDDDDDDBD0C1CCD00000056
:10C9A000000000B011CBCCCCCCBC0C1CCD000000E6
:10C9B000000000B01D6C666666BC0CBCCD000000BB
:10C9C000000000B01D6C616661BC0C1CCD00000055
:10C9D000000000B01D6C161666BCCC1BCD0000001C
:10C9E000000000B01D6C666166BCCCBBCD000000D1
:10C9F000000000B01D6C666666BCCC1BCD0000005C
:10CA0000000000B01D6C666661BCCC1BCD00000050
:10CA1000000000B01D6C666661BCCCBBCD000000A0
:10CA2000000000B01D6C666661BCCC1BCD00000030
:10CA3000000000B01D6C666666BC0C1CCD000000DA
:10CA4000000000B01DCBCCCCCCBC0CBCCD00000099
:10CA5000000000C0B1BBBBBBBBBB0CDCCB0000000B
:10CA6000000000C0BBBBBBBBBBCB00DC0C000000AC
:10CA700000000000CCCCCCCCCC0C00CC00000000E2
:10CA800000000000000000000000000000000000A6
:10CA90000000000000000000000000000000000096
:10CAA0000000000000000000000000000000000086
:10CAB0000000000000000000000000000000000076
:10CAC0000000000000000000000000000000000066
:10CAD0000000000000000000000000000000000056
:10CAE0000000000000000000000000000000000046
:10CAF0000000000000000000000000000000000036
:10CB00008CAE010008020000870420002000000015
:10CB10000000000000000000000000000000000015
:10CB20000000000000000000000000000000000005
:10CB300000000000000000000000000000000000F5
:10CB400000000000000000000000000000000000E5
:10CB500000000000000000000000000000000000D5
:10CB60000000000000000040040000000000000081
:10CB7000000000000000005445000000000000001C
:10CB800000000000440B00BBBB00B04400000000EC
:10CB900000000040550B00000000B05504000000EC
:10CBA00000000040B5000044BB00005B0400000032
:10CBB000000000B00B0044DDDDBB00B00B00000046
:10CBC0000000000000405D55D5DD0B0000000000B6
:10CBD0000000000000D4555555DDBD0000000000E8
:10CBE000000000000054555555D5BD000000000060
:10CBF000000000B44055555555D5DD0B4B000000E5
:10CC0000000040B54055555555D5DD0B5B0400007F
:10CC1000000040B54055555555D5DD0B5B0400006F
:10CC2000000000B44055115555D5DD0B4B000000F8
:10CC3000000000000054115555D5BD000000000053
:10CC40000000000000D4555555DDBD000000000077
:10CC50000000000000405D55D5DD0B000000000025
:10CC6000000000B00B0044DDDDBB00B00B00000095
:10CC700000000040B5000044BB00005B0400000061
:10CC800000000040550B00000000B05504000000FB
:10CC900000000000440B00BBBB00B04400000000DB
:10CCA00000000000000000544500000000000000EB
:10CCB0000000000000000040040000000000000030
:10CCC0000000000000000000000000000000000064
:10CCD0000000000000000000000000000000000054
:10CCE0000000000000000000000000000000000044
:10CCF0000000000000000000000000000000000034
:10CD00000000000000000000000000000000000023
:10CD10008CAE010008020000870420002000000003
:10CD20000000000000000000000000000000000003
:10CD300000000000000000000000000000000000F3
:10CD400000000000000000000000000000000000E3
:10CD500000000000000000000000000000000000D3
:10CD600000000000000000000000000000000000C3
:10CD700000000000000000000000000000000000B3
:10CD800000000000BBBB000000000000000000002D
:10CD9000000000B055BB00BBBBBB000000000000A2
:10CDA000000000B0B5BDBCBBBBDDCB000000000087
:10CDB000000000B0DBCB5B5555BBDD0C0000000074
:10CDC000000000B0CBDCBDBB5B55DBCD000000003C
:10CDD00000000000C0DDDB11D15BB5BD0C00000020
:10CDE00000000000BBBD111111B155BB0C000000CB
:10CDF00000000000DB1B111111115BB5CB0000001E
:10CE000000000000DB1BB11D1199B9D5CB0000005B
:10CE100000000000DB1B11BB9199B955CB0000004D
:10CE2000000000005B1B11B19B99995BCB000000D7
:10CE3000000000005B1D1111BB99995CCB00000044
:10CE400000000000B0B511BBBB99995CCB0000009D
:10CE500000000000B0D51D919999D95B0B0000002E
:10CE600000000000005BDB919999C9D50B00000020
:10CE70000000000000B0D51B99D9BCB5000000002F
:10CE80000000000000005BD5BBBC550B000000009B
:10CE9000000000000000B05B5555BD000000000020
:10CEA00000000000000000B0BBBB0000000000005C
:10CEB0000000000000000000000000000000000072
:10CEC0000000000000000000000000000000000062
:10CED0000000000000000000000000000000000052
:10CEE0000000000000000000000000000000000042
:10CEF0000000000000000000000000000000000032
:10CF00000000000000000000000000000000000021
:10CF10000000000000000000000000000000000011
:10CF20008CAE01000C00000087040100010000002D
:10CF30000F0000008CAE01000C000000870401000F
:10CF400002000000FF0000008CAE01001000000095
:10CF500087040200010000000F0000000F00000025
:10CF60008CAE0100100000008704020002000000E7
:10CF7000FF0000000F0000008CAE01001000000058
:10CF800087040200020000000F000000FF00000004
:10CF90008CAE01000C0000008704010001000000BD
:10CFA000000000008CAE010028000000870408008B
:10CFB00008000000AAAAAABA2A2222BA2A2222BA61
:10CFC0002A2222BA2A2222BA2A2222BA2A2222BAC1
:10CFD000AAAAAABA8CAE01002800000087040800A3
:10CFE0000800000066666666666F6F6666F66666CF
:10CFF000666F6F6666666666CCCCCFCCFCFCCCCF29
:10D00000FCCCCFCF8CAE01002800000087040800C4
:10D010000800000055555555C5CC4454C5CF44545F
:10D02000C5CF4454C5CF4454C5CF4454C5CC445453
:10D03000555555558CAE01002800000087040800A6
:10D0400008000000FFCFFCFFFFCFFCFFFFFFFFFF4A
:10D05000FFCFFCFFFFCFFCFFFFFFFFFFFFCFFCFF79
:10D06000FFCFFCFF8CAE0100280000008704080001
:10D0700008000000D0DDDD0DDDDDDDDDDDEEEEDD07
:10D08000DDDEEDDDDDDEEDDDDDEEEEDDDDDDDDDD8C
:10D09000D0DDDD0D8CAE0100280000008704080003
:10D0A00008000000BBBBBBBBBBBBBBBBBBBBBBBBB4
:10D0B000AABBBBBBAABBBBBBAABBBBBB99BBBBBB15
:10D0C00099BBBBBB8CAE01001C00000087040500AF
:10D0D00005000000F0FF0000CFCC0F00CFCC0F0008
:10D0E000CFCC0F00F0FF00008CAE01002400000048
:10D0F0008704070007000000A0AAAA00CAAACA0A5B
:10D10000AAACAC0AAACAAA0AAAACAC0ACAAACA0A97
:10D11000A0AAAA008CAE0100882500008704A00008
:10D1200078000000111111111111111111111111BB
:10D1300011111111111111111111111111111111DF
:10D1400011111111111111111111111111111111CF
:10D1500011111111111111111111111111111111BF
:10D1600011111111111111111111111111111111AF
:10D17000111111111111111111111111111111119F
:10D18000111111111111111111111111111111118F
:10D19000111111111111111111111111111111117F
:10D1A000111111111111111111111111111111116F
:10D1B000111111111111111111111111111111115F
:10D1C000111111111111111111111111111111114F
:10D1D000111111111111111111111111111111113F
:10D1E000111111111111111111111111111111112F
:10D1F000111111111111111111111111111111111F
:10D20000111111111111111111111111111111110E
:10D2100011111111111111111111111C11111111F3
:10D2200011111111111111111111111111111111EE
:10D2300011111111111111111111111111111111DE
:10D2400011111111111111111111111111111111CE
:10D25000111111111111CC1C1111111111111111F8
:10D2600011111111111111111111111111111111AE
:10D27000111111111111111111111111111111119E
:10D28000111111111111111111111111111111118E
:10D29000C1CC111111111111111111111111111113
:10D2A000111111111111111111111111111111116E
:10D2B000111111111111111111111111111111115E
:10D2C0001111111111111111111111111C11111143
:10D2D000111111111111111111111111111111113E
:10D2E000111111111111111111111111111111112E
:10D2F000111111111111111111111111111111111E
:10D3000011111111111111C111111111111111115D
:10D3100011111111111111111111111111111111FD
:10D3200011111111111111111111111111111111ED
:10D3300011111111111111111111111111111111DD
:10D340001111C11C11111111111111111111111112
:10D3500011111111111111111111111111111111BD
:10D3600011111111111111111111111111111111AD
:10D370001111111111111111111111111111C11CE2
:10D38000111111111111111111111111111111118D
:10D39000111111111111111111111111111111117D
:10D3A000111111111111111111111111111111116D
:10D3B0001111111111111111111111C1CC111111F2
:10D3C000111111111111111111111111111111114D
:10D3D000111111111111111111111111111111113D
:10D3E000111111111111111111111111111111112D
:10D3F000111111111111111111CCCC1111111111A7
:10D40000111111111111111111111111111111110C
:10D4100011111111111111111111111111111111FC
:10D4200011111111111111111111111111111111EC
:10D430001111111111CCCCCC1111111111111111AB
:10D4400011111111111111111111111111111111CC
:10D4500011111111111111111111111111111111BC
:10D46000111111111111111111111111111111C1FC
:10D47000CC111111111111111111111111111111E1
:10D48000111111111111111111111111111111118C
:10D49000111111111111111111111111111111117C
:10D4A0001111111111111111111111C111111111BC
:10D4B000111111111111111111111111111111115C
:10D4C000111111111111111111111111111111114C
:10D4D000111111111111111111111111111111113C
:10D4E00011111111111111C1CC11111111111111C1
:10D4F000111111111111111111111111111111111C
:10D50000111111111111111111111111111111110B
:10D5100011111111111111111111111111111111FB
:10D520001111111111CCCC1C11111111111111116A
:10D5300011111111111111111111111111111111DB
:10D5400011111111111111111111111111111111CB
:10D5500011111111111111111111111111111111BB
:10D56000111111C11C1111111111111111111111F0
:10D57000111111111111111111111111111111119B
:10D58000111111111111111111111111111111118B
:10D59000111111111111111111111111111111117B
:10D5A000111111111111111111111111111111116B
:10D5B000111111111111111111111111111111115B
:10D5C000111111111111111111111111111111114B
:10D5D000111111111111111111111111111111113B
:10D5E000111111111111111111111111111111112B
:10D5F000111111111111111111111111111111111B
:10D60000111111111111111111111111111111110A
:10D6100011111111111111111111111111111111FA
:10D6200011111111111111111111111111111111EA
:10D6300011111111111111111111111111111111DA
:10D6400011111111111111111111111111111111CA
:10D65000C111CCCC11111111111111111111111194
:10D6600011111111111111111111111111111111AA
:10D67000111111111111111111111111111111119A
:10D68000111111111111111111111111111111118A
:10D69000111111111111111111111111111111117A
:10D6A000111111111111111111111111111111116A
:10D6B000111111111111111111111111111111115A
:10D6C000111111211111111111111111111111113A
:10D6D000111111111111111111111111111111113A
:10D6E000111111111111111111111111111111112A
:10D6F0001111111111111111111111111111112209
:10D70000111111111111CCCC111111111111111193
:10D7100011111111111111111111111111111111F9
:10D7200011111111111111111111111111111111E9
:10D7300011111111111111111121222211111111A7
:10D7400011C11CC11111111111111111111111115E
:10D7500011111111111111111111111111111111B9
:10D7600011111111111111111111111111111111A9
:10D77000111111112222222211111111111C11C19A
:10D780001111111111111111111111111111111189
:10D790001111111111111111111111111111111179
:10D7A0001111111111111111111111111111212248
:10D7B0002222222211111111111C11C1111111115A
:10D7C0001111111111111111111111111111111149
:10D7D0001111111111111111111111111111111139
:10D7E00011111111111111111122222222222222B2
:10D7F0001111111111111111111111111111111119
:10D800001111111111111111111111111111111108
:10D8100011111111111111111111111111111111F8
:10D820001111111121222222222222221111111161
:10D8300011111111111111111111111111111111D8
:10D8400011111111111111111111111111111111C8
:10D8500011111111111111111111111111111121A8
:10D860002222222222222222111111111111CC1C5A
:10D870001111111111111111111111111111111198
:10D880001111111111111111111111111111111188
:10D890001111111111111111111122222222222212
:10D8A000222222221111111111CC11111111111169
:10D8B0001111111111111111111111111111111158
:10D8C0001111111111111111111111111111111148
:10D8D000111111111122222222222222222222227D
:10D8E00011111111111CCC11111111111111111162
:10D8F0001111111111111111111111111111111118
:10D900001111111111111111111111111111111107
:10D91000222222222222222222222222111111112B
:10D92000111CCC1C11111111111111111111111116
:10D9300011111111111111111111111111111111D7
:10D940001111111111111111111111222222222272
:10D9500022222222222222221111111111C11CCCB9
:10D9600011111111111111111111111111111111A7
:10D970001111111111111111111111111111111197
:10D9800011111111112122222222222222222222CD
:10D990002222222211111111111111111111111133
:10D9A0001111111111111111111111111111111167
:10D9B0001111111111111111111111111111111157
:10D9C0002122222222222222222222222222222238
:10D9D0001111111111111111111111111111111137
:10D9E0001111111111111111111111111111111127
:10D9F00011111111111111111111112122222222C3
:10DA0000222222222222222222222222111111113A
:10DA100011CCCC1C11111111111111111111111175
:10DA200011111111111111111111111111111111E6
:10DA3000111111111111222222222222222222222C
:10DA4000222222222222222211111111111C11CC78
:10DA500011111111111111111111111111111111B6
:10DA600011111111111111111111111111111111A6
:10DA70001122222222222222222222222222222297
:10DA80002222222211111111111C11CC111111117C
:10DA90001111111111111111111111111111111176
:10DAA0001111111111111111111111112222222222
:10DAB0002222222222222222222222222222222246
:10DAC0001111111111CC1C1C111111111111111175
:10DAD0001111111111111111111111111111111136
:10DAE000111111111111212222222222222222227D
:10DAF000222222222222222222222222111111114A
:10DB00001111CC1C1111111111111111111111113F
:10DB100011111111111111111111111111111111F5
:10DB200011212222222222222222222222222222E7
:10DB3000222222222222222211111111111111114D
:10DB400011111111111111111111111111111111C5
:10DB50001111111111111111111111112122222272
:10DB60002222222222222222222222222222222295
:10DB70002222222211111111C11C11CC11111111DB
:10DB80001111111111111111111111111111111185
:10DB900011111111111111222222222222222222DC
:10DBA0002222222222222222222222222222222255
:10DBB00011111111C11C11CC1111111111111111DF
:10DBC0001111111111111111111111111111111145
:10DBD0001111222222222222222222222222222247
:10DBE0002222222222222222222222221111111159
:10DBF0001111111111111111111111111111111115
:10DC000011111111111111111111111111222222D1
:10DC100022222222222222222222222222222222E4
:10DC2000222222222222222211111111111111115C
:10DC300011111111111111111111111111111111D4
:10DC4000111111111111112122222222222222222C
:10DC500022222222222222222222222222222222A4
:10DC6000222222221111111111CCCCCC111111112F
:10DC70001111111111111111111111111111111194
:10DC80001111212222222222222222222222222297
:10DC90002222222222222222222222222222222264
:10DCA00011111111111C11C11111111111111111A9
:10DCB0001111111111111111111111111121222222
:10DCC0002222222222222222222222222222222234
:10DCD0002222222222222222222222221111111168
:10DCE000111C11C111111111111111111111111169
:10DCF000111111111111111121222222222222228D
:10DD000022222222222222222222222222222222F3
:10DD1000222222222222222211111111111C11CCA5
:10DD200011111111111111111111111111111111E3
:10DD300011111122222222222222222222222222F6
:10DD400022222222222222222222222222222222B3
:10DD5000222222221111111111CCCC1C11111111EE
:10DD60001111111111111111111111111111222281
:10DD70002222222222222222222222222222222283
:10DD80002222222222222222222222222222222273
:10DD90001111111111111111111111111111111173
:10DDA00011111111111111111122222222222222EC
:10DDB0002222222222222222222222222222222243
:10DDC0002222222222222222222222221111111177
:10DDD0001111111111111111111111111111111133
:10DDE0001111112122222222222222222222222247
:10DDF0002222222222222222222222222222222203
:10DE000022222222222222221111111111C11C11BF
:10DE10001C111111111111111111111111112122C6
:10DE200022222222222222222222222222222222D2
:10DE300022222222222222222222222222222222C2
:10DE4000222222221111111111CC1C111C111111AD
:10DE5000111111111111111111212222222222223C
:10DE60002222222222222222222222222222222292
:10DE70002222222222222222222222222222222282
:10DE800011111111111C1C111C1111111111111161
:10DE900011111111222222222222222222222222A6
:10DEA0002222222222222222222222222222222252
:10DEB0002222222222222222222222221111111186
:10DEC000111CC1CC111111111111111111111122BB
:10DED0002222222222222222222222222222222222
:10DEE0002222222222222222222222222222222212
:10DEF000222222222222222211111111111111118A
:10DF0000111111111111111111112222222222229B
:10DF100022222222222222222222222222222222E1
:10DF200022222222222222222222222222222222D1
:10DF3000222222221111111111111111111111118D
:10DF400011111111212222222222222222222222F6
:10DF500022222222222222222222222222222222A1
:10DF60002222222222222222222222222222222291
:10DF70001111111111111111111111111111112181
:10DF80002222222222222222222222222222222271
:10DF90002222222222222222222222222222222261
:10DFA0002222222222222222222222221111111195
:10DFB00011111111111111111111212222222222EC
:10DFC0002222222222222222222222222222222231
:10DFD0002222222222222222222222222222222221
:10DFE0002222222222222222111111111111111199
:10DFF0001111111111222222222222222222222256
:10E0000022222222222222222222222222222222F0
:10E0100022222222222222222222222222222222E0
:10E02000222222221111111111111111111111119C
:10E0300022222222222222222222222222222222C0
:10E0400022222222222222222222222222222222B0
:10E0500022222222222222222222222222222222A0
:10E06000111111111111111111111122222222224B
:10E070002222222222222222222222222222222280
:10E080002222222222222222222222222222222270
:10E0900022222222222222222222222211111111A4
:10E0A00011111111111122222222222222222222B6
:10E0B0002222222222222222222222222222222240
:10E0C0002222222222222222222222222222222230
:10E0D00022222222222222221111111111111111A8
:10E0E0002122222222222222222222222222222211
:10E0F0002222222222222222222222222222222200
:10E1000022222222222222222222222222222222EF
:10E110002222222211111111111111212222222257
:10E1200022222222222222222222222222222222CF
:10E1300022222222222222222222222222222222BF
:10E1400022222222222222222222222222222222AF
:10E150001111111111112122222222222222222206
:10E16000222222222222222222222222222222228F
:10E17000222222222222222222222222222222227F
:10E1800022222222222222222222222211111111B3
:10E190001122222222222222222222222222222270
:10E1A000222222222222222222222222222222224F
:10E1B000222222222222222222222222222222223F
:10E1C0002222222222222222111111112222222273
:10E1D000222222222222222222222222222222221F
:10E1E000222222222222222222222222222222220F
:10E1F00022222222222222222222222222222222FF
:10E200002222222211111122222222222222222221
:10E2100022222222222222222222222222222222DE
:10E2200022222222222222222222222222222222CE
:10E2300022222222222222222222222222222222BE
:10E2400011212222222222222222222222222222C0
:10E25000222222222222222222222222222222229E
:10E26000222222222222222222222222222222228E
:10E27000222222222222222222222222212222227F
:10E28000222222222222222222222222222222226E
:10E29000222222222222222222222222222222225E
:10E2A000222222222222222222222222222222224E
:10E2B000222222222222222222222222222222223E
:10E2C000222222222222222222222222222222222E
:10E2D000222222222222222222222222222222221E
:10E2E000222222222222222222222222222222220E
:10E2F00022222222222222222222222222222222FE
:10E3000022222222222222222222222222222222ED
:10E3100022222222222222222222222222222222DD
:10E3200022222222222222222222222222222222CD
:10E3300022222222222222222222222222222222BD
:10E3400022222222222222222222222222222222AD
:10E35000222222222222222222222222222222229D
:10E36000222222222222222222222222222222228D
:10E37000222222222222222222222222222222227D
:10E38000222222222222222222222222222222226D
:10E39000222222222222222222222222222222225D
:10E3A000222222222222222222222222222222224D
:10E3B000222222222222222222222222222222223D
:10E3C000222222222222222222222222222222222D
:10E3D000222222222222222222222222222222221D
:10E3E000222222222222222222222222222222220D
:10E3F00022222222222222222222222222222222FD
:10E4000022222222222222222222222222222222EC
:10E4100022222222222222222222222222222222DC
:10E4200022222222222222222222222222222222CC
:10E4300022222222222222222222222222222222BC
:10E4400022222222222222222222222222222222AC
:10E45000222222222222222222222222222222229C
:10E46000222222222222222222222222222222228C
:10E47000222222222222222222222222222222227C
:10E48000222222222222222222222222222222226C
:10E49000222222222222222222222222222222225C
:10E4A000222222222222222222222222222222224C
:10E4B000222222222222222222222222222222223C
:10E4C000222222222222222222222222222222222C
:10E4D000222222222222222222222222222222221C
:10E4E000222222222222222222222222222222220C
:10E4F00022222222222222222222222222222222FC
:10E5000022222222222222222222222222222222EB
:10E5100022222222222222222222222222222222DB
:10E5200022222222222222222222222222222222CB
:10E5300022222222222222222222222222222222BB
:10E54000222222222222222222222232222222229B
:10E55000222222222222222222222222222222229B
:10E56000222222222222222222222222222222228B
:10E57000222222222222222222222222222222227B
:10E58000222222222222223322222222222222225A
:10E59000222222222222222222222222222222225B
:10E5A000222222222222222222222222222222224B
:10E5B000222222222222222222222222222222223B
:10E5C0002222333322222222222222222222222209
:10E5D000222222222222222222222222222222221B
:10E5E000222222222222222222222222222222220B
:10E5F00022222222222222222222222222323333C9
:10E6000022222222222222222222222222222222EA
:10E6100022222222222222222222222222222222DA
:10E6200022222222222222222222222222222222CA
:10E630002222222222222222323333332222222277
:10E6400022222222222222222222222222222222AA
:10E65000222222222222222222222222222222229A
:10E66000222222222222222222222222222222228A
:10E670002222222233333333222222222222222236
:10E68000222222222222222222222222222222226A
:10E69000222222222222222222222222222222225A
:10E6A0002222222222222222222222222222223339
:10E6B00033333333222222222222222222222222F6
:10E6C000222222222222222222222222222222222A
:10E6D000222222222222222222222222222222221A
:10E6E00022222222222222222222333333333333A4
:10E6F00022222222222222222222222222222222FA
:10E7000022222222222222222222222222222222E9
:10E7100022222222222222222222222222222222D9
:10E720002222222222323333333333332222222253
:10E7300022222222222222222222222222222222B9
:10E7400022222222222222222222222222222222A9
:10E750002222222222222222222222222222222299
:10E760003333333333333333222222222222222201
:10E770002222222222222222222222222222222279
:10E780002222222222222222222222222222222269
:10E790002222222222222222222222333333333304
:10E7A0003333333322222222222222222222222205
:10E7B0002222222222222222222222222222222239
:10E7C0002222222222222222222222222222222229
:10E7D000222222222222333333333333333333336F
:10E7E0002222222222222222222222222222222209
:10E7F00022222222222222222222222222222222F9
:10E8000022222222222222222222222222222222E8
:10E81000223233333333333333333333222222221E
:10E8200022222222222222222222222222222222C8
:10E8300022222222222222222222222222222222B8
:10E840002222222222222222222222223233333365
:10E850003333333333333333222222222222222210
:10E860002222222222222222222222222222222288
:10E870002222222222222222222222222222222278
:10E8800022222222222222323333333333333333D0
:10E890003333333322222222222222222222222214
:10E8A0002222222222222222222222222222222248
:10E8B0002222222222222222222222222222222238
:10E8C000222222333333333333333333333333334B
:10E8D0002222222222222222222222222222222218
:10E8E0002222222222222222222222222222222208
:10E8F00022222222222222222222222222223333D6
:10E90000333333333333333333333333222222221B
:10E9100022222222222222222222222222222222D7
:10E9200022222222222222222222222222222222C7
:10E930002222222222222222223333333333333340
:10E94000333333333333333322222222222222221F
:10E950002222222222222222222222222222222297
:10E960002222222222222222222222222222222287
:10E9700022222222323333333333333333333333AC
:10E980003333333322222222222222222222222223
:10E990002222222222222222222222222222222257
:10E9A0002222222222222222222222222222223237
:10E9B0003333333333333333333333333333333327
:10E9C0002222222222222222222222222222222227
:10E9D0002222222222222222222222222222222217
:10E9E00022222222222222222222323333333333A2
:10E9F000333333333333333333333333222222222B
:10EA000022222222222222222222222222222222E6
:10EA100022222222222222222222222222222222D6
:10EA2000222222222222333333333333333333331C
:10EA3000333333333333333322222222222222222E
:10EA400022222222222222222222222222222222A6
:10EA50002222222222222222222222222222222296
:10EA60002233333333333333333333333333333387
:10EA70003333333322222222222222222222222232
:10EA80002222222222222222222222222222222266
:10EA90002222222222222222222222223333333312
:10EAA0003333333333333333333333333333333336
:10EAB0002222222222222222222222222222222236
:10EAC0002222222222222222222222222222222226
:10EAD000222222222222223233333333333333337E
:10EAE000333333333333333333333333222222223A
:10EAF00022222222222222222222222222222222F6
:10EB000022222222222222222222222222222222E5
:10EB100022223233333333333333333333333333E8
:10EB2000333333333333333322222222222222223D
:10EB300022222222222222222222222222222222B5
:10EB40002222222222222222222222222232333373
:10EB50003333333333333333333333333333333385
:10EB60003333333322222222222222222222222241
:10EB70002222222222222222222222222222222275
:10EB800022222222222222223233333333333333DE
:10EB90003333333333333333333333333333333345
:10EBA0002222222222222222222222222222222245
:10EBB0002222222222222222222222222222222235
:10EBC0002222222233333333333333333333333359
:10EBD0003333333333333333333333332222222249
:10EBE0002222222222222222222222222222222205
:10EBF00022222222222222222222222222222233E4
:10EC000033333333333333333333333333333333D4
:10EC1000333333333333333322222222222222224C
:10EC200022222222222222222222222222222222C4
:10EC3000222222222222222222223333333333334E
:10EC40003333333333333333333333333333333394
:10EC50003333333322222222222222222222222250
:10EC60002222222222222222222222222222222284
:10EC700022222222223233333333333333333333BA
:10EC80003333333333333333333333333333333354
:10EC90002222222222222222222222222222222254
:10ECA0002222222222222222222222222222222244
:10ECB0003233333333333333333333333333333325
:10ECC0003333333333333333333333332222222258
:10ECD0002222222222222222222222222222222214
:10ECE00022222222222222222222223233333333B0
:10ECF00033333333333333333333333333333333E4
:10ED0000333333333333333322222222222222225B
:10ED100022222222222222222222222222222222D3
:10ED2000222222222222223333333333333333332A
:10ED300033333333333333333333333333333333A3
:10ED4000333333332222222222222222222222225F
:10ED50002222222222222222222222222222222293
:10ED60002222333333333333333333333333333395
:10ED70003333333333333333333333333333333363
:10ED80002222222222222222222222222222222263
:10ED90002222222222222222222222222233333320
:10EDA0003333333333333333333333333333333333
:10EDB0003333333333333333333333332222222267
:10EDC0002222222222222222222222222222222223
:10EDD000222222222222222232333333333333338C
:10EDE00033333333333333333333333333333333F3
:10EDF000333333333333333322222222222222226B
:10EE000022222222222222222222222222222222E2
:10EE100022222232333333333333333333333333F6
:10EE200033333333333333333333333333333333B2
:10EE3000333333332222222222222222222222226E
:10EE40002222222222222222222222222222323381
:10EE50003333333333333333333333333333333382
:10EE60003333333333333333333333333333333372
:10EE70002222222222222222222222222222222272
:10EE800022222222222222222222333333333333FC
:10EE90003333333333333333333333333333333342
:10EEA0003333333333333333333333332222222276
:10EEB0002222222222222222222222222222222232
:10EEC0002222222222333333333333333333333367
:10EED0003333333333333333333333333333333302
:10EEE000333333333333333322222222222222227A
:10EEF00022222222222222222222222222222222F2
:10EF000033333333333333333333333333333333D1
:10EF100033333333333333333333333333333333C1
:10EF2000333333332222222222222222222222227D
:10EF3000222222222222222222222232333333335D
:10EF40003333333333333333333333333333333391
:10EF50003333333333333333333333333333333381
:10EF60002222222222222222222222222222222281
:10EF700022222222222232333333333333333333C8
:10EF80003333333333333333333333333333333351
:10EF90003333333333333333333333332222222285
:10EFA0002222222222222222222222222222222241
:10EFB0002232333333333333333333333333333333
:10EFC0003333333333333333333333333333333311
:10EFD0003333333333333333222222222222222289
:10EFE00022222222222222222222222232333333BE
:10EFF00033333333333333333333333333333333E1
:10F0000033333333333333333333333333333333D0
:10F01000333333332222222222222222222222228C
:10F020002222222222222222333333333333333338
:10F0300033333333333333333333333333333333A0
:10F040003333333333333333333333333333333390
:10F050002222222222222222222222222222222290
:10F0600022222233333333333333333333333333A3
:10F070003333333333333333333333333333333360
:10F080003333333333333333333333332222222294
:10F09000222222222222222222222222222233332E
:10F0A0003333333333333333333333333333333330
:10F0B0003333333333333333333333333333333320
:10F0C0003333333333333333222222222222222298
:10F0D000222222222222222222323333333333339A
:10F0E00033333333333333333333333333333333F0
:10F0F00033333333333333333333333333333333E0
:10F10000333333332222222222222222222222229B
:10F110002222222232333333333333333333333304
:10F1200033333333333333333333333333333333AF
:10F13000333333333333333333333333333333339F
:10F14000222222222222222222222222222222328F
:10F15000333333333333333333333333333333337F
:10F16000333333333333333333333333333333336F
:10F1700033333333333333333333333322222222A3
:10F18000222222222222222222222233333333330A
:10F19000333333333333333333333333333333333F
:10F1A000333333333333333333333333333333332F
:10F1B00033333333333333332222222222222222A7
:10F1C0002222222222223333333333333333333375
:10F1D00033333333333333333333333333333333FF
:10F1E00033333333333333333333333333333333EF
:10F1F00033333333222222222222222222222222AB
:10F2000022333333333333333333333333333333DF
:10F2100033333333333333333333333333333333BE
:10F2200033333333333333333333333333333333AE
:10F23000222222222222222222222222323333336B
:10F24000333333333333333333333333333333338E
:10F25000333333333333333333333333333333337E
:10F2600033333333333333333333333322222222B2
:10F2700022222222222222323333333333333333D6
:10F28000333333333333333333333333333333334E
:10F29000333333333333333333333333333333333E
:10F2A00033333333333333332222222222222222B6
:10F2B0002222323333333333333333333333333341
:10F2C000333333333333333333333333333333330E
:10F2D00033333333333333333333333333333333FE
:10F2E0003333333322222222222222222222333398
:10F2F00033333333333333333333333333333333DE
:10F3000033333333333333333333333333333333CD
:10F3100033333333333333333333333333333333BD
:10F320002222222222222222223333333333333346
:10F33000333333333333333333333333333333339D
:10F34000333333333333333333333333333333338D
:10F3500033333333333333333333333322222222C1
:10F3600022222222333333333333333333333333B1
:10F37000333333333333333333333333333333335D
:10F38000333333333333333333333333333333334D
:10F3900033333333333333332222222222222233B4
:10F3A000333333333333333333333333333333332D
:10F3B000333333333333333333333333333333331D
:10F3C000333333333333333333333333333333330D
:10F3D0003333333322222222222232333333333364
:10F3E00033333333333333333333333333333333ED
:10F3F00033333333333333333333333333333333DD
:10F4000033333333333333333333333333333333CC
:10F410002222222222323333333333333333333312
:10F4200033333333333333333333333333333333AC
:10F43000333333333333333333333333333333339C
:10F4400033333333333333333333333322222222D0
:10F45000323333333333333333333333333333337D
:10F46000333333333333333333333333333333336C
:10F47000333333333333333333333333333333335C
:10F480003333333333333333222222223333333390
:10F49000333333333333333333333333333333333C
:10F4A000333333333333333333333333333333332C
:10F4B000333333333333333333333333333333331C
:10F4C000333333332222223333333333333333333F
:10F4D00033333333333333333333333333333333FC
:10F4E00033333333333333333333333333333333EC
:10F4F00033333333333333333333333333333333DC
:10F5000022223333333333333333333333333333ED
:10F5100033333333333333333333333333333333BB
:10F5200033333333333333333333333333333333AB
:10F5300033333333333333333333333322323333AD
:10F54000333333333333333333333333333333338B
:10F55000333333333333333333333333333333337B
:10F56000333333333333333333333333333333336B
:10F57000333333333333333332333333333333335C
:10F58000333333333333333333333333333333334B
:10F59000333333333333333333333333333333333B
:10F5A000333333333333333333333333333333332B
:10F5B000333333333333333333333333333333331B
:10F5C000333333333333333333333333333333330B
:10F5D00033333333333333333333333333333333FB
:10F5E00033333333333333333333333333333333EB
:10F5F00033333333333333333333333333333333DB
:10F6000033333333333333333333333333333333CA
:10F6100033333333333333333333333333333333BA
:10F6200033333333333333333333333333333333AA
:10F63000333333333333333333333333333333339A
:10F64000333333333333333333333333333333338A
:10F65000333333333333333333333333333333337A
:10F66000333333333333333333333333333333336A
:10F67000333333333333333333333333333333335A
:10F68000333333333333333333333333333333334A
:10F69000333333333333333333333333333333333A
:10F6A000333333338CAE0100882500008704A0007B
:10F6B00078000000000000000000000000000000D2
:10F6C000000000000000000000000000000000003A
:10F6D000000000000000000000000000000000002A
:10F6E000000000000000000000000000000000001A
:10F6F000000000000000000000000000000000000A
:10F7000000000000000000000000000000000000F9
:10F7100000000000000000000000000000000000E9
:10F7200000000000000000000000000000000000D9
:10F7300000000000000000000000000000000000C9
:10F7400000000000000000000000000000000000B9
:10F7500000000000000000000000000000000000A9
:10F760000000000000000000000000000000000099
:10F770000000000000000000000000000000000089
:10F780000000000000000000000000000000000079
:10F790000000000000000000000000000077777704
:10F7A00077777700000000000000000000000000F4
:10F7B0000000000000000000000000000000000049
:10F7C0000000000000000000000000000000000039
:10F7D000000000000000000000777777777777005F
:10F7E0000000000000000000000000000000000019
:10F7F0000000000000000000000000000000000009
:10F8000000000000000000000000000000000000F8
:10F81000000000000077777777777700000000001E
:10F8200000000000000000000000000000000000D8
:10F8300000000000000000000000000000000000C8
:10F8400000000000000000000000000000000000B8
:10F8500000777777777777000000000000000000DE
:10F860000000000000000000000000000000000098
:10F870000000000000000000000000000000000088
:10F880000000000000000000000000000077777713
:10F890007777770000000000000000000000000003
:10F8A0000000000000000000000000000000000058
:10F8B0000000000000000000000000000000000048
:10F8C000000000000000000000777777777777006E
:10F8D0000000000000000000000000000000000028
:10F8E0000000000000000000000000000000000018
:10F8F0000000000000000000000000000000000008
:10F90000000000000077777777777700000000002D
:10F9100000000000000000000000000000000000E7
:10F9200000000000000000000000000000000000D7
:10F9300000000000000000000000000000000000C7
:10F9400000777777777777000000000000000000ED
:10F9500000000000000000000000000000000000A7
:10F960000000000000000000000000000000000097
:10F970000000000000000000000000000077777722
:10F980007777770000000000000000000000000012
:10F990000000000000000000000000000000000067
:10F9A0000000000000000000000000000000000057
:10F9B000000000000000000000777777777777007D
:10F9C0000000000000000000000000000000000037
:10F9D0000000000000000000000000000000000027
:10F9E0000000000000000000000000000000000017
:10F9F000000000000077777777777700000000003D
:10FA000000000000000000000000000000000000F6
:10FA100000000000000000000000000000000000E6
:10FA200000000000000000000000000000000000D6
:10FA300000777777777777000000000000000000FC
:10FA400000000000000000000000000000000000B6
:10FA500000000000000000000000000000000000A6
:10FA60000000000000000000000000000077777731
:10FA70007777770000000000000000000000000021
:10FA80000000000000000000000000000000000076
:10FA90000000000000000000000000000000000066
:10FAA000000000000000000000777777777777008C
:10FAB0000000000000000000000000000000000046
:10FAC0000000000000000000000000000000000036
:10FAD0000000000000000000000000000000000026
:10FAE000000000000077777777777700000000004C
:10FAF0000000000000000000000000000000000006
:10FB000000000000000000000000000000000000F5
:10FB100000000000000000000000000000000000E5
:10FB2000007777777777770000000000000000000B
:10FB300000000000000000000000000000000000C5
:10FB400000000000000000000000000000000000B5
:10FB50000000000000000000000000000077777740
:10FB60007777770000000000000000000000000030
:10FB70000000000000000000000000000000000085
:10FB80000000000000000000000000000000000075
:10FB9000000000000000000000777777777777009B
:10FBA0000000000000000000000000000000000055
:10FBB0000000000000000000000000000000000045
:10FBC0000000000000000000000000000000000035
:10FBD000000000000077777777777700000000005B
:10FBE0000000000000000000000000000000000015
:10FBF0000000000000000000000000000000000005
:10FC000000000000000000000000000000000000F4
:10FC1000007777777777770000000000000000001A
:10FC200000000000000000000000000000000000D4
:10FC300000000000000000000000000000000000C4
:10FC4000000000000000000000000000007777774F
:10FC5000777777000000000000000000000000003F
:10FC60000000000000000000000000000000000094
:10FC70000000000000000000000000000000000084
:10FC800000000000000000000077777777777700AA
:10FC90000000000000000000000000000000000064
:10FCA0000000000000000000000000000000000054
:10FCB0000000000000000000000000000000000044
:10FCC000000000000077777777777700000000006A
:10FCD0000000000000000000000000000000000024
:10FCE0000000000000000000000000000000000014
:10FCF0000000000000000000000000000000000004
:10FD00000077777777777700000000000000000029
:10FD100000000000000000000000000000000000E3
:10FD200000000000000000000000000000000000D3
:10FD3000000000000000000000000000007777775E
:10FD4000777777000000000000000000000000004E
:10FD500000000000000000000000000000000000A3
:10FD60000000000000000000000000000000000093
:10FD700000000000000000000077777777777700B9
:10FD80000000000000000000000000000000000073
:10FD90000000000000000000000000000000000063
:10FDA0000000000000000000000000000000000053
:10FDB0000000000000777777777777000000000079
:10FDC0000000000000000000000000000000000033
:10FDD0000000000000000000000000000000000023
:10FDE0000000000000000000000000000000000013
:10FDF0000077777777777700000000000000000039
:10FE000000000000000000000000000000000000F2
:10FE100000000000000000000000000000000000E2
:10FE2000000000000000000000000000007777776D
:10FE3000777777000000000000000000000000005D
:10FE400000000000000000000000000000000000B2
:10FE500000000000000000000000000000000000A2
:10FE600000000000000000000077777777777700C8
:10FE70000000000000000000000000000000000082
:10FE80000000000000000000000000000000000072
:10FE90000000000000000000000000000000000062
:10FEA0000000000000777777777777000000000088
:10FEB0000000000000000000000000000000000042
:10FEC0000000000000000000000000000000000032
:10FED0000000000000000000000000000000000022
:10FEE0000077777777777700000000000000000048
:10FEF0000000000000000000000000000000000002
:10FF000000000000000000000000000000000000F1
:10FF1000000000000000000000000000007777777C
:10FF2000777777000000000000000000000000006C
:10FF300000000000000000000000000000000000C1
:10FF400000000000000000000000000000000000B1
:10FF500000000000000000000077777777777700D7
:10FF60000000000000000000000000000000000091
:10FF70000000000000000000000000000000000081
:10FF80000000000000000000000000000000000071
:10FF90000000000000777777777777000000000097
:10FFA0000000000000000000000000000000000051
:10FFB0000000000000000000000000000000000041
:10FFC0000000000000000000000000000000000031
:10FFD0000077777777777700000000000000000057
:10FFE0000000000000000000000000000000000011
:10FFF0000000000000000000000000000000000001
:020000040005F5
:10000000000000000000000000000000007777778B
:10001000777777000000000000000000000000007B
:1000200000000000000000000000000000000000D0
:1000300000000000000000000000000000000000C0
:1000400000000000000000000077777777777700E6
:1000500000000000000000000000000000000000A0
:100060000000000000000000000000000000000090
:100070000000000000000000000000000000000080
:1000800000000000007777777777770000000000A6
:100090000000000000000000000000000000000060
:1000A0000000000000000000000000000000000050
:1000B0000000000000000000000000000000000040
:1000C0000077777777777700000000000000000066
:1000D0000000000000000000000000000000000020
:1000E0000000000000000000000000000000000010
:1000F000000000000000000000000000007777779B
:10010000777777000000000000000000000000008A
:1001100000000000000000000000000000000000DF
:1001200000000000000000000000000000000000CF
:1001300000000000000000000077777777777700F5
:1001400000000000000000000000000000000000AF
:10015000000000000000000000000000000000009F
:10016000000000000000000000000000000000008F
:1001700000000000007777777777770000000000B5
:10018000000000000000000000000000000000006F
:10019000000000000000000000000000000000005F
:1001A000000000000000000000000000000000004F
:1001B0000077777777777700000000000000000075
:1001C000000000000000000000000000000000002F
:1001D000000000000000000000000000000000001F
:1001E00000000000000000000000000000777777AA
:1001F000777777000000000000000000000000009A
:1002000000000000000000000000000000000000EE
:1002100000000000000000000000000000000000DE
:100220000000000000000000007777777777770004
:1002300000000000000000000000000000000000BE
:1002400000000000000000000000000000000000AE
:10025000000000000000000000000000000000009E
:1002600000000000007777777777770000000000C4
:10027000000000000000000000000000000000007E
:10028000000000000000000000000000000000006E
:10029000000000000000000000000000000000005E
:1002A0000077777777777700000000000000000084
:1002B000000000000000000000000000000000003E
:1002C000000000000000000000000000000000002E
:1002D00000000000000000000000000000777777B9
:1002E00077777700000000000000000000000000A9
:1002F00000000000000000000000000000000000FE
:1003000000000000000000000000000000000000ED
:100310000000000000000000007777777777770013
:1003200000000000000000000000000000000000CD
:1003300000000000000000000000000000000000BD
:1003400000000000000000000000000000000000AD
:1003500000000000007777777777770000000000D3
:10036000000000000000000000000000000000008D
:10037000000000000000000000000000000000007D
:10038000000000000000000000000000000000006D
:100390000077777777777700000000000000000093
:1003A000000000000000000000000000000000004D
:1003B000000000000000000000000000000000003D
:1003C00000000000000000000000000000777777C8
:1003D00077777700000000000000000000000000B8
:1003E000000000000000000000000000000000000D
:1003F00000000000000000000000000000000000FD
:100400000000000000000000007777777777770022
:1004100000000000000000000000000000000000DC
:1004200000000000000000000000000000000000CC
:1004300000000000000000000000000000000000BC
:1004400000000000007777777777770000000000E2
:10045000000000000000000000000000000000009C
:10046000000000000000000000000000000000008C
:10047000000000000000000000000000000000007C
:1004800000777777777777000000000000000000A2
:10049000000000000000000000000000000000005C
:1004A000000000000000000000000000000000004C
:1004B00000000000000000000000000000777777D7
:1004C00077777700000000000000000000000000C7
:1004D000000000000000000000000000000000001C
:1004E000000000000000000000000000000000000C
:1004F0000000000000000000007777777777770032
:1005000000000000000000000000000000000000EB
:1005100000000000000000000000000000000000DB
:1005200000000000000000000000000000000000CB
:1005300000000000007777777777770000000000F1
:1005400000000000000000000000000000000000AB
:10055000000000000000000000000000000000009B
:10056000000000000000000000000000000000008B
:1005700000777777777777000000000000000000B1
:10058000000000000000000000000000000000006B
:10059000000000000000000000000000000000005B
:1005A00000000000000000000000000000777777E6
:1005B00077777700000000000000000000000000D6
:1005C000000000000000000000000000000000002B
:1005D000000000000000000000000000000000001B
:1005E0000000000000000000007777777777770041
:1005F00000000000000000000000000000000000FB
:1006000000000000000000000000000000000000EA
:1006100000000000000000000000000000000000DA
:100620000000000000777777777777000000000000
:1006300000000000000000000000000000000000BA
:1006400000000000000000000000000000000000AA
:10065000000000000000000000000000000000009A
:1006600000777777777777000000000000000000C0
:10067000000000000000000000000000000000007A
:10068000000000000000000000000000000000006A
:1006900000000000000000000000000000777777F5
:1006A00077777700000000000000000000000000E5
:1006B000000000000000000000000000000000003A
:1006C000000000000000000000000000000000002A
:1006D0000000000000000000007777777777770050
:1006E000000000000000000000000000000000000A
:1006F00000000000000000000000000000000000FA
:1007000000000000000000000000000000000000E9
:10071000000000000077777777777700000000000F
:1007200000000000000000000000000000000000C9
:1007300000000000000000000000000000000000B9
:1007400000000000000000000000000000000000A9
:1007500000777777777777000000000000000000CF
:100760000000000000000000000000000000000089
:100770000000000000000000000000000000000079
:100780000000000000000000000000000077777704
:1007900077777700000000000000000000000000F4
:1007A0000000000000000000000000000000000049
:1007B0000000000000000000000000000000000039
:1007C000000000000000000000777777777777005F
:1007D0000000000000000000000000000000000019
:1007E0000000000000000000000000000000000009
:1007F00000000000000000000000000000000000F9
:10080000000000000077777777777700000000001E
:1008100000000000000000000000000000000000D8
:1008200000000000000000000000000000000000C8
:1008300000000000000000000000000000000000B8
:1008400000777777777777000000000000000000DE
:100850000000000000000000000000000000000098
:100860000000000000000000000000000000000088
:100870000000000000000000000000000077777713
:100880007777770000000000000000000000000003
:100890000000000000000000000000000000000058
:1008A0000000000000000000000000000000000048
:1008B000000000000000000000777777777777006E
:1008C0000000000000000000000000000000000028
:1008D0000000000000000000000000000000000018
:1008E0000000000000000000000000000000000008
:1008F000000000000077777777777700000000002E
:1009000000000000000000000000000000000000E7
:1009100000000000000000000000000000000000D7
:1009200000000000000000000000000000000000C7
:1009300000777777777777000000000000000000ED
:1009400000000000000000000000000000000000A7
:100950000000000000000000000000000000000097
:100960000000000000000000000000000077777722
:100970007777770000000000000000000000000012
:100980000000000000000000000000000000000067
:100990000000000000000000000000000000000057
:1009A000000000000000000000777777777777007D
:1009B0000000000000000000000000000000000037
:1009C0000000000000000000000000000000000027
:1009D0000000000000000000000000000000000017
:1009E000000000000077777777777700000000003D
:1009F00000000000000000000000000000000000F7
:100A000000000000000000000000000000000000E6
:100A100000000000000000000000000000000000D6
:100A200000777777777777000000000000000000FC
:100A300000000000000000000000000000000000B6
:100A400000000000000000000000000000000000A6
:100A50000000000000000000000000000077777731
:100A60007777770000000000000000000000000021
:100A70000000000000000000000000000000000076
:100A80000000000000000000000000000000000066
:100A9000000000000000000000777777777777008C
:100AA0000000000000000000000000000000000046
:100AB0000000000000000000000000000000000036
:100AC0000000000000000000000000000000000026
:100AD000000000000077777777777700000000004C
:100AE0000000000000000000000000000000000006
:100AF00000000000000000000000000000000000F6
:100B000000000000000000000000000000000000E5
:100B1000007777777777770000000000000000000B
:100B200000000000000000000000000000000000C5
:100B300000000000000000000000000000000000B5
:100B40000000000000000000000000000077777740
:100B50007777770000000000000000000000000030
:100B60000000000000000000000000000000000085
:100B70000000000000000000000000000000000075
:100B8000000000000000000000777777777777009B
:100B90000000000000000000000000000000000055
:100BA0000000000000000000000000000000000045
:100BB0000000000000000000000000000000000035
:100BC000000000000077777777777700000000005B
:100BD0000000000000000000000000000000000015
:100BE0000000000000000000000000000000000005
:100BF00000000000000000000000000000000000F5
:100C0000007777777777770000000000000000001A
:100C100000000000000000000000000000000000D4
:100C200000000000000000000000000000000000C4
:100C3000000000000000000000000000007777774F
:100C4000777777000000000000000000000000003F
:100C50000000000000000000000000000000000094
:100C60000000000000000000000000000000000084
:100C700000000000000000000077777777777700AA
:100C80000000000000000000000000000000000064
:100C90000000000000000000000000000000000054
:100CA0000000000000000000000000000000000044
:100CB000000000000077777777777700000000006A
:100CC0000000000000000000000000000000000024
:100CD0000000000000000000000000000000000014
:100CE0000000000000000000000000000000000004
:100CF000007777777777770000000000000000002A
:100D000000000000000000000000000000000000E3
:100D100000000000000000000000000000000000D3
:100D2000000000000000000000000000007777775E
:100D3000777777000000000000000000000000004E
:100D400000000000000000000000000000000000A3
:100D50000000000000000000000000000000000093
:100D600000000000000000000077777777777700B9
:100D70000000000000000000000000000000000073
:100D80000000000000000000000000000000000063
:100D90000000000000000000000000000000000053
:100DA0000000000000777777777777000000000079
:100DB0000000000000000000000000000000000033
:100DC0000000000000000000000000000000000023
:100DD0000000000000000000000000000000000013
:100DE0000077777777777700000000000000000039
:100DF00000000000000000000000000000000000F3
:100E000000000000000000000000000000000000E2
:100E1000000000000000000000000000007777776D
:100E2000777777000000000000000000000000005D
:100E300000000000000000000000000000000000B2
:100E400000000000000000000000000000000000A2
:100E500000000000000000000077777777777700C8
:100E60000000000000000000000000000000000082
:100E70000000000000000000000000000000000072
:100E80000000000000000000000000000000000062
:100E90000000000000777777777777000000000088
:100EA0000000000000000000000000000000000042
:100EB0000000000000000000000000000000000032
:100EC0000000000000000000000000000000000022
:100ED0000077777777777700000000000000000048
:100EE0000000000000000000000000000000000002
:100EF00000000000000000000000000000000000F2
:100F0000000000000000000000000000007777777C
:100F1000777777000000000000000000000000006C
:100F200000000000000000000000000000000000C1
:100F300000000000000000000000000000000000B1
:100F400000000000000000000077777777777700D7
:100F50000000000000000000000000000000000091
:100F60000000000000000000000000000000000081
:100F70000000000000000000000000000000000071
:100F80000000000000777777777777000000000097
:100F90000000000000000000000000000000000051
:100FA0000000000000000000000000000000000041
:100FB0000000000000000000000000000000000031
:100FC0000077777777777700000000000000000057
:100FD0000000000000000000000000000000000011
:100FE0000000000000000000000000000000000001
:100FF000000000000000000000000000007777778C
:10100000777777000000000000000000000000007B
:1010100000000000000000000000000000000000D0
:1010200000000000000000000000000000000000C0
:1010300000000000000000000077777777777700E6
:1010400000000000000000000000000000000000A0
:101050000000000000000000000000000000000090
:101060000000000000000000000000000000000080
:1010700000000000007777777777770000000000A6
:101080000000000000000000000000000000000060
:101090000000000000000000000000000000000050
:1010A0000000000000000000000000000000000040
:1010B0000077777777777700000000000000000066
:1010C0000000000000000000000000000000000020
:1010D0000000000000000000000000000000000010
:1010E000000000000000000000000000007777779B
:1010F000777777000000000000000000000000008B
:1011000000000000000000000000000000000000DF
:1011100000000000000000000000000000000000CF
:1011200000000000000000000077777777777700F5
:1011300000000000000000000000000000000000AF
:10114000000000000000000000000000000000009F
:10115000000000000000000000000000000000008F
:1011600000000000007777777777770000000000B5
:10117000000000000000000000000000000000006F
:10118000000000000000000000000000000000005F
:10119000000000000000000000000000000000004F
:1011A0000077777777777700000000000000000075
:1011B000000000000000000000000000000000002F
:1011C000000000000000000000000000000000001F
:1011D00000000000000000000000000000777777AA
:1011E000777777000000000000000000000000009A
:1011F00000000000000000000000000000000000EF
:1012000000000000000000000000000000000000DE
:101210000000000000000000007777777777770004
:1012200000000000000000000000000000000000BE
:1012300000000000000000000000000000000000AE
:10124000000000000000000000000000000000009E
:1012500000000000007777777777770000000000C4
:10126000000000000000000000000000000000007E
:10127000000000000000000000000000000000006E
:10128000000000000000000000000000000000005E
:101290000077777777777700000000000000000084
:1012A000000000000000000000000000000000003E
:1012B000000000000000000000000000000000002E
:1012C00000000000000000000000000000777777B9
:1012D00077777700000000000000000000000000A9
:1012E00000000000000000000000000000000000FE
:1012F00000000000000000000000000000000000EE
:101300000000000000000000007777777777770013
:1013100000000000000000000000000000000000CD
:1013200000000000000000000000000000000000BD
:1013300000000000000000000000000000000000AD
:1013400000000000007777777777770000000000D3
:10135000000000000000000000000000000000008D
:10136000000000000000000000000000000000007D
:10137000000000000000000000000000000000006D
:101380000077777777777700000000000000000093
:10139000000000000000000000000000000000004D
:1013A000000000000000000000000000000000003D
:1013B00000000000000000000000000000777777C8
:1013C00077777700000000000000000000000000B8
:1013D000000000000000000000000000000000000D
:1013E00000000000000000000000000000000000FD
:1013F0000000000000000000007777777777770023
:1014000000000000000000000000000000000000DC
:1014100000000000000000000000000000000000CC
:1014200000000000000000000000000000000000BC
:1014300000000000007777777777770000000000E2
:10144000000000000000000000000000000000009C
:10145000000000000000000000000000000000008C
:10146000000000000000000000000000000000007C
:1014700000777777777777000000000000000000A2
:10148000000000000000000000000000000000005C
:10149000000000000000000000000000000000004C
:1014A00000000000000000000000000000777777D7
:1014B00077777700000000000000000000000000C7
:1014C000000000000000000000000000000000001C
:1014D000000000000000000000000000000000000C
:1014E0000000000000000000007777777777770032
:1014F00000000000000000000000000000000000EC
:1015000000000000000000000000000000000000DB
:1015100000000000000000000000000000000000CB
:1015200000000000007777777777770000000000F1
:1015300000000000000000000000000000000000AB
:10154000000000000000000000000000000000009B
:10155000000000000000000000000000000000008B
:1015600000777777777777000000000000000000B1
:10157000000000000000000000000000000000006B
:10158000000000000000000000000000000000005B
:1015900000000000000000000000000000777777E6
:1015A00077777700000000000000000000000000D6
:1015B000000000000000000000000000000000002B
:1015C000000000000000000000000000000000001B
:1015D0000000000000000000007777777777770041
:1015E00000000000000000000000000000000000FB
:1015F00000000000000000000000000000000000EB
:1016000000000000000000000000000000000000DA
:101610000000000000777777777777000000000000
:1016200000000000000000000000000000000000BA
:1016300000000000000000000000000000000000AA
:10164000000000000000000000000000000000009A
:1016500000777777777777000000000000000000C0
:10166000000000000000000000000000000000007A
:10167000000000000000000000000000000000006A
:1016800000000000000000000000000000777777F5
:1016900077777700000000000000000000000000E5
:1016A000000000000000000000000000000000003A
:1016B000000000000000000000000000000000002A
:1016C0000000000000000000007777777777770050
:1016D000000000000000000000000000000000000A
:1016E00000000000000000000000000000000000FA
:1016F00000000000000000000000000000000000EA
:10170000000000000077777777777700000000000F
:1017100000000000000000000000000000000000C9
:1017200000000000000000000000000000000000B9
:1017300000000000000000000000000000000000A9
:1017400000777777777777000000000000000000CF
:101750000000000000000000000000000000000089
:101760000000000000000000000000000000000079
:101770000000000000000000000000000077777704
:1017800077777700000000000000000000000000F4
:101790000000000000000000000000000000000049
:1017A0000000000000000000000000000000000039
:1017B000000000000000000000777777777777005F
:1017C0000000000000000000000000000000000019
:1017D0000000000000000000000000000000000009
:1017E00000000000000000000000000000000000F9
:1017F000000000000077777777777700000000001F
:1018000000000000000000000000000000000000D8
:1018100000000000000000000000000000000000C8
:1018200000000000000000000000000000000000B8
:1018300000777777777777000000000000000000DE
:101840000000000000000000000000000000000098
:101850000000000000000000000000000000000088
:101860000000000000000000000000000077777713
:101870007777770000000000000000000000000003
:101880000000000000000000000000000000000058
:101890000000000000000000000000000000000048
:1018A000000000000000000000777777777777006E
:1018B0000000000000000000000000000000000028
:1018C0000000000000000000000000000000000018
:1018D0000000000000000000000000000000000008
:1018E000000000000077777777777700000000002E
:1018F00000000000000000000000000000000000E8
:1019000000000000000000000000000000000000D7
:1019100000000000000000000000000000000000C7
:1019200000777777777777000000000000000000ED
:1019300000000000000000000000000000000000A7
:101940000000000000000000000000000000000097
:101950000000000000000000000000000077777722
:101960007777770000000000000000000000000012
:101970000000000000000000000000000000000067
:101980000000000000000000000000000000000057
:10199000000000000000000000777777777777007D
:1019A0000000000000000000000000000000000037
:1019B0000000000000000000000000000000000027
:1019C0000000000000000000000000000000000017
:1019D000000000000077777777777700000000003D
:1019E00000000000000000000000000000000000F7
:1019F00000000000000000000000000000000000E7
:101A000000000000000000000000000000000000D6
:101A100000777777777777000000000000000000FC
:101A200000000000000000000000000000000000B6
:101A300000000000000000000000000000000000A6
:101A40000000000000000000000000000077777731
:101A50007777770000000000000000000000000021
:101A60000000000000000000000000000000000076
:101A70000000000000000000000000000000000066
:101A8000000000000000000000777777777777008C
:101A90000000000000000000000000000000000046
:101AA0000000000000000000000000000000000036
:101AB0000000000000000000000000000000000026
:101AC000000000000077777777777700000000004C
:101AD0000000000000000000000000000000000006
:101AE00000000000000000000000000000000000F6
:101AF00000000000000000000000000000000000E6
:101B0000007777777777770000000000000000000B
:101B100000000000000000000000000000000000C5
:101B200000000000000000000000000000000000B5
:101B30000000000000000000000000000077777740
:101B40007777770000000000000000000000000030
:101B50000000000000000000000000000000000085
:101B60000000000000000000000000000000000075
:101B7000000000000000000000777777777777009B
:101B80000000000000000000000000000000000055
:101B90000000000000000000000000000000000045
:101BA0000000000000000000000000000000000035
:101BB0000000000000000000000000000000000025
:101BC0000000000000000000000000000000000015
:101BD0000000000000000000000000000000000005
:101BE00000000000000000000000000000000000F5
:101BF00000000000000000000000000000000000E5
:101C000000000000000000000000000000000000D4
:101C100000000000000000000000000000000000C4
:101C200000000000000000000000000000000000B4
:101C3000000000008CAE0100882500008704A00091
:101C40007800000022222222020000000000000092
:101C50000000000000000000000000000000000084
:101C60000000000000000000000000000000000074
:101C70000000000000000000000000000000000064
:101C800022222222020000000000000000000000CA
:101C90000000000000000000000000000000000044
:101CA0000000000000000000000000000000000034
:101CB000000000000000000000000000222222229C
:101CC0000200000000000000000000000000000012
:101CD0000000000000000000000000000000000004
:101CE00000000000000000000000000000000000F4
:101CF000000000000000000022222222020000005A
:101D000000000000000000000000000000000000D3
:101D100000000000000000000000000000000000C3
:101D200000000000000000000000000000000000B3
:101D30000000000022222222020000000000000019
:101D40000000000000000000000000000000000093
:101D50000000000000000000000000000000000083
:101D60000000000000000000000000000000000073
:101D700022222222020000000000000000000000D9
:101D80000000000000000000000000000000000053
:101D90000000000000000000000000000000000043
:101DA00000000000000000000000000022222222AB
:101DB0000200000000000000000000000000000021
:101DC0000000000000000000000000000000000013
:101DD0000000000000000000000000000000000003
:101DE0000000000000000000222222220200000069
:101DF00000000000000000000000000000000000E3
:101E000000000000000000000000000000000000D2
:101E100000000000000000000000000000000000C2
:101E20000000000022222222020000000000000028
:101E300000000000000000000000000000000000A2
:101E40000000000000000000000000000000000092
:101E50000000000000000000000000000000000082
:101E600022222222020000000000000000000000E8
:101E70000000000000000000000000000000000062
:101E80000000000000000000000000000000000052
:101E900000000000000000000000000022222222BA
:101EA0000200000000000000000000000000000030
:101EB0000000000000000000000000000000000022
:101EC0000000000000000000000000000000000012
:101ED0000000000000000000222222220200000078
:101EE00000000000000000000000000000000000F2
:101EF00000000000000000000000000000000000E2
:101F000000000000000000000000000000000000D1
:101F10000000000022222222020000000000000037
:101F200000000000000000000000000000000000B1
:101F300000000000000000000000000000000000A1
:101F40000000000000000000000000000000000091
:101F500022222222020000000000000000000000F7
:101F60000000000000000000000000000000000071
:101F70000000000000000000000000000000000061
:101F800000000000000000000000000022222222C9
:101F9000020000000000000000000000000000003F
:101FA0000000000000000000000000000000000031
:101FB0000000000000000000000000000000000021
:101FC0000000000000000000222222220200000087
:101FD0000000000000000000000000000000000001
:101FE00000000000000000000000000000000000F1
:101FF00000000000000000000000000000000000E1
:102000000000000022222222020000000000000046
:1020100000000000000000000000000000000000C0
:1020200000000000000000000000000000000000B0
:1020300000000000000000000000000000000000A0
:102040002222222202000000000000000000000006
:102050000000000000000000000000000000000080
:102060000000000000000000000000000000000070
:1020700000000000000000000000000022222222D8
:10208000020000000000000000000000000000004E
:102090000000000000000000000000000000000040
:1020A0000000000000000000000000000000000030
:1020B0000000000000000000222222220200000096
:1020C0000000000000000000000000000000000010
:1020D0000000000000000000000000000000000000
:1020E00000000000000000000000000000000000F0
:1020F0000000000022222222020000000000000056
:1021000000000000000000000000000000000000CF
:1021100000000000000000000000000000000000BF
:1021200000000000000000000000000000000000AF
:102130002222222202000000000000000000000015
:10214000000000000000000000000000000000008F
:10215000000000000000000000000000000000007F
:1021600000000000000000000000000022222222E7
:10217000020000000000000000000000000000005D
:10218000000000000000000000000000000000004F
:10219000000000000000000000000000000000003F
:1021A00000000000000000002222222202000000A5
:1021B000000000000000000000000000000000001F
:1021C000000000000000000000000000000000000F
:1021D00000000000000000000000000000000000FF
:1021E0000000000022222222020000000000000065
:1021F00000000000000000000000000000000000DF
:1022000000000000000000000000000000000000CE
:1022100000000000000000000000000000000000BE
:102220002222222202000000000000000000000024
:10223000000000000000000000000000000000009E
:10224000000000000000000000000000000000008E
:1022500000000000000000000000000022222222F6
:10226000020000000000000000000000000000006C
:10227000000000000000000000000000000000005E
:10228000000000000000000000000000000000004E
:1022900000000000000000002222222202000000B4
:1022A000000000000000000000000000000000002E
:1022B000000000000000000000000000000000001E
:1022C000000000000000000000000000000000000E
:1022D0000000000022222222020000000000000074
:1022E00000000000000000000000000000000000EE
:1022F00000000000000000000000000000000000DE
:1023000000000000000000000000000000000000CD
:102310002222222202000000000000000000000033
:1023200000000000000000000000000000000000AD
:10233000000000000000000000000000000000009D
:102340000000000000000000000000002222222205
:10235000020000000000000000000000000000007B
:10236000000000000000000000000000000000006D
:10237000000000000000000000000000000000005D
:1023800000000000000000002222222202000000C3
:10239000000000000000000000000000000000003D
:1023A000000000000000000000000000000000002D
:1023B000000000000000000000000000000000001D
:1023C0000000000022222222020000000000000083
:1023D00000000000000000000000000000000000FD
:1023E00000000000000000000000000000000000ED
:1023F00000000000000000000000000000000000DD
:102400002222222202000000000000000000000042
:1024100000000000000000000000000000000000BC
:1024200000000000000000000000000000000000AC
:102430000000000000000000000000002222222214
:10244000020000000000000000000000000000008A
:10245000000000000000000000000000000000007C
:10246000000000000000000000000000000000006C
:1024700000000000000000002222222202000000D2
:10248000000000000000000000000000000000004C
:10249000000000000000000000000000000000003C
:1024A000000000000000000000000000000000002C
:1024B0000000000022222222020000000000000092
:1024C000000000000000000000000000000000000C
:1024D00000000000000000000000000000000000FC
:1024E00000000000000000000000000000000000EC
:1024F0002222222202000000000000000000000052
:1025000000000000000000000000000000000000CB
:1025100000000000000000000000000000000000BB
:102520000000000000000000000000002222222223
:102530000200000000000000000000000000000099
:10254000000000000000000000000000000000008B
:10255000000000000000000000000000000000007B
:1025600000000000000000002222222202000000E1
:10257000000000000000000000000000000000005B
:10258000000000000000000000000000000000004B
:10259000000000000000000000000000000000003B
:1025A00000000000222222220200000000000000A1
:1025B000000000000000000000000000000000001B
:1025C000000000000000000000000000000000000B
:1025D00000000000000000000000000000000000FB
:1025E0002222222202000000000000000000000061
:1025F00000000000000000000000000000000000DB
:1026000000000000000000000000000000000000CA
:102610000000000000000000000000002222222232
:1026200002000000000000000000000000000000A8
:10263000000000000000000000000000000000009A
:10264000000000000000000000000000000000008A
:1026500000000000000000002222222202000000F0
:10266000000000000000000000000000000000006A
:10267000000000000000000000000000000000005A
:10268000000000000000000000000000000000004A
:1026900000000000222222220200000000000000B0
:1026A000000000000000000000000000000000002A
:1026B000000000000000000000000000000000001A
:1026C000000000000000000000000000000000000A
:1026D0002222222202000000000000000000000070
:1026E00000000000000000000000000000000000EA
:1026F00000000000000000000000000000000000DA
:102700000000000000000000000000002222222241
:1027100002000000000000000000000000000000B7
:1027200000000000000000000000000000000000A9
:102730000000000000000000000000000000000099
:1027400000000000000000002222222202000000FF
:102750000000000000000000000000000000000079
:102760000000000000000000000000000000000069
:102770000000000000000000000000000000000059
:1027800000000000222222220200000000000000BF
:102790000000000000000000000000000000000039
:1027A0000000000000000000000000000000000029
:1027B0000000000000000000000000000000000019
:1027C000222222220200000000000000000000007F
:1027D00000000000000000000000000000000000F9
:1027E00000000000000000000000000000000000E9
:1027F0000000000000000000000000002222222251
:1028000002000000000000000000000000000000C6
:1028100000000000000000000000000000000000B8
:1028200000000000000000000000000000000000A8
:10283000000000000000000022222222020000000E
:102840000000000000000000000000000000000088
:102850000000000000000000000000000000000078
:102860000000000000000000000000000000000068
:1028700000000000222222220200000000000000CE
:102880000000000000000000000000000000000048
:102890000000000000000000000000000000000038
:1028A0000000000000000000000000000000000028
:1028B000222222220200000000000000000000008E
:1028C0000000000000000000000000000000000008
:1028D00000000000000000000000000000000000F8
:1028E0000000000000000000000000002222222260
:1028F00002000000000000000000000000000000D6
:1029000000000000000000000000000000000000C7
:1029100000000000000000000000000000000000B7
:10292000000000000000000022222222020000001D
:102930000000000000000000000000000000000097
:102940000000000000000000000000000000000087
:102950000000000000000000000000000000000077
:1029600000000000222222220200000000000000DD
:102970000000000000000000000000000000000057
:102980000000000000000000000000000000000047
:102990000000000000000000000000000000000037
:1029A000222222220200000000000000000000009D
:1029B0000000000000000000000000000000000017
:1029C0000000000000000000000000000000000007
:1029D000000000000000000000000000222222226F
:1029E00002000000000000000000000000000000E5
:1029F00000000000000000000000000000000000D7
:102A000000000000000000000000000000000000C6
:102A1000000000000000000022222222020000002C
:102A200000000000000000000000000000000000A6
:102A30000000000000000000000000000000000096
:102A40000000000000000000000000000000000086
:102A500000000000222222220200000000000000EC
:102A60000000000000000000000000000000000066
:102A70000000000000000000000000000000000056
:102A80000000000000000000000000000000000046
:102A900022222222020000000000000000000000AC
:102AA0000000000000000000000000000000000026
:102AB0000000000000000000000000000000000016
:102AC000000000000000000000000000222222227E
:102AD00002000000000000000000000000000000F4
:102AE00000000000000000000000000000000000E6
:102AF00000000000000000000000000000000000D6
:102B0000000000000000000022222222020000003B
:102B100000000000000000000000000000000000B5
:102B200000000000000000000000000000000000A5
:102B30000000000000000000000000000000000095
:102B400000000000222222220200000000000000FB
:102B50000000000000000000000000000000000075
:102B60000000000000000000000000000000000065
:102B70000000000000000000000000000000000055
:102B800022222222020000000000000000000000BB
:102B90000000000000000000000000000000000035
:102BA0000000000000000000000000000000000025
:102BB000000000000000000000000000222222228D
:102BC0000200000000000000000000000000000003
:102BD00000000000000000000000000000000000F5
:102BE00000000000000000000000000000000000E5
:102BF000000000000000000022222222020000004B
:102C000000000000000000000000000000000000C4
:102C100000000000000000000000000000000000B4
:102C200000000000000000000000000000000000A4
:102C3000000000002222222202000000000000000A
:102C40000000000000000000000000000000000084
:102C50000000000000000000000000000000000074
:102C60000000000000000000000000000000000064
:102C700022222222020000000000000000000000CA
:102C80000000000000000000000000000000000044
:102C90000000000000000000000000000000000034
:102CA000000000000000000000000000222222229C
:102CB0000200000000000000000000000000000012
:102CC0000000000000000000000000000000000004
:102CD00000000000000000000000000000000000F4
:102CE000000000000000000022222222020000005A
:102CF00000000000000000000000000000000000D4
:102D000000000000000000000000000000000000C3
:102D100000000000000000000000000000000000B3
:102D20000000000022222222020000000000000019
:102D30000000000000000000000000000000000093
:102D40000000000000000000000000000000000083
:102D50000000000000000000000000000000000073
:102D600022222222020000000000000000000000D9
:102D70000000000000000000000000000000000053
:102D80000000000000000000000000000000000043
:102D900000000000000000000000000022222222AB
:102DA0000200000000000000000000000000000021
:102DB0000000000000000000000000000000000013
:102DC0000000000000000000000000000000000003
:102DD0000000000000000000222222220200000069
:102DE00000000000000000000000000000000000E3
:102DF00000000000000000000000000000000000D3
:102E000000000000000000000000000000000000C2
:102E10000000000022222222020000000000000028
:102E200000000000000000000000000000000000A2
:102E30000000000000000000000000000000000092
:102E40000000000000000000000000000000000082
:102E500022222222020000000000000000000000E8
:102E60000000000000000000000000000000000062
:102E70000000000000000000000000000000000052
:102E800000000000000000000000000022222222BA
:102E90000200000000000000000000000000000030
:102EA0000000000000000000000000000000000022
:102EB0000000000000000000000000000000000012
:102EC0000000000000000000222222220200000078
:102ED00000000000000000000000000000000000F2
:102EE00000000000000000000000000000000000E2
:102EF00000000000000000000000000000000000D2
:102F00000000000022222222020000000000000037
:102F100000000000000000000000000000000000B1
:102F200000000000000000000000000000000000A1
:102F30000000000000000000000000000000000091
:102F400022222222020000000000000000000000F7
:102F50000000000000000000000000000000000071
:102F60000000000000000000000000000000000061
:102F700000000000000000000000000022222222C9
:102F8000020000000000000000000000000000003F
:102F90000000000000000000000000000000000031
:102FA0000000000000000000000000000000000021
:102FB0000000000000000000222222220200000087
:102FC0000000000000000000000000000000000001
:102FD00000000000000000000000000000000000F1
:102FE00000000000000000000000000000000000E1
:102FF0000000000022222222020000000000000047
:1030000000000000000000000000000000000000C0
:1030100000000000000000000000000000000000B0
:1030200000000000000000000000000000000000A0
:103030002222222202000000000000000000000006
:103040000000000000000000000000000000000080
:103050000000000000000000000000000000000070
:1030600000000000000000000000000022222222D8
:10307000020000000000000000000000000000004E
:103080000000000000000000000000000000000040
:103090000000000000000000000000000000000030
:1030A0000000000000000000222222220200000096
:1030B0000000000000000000000000000000000010
:1030C0000000000000000000000000000000000000
:1030D00000000000000000000000000000000000F0
:1030E0000000000022222222020000000000000056
:1030F00000000000000000000000000000000000D0
:1031000000000000000000000000000000000000BF
:1031100000000000000000000000000000000000AF
:103120002222222202000000000000000000000015
:10313000000000000000000000000000000000008F
:10314000000000000000000000000000000000007F
:1031500000000000000000000000000022222222E7
:10316000020000000000000000000000000000005D
:10317000000000000000000000000000000000004F
:10318000000000000000000000000000000000003F
:1031900000000000000000002222222202000000A5
:1031A000000000000000000000000000000000001F
:1031B000000000000000000000000000000000000F
:1031C00000000000000000000000000000000000FF
:1031D0000000000022222222020000000000000065
:1031E00000000000000000000000000000000000DF
:1031F00000000000000000000000000000000000CF
:1032000000000000000000000000000000000000BE
:103210002222222202000000000000000000000024
:10322000000000000000000000000000000000009E
:10323000000000000000000000000000000000008E
:1032400000000000000000000000000022222222F6
:10325000020000000000000000000000000000006C
:10326000000000000000000000000000000000005E
:10327000000000000000000000000000000000004E
:1032800000000000000000002222222202000000B4
:10329000000000000000000000000000000000002E
:1032A000000000000000000000000000000000001E
:1032B000000000000000000000000000000000000E
:1032C0000000000022222222020000000000000074
:1032D00000000000000000000000000000000000EE
:1032E00000000000000000000000000000000000DE
:1032F00000000000000000000000000000000000CE
:103300002222222202000000000000000000000033
:1033100000000000000000000000000000000000AD
:10332000000000000000000000000000000000009D
:103330000000000000000000000000002222222205
:10334000020000000000000000000000000000007B
:10335000000000000000000000000000000000006D
:10336000000000000000000000000000000000005D
:1033700000000000000000002222222202000000C3
:10338000000000000000000000000000000000003D
:10339000000000000000000000000000000000002D
:1033A000000000000000000000000000000000001D
:1033B0000000000022222222020000000000000083
:1033C00000000000000000000000000000000000FD
:1033D00000000000000000000000000000000000ED
:1033E00000000000000000000000000000000000DD
:1033F0002222222202000000000000000000000043
:1034000000000000000000000000000000000000BC
:1034100000000000000000000000000000000000AC
:103420000000000000000000000000002222222214
:10343000020000000000000000000000000000008A
:10344000000000000000000000000000000000007C
:10345000000000000000000000000000000000006C
:1034600000000000000000002222222202000000D2
:10347000000000000000000000000000000000004C
:10348000000000000000000000000000000000003C
:10349000000000000000000000000000000000002C
:1034A0000000000022222222020000000000000092
:1034B000000000000000000000000000000000000C
:1034C00000000000000000000000000000000000FC
:1034D00000000000000000000000000000000000EC
:1034E0002222222202000000000000000000000052
:1034F00000000000000000000000000000000000CC
:1035000000000000000000000000000000000000BB
:103510000000000000000000000000002222222223
:103520000200000000000000000000000000000099
:10353000000000000000000000000000000000008B
:10354000000000000000000000000000000000007B
:1035500000000000000000002222222202000000E1
:10356000000000000000000000000000000000005B
:10357000000000000000000000000000000000004B
:10358000000000000000000000000000000000003B
:1035900000000000222222220200000000000000A1
:1035A000000000000000000000000000000000001B
:1035B000000000000000000000000000000000000B
:1035C00000000000000000000000000000000000FB
:1035D0002222222202000000000000000000000061
:1035E00000000000000000000000000000000000DB
:1035F00000000000000000000000000000000000CB
:103600000000000000000000000000002222222232
:1036100002000000000000000000000000000000A8
:10362000000000000000000000000000000000009A
:10363000000000000000000000000000000000008A
:1036400000000000000000002222222202000000F0
:10365000000000000000000000000000000000006A
:10366000000000000000000000000000000000005A
:10367000000000000000000000000000000000004A
:1036800000000000222222220200000000000000B0
:10369000000000000000000000000000000000002A
:1036A000000000000000000000000000000000001A
:1036B000000000000000000000000000000000000A
:1036C0002222222202000000000000000000000070
:1036D00000000000000000000000000000000000EA
:1036E00000000000000000000000000000000000DA
:1036F0000000000000000000000000002222222242
:1037000002000000000000000000000000000000B7
:1037100000000000000000000000000000000000A9
:103720000000000000000000000000000000000099
:1037300000000000000000002222222202000000FF
:103740000000000000000000000000000000000079
:103750000000000000000000000000000000000069
:103760000000000000000000000000000000000059
:1037700000000000222222220200000000000000BF
:103780000000000000000000000000000000000039
:103790000000000000000000000000000000000029
:1037A0000000000000000000000000000000000019
:1037B000222222220200000000000000000000007F
:1037C00000000000000000000000000000000000F9
:1037D00000000000000000000000000000000000E9
:1037E0000000000000000000000000002222222251
:1037F00002000000000000000000000000000000C7
:1038000000000000000000000000000000000000B8
:1038100000000000000000000000000000000000A8
:10382000000000000000000022222222020000000E
:103830000000000000000000000000000000000088
:103840000000000000000000000000000000000078
:103850000000000000000000000000000000000068
:1038600000000000222222220200000000000000CE
:103870000000000000000000000000000000000048
:103880000000000000000000000000000000000038
:103890000000000000000000000000000000000028
:1038A000222222220200000000000000000000008E
:1038B0000000000000000000000000000000000008
:1038C00000000000000000000000000000000000F8
:1038D0000000000000000000000000002222222260
:1038E00002000000000000000000000000000000D6
:1038F00000000000000000000000000000000000C8
:1039000000000000000000000000000000000000B7
:10391000000000000000000022222222020000001D
:103920000000000000000000000000000000000097
:103930000000000000000000000000000000000087
:103940000000000000000000000000000000000077
:1039500000000000222222220200000000000000DD
:103960000000000000000000000000000000000057
:103970000000000000000000000000000000000047
:103980000000000000000000000000000000000037
:10399000222222220200000000000000000000009D
:1039A0000000000000000000000000000000000017
:1039B0000000000000000000000000000000000007
:1039C000000000000000000000000000222222226F
:1039D00002000000000000000000000000000000E5
:1039E00000000000000000000000000000000000D7
:1039F00000000000000000000000000000000000C7
:103A0000000000000000000022222222020000002C
:103A100000000000000000000000000000000000A6
:103A20000000000000000000000000000000000096
:103A30000000000000000000000000000000000086
:103A400000000000222222220200000000000000EC
:103A50000000000000000000000000000000000066
:103A60000000000000000000000000000000000056
:103A70000000000000000000000000000000000046
:103A800022222222020000000000000000000000AC
:103A90000000000000000000000000000000000026
:103AA0000000000000000000000000000000000016
:103AB000000000000000000000000000222222227E
:103AC00002000000000000000000000000000000F4
:103AD00000000000000000000000000000000000E6
:103AE00000000000000000000000000000000000D6
:103AF000000000000000000022222222020000003C
:103B000000000000000000000000000000000000B5
:103B100000000000000000000000000000000000A5
:103B20000000000000000000000000000000000095
:103B300000000000222222220200000000000000FB
:103B40000000000000000000000000000000000075
:103B50000000000000000000000000000000000065
:103B60000000000000000000000000000000000055
:103B700022222222020000000000000000000000BB
:103B80000000000000000000000000000000000035
:103B90000000000000000000000000000000000025
:103BA000000000000000000000000000222222228D
:103BB0000200000000000000000000000000000003
:103BC00000000000000000000000000000000000F5
:103BD00000000000000000000000000000000000E5
:103BE000000000000000000022222222020000004B
:103BF00000000000000000000000000000000000C5
:103C000000000000000000000000000000000000B4
:103C100000000000000000000000000000000000A4
:103C2000000000002222222202000000000000000A
:103C30000000000000000000000000000000000084
:103C40000000000000000000000000000000000074
:103C50000000000000000000000000000000000064
:103C600022222222020000000000000000000000CA
:103C70000000000000000000000000000000000044
:103C80000000000000000000000000000000000034
:103C9000000000000000000000000000222222229C
:103CA0000200000000000000000000000000000012
:103CB0000000000000000000000000000000000004
:103CC00000000000000000000000000000000000F4
:103CD000000000000000000022222222020000005A
:103CE00000000000000000000000000000000000D4
:103CF00000000000000000000000000000000000C4
:103D000000000000000000000000000000000000B3
:103D10000000000022222222020000000000000019
:103D20000000000000000000000000000000000093
:103D30000000000000000000000000000000000083
:103D40000000000000000000000000000000000073
:103D500022222222020000000000000000000000D9
:103D60000000000000000000000000000000000053
:103D70000000000000000000000000000000000043
:103D800000000000000000000000000022222222AB
:103D90000200000000000000000000000000000021
:103DA0000000000000000000000000000000000013
:103DB0000000000000000000000000000000000003
:103DC0000000000000000000222222220200000069
:103DD00000000000000000000000000000000000E3
:103DE00000000000000000000000000000000000D3
:103DF00000000000000000000000000000000000C3
:103E00000000000022222222020000000000000028
:103E100000000000000000000000000000000000A2
:103E20000000000000000000000000000000000092
:103E30000000000000000000000000000000000082
:103E400022222222020000000000000000000000E8
:103E50000000000000000000000000000000000062
:103E60000000000000000000000000000000000052
:103E700000000000000000000000000022222222BA
:103E80000200000000000000000000000000000030
:103E90000000000000000000000000000000000022
:103EA0000000000000000000000000000000000012
:103EB0000000000000000000222222220200000078
:103EC00000000000000000000000000000000000F2
:103ED00000000000000000000000000000000000E2
:103EE00000000000000000000000000000000000D2
:103EF0000000000022222222020000000000000038
:103F000000000000000000000000000000000000B1
:103F100000000000000000000000000000000000A1
:103F20000000000000000000000000000000000091
:103F300022222222020000000000000000000000F7
:103F40000000000000000000000000000000000071
:103F50000000000000000000000000000000000061
:103F600000000000000000000000000022222222C9
:103F7000020000000000000000000000000000003F
:103F80000000000000000000000000000000000031
:103F90000000000000000000000000000000000021
:103FA0000000000000000000222222220200000087
:103FB0000000000000000000000000000000000001
:103FC00000000000000000000000000000000000F1
:103FD00000000000000000000000000000000000E1
:103FE0000000000022222222020000000000000047
:103FF00000000000000000000000000000000000C1
:1040000000000000000000000000000000000000B0
:1040100000000000000000000000000000000000A0
:104020002222222202000000000000000000000006
:104030000000000000000000000000000000000080
:104040000000000000000000000000000000000070
:1040500000000000000000000000000022222222D8
:10406000020000000000000000000000000000004E
:104070000000000000000000000000000000000040
:104080000000000000000000000000000000000030
:104090000000000000000000222222220200000096
:1040A0000000000000000000000000000000000010
:1040B0000000000000000000000000000000000000
:1040C00000000000000000000000000000000000F0
:1040D0000000000022222222020000000000000056
:1040E00000000000000000000000000000000000D0
:1040F00000000000000000000000000000000000C0
:1041000000000000000000000000000000000000AF
:104110002222222202000000000000000000000015
:10412000000000000000000000000000000000008F
:10413000000000000000000000000000000000007F
:1041400000000000000000000000000022222222E7
:10415000020000000000000000000000000000005D
:10416000000000000000000000000000000000004F
:10417000000000000000000000000000000000003F
:1041800000000000000000002222222202000000A5
:10419000000000000000000000000000000000001F
:1041A000000000000000000000000000000000000F
:1041B00000000000000000000000000000000000FF
:1041C000000000008CAE01002800000087040800F9
:1041D00008000000103111011131111111311311BA
:1041E0003133333333111311111113111111131111
:1041F000101113018CAE010088000000870410002C
:10420000100000000000000000000000000000009E
:10421000000000000000000000000000000000009E
:10422000000000000000000000000000000000008E
:10423000000000000000000000000000000000007E
:10424000000000000000000000000000000000006E
:10425000000000000000000000000000000000005E
:10426000000000000000000000000000000000004E
:10427000000000000000000000000000000000003E
:10428000000000000000000000000000000000002E
:040000031000659DE7
:00000001FF

:1000000E41140E2FB82FA2BB97003314000000002E
:1000100E7B22636F6D7072657373696F6E223A2205
:1000200E4C5A4D41222C2268656164657253697A7F
:1000300E65223A3238362C227465787453697A65A3
:1000400E223A3132303132312C226E616D65223AD4
:1000500E224D6963726F3A4F53222C226555524CD2
:1000600E223A2268747470733A2F2F61726361643E
:1000700E652E6D616B65636F64652E636F6D2F22E8
:1000800E2C2265564552223A22312E31322E3536E9
:1000900E222C22707874546172676574223A226140
:1000A00E7263616465227D5D0000800057D6010099
:1000B00E00000000003D8889C65436C3174FE4E2A5
:1000C00EA55D4D7942DF06EAE0673224C22C24D7C3
:1000D00EE6FDE220B4369B30CDF5B9EF73BAEA7B7C
:1000E00EBBBE692C142860A8F2F6B57D57F38AB909
:1000F00EB20FECE3CEE1E8F17ADF12B89D15275886
:1001000E4169CBE9EE2258C18A575D0FA56DF629DC
:1001100E33D0C13281B754C3C261C31B13B51F3173
:1001200EDC732587E5053A8552DAD365B3DEEA0D31
:1001300E4D65B4EE8DBDF122604B413CA0B538B893
:1001400E2F7DB14CE3FE78D6D3E0631D46C66B38E7
:1001500E00C909A1C8A7528B358496AA35775BDAF8
:1001600E3FBFEA2EE6D4EB6430E9D001FBE745ACA5
:1001700E9A134331E48A04B2F5C4799E441DC92A08
:1001800E63968A1C65F01B48DEC03C0B6C500FD08A
:1001900EEC449C75B89B32398FBFE2A479D97E525C
:1001A00E42DD90FFAE45913FC8820C0E343FA1094F
:1001B00E5CA8D9C058626F3A701804E3865A716908
:1001C00E98F722FDA54C66E7FEFB0D469471329E14
:1001D00EC23EBE5198CD96AD15CB5F2BAA7F0BF8C4
:1001E00E6D4AA91FFA5FBC62BD5D74477510C96880
:1001F00E89D9E1E8C9E3E5B92597185A5937AA050F
:1002000EBE661F24826C20D3E6452D51481AA7F4F2
:1002100E326059D4CD7D753CC813983B5352D4C32C
:1002200E38C1288E4B323E9E886DC51124FBA0E24C
:1002300E11EE8FF68B1491CBB0F256E7C9560DA680
:1002400EEB8A0ED0D7917E2D30149BD70ECBB1B04A
:1002500EEE4CB9E8DB4C79DB07A446B15044C6F945
:1002600ED6CC934FB9173694F66A314507D0B4DE23
:1002700E711C93669564713C065DC97C1602AC4395
:1002800E492C31C534B09ED6F89674D680C23D083E
:1002900EDA26873E7525F880D6A8042B454AF0DF6E
:1002A00E5C44A4586805146D9E421387683AD9F2CF
:1002B00ED7EA0AB25AE890BF73343D86B095730FF1
:1002C00E37FF77D297CE43943D788E89815E6784CF
:1002D00E6F4BA50476C77F822607840AAE5FC16383
:1002E00E6ABCD5D926FA63AA0626AFF72D54495B08
:1002F00EC36E134C06F65651B91ED115E784CFA620
:1003000E8E8F8206083600DD8710C433DE69597081
:1003100E46C76EF0EC23219DB9F8933CA5B5C5A355
:1003200E88A8AAB2DF7D4821FBB8BB20460E46C086
:1003300E0AF9184142A668E955F690D3B401592B33
:1003400E6EB00615365DE355FACBE56B8B22BC9786
:1003500E6D764279D864B6551039E5D5FD7C871097
:1003600E22CB4189F7C671F7187D750DB69FA41281
:1003700E0DB3B4BBBDDBBD3540057B9FF9AE5498C4
:1003800EE34193178B0B5E08B35FD4DA69B296A282
:1003900E8E1C1417961EB8E5E8DB369C1BBB53BEAD
:1003A00E4E08165F99890CDC456D226CA0BCC2E22A
:1003B00E174A5C4639CC23C996C6086D415CD03BC2
:1003C00EB849D60D54C4C9F1D4BA725EC93D68AAF3
:1003D00E608FEB2BA8430E49C706DD3AD2AD26CB74
:1003E00E1F22875165FC2A6647D4D81A59B6A5B183
:1003F00E08C3144D377D40D4996530539FE3F048C0
:1004000EC91C168BB590EAB4E94A1C6409805522C2
:1004100E9A323D3FC46DB522603EB29D3E164539BF
:1004200E3A9E8631480E59C71B4F080C04D9279C9B
:1004300E20F8CC6A97113F8AB00A81D0465C3C47BF
:1004400E84102E781DDE9E74269BD61DCE63856588
:1004500E480F361D838F706F2E6AB4CB591F08B8A4
:1004600EEB4AAC2E3832DE684A3FB9BCB314CF41EA
:1004700E6DC98AA85A2FFEB34763D9E379B75522BF
:1004800E4852189D179F70EF1DFA3A6E4C2FE49C40
:1004900EA51DC505346AFEC0B1D52DE2B7AC274007
:1004A00EF2E7940AEEEFEB270CDF52418D6043D852
:1004B00E6BFEC534039C39AB10EF8C136B21D50446
:1004C00E3E2AE6D864C52B33062C97A8904578763D
:1004D00E5B5CF48C4A50D5F6C14185FFC530B4182B
:1004E00EF826F28C34812BAB6BA0F0A77119EE9825
:1004F00E18373336E205889FEB3973A8CECFC42C5C
:1005000E469BE03A4DEE898ADCE53C32953B0E8DFA
:1005100E2CEF23857DC8DFB7C8233609794E839D1E
:1005200EE65C0CE90DBBE50FD56CA82C309B8EA6B6
:1005300E188525E31F9338C9203A1661162DC7A0DA
:1005400E70B63BD8EBE1656A2813943CF48846EB11
:1005500EA607C44EF0036FD0FD63FDB2552B08788D
:1005600E1390B45BEE916E8826163E738225BD15F0
:1005700EF12B7D209EFBB5ED5206F3D2588F923DA6
:1005800E6E6F695EACB12F972969F967A3E7AAEF81
:1005900E83FF560F914485A8A30F7B8D28C7032C8C
:1005A00E7AB5C387241A1BFB4A38E3E85320548CD0
:1005B00E01CA3CFF5A34890E71057F027E2DC5A0FB
:1005C00E82DA27378627EC5A2A8046549545DB0077
:1005D00E0EF88B05641F7F7332A6D8A3E3D0FC3AC6
:1005E00E65BDA110D74692945ADBC6C3F316CEDE74
:1005F00E3EFCA38C5939A89F97D0726CC49A52C8EE
:1006000E15AEC1EAA0B36DB3E12F491257FF30E129
:1006100E80576B98C86DD207626DF398354AF7CE46
:1006200EB3896FE377C59B70D537A848D7E12CA463
:1006300E9D973989A0D3312B64B25D8C57D26DBD95
:1006400E82B76C6F2113BB7ACA73931E338E3681B9
:1006500E9F372CD53BCAEC7006B18DC16CB0786952
:1006600E164C6B8ED8ACBF869CD52AD3ACC88A905C
:1006700E99D77FE0AECCD098E9332666F538B388AB
:1006800ECA7572D7254879633C18E8570304A455F8
:1006900E0538AF5873E40CC78140046B9C704B3D1A
:1006A00E2E10E2FDE04D2C4C7514A4881C3749E742
:1006B00ECFBA9ABBAC924B90447638A3882B207855
:1006C00E2DB3C79DC9BD4E0751BDB2491185F173FA
:1006D00E287C83EE1181538F8959E30F786CD6A451
:1006E00ECD76E04770630A4A1CF96BF87F56AD333E
:1006F00E937961B24A9C603316B93B495570863B7B
:1007000EE275C91F204C5E215EE489BD6A9FA6C3B7
:1007100E0B9EC62B9BB753CD0596498AB7E69456CA
:1007200EFF801FA0B8D6AB2983FCEDE9E0FD1DC606
:1007300E57E18F40D3959B772FE8DFD7B1D7260AA5
:1007400E45AA4C514BEFCC64540A3747B148CF4EB3
:1007500EB9D383972B9F25C8C7506C6ECD52623884
:1007600EE282B8351589855736E34BA30B5D368388
:1007700E09A85BA1504685F0A020C4AB46E6FA7EE0
:1007800E0C527839030796BAC461305FA2F696CB45
:1007900E2DAC269D0FD99BAF440FE5041DCEB8920C
:1007A00E7ED8A8387DA000B7806929FFC47E665721
:1007B00E7C5D69B8640A9889BA7A0506135D45CAE4
:1007C00E31D4E3E5EE60658BB2008394C3BFFD3395
:1007D00ED97112322E9B727E02F28F7E7FA973A286
:1007E00E5917259B4F7E67A6C134F0D43D07C2E151
:1007F00E60193AC3C671CD2B54937CC50ABD1EBF7A
:1008000E1FB0E32274A50AC11243267994AC025C90
:1008100EAC05C59700831A304F78D8F64AC618CA69
:1008200E630C044267DD16553FCDCE3ACE33C3E995
:1008300EC0342AF0C905DD817381952A08D5641E5E
:1008400EEFEEC92536136322CA740349F1E8FEA8F8
:1008500E40575EF8F261364CD1F4BE7141BE64A7CA
:1008600E17FE50F80BFE88B48FE551255C453C29E8
:1008700EC52AF613D4288F73C5FF0A0BAAA98CA11B
:1008800E6435FDFD09680CA750EF21020D0A77D0E3
:1008900E1AA136CE315EA90BE4FC37196FE65E0362
:1008A00E09CD3BA4C78DC360EC1297594BB6BEB2AF
:1008B00EA345A834AE472E9424277961BA9E2C57AF
:1008C00E882B08B3D6FFECF7C9E9D87105DB17E220
:1008D00EA59C59E8C9FE0376CFBD1AEFE3136A0251
:1008E00E6B296564277C5741DC28A062FC441B50B1
:1008F00E7F7BE7FD171E346332E741247EE3A0536E
:1009000EFCD8B8F23F0FE5E2C44FD1A73C7840E3E4
:1009100EF2F960F482F3B41B1EE061FC2A88025FD8
:1009200E19212FD0BE742F9F39EE206A459509AD3F
:1009300E78DF48A71301E15C6B0A948297E1FBEE26
:1009400E09A9F6F3142E712D56327E17794D1AEF32
:1009500E8E3FD1C1A4044CAF16717838E61E358592
:1009600EF912C99965DB3D574502B364E3580E3F52
:1009700E01FF33ACC050BCEFB1AF5B30288464D5FF
:1009800E2970EDAD3B731C926C7C5645983FE193FC
:1009900EF30A84CE26FE0CAB7BF3C9A0CA15A5DCE8
:1009A00EDF6A821381AC190BC13431D2864AB2A1EF
:1009B00E1F74B96B5592707A4987BCBB32F9CCDE85
:1009C00E6B381139BD16B90C5BA33F341E86EA3560
:1009D00E29E501C07CCE5FF046F5B5EA7E00F2BD9A
:1009E00E76F5E2E4810C09B2634B1F64C03581FBDE
:1009F00EF03B0914203AF994185EA9BC833B3ECE15
:100A000E15EC1151B546E1BE8C9C3C4CBE1C4E11F2
:100A100E9FAE4B3D6171589EFF6FA14B389E135B8D
:100A200E40CB4BEF3182238E0B60FE08F88C80504A
:100A300E816C842BD37545850B33B2F32C43D431A3
:100A400E37E06A9D7D6FA7AAAE79303348A9C7AE4D
:100A500EFA507F250AE0091F706E32EE58F32769AF
:100A600EE3B17877E67A8B3409840CD5D65F4014DF
:100A700E0E8E1F1637529EEB7C9F06E43E72E18F60
:100A800E0A3D8ECC1CF9744E0E091082776F1595A7
:100A900EA23B894FF416648EDDB1253847AD64CB89
:100AA00E0EB91BB23A1E7F29D81C832F7D867D6A14
:100AB00EC91CE2493AEE6D1A6D328F2B7EC78E0538
:100AC00EFE6DF6EBDDF003C6653194A0C7E272A4AD
:100AD00E59A14B63E43BEBB7D3C1DBF47562F5DA96
:100AE00E42469AD020FD5BA9EB3198D15E11C3DB53
:100AF00E240A0A67BB67CED9515AD1DDACBFCC45AB
:100B000EDB0342B8A3C85F481EC94D100F88BECB89
:100B100E7C457E58239BDA3E38239A0D84A2C89ECC
:100B200EC753B553B6F2E917F18E699E55E5AD6C14
:100B300E9F18C779C811C3A70D0D95E3112170EE4B
:100B400EF53FCB137A67C1503924700AAECC8DA70E
:100B500EF774ADFE3875616C84F7348695698065DF
:100B600E436813DA956E791EFBD40380ED00C855E9
:100B700E509FC12D32ED36F2F439A1ED0715C5EBBC
:100B800E3E3254F2E59FDF3488ECE65C70C803BF5A
:100B900E8A75DC01704F1EBEA6A9A3CFE72E44EBCB
:100BA00ECA39A40F7EB2A784D1799CE340506EDB84
:100BB00E4C59B7163DB6AFAE09D2CDCBAC8EFC4E6E
:100BC00EF99DCBDBB4932F4AF15133A9B65FFD8E5D
:100BD00EE88982ADE6236DC953A53267128DD2FC2A
:100BE00E932308A1A4F55ACBEB2386AE9C682D392E
:100BF00E158C56F97D3030C2A3E20B27A3901B66ED
:100C000E5EE308F972BF39592B67AD815B3680FD03
:100C100E4C6701F4BEFF01B047D01AF3F7D40E9221
:100C200E3A7A99B70525DC180E79556AA67A81DFCE
:100C300EE03F1E9E54C706F6442CCD3564C25BA41D
:100C400E5309FDCFA29B1F680D2E9B3F30789E3817
:100C500E8127D6F14723EB57EFF15AE7C700C25869
:100C600EF096D9727E165128FC7AD546E67A5F75D3
:100C700E53ACD115436A33842DBA09EACE989BA59D
:100C800E3B37820B4079F9C89FAAC33C7E1DD72CF7
:100C900E741DD5AF9B0224FC7FEAC196CAA3BC8EFD
:100CA00EF5437518FFE6FFF034BA1C6AC2FA970EC8
:100CB00EA2BFB48D8E2550ABFD80F181B240EE3EC9
:100CC00EB0F31F86F88AC4F440D9F81195A62B28E4
:100CD00E9D2DE4B1816D0EAE662020B55B1E7F5B4F
:100CE00E95C59A066632834D2C0648134120AB6B90
:100CF00E8B729C0A1E604A94C9C39BE4891B7EDDDD
:100D000E0ED86B4123A9F3DB2194AE2229269965D7
:100D100E515F16C58C5BC30F2E9AF77E392501E104
:100D200E4836B5549BE208489DE4179A8AFDAD28D3
:100D300E3BE6BA003A4504F2B86AABE1EA9C2DFCF8
:100D400E3936C588F57642DD5C1F0589C58389EB8A
:100D500EDDFAEE2BD046DCE2FF92766A1E350715E1
:100D600E4B6AA74DEDD9C187DE351E1A6BE0380CE4
:100D700EC653B4C26D4E8EE5375E1D84916685B046
:100D800EF69929AB74C27B4C842A9B6FB7A9A2FE3D
:100D900E879167D698B0B8A1565E2AE4E14CAB367F
:100DA00E6B2489D6BA62C01D5148F2690445883653
:100DB00E7566EC3859BEA6F93C1116D80D1EA45C0A
:100DC00E0778C11CD64A9A42B1A52FC6354F8F9EC1
:100DD00EDA4440FD24D4A9819DE9A3FDA0EDD46D94
:100DE00E04D14458821FC5314BFD448706F8F8459F
:100DF00ECA8BE25D9C7E24181ABD76F3F3FB5B3C36
:100E000EB2B04CA38FF9F89B8A194DDA269E047264
:100E100ED90A4D4ABEC309A2701F71BA16ECC23A66
:100E200ED1B301648922D19057179A410945366092
:100E300ED7CE3EA58D69A85F3C896EF406F5542881
:100E400E77D26490B32898C6F637814E6073FCB89B
:100E500E3D005273263D2262C67BE8739072915A12
:100E600E02C1179C67C36B3F9C6485B91E6B090654
:100E700E3845C91F75B354CF1FB96046102F61177F
:100E800E4690A457D57A8A8FF1181F0976C58E4BD6
:100E900E433A10B4A407DC6E19EDC14525986BDCFE
:100EA00EC071108A13A8EF3B87A7208F73B9837187
:100EB00E9F993828180D3C3C615164C27CDDEE3E92
:100EC00E4A9BDF69327AFEF42019185BEB70D8EA80
:100ED00E9E32C017AE3CAC1E43692049F4E87EA397
:100EE00E9DCA0F6519A672A2C61072D879AC477E3C
:100EF00E2E378D3CDDFFB31F431DA229C3AC2F9BA4
:100F000EE3BC5DA1FF2EBF7DE98A6211C97AFA8E1C
:100F100E1FCB0479A56B3CC0E18E121B9BB20C99C2
:100F200E999F34B2C19B45B03EFD6F3024429A86E4
:100F300EE7D35DCB7C5B8DE6CAD76488F2A33BBC5E
:100F400E8FF560169B47571E50401103C55307FF80
:100F500E6A93214B58E153E956AEEA431FA836EC8B
:100F600E6780F2647B2822A9EE3C2475B5E0FA3F37
:100F700EAF3AC9892FF295490267C0ECD98F741127
:100F800E7B0D75EE45B98EF730B9C0DDCB295DFF0F
:100F900E75CFD4F6E2F57987CEB5E0FAE5B2741CDA
:100FA00EB2063E32C1683EE0323F14947071FBD4FB
:100FB00E354CE2DE4D284FA73C1BD1EB8929C28F61
:100FC00EDB9CDE52222F57B21A336C9FF64E56FC24
:100FD00E7B6A129236D0319CDA1A732BB6B5172D66
:100FE00E952DF6C4E965A7B5C80B5A32C4C7FB6A7E
:100FF00E92C8A45C039CFEBACA8742BD7226F5D97C
:1010000ED9895AFA9754A52E9D7B667C0D4287FE90
:1010100ED01C09B7105300ED3322B691A953B188F5
:1010200ED3393B8F50ED441B28513FC3F880F3500A
:1010300EE8959F949BDFA6BCD0807D23B02126B976
:1010400E7C51DC71A99B6F1049EF8A47096A87337F
:1010500ECB9CF8F64077A5D55B3B8400E905B6AE90
:1010600EBA473590C898C67F99546520E08FF5171A
:1010700EF2FC58D4D6BF8EEF662A78AAE4957BA3ED
:1010800EEBAE6E19B2EACE6F9650EA275EDE6C7C3E
:1010900E5920AE720A2621BEB102BC180801E8D74B
:1010A00E33A320AFE98A40911F5FC35F3F6856AA02
:1010B00E0A16EA18024B060510D28BB11558763077
:1010C00E8BF120EB4B4DAAE590EC26276EBF393500
:1010D00E4BAF22975B840CB5DD8B4871A6A57320B0
:1010E00E3420E8BD7EBF70C9E5EC251F68FD7B90FE
:1010F00EA4719736DF35EC881E4636B425FE0BEB11
:1011000EA0087A6AAFC99647BB7C4856CF1762666D
:1011100E472390D33E7382FF272FE281FCFCCA5EE9
:1011200EF522363E5973040A314117FADF4153193D
:1011300E8FB75BEB4B07EC69143EF14E3D170EB4C7
:1011400EFEBDD46761E4DC541F68E3F9C173FF147C
:1011500E6D7D1739BBABD2CDD38F7CD0ADAEAF8307
:1011600E0212869FB3214E0636F650995323995F8D
:1011700E2FB4E3B29E5010F36B82D6EC45E37C8025
:1011800E13421BA587CB6A92A06104B5ACAFE9D61A
:1011900E3D6CF93B9A133F6F3D64DB15398118F1B5
:1011A00E1F7D2A6459F5DC9087EF815C63B0B56FC3
:1011B00ED09F471C24E60618D9D7F70168E37E278F
:1011C00EC7EA40451DE71C0975294FE0047744DC4A
:1011D00ED932F0E620D032D72CCC755649F4CF1C3C
:1011E00E46B353F0DDB8EDFFE8070AE2BD83815345
:1011F00EE7187F340C875A052DE9574D43E963D123
:1012000EC75C0B7D58236D89D9DFA2FC7657DC3382
:1012100EE8547BF393211F4BD7E3EC6D7EC4284536
:1012200E06A083CB83E81D70CF69CF2779530B12AD
:1012300ED8CE84214B305DC2721E08A10DDE63A98B
:1012400EBAE2CEF598EDF6B7A5A5A1408FD8D41188
:1012500ED83916E9F0164B5A1313689F36688D214C
:1012600E21024D68F0C8F5057AEA0C2560B71F7C9F
:1012700E647F219011FA2D58D99868DB3D9DA0C44A
:1012800E522DDEF0BFD77E4F658571B6E709AB3BB9
:1012900EB919E5FC28EB359852E219EC22415B3482
:1012A00EDA76B540C74EF540B29960466151BD3110
:1012B00E1902FACA6D5C9F82BC46F4217C799EBFEE
:1012C00E31BA9AC570E72AEC294E7966472100801B
:1012D00E240EEBA0C75F07D0C07FF5FE4BDC74BABF
:1012E00E43D2A5F20E39C02DDB0569114E24BBC3C6
:1012F00EC900506D2C16B7EB6BA0D081D6DCA5F1D2
:1013000E3CA3B3E1E59D57D13DA8D6DCF8957AAB69
:1013100E15D4ABD1783E83EEE2858D619F30E77DAB
:1013200E89D25979713C2802A0B0770E6EA2A1180D
:1013300E53D5DA6905C2BF1EE85730037AE2E028BA
:1013400E54B62D65FD8ABCAD3444CDDD0D1DC7B63A
:1013500E5FDDFF9C2BD1424CBD77EBEE2DBDC8C897
:1013600E25342236DC7E43FCB47D068D6D111A06C3
:1013700E4259376AA1C8E1EA3E7FF739DB3F72C5B1
:1013800EFA189F447FD7A871BE02D1960B2BDA5D57
:1013900E0F7F89DA75C6154563E31E4C9F6EE2AA70
:1013A00E5A2F8DCC8B94E92DD7F236534E1FA28C2B
:1013B00EFEC551E7E8E987D808EF7EB1C44A8D2C07
:1013C00E7B9CEF3A160ED3E20D80B76B4383185415
:1013D00E68574E49D9815207D17B91DFB9F11283FB
:1013E00E3C8E8655D4DAD2332DEC5AB0E5E3A9DF24
:1013F00E3B2777B46D47854427A45F64A271BCE098
:1014000E0C72588F926ACC54573CA479A14E4EB7A9
:1014100E205751AAFD8490F1F8AB639C57067ED2FB
:1014200E446FD85BAC0DE7B7FFE06AC92B23A4402D
:1014300EA3930BF17B162D199416AADB6F651ABDBB
:1014400E78276F4F551475DE532062C9B53645DFC8
:1014500E40158FEAEDF45F8B4172245276F5493FC9
:1014600E2BFAC3C69A43EAD53898D2BAB837C1997F
:1014700E8A27F823F2D666FE76EB14D886205ED144
:1014800E26C68A0D1BC143F3928743A322521CAF7B
:1014900E7A519DDB0AB61EF4D7D56A4F2B7378703E
:1014A00E361300C2E20356E3F40D4E3210342E8B87
:1014B00EE49AB16F3ED66EA4CCAE79A0E232511151
:1014C00E46D2C3B0FD94163DBA64D6F531AE83D77D
:1014D00E67730D84CCFFFCD78E3600000000000031
