:10000000000002209D650100C5650100C765010073
:10001000C9650100CB650100CD650100000000004D
:10002000000000000000000000000000CF6501009B
:10003000D165010000000000D3650100D565010015
:10004000D7650100FD5501003D6401000164010018
:1000500015640100D7650100094F0100ED6B010037
:10006000256001002D60010035600100D7650100A9
:10007000D7650100D7650100D7650100D76501008C
:10008000D7650100D7650100D7650100D76501007C
:10009000D7650100D7650100D7650100D76501006C
:1000A000D7650100D76501003D6001004560010092
:1000B000D7650100D76501000000000000000000C6
:1000C000D7650100D7650100D765010029640100EB
:1000D000D7650100D7650100D7650100D76501002C
:1000E0006564010000000000000000000000000046
:1000F00000000000D765010000000000516401000D
:1001000000000000000000000000000000000000EF
:1001100000000000000000000000000000000000DF
:1001200000000000000000000000000000000000CF
:1001300000000000000000000000000000000000BF
:1001400000000000000000000000000000000000AF
:10015000000000000000000000000000000000009F
:10016000000000000000000000000000000000008F
:10017000000000000000000000000000000000007F
:10018000000000000000000000000000000000006F
:10019000000000000000000000000000000000005F
:1001A000000000000000000000000000000000004F
:1001B000000000000000000000000000000000003F
:1001C000000000000000000000000000000000002F
:1001D000000000000000000000000000000000001F
:1001E000000000000000000000000000000000000F
:1001F00000000000000000000000000000000000FF
:100200007CB0EE877CB0EE87FF00FF00FF00FF00B0
:10021000FF00FF00FF00FF00FF00FF00FF00FF00E6
:10022000FF00FF00FF00FF00FF00FF00FF00FF00D6
:10023000FF00FF00FF00FF002DE9F04F85B00391A4
:100240000778A7F10903042B044607F07F0200F1A9
:100250000100F5D9202AF3D02B2F04BF677804467C
:100260002D2F72D09FED427B8DED007B4FF000086B
:100270004FF000098FB34FF0000E4FF0000ADFF887
:1002800000B1754619E019F0EFFA8046894630460C
:1002900019F084FA42464B4619F034F9524680462A
:1002A00089465B46DDE9000135B319F007FCCDE96D
:1002B0000001AE4614F8017F7FB1A7F13006092E88
:1002C00052465B4640464946DDD9C5B92E2F16D168
:1002D00014F8017F0125002FEFD142464B46DDE99E
:1002E000000119F0C1FA80468946039B4046494601
:1002F0001C6005B0BDE8F08F4FF0010EDAE7BEF1EB
:10030000000F29D042464B46DDE9000119F0ACFA56
:1003100007F0DF07452F80468946E6D10399601C28
:100320000A2219F0D3F816490246002019F0FCFD04
:1003300002460B464046494619F096FA80468946E1
:100340004046494605B0BDE8F08F9FED0B7B6778CE
:100350008DED007B013489E7DFF828904FF000082D
:100360004046494605B0BDE8F08F00BFAFF30080BE
:10037000000000000000F03F000000000000F0BF9F
:10038000000024400000F87F2DE9F84F16460023B6
:10039000002204460D4619F0D9FC002840F09D804B
:1003A000002200232046294619F0C6FC28B130223D
:1003B000002332707370BDE8F88F2046294617F08D
:1003C00055FD19F001FD7BA3D3E9002381462946A1
:1003D000204619F0BBFC002800F08680B9F1000F20
:1003E000C0F2BE804A4600206F4919F09DFD0246CA
:1003F0000B462046294619F061FB04460D4666A1CE
:10040000D1E9000101274FF0000822462B4619F0E0
:100410002BFA0022654B19F075F819F0C1FD002F79
:10042000CC464FF0FF3AC1464FF0000840F38580BC
:10043000DFF888E15E4C0122AEF1700945F6F32544
:100440004FF02E0BA94208BFA0424FF0300309D352
:10045000001B61EB0501A94208BFA04203F10103A3
:10046000F6D2DBB2337050EA010306F1010409D180
:10047000BA4210DACE4502F101020CD026467EE8DF
:100480000245DFE7BA4204BF86F801B0B41CCE458E
:1004900002F10102F2D1B8F1000F0DD02246302155
:1004A00002F8011BC2F1010353442344002BF7DC83
:1004B0002AEAEA7301331C44BCF1010F4CD06523D6
:1004C000BCF1000F2370C5BF2B236370611CA11CFE
:1004D0006046BDE8F84F0FF05FBF05F100431D46D1
:1004E0002D23337001365BE72DA3D3E9002320468B
:1004F000294619F049FC00287FF470AFB9F10E0FBE
:1005000009F101073DDDA9F10E0842460020264908
:1005100019F00AFD02460B462046294619F0CEFA8C
:100520000022224B18F0EEFF19F03AFD002FA9F13E
:100530000F0A4FF0010C3FF77BAF334630222E24D9
:1005400003F8022B74707FEA090618D01E4403F8E2
:10055000012BB342FBD16BE700232370BDE8F88F7A
:10056000C9F100020020104919F0DEFC02460B46DA
:100570002046294619F078F904460D463FE71E4605
:1005800056E7C9F10E0200200749C84619F0CCFC15
:100590004FF0010939E700BF0000901EC4BCD642ED
:1005A00050EFE2D6E41A4B44000024400000E03F44
:1005B00000407A108DEDB5A0F7C6B03EB8AA010094
:1005C00070B54FF0FF3006F035FA04466FF07F400B
:1005D00006F030FA0646204619F0D0F800220C4BFF
:1005E00019F042F9044630460D4619F0C7F806A343
:1005F000D3E9002319F062FA02460B462046294649
:1006000018F080FF70BD00BF0000E0DFFFFF6F4308
:100610000000F03D000000002DE9F04F2DED028BB1
:10062000044683B0C06819F0B9F88046206989464D
:1006300019F0B4F8824660698B4619F0AFF80246AB
:1006400001F1004306460F464046494617F0BAFA04
:1006500019F002FCE062054617F068F9019028469F
:1006600017F018F9019B0546184619F0A9F84246FB
:100670004B4619F0F9F880462846894619F0A0F84B
:1006800032463B4619F0F0F802460B4640464946D2
:1006900018F036FF02460B465046594617F092FABC
:1006A00019F0DAFB002208EE100A00233046394622
:1006B00019F06AFB28B3B5EEC08AF1EE10FA1CDD22
:1006C00011A7D7E9006718EE100A19F079F8024669
:1006D0000B463046394618F013FF32463B4618F0B9
:1006E00011FF19F0B9FBA062E38843F00203E38035
:1006F00003B0BDEC028BBDE8F08F05A7D7E900671A
:10070000E1E784ED0A8AEFE7EA2E4454FB21F93F42
:10071000EA2E4454FB21F9BF08B511F02BF9DFEDA7
:100720000C7A07EE100A67EE277A17EE900A19F096
:1007300047F805A3D3E9002319F0C0F919F044FBE9
:1007400008BD00BFAFF30080EA2E4454FB211940DE
:100750000000B4430000000008B511F01FF9DFED00
:100760000C7A07EE100A67EE277A17EE900A19F056
:1007700027F805A3D3E9002319F0A0F919F024FB09
:1007800008BD00BFAFF30080EA2E4454FB2119409E
:100790000000B44300000000494A21F000439342A6
:1007A0002DE9704304460D464BDC464A93420E4603
:1007B0000EDC3FA3D3E9002318F0A4FE0022424B35
:1007C00019F0E2FA00284CD020462946BDE8708393
:1007D0003E4A93423BDCB3F1804F42DD16F040FFCE
:1007E0002246804689462B462046294619F03CF889
:1007F0000022354B18F086FE17F0F6FD02460B4638
:100800004046494618F07EFE02460B4600202E491F
:1008100019F054F9424604460D464B4640464946B7
:1008200018F070FE02460B462046294618F06AFE74
:1008300002F06AF8002EC9DC01F100431946BDE858
:10084000708302460B4618F05DFEBDE8708316F01B
:1008500007FF02F059F818A3D3E9002318F052FE5D
:10086000E8E722462B462046294618F0FDFF804641
:1008700089462046294616F0F3FE002204460D461E
:10088000114B4046494618F03DFE17F0ADFD0022E1
:100890000D4B18F037FE02460B464046494619F00C
:1008A0000DF922462B4618F02DFE00F0C5FAC1E7DF
:1008B0009C7500883CE4377EEF39FAFE422EE63F15
:1008C000FFFFEF7FFFFF2F3E0000F03F0000B04131
:1008D0002DE9F84FC44B21F000469E4204460D46D8
:1008E0008A460EDDC14B9E4200F3AC8000F0A7802B
:1008F000BAF1000F40F3EA809FA1D1E90001BDE801
:10090000F88FBB4B9E4200F3B580A3F1DE739E428D
:1009100040F3A0804FF0FF3B22462B46204629465D
:1009200018F0A2FF02460B468046894618F09CFF4D
:1009300093A3D3E9002306460F4618F095FF92A330
:10094000D3E9002318F0DEFD32463B4618F08CFF59
:100950008FA3D3E9002318F0D5FD32463B4618F0AB
:1009600083FF8DA3D3E9002318F0CCFD32463B462C
:1009700018F07AFF8AA3D3E9002318F0C3FD3246AA
:100980003B4618F071FF88A3D3E9002318F0BAFDA5
:1009900042464B4618F068FF85A3D3E90023804602
:1009A00089463046394618F05FFF83A3D3E9002318
:1009B00018F0A6FD32463B4618F056FF80A3D3E957
:1009C000002318F09DFD32463B4618F04DFF7EA3F4
:1009D000D3E9002318F094FD32463B4618F044FF5B
:1009E0007BA3D3E9002318F08BFD32463B4618F079
:1009F0003BFFBBF1FF3F02460B466CD040464946E9
:100A000018F080FD22462B4618F02EFF794E7A4BC7
:100A10004FEACB0B5E449B44DBE9002318F070FDEA
:100A200022462B4618F06CFD02460B46D6E9000123
:100A300018F066FDBAF1000F43DBBDE8F88F00281F
:100A40003FF456AF22462B462046294618F05AFD61
:100A5000BDE8F88F60A3D3E9002318F053FD00220E
:100A6000664B19F091F900283FF454AF204629460F
:100A7000BDE8F88F16F0F4FD614B9E4204460D462A
:100A800039DCA3F550239E425EDC02460B4618F08B
:100A900039FD0022594B18F033FD002206460F465F
:100AA0004FF080432046294618F02CFD02460B46A5
:100AB0003046394619F002F84FF0000B04460D4657
:100AC0002AE701F100431946BDE8F88F44A1D1E9B6
:100AD0000001BDE8F88F4046494618F013FD224654
:100AE0002B4618F0C1FE02460B462046294618F058
:100AF00007FDBDE8F88F434B9E421ADC0022424BB3
:100B000018F0FEFC002206460F463F4B20462946C1
:100B100018F0AAFE0022394B18F0F4FC02460B46EE
:100B20003046394618F0CAFF4FF0020B04460D4616
:100B3000F2E602460B460020344918F0BFFF4FF0A2
:100B4000030B04460D46E7E600222C4B18F0D8FCB8
:100B5000002206460F46294B2046294618F0D2FCB3
:100B600002460B463046394618F0A8FF4FF0010BFD
:100B700004460D46D0E600BF182D4454FB21F93F32
:100B800011DA22E33AAD903FEB0D76244B7BA93F7F
:100B9000513DD0A0660DB13F6E204CC5CD45B73F4D
:100BA000FF8300922449C23F0D5555555555D53FF9
:100BB0002F6C6A2C44B4A2BF9AFDDE522DDEAD3FED
:100BC0006D9A74AFF2B0B33F711623FEC671BC3F8D
:100BD000C4EB98999999C93F9C7500883CE4377E8D
:100BE000182D4454FB21F9BFFFFF0F440000F07F94
:100BF000FFFFDB3FC8AA0100E8AA01000000F03FA8
:100C0000FFFFF23FFF7F03400000F83F0000F0BF0E
:100C10002DE9F843C1F30A59A9F2FF35132D024615
:100C20000B460C4606468846074622DC002D50DB64
:100C3000DFF8F09049FA05F901EA090E5EEA0606C6
:100C40001CD036A3D3E9002318F05CFC002200235B
:100C500019F09AF848B1002C04DD4FF4801343FAE0
:100C600005F5A84428EA0904002721463846BDE8CE
:100C7000F883332D06DDB5F5806F3DD0104619465B
:100C8000BDE8F883A9F213494FF0FF3E2EFA09F9A7
:100C900010EA090FF2D021A3D3E9002318F032FCA7
:100CA0000022002319F070F80028DED0002C09DDA6
:100CB000142D2BD00127C5F1340507FA05F5AE191F
:100CC00028BFB844444626EA090721463846BDE80D
:100CD000F88312A3D3E9002318F014FC00220023A8
:100CE00019F052F80028C0D0002C0BDB54EA06079C
:100CF00006D00027084CB8E718F004FCBDE8F883DC
:100D00003C46B2E700274FF00044AEE704F101088B
:100D1000D8E700BFAFF300800000F03F9C7500886B
:100D20003CE4377EFFFF0F002DE9F041C1F30A5785
:100D3000A7F2FF35132D02460B460C4688460646A1
:100D40001CDC002D3FDB3A4F2F41864601EA070CA1
:100D50005CEA0E0E17D034A3D3E9002318F0D2FBBF
:100D60000022002319F010F820B1002C3FDB28EA04
:100D70000704002621463046BDE8F081332D06DD0C
:100D8000B5F5806F2FD010461946BDE8F081A7F267
:100D900013474FF0FF3E2EFA07F73842F3D022A355
:100DA000D3E9002318F0AEFB0022002318F0ECFF7B
:100DB0000028DFD0002C20DB444626EA0706214627
:100DC0003046BDE8F08118A3D3E9002318F09AFB60
:100DD0000022002318F0D8FF0028CBD0002C17DB0E
:100DE00000263446C6E718F08DFBBDE8F0814FF4CD
:100DF000801343FA05F5A844B9E7142D10D0012358
:100E0000C5F1340503FA05F5AE1928BF9844D3E7B8
:100E100024F00042074B324318BF1C460026A9E7C6
:100E200004F10108C8E700BF9C7500883CE4377EE8
:100E3000FFFF0F000000F0BF2DE9F04FD84B9942A3
:100E400087B0804689460E4613DCD64B21F000441D
:100E50009C4218DD0022D44B18F06EFF002879D098
:100E6000002200230020D14918F028FE07B0BDE879
:100E7000F08FCF4B99422FDD42464B4618F042FB94
:100E800007B0BDE8F08FCB4B9C4270DDCA4B1E44CF
:100E90009E427ED80022C94B4046494618F032FB9C
:100EA0004FEA215AAAF2FF3ABAF1000F04460D4662
:100EB0000E4640F3DE8142464B4618F021FB0246C7
:100EC0000B460020BD4918F01BFB22462B4618F0AC
:100ED000F5FDCDE902010BE0B94B9E42DADD9FED55
:100EE0009A7B8DED027B4FEA265A4446AAF2FF3ADE
:100EF000B44BC6F313069E4246F07F5500F3E780DD
:100F000045F44015204629460022AC4B18F0F8FA6B
:100F1000002204460D46AC4B18F0A6FC22462B4698
:100F200018F0A2FCA046CDE90401A946CDE90001D4
:100F3000002E3AD1002200232046294618F0FCFE5C
:100F4000002800F0CE80BAF1000F40F0748100203C
:100F5000002195E742464B464046314618F0D0FA0C
:100F600002460B4618F0AAFD07B0BDE8F08F00223C
:100F7000964B18F0C7FA0022002318F005FF00284E
:100F800000F0CC80924B9C4200F3C880404649461A
:100F900076E700228C4B18F067FC42464B4618F06F
:100FA00063FCCDE900014FF0000A00224FF08043BE
:100FB0004046494618F0A6FA02460B4640464946C6
:100FC00018F07CFD02460B4606460F4618F04CFC16
:100FD0005FA3D3E9002304460D4618F045FC5EA349
:100FE000D3E9002318F08EFA22462B4618F03CFC79
:100FF0005BA3D3E9002318F085FA22462B4618F0AC
:1010000033FC59A3D3E9002318F07CFA22462B467F
:1010100018F02AFC56A3D3E9002318F073FA2246ED
:101020002B4618F021FC54A3D3E9002318F06AFAE8
:1010300022462B4618F018FC51A3D3E9002318F0E0
:1010400061FA22462B4618F00FFC04460D46BAF111
:10105000000F00F0BF80504618F0A0FB4AA3D3E970
:10106000002382468B4618F0FFFBDDE90023CDE923
:1010700004012046294618F045FA32463B4618F04E
:10108000F3FB43A3D3E9002304460D4650465946DB
:1010900018F0EAFBDDE9022318F034FA02460B46A9
:1010A0002046294618F02EFA02460B46DDE90001DB
:1010B00018F026FA42464B4618F022FA02460B4632
:1010C000DDE9040118F01CFA07B0BDE8F08F45F423
:1010D0000015C6F5801620462946B6100AF1010A09
:1010E00012E72DA3D3E900232046294618F0BCFBC4
:1010F00002460B460020314918F002FADDE90423CC
:1011000018F0B2FB06460F46BAF1000F73D1024643
:101110000B462046294618F0F3F9B1E642464B4605
:101120004046494618F0A0FB0022274B18F09CFBD4
:1011300002460B464046494618F0E2F907B0BDE8C2
:10114000F08F00BFAFF3008000000000000000003F
:1011500044523EDF12F1C23F9FC678D0099AC33F86
:10116000DE03CB966446C73FAF788E1DC571CC3F7A
:10117000599322942449D23F04FA97999999D93FD7
:10118000935555555555E53F0000E0FE422EE63F8C
:10119000763C7935EF39EA3D555555555555E53F7E
:1011A0007982DA3FFFFFEF3F0000F0BF000050C33D
:1011B000FFFFEF7FFFFF1F3E3C412D400000F03F4F
:1011C000FFFF3F439DA006000000E03F00005043AA
:1011D000FFFF8F3CDDE9004522462B4618F092F9CF
:1011E00032463B4618F040FB02460B462046294655
:1011F00018F086F99CE7504618F0D0FA23A3D3E9FB
:10120000002382468B4618F02FFB22A3D3E900234C
:10121000804689465046594618F026FBDDE90223F0
:1012200018F070F902460B463046394618F068F956
:1012300022462B46DCE7504618F0B0FA15A3D3E956
:10124000002306460F4618F00FFBDDE9022318F0D5
:1012500059F90EA3D3E9002304460D46304639461A
:1012600018F002FB02460B462046294618F04AF9C0
:1012700006E60022044B18F043F902460B464046AE
:10128000494618F03DF920E60000F03F0000E0FE7E
:10129000422EE63F763C7935EF39EA3D000000000A
:1012A00008B516F063FD04A3D3E9002318F006FC8B
:1012B00008BD00BFAFF30080EF39FAFE422EE63FD3
:1012C0002DE9F043DFF8B4808BB004460D4601F001
:1012D000F3F898F90030013306460F462BD022462A
:1012E0002B462046294618F059FD814618BB20465A
:1012F000294616F0B5F91FA3D3E9002318F044FDE1
:10130000C8B1194A98F90030CDF820900321CDE9F1
:101310000445CDE902458DE806008BB9134B4FF02B
:101320006042CDE90623684617F0ECFE70B1089BD9
:101330009BB9DDE90667304639460BB0BDE8F0835E
:101340000B490020022BCDE90601ECD118F066F81C
:1013500022230360089B002BEBD018F05FF8089B5A
:101360000360E6E7AFF30080CCBD0100FFFFEF476D
:101370000000F07F7DF8B98FCE338640FB0100205E
:101380002DE9F043DFF8E4808BB004460D4601F010
:1013900043F998F90030013306460F4633D0204612
:1013A000294617F0A9FE70B32CA3D3E900232046E9
:1013B000294618F0E9FC814650BB2AA3D3E9002353
:1013C0002046294618F0C2FCE8B198F90030204ABE
:1013D000CDF82090002600270421022BCDE90445FA
:1013E000CDE90245CDE906678DE8060029D06846BB
:1013F00017F088FE28B3089B1BB118F00FF8089B64
:101400000360DDE90667304639460BB0BDE8F0837E
:101410000F4A98F90030019203210022CDE90445DA
:10142000CDE90245009108922BB90A4B4FF060427A
:10143000CDE90623DBE708490020022BCDE90601B0
:10144000D5D117F0EBFF22230360D4E7AFF3008080
:10145000D4BD0100FFFFEF470000F07FEF39FAFE37
:10146000422E864051302DD5104987C0FB01002007
:101470002DE9F04FDFF80C938DB006460F46144669
:101480001D4601F0C5FC99F90080B8F1FF3FCDE998
:10149000000136D022462B462046294618F07EFC15
:1014A000834670BB32463B463046394618F076FCE0
:1014B0008246002840F0A2803046394600220023B0
:1014C00018F03AFC10B3002200232046294618F0F9
:1014D00033FC834600286AD09FEDA17B0122A44BF8
:1014E000CDF828A00292CDE90467CDE906458DED3F
:1014F000087B0393B8F1000F45D09FED9B7B8DEDEA
:10150000007BDDE900010DB0BDE8F08FDDE90001F1
:1015100017F0F2FD8046002800F08D804FF0000AA1
:101520004FF0000BDDE9000152465B4618F004FC69
:101530000028E6D03046394617F0DEFD0028E0D01E
:101540002046294617F0D8FD0028DAD099F9003056
:10155000874A039204210022022BCDE90467CDE9DA
:101560000645CDE908AB02910A9203D002A817F014
:10157000C9FD68B917F052FF2223036008E09FED10
:10158000787B8DED087B02A817F0BCFD002830D0D9
:101590000A9B1BB117F042FF0A9B03609DED087B7D
:1015A0008DED007BDDE900010DB0BDE8F08F204638
:1015B000294617F0A1FD0028A3D0002200232046D1
:1015C000294618F0C3FB00289BD099F90030684ADF
:1015D000CDF828B00121CDE90467CDE90645029197
:1015E0000392002BCBD063490020022BCDE90801E8
:1015F000C9D117F013FF21230360C9E7002200239C
:101600002046294618F098FB00283FF47AAF5A4B41
:101610005749CDF828B000220120B8F1020FCDE9DA
:1016200004670290CDE90645CDE908230391AAD1CC
:10163000CDE9002365E73046394617F05DFD002807
:101640003FF46CAF2046294617F056FD00283FF4C2
:1016500065AFDDE900231046194618F09FFB00280E
:101660005FD1032399F900800293414B0A90CDE9A1
:101670000467CDE906450393B8F1000F2BD1DFF8DD
:1016800008B14FF0604A0022002330463946CDE9C8
:1016900008AB18F05BFB00283FF468AF0022374B23
:1016A0002046294618F0E0F804460D4617F032FDB2
:1016B00002460B462046294618F03EFB70BB304BD5
:1016C00099F900804FF06042CDE90823B8F1020F8C
:1016D0007FF44CAF4EE7DFF8B4B04FF0000A0022C1
:1016E000002330463946CDE908AB18F02FFB00281F
:1016F000ECD00022214B2046294618F0B5F80446CC
:101700000D4617F007FD02460B462046294618F005
:1017100013FB18B9174B0022CDE9082399F9008073
:10172000D4E799F90090124BCDF828800122CDE939
:101730000467CDE9064502920393B9F1000F3FF427
:101740001EAF002200231046194618F0B7F9B9F170
:10175000020FCDE908013FF44CAF14E7AFF300806E
:101760000000000000000000000000000000F03F4A
:10177000ECBD01000000F0FF0000F03F0000E03F82
:10178000FFFFEFC7FB010020FFFFEF470000F07FE6
:101790002DE9F84FC44E21F00043B34204460D46F4
:1017A0000DDD03F1404303F58013034340F0B9809E
:1017B000002940F3408100200021BDE8F88FBB4E96
:1017C000B34240F3A6800029C0F2788102460B465E
:1017D0000020B74917F094FE0022B64B18F044F8E9
:1017E00004460D4616F000FE95A3D3E90023894672
:1017F00080462946204618F037F893A3D3E9002302
:1018000017F080FE22462B4618F02EF890A3D3E95D
:10181000002317F075FE22462B4618F025F88EA3FC
:10182000D3E9002317F06EFE22462B4618F01CF871
:101830008BA3D3E9002317F063FE22462B4618F052
:1018400013F889A3D3E9002317F05CFE22462B4648
:1018500018F00AF886A3D3E9002382468B46204677
:10186000294618F001F884A3D3E9002317F048FEB5
:1018700022462B4617F0F8FF81A3D3E9002317F087
:1018800041FE22462B4617F0EFFF7FA3D3E900234A
:1018900017F036FE22462B4617F0E6FF0022844B57
:1018A00017F030FE02460B465046594618F006F92E
:1018B00042464B4617F0D8FF002682468B463246FA
:1018C0004B463046494617F0CFFF02460B462046AE
:1018D000294617F015FE324604460D464B46404653
:1018E000494617F00FFE02460B462046294618F0DF
:1018F000E5F802460B465046594617F003FE3246BD
:101900004B4617F0FFFD02460B4617F0FBFDBDE806
:10191000F88F694A93420EDC5DA1D1E90001BDE870
:10192000F88F02460B4617F0EBFD02460B4618F007
:10193000C5F8BDE8F88F02460B4617F095FF40A3A7
:10194000D3E9002306460F4617F08EFF3EA3D3E9E6
:10195000002317F0D7FD32463B4617F085FF3CA326
:10196000D3E9002317F0CCFD32463B4617F07CFF4D
:1019700039A3D3E9002317F0C5FD32463B4617F0E3
:1019800073FF37A3D3E9002317F0BAFD32463B4675
:1019900017F06AFF34A3D3E9002317F0B3FD3246F2
:1019A0003B4617F061FF32A3D3E900238046894606
:1019B0003046394617F058FF2FA3D3E9002317F01C
:1019C0009FFD32463B4617F04FFF2DA3D3E900237E
:1019D00017F098FD32463B4617F046FF2AA3D3E99D
:1019E000002317F08DFD32463B4617F03DFF0022E5
:1019F0002F4B17F087FD02460B464046494618F02C
:101A00005DF822462B4617F02FFF02460B4622A117
:101A1000D1E9000117F074FD02460B462046294625
:101A200017F06EFD02460B4619A1D1E9000117F02F
:101A300067FDBDE8F88F1AA1D1E90001BDE8F88F74
:101A400009F7FD0DE13D023F88B20175E0EF493F26
:101A50003B8F68B52882A43F5544880E55C1C93FC5
:101A60007D6FEB0312D6D43F555555555555C53F9F
:101A700082922EB1C5B8B33F59018D1B6C06E63F6B
:101A8000C88A599CE52A00404B2D8A1C273A0340FE
:101A9000182D4454FB21F93F075C143326A6913CD2
:101AA000182D4454FB210940FFFFEF3FFFFFDF3FAC
:101AB0000000F03F0000E03F0000603C00225C4B73
:101AC00017F020FD00225B4B17F0CEFE40A3D3E9B8
:101AD000002304460D4617F0C7FE3FA3D3E90023B9
:101AE00017F010FD22462B4617F0BEFE3CA3D3E9AB
:101AF000002317F005FD22462B4617F0B5FE3AA34A
:101B0000D3E9002317F0FEFC22462B4617F0ACFE6B
:101B100037A3D3E9002317F0F3FC22462B4617F036
:101B2000A3FE35A3D3E9002317F0ECFC22462B4695
:101B300017F09AFE804689462046294616F054FC46
:101B40002FA3D3E9002306460F462046294617F067
:101B50008BFE2DA3D3E9002317F0D2FC22462B469F
:101B600017F082FE2AA3D3E9002317F0CBFC22460C
:101B70002B4617F079FE28A3D3E9002317F0C0FC09
:101B800022462B4617F070FE0022294B17F0BAFCB4
:101B900002460B464046494617F090FF32463B4608
:101BA00017F062FE1EA3D3E9002317F0A9FC32460A
:101BB0003B4617F0A7FC02460B4617F0A3FC024673
:101BC0000B4619A1D1E9000117F09AFCBDE8F88F86
:101BD00009F7FD0DE13D023F88B20175E0EF493F95
:101BE0003B8F68B52882A43F5544880E55C1C93F34
:101BF0007D6FEB0312D6D43F555555555555C53F0E
:101C000082922EB1C5B8B33F59018D1B6C06E63FD9
:101C1000C88A599CE52A00404B2D8A1C273A03406C
:101C2000075C143326A6913C182D4454FB2109402F
:101C30000000F03F0000E03F434A91422DE9F843A5
:101C400004460D4639DD414A914209DD02F17952DF
:101C5000914240DD02460B4617F054FCBDE8F88384
:101C600001F1404202F58012024330D0B1F1804FC1
:101C70003ADC0022364B17F043FC02460B46044682
:101C80000D4617F03FFC224606460F462B462046DF
:101C9000294617F0E9FD02460B463046394617F053
:101CA00031FC16F0A1FB0B4602462946204617F0F0
:101CB00029FCBDE8F843FFF7BFB802460B4617F012
:101CC0001FFC02460B4617F0F9FEBDE8F883002022
:101CD0000021BDE8F88300F017FE19A3D3E9002323
:101CE00017F010FCBDE8F88302460B4617F0BCFD68
:101CF0000022174B17F004FC16F076FB22468046B4
:101D000089462B462046294617F0FCFB42460646EC
:101D10000F464B462046294617F0F4FB02460B4679
:101D200000200B4917F0CAFE0B46024639463046E2
:101D300017F0E6FBBDE8F84300F0E6BDAFF3008026
:101D4000EF39FAFE422EE63FFFFFEF3FFFFFAF41C4
:101D50000000F03F000000002DE9F047BE4B21F0ED
:101D60000048984584B004460D4612DD08F140480D
:101D700008F58018034658EA030321D002460B46B3
:101D800017F0BEFB02460B4617F098FE04B0BDE804
:101D9000F087B24B98458A4629DCB8F1795F80F22A
:101DA000658191A3D3E9002317F0ACFB0022AC4B73
:101DB00017F0EAFFD8B12046294604B0BDE8F08705
:101DC0008BA3D3E9002317F04FFD8BA3D3E90023A6
:101DD00006460F462046294617F046FD02460B46AA
:101DE0003046394617F08EFB04B0BDE8F087204638
:101DF000294615F035FC02460B460020984917F09D
:101E00007FFB0022974B17F02FFD7DA3D3E9002322
:101E100004460D4617F028FD7BA3D3E9002317F0F5
:101E200071FB22462B4617F01FFD79A3D3E900234F
:101E300017F066FB22462B4617F016FD76A3D3E972
:101E4000002317F05FFB22462B4617F00DFD74A30D
:101E5000D3E9002317F054FB22462B4617F004FD6C
:101E600071A3D3E9002317F04DFB22462B4617F050
:101E7000FBFC6FA3D3E90023CDE9000120462946EE
:101E800017F0F2FC6CA3D3E9002317F039FB2246CC
:101E90002B4617F0E9FC6AA3D3E9002317F032FBC5
:101EA00022462B4617F0E0FC67A3D3E9002317F086
:101EB00027FB22462B4617F0D7FC694B002217F070
:101EC00021FBCDE902012046294616F08DFA664B2A
:101ED000984506460F4666DCDDE90223DDE9000190
:101EE00017F0ECFD3246CDE900013B46304639465D
:101EF00017F008FB02460B46DDE9000117F0B4FCC1
:101F00004FF00008CDE9000142463B4640463946C5
:101F100017F0AAFC02460B462046294617F0F0FAB5
:101F2000424604460D463B463046394617F0EAFA2B
:101F300002460B462046294617F0C0FD02460B46D6
:101F400017F0E0FA02460B462BA1D1E9000117F089
:101F5000D7FA02460B46DDE9000117F0D1FA4246F6
:101F600004460D463B464046394617F0CBFA02463A
:101F70000B4637A1D1E9000117F0C2FA02460B4621
:101F80002046294617F0BCFA02460B4630A1D1E99B
:101F9000000117F0B5FABAF1000F3FF7F7AE01F103
:101FA00000431946F2E6DDE90223DDE9000117F0FE
:101FB00085FD32463B4617F057FC32463B4617F04C
:101FC000A1FA02460B4617F09DFA0BA3D3E90023B2
:101FD00017F096FA02460B4605A1D1E9000117F069
:101FE0008FFAD8E7AFF300809C7500883CE4377E19
:101FF000182D4454FB21F93F075C143326A6913C6D
:1020000009F7FD0DE13D023F88B20175E0EF493F60
:102010003B8F68B52882A43F5544880E55C1C93FFF
:102020007D6FEB0312D6D43F555555555555C53FD9
:1020300082922EB1C5B8B33F59018D1B6C06E63FA5
:10204000C88A599CE52A00404B2D8A1C273A034038
:10205000182D4454FB21E93FFFFFEF3FFFFFDF3F17
:102060000000F03F0000E03F3233EF3F02460B46F6
:1020700017F0FAFB37A3D3E9002306460F4617F003
:10208000F3FB36A3D3E9002317F03CFA32463B4674
:1020900017F0EAFB33A3D3E9002317F031FA3246F5
:1020A0003B4617F0E1FB31A3D3E9002317F02AFAEE
:1020B00032463B4617F0D8FB2EA3D3E9002317F096
:1020C0001FFA32463B4617F0CFFB2CA3D3E900237F
:1020D00017F018FA32463B4617F0C6FB29A3D3E99E
:1020E0000023804689463046394617F0BDFB27A3BA
:1020F000D3E9002317F004FA32463B4617F0B4FB4D
:1021000024A3D3E9002317F0FDF932463B4617F02C
:10211000ABFB22A3D3E9002317F0F2F932463B468A
:1021200017F0A2FB00220A4B17F0ECF902460B460F
:102130004046494617F0C2FC22462B4617F094FB56
:1021400022462B4617F0DEF904B0BDE8F08700BF49
:102150000000F03F09F7FD0DE13D023F88B2017537
:10216000E0EF493F3B8F68B52882A43F5544880E75
:1021700055C1C93F7D6FEB0312D6D43F5555555518
:102180005555C53F82922EB1C5B8B33F59018D1B3D
:102190006C06E63FC88A599CE52A00404B2D8A1CF4
:1021A000273A0340000000002DE9F84F1D46534236
:1021B000134325F0004ADFF8E0E14AEAD3737345A0
:1021C000144606460F4647D8C0F1000848EA000802
:1021D00021F0004343EAD878F0458B463CD805F11E
:1021E000404808F5801858EA020850D04FEAA57810
:1021F00008F0020848EAD17850EA030134D052EAE4
:102200000A023CD0F24557D0734538D0A3EB0A03FD
:102210001B153C2B42DC002D70DB22462B46304642
:10222000394617F04BFC15F01BFAFEF751FBB8F1DD
:10223000010F5FD0B8F1020F4ED0B8F1000F62D09D
:1022400043A3D3E9002317F05BF943A3D3E90023A9
:1022500017F056F9BDE8F88F32463B46204629462E
:1022600017F050F9BDE8F88FB8F1020F1AD0B8F1A5
:10227000030F10D13AA1D1E90001BDE8F88FBBF1FD
:10228000000F14DB38A1D1E90001BDE8F88FBDE8EB
:10229000F84FFEF71DBB3946BDE8F88F32A1D1E9F2
:1022A0000001C4E72CA1D1E90001BDE8F88F30A1FD
:1022B000D1E90001BDE8F88F534526D0B8F1020FEF
:1022C000F0D0B8F1030FD5D0B8F1010F4FF00000F6
:1022D00029D00021BDE8F88F1DA3D3E9002317F012
:1022E0000FF902460B461CA1D1E9000117F008F9CD
:1022F000BDE8F88F01F10041BDE8F88F3C338CDA7E
:102300000020002193E7BDE8F88FB8F1020F18D044
:10231000B8F1030F10D0B8F1010F08D016A1D1E920
:102320000001BDE8F88F4FF00041BDE8F88F14A11F
:10233000D1E90001BDE8F88F13A1D1E90001BDE8A2
:10234000F88F13A1D1E90001BDE8F88FAFF3008049
:10235000075C143326A6A13C182D4454FB210940E8
:10236000182D4454FB2109C0182D4454FB21F93F7A
:10237000182D4454FB21F9BF182D4454FB21E93F8B
:10238000182D4454FB21E9BFD221337F7CD902C0F0
:10239000D221337F7CD902400000F07F0000000092
:1023A00043422DE9F047034321F000463E4A46EA06
:1023B000D373934204460D4613D896423DD03B4B0F
:1023C0009E428A4617DC36A3D3E9002317F09AF819
:1023D0000022002317F0D8FCA8B320462946BDE808
:1023E000F08702460B4617F08BF802460B4617F0B3
:1023F00065FBBDE8F0872E4B9E42354624DD334613
:102400000246314617F07EF8224606460F462B4616
:102410000020254917F074F802460B46304639462D
:1024200017F04CFBFEF708FD0022224B17F01CFAB8
:10243000BAF1000F2FDBBDE8F0870022002317F070
:102440003DFBBDE8F087354622462B46204629460F
:1024500017F058F822462B4606460F4617F004FAA6
:102460002246804689462B4600200F4917F048F83F
:1024700002460B464046494617F020FB32463B4693
:1024800017F040F8FEF7D8FC00220A4B17F0ECF9E1
:10249000BAF1000FCFDA01F100431946BDE8F08729
:1024A0009C7500883CE4377E0000F03FFFFF2F3E24
:1024B000FFFFDF3F0000E03F2DE9F8434E4B21F0E6
:1024C00000449C4206460F461BDC4C4B9C4222DDDE
:1024D0004B4B9C4263DD4B4B9C427BDD4A4B9C4209
:1024E00046DD01339C4240D041A3D3E9002310468E
:1024F000194617F0B9F906460F4630463946BDE889
:10250000F88302460B4617F0AFF906460F463046F1
:102510003946BDE8F88315F0A3F802F0B1FC0022BB
:102520003A4B8046894616F0EDFFB4F1725F0646DD
:102530000F46ECDB42464B464046494617F094F9BD
:1025400032463B4604460D463046394616F0DAFF21
:1025500002460B462046294617F0B0FA00222B4BC4
:1025600016F0D0FF06460F46D1E7294B9842BBD85C
:102570003046394615F074F80022264B17F074F9EE
:1025800000F04AF8002204460D46224B17F06CF981
:1025900022462B4617F068F906460F46B7E715F0B6
:1025A0005FF800F039F800221A4B06460F4617F084
:1025B0005BF932463B4604460D460020154917F0AC
:1025C0007DFA02460B462046294616F09BFF06463A
:1025D0000F469CE715F044F800F01EF800220D4B62
:1025E00017F042F906460F4691E700BFAFF30080AF
:1025F0009C7500883CE4377EFFFFEF7F422ED63F7C
:10260000FFFF3540412E8640CD3386400000F03F2D
:102610007DF8B98F0000E03F2DE9F04FB04E21F07A
:102620000042B24283B004460D464FEAD1770DD93D
:10263000AC4EB24225D9C1F31303034340F0EC8002
:102640000FB10020002103B0BDE8F08FA64B9A42E5
:1026500000F2CB80A54B9A4200F2DC808AA3D3E93A
:10266000002316F04FFF0022A14B17F08DFB00282E
:1026700000F006812046294600229D4B16F042FFBD
:10268000E1E783A3D3E9002317F07EFB002840F0A5
:10269000C88081A3D3E900232046294617F056FBC2
:1026A0000028CED1934E7EA3D3E9002306EBC706C4
:1026B0002046294617F0D8F8D6E9002316F022FF65
:1026C00017F082FB064617F069F877A3D3E90023D9
:1026D0008046894617F0C8F802460B462046294630
:1026E00016F00EFF72A3D3E90023CDE900014046A6
:1026F000494617F0B9F882468B4652465B46DDE9FB
:10270000000116F0FDFE04460D4622462B462046EB
:10271000294617F0A9F868A3D3E900238046894623
:1027200017F0A2F866A3D3E9002316F0E9FE4246AB
:102730004B4617F099F864A3D3E9002316F0E2FEA4
:1027400042464B4617F090F861A3D3E9002316F0F8
:10275000D7FE42464B4617F087F85FA3D3E9002324
:1027600016F0D0FE42464B4617F07EF802460B4666
:102770002046294616F0C4FE80468946002E58D0D1
:102780002046294642464B4617F06EF8424604461C
:102790000D464B4600204FF0804116F0B1FE024638
:1027A0000B462046294617F089F902460B4650464B
:1027B000594616F0A5FEDDE9002316F0A1FE0B46F2
:1027C00002464B49002016F09BFE6FF47F739E4239
:1027D00051DA06F57A7601EB065100224FF0B87314
:1027E00017F042F803B0BDE8F08F434B9A423FF632
:1027F00059AF424BFC002344D3E9002316F080FE7E
:102800003F4BC7F101062344CDE90001D3E900ABFA
:10281000F61B72E7002678E702460B4616F072FEBA
:1028200011E719A3D3E900231046194617F01CF845
:1028300009E702460B462046294617F015F8002204
:1028400006460F464FF080434046494616F058FE74
:1028500002460B463046394617F030F922462B46E1
:1028600016F04EFE02460B460020214916F048FEA7
:1028700003B0BDE8F08F01EB065103B0BDE8F08F67
:10288000064642E7AFF300809C7500883CE4377E43
:10289000EF39FAFE422E864051302DD5104987C0BF
:1028A000FE822B654715F73F0000E0FE422EE63F13
:1028B000763C7935EF39EA3DD0A4BE726937663E81
:1028C000F16BD2C541BDBB3E2CDE25AF6A56113F30
:1028D00093BDBE166CC1663F3E5555555555C53F17
:1028E000412E8640FFFFEF7F422ED63FFFFF2F3E57
:1028F0000000F03F08AB0100B1A2F03F18AB0100AF
:1029000028AB0100000000002DE9F04FB1F5801F59
:1029100085B006460F460B465ADA024621F00044BF
:10292000224300F0F8800029C0F27A810022D64BC1
:1029300016F09AFFD54A0B46934206460F466FF0B3
:10294000350C4ADCC3F3130505F5152E0EF6647E2F
:102950000EF4801E8EF07F5282F440121C1542EA63
:102960000507A4F2FF3464440022C94B30463946BF
:1029700004EB1E5416F0C4FDAB1CC3F31303022B6F
:1029800082468B464FF0000230DC002317F0D4F96A
:10299000002800F0C980002C00F04B81204616F082
:1029A000FDFEA5A3D3E9002306460F4616F05CFF03
:1029B000A3A3D3E9002304460D463046394616F05A
:1029C00053FF02460B462046294616F09BFD0AE0BF
:1029D000AE4A93424FF0000CB4DD32463B463046DF
:1029E000394616F08FFD05B0BDE8F08F4FF08043FB
:1029F00016F088FD02460B465046594617F05EF821
:102A0000064620460F4616F0C9FE3246CDE90001C3
:102A10003B4630463946CDE9026716F025FF0246AF
:102A20000B468046894616F01FFF87A3D3E9002393
:102A300006460F4616F018FF85A3D3E9002316F0CB
:102A400061FD32463B4616F00FFF83A3D3E9002316
:102A500016F058FD32463B4616F006FF80A3D3E938
:102A6000002316F04FFD42464B4616F0FDFE7EA3B6
:102A7000D3E90023804689463046394616F0F4FEF5
:102A80007BA3D3E9002316F03DFD32463B4616F00A
:102A9000EBFE79A3D3E9002316F034FD32463B4622
:102AA00016F0E2FE0B4602464946404616F02AFD65
:102AB000A5F5C223C5F5D725A3F27A4351351D43A9
:102AC000002D8046894656DD0022724B50465946FD
:102AD00016F0CAFE52465B4616F0C6FE06460F4684
:102AE000002C68D132463B464046494616F00AFD66
:102AF000DDE9022316F0B8FE02460B4630463946A1
:102B000016F0FEFC02460B465046594616F0F8FCFD
:102B100005B0BDE8F08F0022002300205E4916F0CA
:102B2000CDFF05B0BDE8F08F55A3D3E90023504693
:102B3000594616F099FE02460B460020554916F0FC
:102B4000DFFC524606460F465B465046594616F095
:102B50008BFE02460B463046394616F085FE064689
:102B60000F46002C40F09A8002460B4650465946CC
:102B700016F0C6FC37E7002C00F0A4802EA3D3E9A2
:102B80000023DDE9000116F06FFE42464B46044685
:102B90000D465046594616F0B3FCDDE9022316F007
:102BA00063FE27A3D3E9002306460F46DDE90001B3
:102BB00016F05AFE21E020A3D3E90023DDE900014D
:102BC00016F052FE32463B4604460D464046494604
:102BD00016F098FCDDE9022316F046FE18A3D3E9AF
:102BE000002380468946DDE9000116F03DFE0246DD
:102BF0000B464046494616F085FC02460B463046D9
:102C0000394616F07DFC52465B4616F079FC0246CA
:102C10000B462046294616F073FC05B0BDE8F08F40
:102C200002460B4616F06CFC0022002316F046FF0D
:102C3000D9E600200021D6E60000E0FE422EE63F65
:102C4000763C7935EF39EA3D44523EDF12F1C23F1E
:102C5000DE03CB966446C73F599322942449D23F62
:102C6000935555555555E53F9FC678D0099AC33FB2
:102C7000AF788E1DC571CC3F04FA97999999D93FC9
:102C8000555555555555D53F00005043FFFFEF7F33
:102C90000000F03F0000E03F000050C3204616F067
:102CA0007DFD0FA3D3E900238046894616F0DCFDA5
:102CB0000DA3D3E9002304460D464046494616F0CD
:102CC000D3FD9AE702460B465046594616F018FCCB
:102CD000DDE9022316F0C8FD14E700BFAFF3008062
:102CE0000000E0FE422EE63F763C7935EF39EA3DC2
:102CF000B1F5801F2DE9F84304460D460B461ADA5C
:102D0000024621F00046324359D000295FDB002201
:102D10003B4B16F0A9FD3B4A0D462B469342044619
:102D20006FF035010CDD22462B462046294616F071
:102D3000E9FBBDE8F883334A93424FF00001F2DC2F
:102D40001815A0F2FF3008444FEAD0794844C3F385
:102D5000130816F023FDC9F57F73033348EA0355C2
:102D600006460F4620462946FFF7CEFD1EA3D3E9AF
:102D70000023804689463046394616F075FD1CA36F
:102D8000D3E9002304460D464046494616F06CFD43
:102D900002460B462046294616F0B4FB16A3D3E99B
:102DA000002304460D463046394616F05DFD0246C6
:102DB0000B462046294616F0A5FBBDE8F883002205
:102DC00000230020104916F079FEBDE8F883024682
:102DD0000B4616F095FB0022002316F06FFEBDE8AF
:102DE000F88300BFAFF30080362BF111F3FE593D9D
:102DF0000EE526157BCBDB3F00609F501344D33F8D
:102E000000005043FFFFEF7F000050C300000000B0
:102E10002DE9F04F23F0004757EA020493B037D072
:102E2000674C21F00046A64283460D4629DC9A46AF
:102E3000964625D0A74224DC614CA74279D0002DCC
:102E400080468946CDE9002377DB0024BEF1000FE0
:102E50002CD15B4B9F4200F08B805A4B9F4261D03C
:102E6000BAF1804F00F0C383574B9A451ED1002D15
:102E70001CDB4046494613B0BDE8F04F15F0B4BA2C
:102E800058B106F1404606F5801656EA0B0306D106
:102E90004C49002013B0BDE8F08FB742CCDD4B4861
:102EA00013B0BDE8F04F16F02FB900244046494654
:102EB00014F0D6FBBBF1000F19D126B1414B25F020
:102EC00040429A4213D1BAF1000FC0F2CA83002DDA
:102ED000E0DA06F1404606F5801656EA040300F0F3
:102EE000A584012CD6D101F100431946D2E7ED0F9C
:102EF000013D54EA05034ED0354B9F426EDD03F190
:102F000004739F4240F3FE83324B9E424EDDBAF182
:102F1000000F4EDD28A3D3E900231046194616F012
:102F2000A3FCB7E7BAF1000FC0F25284404649460D
:102F3000B0E7BEF1000F82D0A3E7274B9F4228DC09
:102F4000A3F154739F4280DD3B15A3F2FF33142B92
:102F500040F35484C3F134032EFA03F202FA03F36C
:102F60009E457FF472AF02F00102C2F102046DE7E8
:102F700006F1404303F5801353EA0B0388D0154B49
:102F80009E4240F33B83BAF1000F12DBDDE9000102
:102F900080E702245AE742464B461046194616F08F
:102FA000AFFA02460B4616F089FD73E7BAF1000F3F
:102FB000B0DB002000216DE79C7500883CE4377E83
:102FC0000000F07F0000F03F0000E03F54B301003C
:102FD0000000E041FFFFEF3FFFFF3F43B6F5801FDA
:102FE0004FF0000205DAD84B16F03EFC6FF03402C9
:102FF0000E463315D54FC6F31306A3F2FF33134421
:1030000046F07F5ABE421A460D934AF4401A40F3E6
:103010002F83CF4B9E4240F30D849FEDB57B8DED0A
:10302000087B8DED0E7B9FEDB47B13468DED067B0B
:1030300001330D93AAF5801A0027DDE906235146D6
:10304000CDE90A0116F05CFADDE9062380468946DF
:10305000DDE90A0116F056FA02460B460020BD498A
:1030600016F02CFD0A460146CDE9101213464946DA
:103070000246404616F0F8FB4FEA6A0343F000535D
:103080008C46834603F50023CDE904BCDA468B4623
:10309000D9190023CDE902AB0293DDE902AB002090
:1030A00006460F4602460B465046594616F0DCFBD4
:1030B00002460B464046494616F022FADDE9062351
:1030C000804689463046394616F01AFA02460B46C3
:1030D000DDE90A0116F014FA52465B4616F0C4FB0D
:1030E00002460B464046494616F00AFADDE910232F
:1030F00016F0BAFBDDE90467CDE9060132463B462E
:103100003046394616F0B0FB7DA3D3E900230646CE
:103110000F4616F0A9FB7CA3D3E9002316F0F2F9C1
:1031200032463B4616F0A0FB79A3D3E9002316F004
:10313000E9F932463B4616F097FB77A3D3E9002323
:1031400016F0E0F932463B4616F08EFB74A3D3E945
:10315000002316F0D7F932463B4616F085FB72A3E2
:10316000D3E9002316F0CEF93246804689463B4625
:103170003046394616F078FB02460B464046494633
:1031800016F072FB524606460F465B46DDE9040127
:1031900016F0B8F9DDE9062316F066FB32463B4629
:1031A00016F0B0F95246804689465B46504659466D
:1031B00016F05AFB0022684BCDE90A0116F0A2F97D
:1031C00042464B4616F09EF902980F460646324696
:1031D0003B465046594616F047FB002282468B4636
:1031E0005D4B3046394616F08BF9DDE90A2316F0BF
:1031F00087F902460B464046494616F081F9DDE95B
:10320000042316F031FB3246804689463B46DDE911
:10321000060116F029FB02460B464046494616F0C9
:1032200071F98046894602460B4650465946CDE91B
:1032300004AB16F067F9DDE902AB3DA3D3E9002347
:1032400050460F4616F010FBDDE90423CDE90201DC
:103250003946504616F054F902460B464046494658
:1032600016F04EF934A3D3E9002316F0FDFA34A387
:10327000D3E90023804689465046394616F0F4FAD1
:1032800002460B464046494616F03CF9DDE90E235E
:1032900016F038F980460D98894616F07FFA4246B6
:1032A00006460F464B46DDE9020116F02BF9DDE933
:1032B000082316F027F932463B4616F023F932462A
:1032C0003B4650468B4616F01BF9DDE9082316F005
:1032D00017F9DDE9022316F013F902460B464046C2
:1032E000494616F00DF98046894637E0AFF3008075
:1032F0000000000000000000000000000000F03F9F
:10330000EF4E454A287ECA3F65DBC9934A86CD3FCA
:1033100001411DA96074D13F4D268F515555D53FB0
:10332000FFAB6FDBB66DDB3F033333333333E33F48
:10333000000000E009C7EE3FFD033ADC09C7EE3F9D
:10334000F5015B14E02F3EBE000040438E98030061
:1033500079B60B000000F03F00000840013C54EA41
:10336000050300F079819FEDC87B8DED047BDDE9DD
:1033700000120B461446CDE9023400230293DDE926
:10338000024508462B461146224616F0B9F8524629
:103390005B4616F069FADDE9002306460F46404613
:1033A000494616F061FA02460B463046394616F099
:1033B000A9F82246804689462B4650465946CDE913
:1033C000008916F051FA0B46024606460F46404663
:1033D000494616F097F8C64B994204460D468A4670
:1033E00040F3168101F13F4303F5E003034340F04E
:1033F000F781A7A3D3E90023DDE9000116F082F8E5
:103400003246804689463B462046294616F078F8E3
:1034100002460B464046494616F0B6FC002840F0EE
:10342000DF81A8464FEA28534FF48012A3F2FE33FF
:1034300042FA03F35344C3F30A52AE4DA2F2FF32F1
:103440001541C3F3130423EA05010020C2F1140B54
:1034500044F48014BAF1000F02460B4644FA0BFB09
:1034600030463946B8BFCBF1000B16F049F802469A
:103470000B4606460F46DDE9000116F043F84FEA19
:103480000B5A0D46002484A3D3E900232046294685
:1034900016F0EAF93246804689463B4620462946E0
:1034A00016F02EF802460B46DDE9000116F028F86A
:1034B0007BA3D3E9002316F0D7F97BA3D3E900233C
:1034C00006460F462046294616F0CEF902460B4620
:1034D0003046394616F016F806460F4602460B46A9
:1034E0004046494616F00EF842464B4604460D4605
:1034F00016F006F802460B463046394616F000F83C
:103500002246804689462B462046294616F0ACF9CD
:1035100067A3D3E9002306460F4616F0A5F966A374
:10352000D3E9002315F0ECFF32463B4616F09CF938
:1035300063A3D3E9002315F0E5FF32463B4616F0BE
:1035400093F961A3D3E9002315F0DAFF32463B4635
:1035500016F08AF95EA3D3E9002315F0D3FF3246B3
:103560003B4616F081F902460B462046294615F0E7
:10357000C7FF06460F4602460B462046294616F070
:1035800073F90022CDE900014FF0804330463946FF
:1035900015F0B6FF02460B46DDE9000116F08EFA83
:1035A000424606460F464B462046294616F05CF931
:1035B00042464B4615F0A6FF02460B4630463946BA
:1035C00015F09EFF22462B4615F09AFF02460B4649
:1035D0000020494915F094FF8A44BAF5801FC0F2D3
:1035E00039815146DDE9042316F03EF952E44246A2
:1035F0004B464046494616F037F94BE4BAF1000F06
:10360000BFF6D7ACDDE90034184604F1004141E4CF
:103610003A4B21F00048984540F3FF80384B0B446B
:1036200003430CD132463B4615F06AFF02460B4677
:10363000DDE9000116F094FB00283FF4F3AEDDE96C
:10364000040125A3D3E9002316F00EF922A3D3E940
:10365000002316F009F91DE49FED217B8DED047B1D
:1036600085E602460B460020234916F027FA2EE491
:103670009FED1D7B8DED087B8DED0E7B9FED027B1D
:1036800000278DED067BD8E4000000000000F03F2D
:10369000FE822B654715973C00000000432EE63F55
:1036A000EF39FAFE422EE63F396CA80C615C20BE71
:1036B000D0A4BE726937663EF16BD2C541BDBB3E38
:1036C0002CDE25AF6A56113F93BDBE166CC1663F16
:1036D0003E5555555555C53F59F3F8C21F6EA501C6
:1036E000000000000000F0BF00000000000000002B
:1036F000FFFF8F40FFFF0F000000F03FFFCB904027
:1037000000346F3F684B9E427FF750AC674B9E4240
:103710003FF7FDAB0022654B15F0F2FE52A3D3E953
:10372000002306460F4616F09FF851A3D3E9002365
:10373000804689463046394616F096F80022824681
:103740008B465B4B3046394616F08EF802460B46E8
:1037500049A1D1E9000115F0D3FE32463B4616F0EF
:1037600083F802460B460020524915F0C9FE324646
:10377000CDE902013B463046394616F075F802465F
:103780000B46DDE9020116F06FF83DA3D3E90023F3
:1037900016F06AF802460B465046594615F0B0FE40
:1037A00002460B4606460F464046494615F0AAFE1D
:1037B00042464B46002082468B4615F0A1FE02464B
:1037C0000B463046394615F09BFE80468946C5E5D6
:1037D00042464B460020354916F070F9FFF75ABBB8
:1037E000DDE9040128A3D3E9002316F03DF826A360
:1037F000D3E9002316F038F8FFF74CBBBEF1000FF9
:103800007FF453ABC3F1140347FA03F202FA03F354
:103810009F4223D07446FFF720BB264B98453FF7C5
:1038200001AEDDE90223924693462BE602460B46A3
:10383000FFF7B3BB9FED167B8DED087B9FED167BED
:103840008DED0E7B9FED167B4FF480278DED067B73
:10385000FFF7F3BB5A4601F04FFDC3E602F0010249
:10386000C2F10204FFF7F9BA000000604715F73F04
:1038700044DF5DF80BAE543E555555555555D53F73
:10388000FE822B654715F73F9C7500883CE4377E28
:103890000000004003B8E23F06D0CF43EBFD4C3EB2
:1038A000000000000000F83FFEFFEF3F0000F03F87
:1038B0000000D03F0000E03F2DE9F0479C4B21F095
:1038C00000479F4290B08046894640F38E80994BD6
:1038D0009F420C46924626DC00298BA3D3E90023A5
:1038E00040F3B08115F00CFE934B9F4204460D4609
:1038F00000F0908086A3D3E9002315F001FE024674
:103900000B46CAE900232046294615F0F9FD80A39D
:10391000D3E9002315F0F4FD0125CAE90201284688
:1039200010B0BDE8F087854B9F4240F39080844BF8
:103930009F4265DC3D15A5F21645A7EB05531946D8
:103940001F46064616F040FA15F028FF80468946C5
:1039500042464B4630463946CDE90A8915F0D0FD3E
:103960000022784B15F080FF8946804616F02CFA2D
:1039700015F014FF06460F4632463B464046494680
:10398000CDE90C6715F0BCFD00226E4B15F06CFF05
:1039900000220023CDE90E0116F0CEF9002800F038
:1039A0006F81002330463946002216F0C5F9002801
:1039B00014BF01230223644A019202212A46009186
:1039C0000AA8514600F08CFB002C054614DADAF800
:1039D0000420DAF80C3002F1004203F100434542C2
:1039E000CAF80420CAF80C3006E000200021C2E921
:1039F0000089C2E902010025284610B0BDE8F08721
:103A000002460B4615F07CFD0025CAE90201CAE911
:103A10000001F1E740A3D3E9002315F071FD40A3B5
:103A2000D3E900230D46044615F06AFD02460B4615
:103A3000CAE900232946204615F062FD38A3D3E9E0
:103A4000002315F05DFD0125CAE90201D4E713F05A
:103A500007FE35A3D3E900238046894615F004FF0D
:103A600000223A4B15F04EFD16F0AEF9054615F062
:103A700095FE25A3D3E90023CDE9060115F0F4FE58
:103A800002460B464046494615F03AFD20A3D3E9CD
:103A90000023CDE90201DDE9060115F0E5FE1F2D49
:103AA00080468946CDE9048954DC294B6A1E53F8C7
:103AB00022309F424ED002460B46DDE9020115F04E
:103AC0001FFD80468946CAE9008942464B46DDE92A
:103AD000020115F015FDDDE9042315F011FD002CA0
:103AE000CAE9020188DA09F1004401F100436D429C
:103AF000CAF80080CAF80440CAF80800CAF80C30B6
:103B00007AE700BFAFF3008000004054FB21F93F8B
:103B10003163621A61B4D03D0000601A61B4D03DD7
:103B20007370032E8A19A33B83C8C96D305FE43FCD
:103B3000FB21E93F7BD90240FB21F93FFB213941C1
:103B4000FFFFEF7F0000704188BE01000000E03FF2
:103B500008BE0100DDE90423DDE9020115F0D0FC17
:103B60003F15C1F30A53FB1A80468946102BCAE958
:103B70000089AADD58A3D3E90023DDE9060115F089
:103B800073FE8046894602460B46DDE9020115F0C8
:103B9000B7FC02460B46DDE90201CDE9082315F02A
:103BA000AFFC42464B4615F0ABFC4DA3D3E90023D6
:103BB00080468946DDE9060115F056FE42464B4631
:103BC00015F09EFC0B46CDE904010246DDE9080133
:103BD00015F096FCC1F30A53FF1A80468946312F2F
:103BE000CAE900896CDD41A3D3E90023DDE90601C0
:103BF00015F03AFEDDE9088906460F4602460B46F7
:103C00004046494615F07CFC02460B464046494674
:103C1000CDE9022315F074FC32463B4615F070FCEA
:103C200034A3D3E9002306460F46DDE9060115F06B
:103C30001BFE32463B4615F063FC02460B46CDE9BF
:103C400004233AE715F05EFC274B9F4204460D46DD
:103C500018D01FA3D3E9002315F054FC02460B46ED
:103C6000CAE900232946204615F04AFC18A3D3E9E7
:103C7000002315F047FC4FF0FF35CAE90201BBE60F
:103C8000032398E614A3D3E9002315F03BFC14A307
:103C9000D3E900230D46044615F034FC02460B46DA
:103CA000CAE900232946204615F02AFC0CA3D3E9D3
:103CB000002315F027FC4FF0FF35CAE902019BE60F
:103CC0009DED087B8DED027BFFE600BFAFF300802A
:103CD0003163621A61B4D03D0000601A61B4D03D16
:103CE0007370032E8A19A33BFB21F93F0000002EBD
:103CF0008A19A33BC14920259A837B390000000023
:103D0000594A2DE9F84F21F00048904506460F46E4
:103D10002BDC564B0029B4BF554D564D98454FF0FE
:103D2000000410DC544B984570DC4DA3D3E900230C
:103D300015F0E8FB0022514B16F026F8D8B13046BA
:103D40003946BDE8F88F4E4B98457CDD4D4B984584
:103D500044DD013398453ED03046394640A3D3E98F
:103D6000002315F081FDBDE8F88F02460B4615F0E3
:103D7000C9FBBDE8F88F3046394613F071FC01F0FD
:103D80007FF806460F4632463B463046394615F028
:103D9000B9FB324682468B463B463046394615F0E3
:103DA00063FD002280468946344B3046394615F083
:103DB000A9FB02460B464046494615F07FFE0246E7
:103DC0000B465046594615F09BFB22462B4615F0F4
:103DD0004BFDBDE8F88F2C4B9842BDD83046394694
:103DE00013F03EFC0022234B15F03EFDFEF714FCC1
:103DF00006460F4602460B462046294615F034FD7E
:103E000032463B4615F030FDBDE8F88F13F028FC34
:103E100001F036F81D4B984506460F46B3DD0022EB
:103E2000164B15F06FFB02460B463046394615F02F
:103E300045FE32463B4615F065FB22462B4615F003
:103E400013FDBDE8F88F13F00BFCFEF7E5FB02460F
:103E50000B462046294615F007FDBDE8F88F00BF48
:103E60003374AC3C1F7BAC7FFFFFEF7FFFFF35401F
:103E70000000E0BF0000E03FFFFF2F3E0000F03FEA
:103E8000412E8640CD3386407DF8B98FFFFFEF3F4E
:103E90002DE9F04F21F00048B8F1795F85B0064672
:103EA0000F4692469B466BDA15F08EFF002800F015
:103EB000EA8032463B463046394615F0D5FC74A3BD
:103EC000D3E9002304460D4615F0CEFC72A3D3E9D6
:103ED000002315F017FB22462B4615F0C5FC70A3F6
:103EE000D3E9002315F00CFB22462B4615F0BCFC51
:103EF0006DA3D3E9002315F005FB22462B4615F0F0
:103F0000B3FC6BA3D3E9002315F0FAFA22462B4643
:103F100015F0AAFC68A3D3E9002315F0F3FA2246B2
:103F20002B4615F0A1FCCDE900010022664B20468E
:103F3000294615F099FCDDE9002380468946204694
:103F4000294615F091FC524604460D465B46304624
:103F5000394615F089FC02460B462046294615F0E5
:103F6000CFFA02460B464046494615F0C9FA0246CA
:103F70000B460020554915F0C3FA05B0BDE8F08F97
:103F800002460B4615F070FC41A3D3E9002304461A
:103F90000D4615F069FC40A3D3E9002315F0B2FAF1
:103FA00022462B4615F060FC3DA3D3E9002315F013
:103FB000A7FA22462B4615F057FC3BA3D3E9002372
:103FC00015F0A0FA22462B4615F04EFC38A3D3E993
:103FD000002315F095FA22462B4615F045FC36A332
:103FE000D3E9002315F08EFA2B46224615F03CFC4F
:103FF000374B9845CDE9000197DD364B984539DCC4
:10400000A8F500130022002030499046994615F08B
:1040100077FACDE9020100222B4B2046294615F004
:1040200023FC42464B4615F06BFADDE9002380463F
:1040300089462046294615F017FC524604460D468F
:104040005B463046394615F00FFC02460B462046CB
:10405000294615F055FA02460B464046494615F0EA
:104060004FFA02460B46DDE9020115F049FA05B0A8
:10407000BDE8F08F9FED127B4FF000088DED027BC5
:10408000DFF85490C7E71149002005B0BDE8F08F74
:10409000D43888BEE9FAA8BDC4B1B4BD9EEE213EB5
:1040A000AD529C804F7E923E9015CB19A001FA3EF6
:1040B0007751C1166CC1563F4C5555555555A53FC6
:1040C000000000000000E73F0000E03F0000F03F7C
:1040D0003233D33F0000E93F0000D23F0000000030
:1040E0002DE9F04FADF51B7D9F4CA49E9F4D54F8DC
:1040F000264007942646D41E85FB0475E417C4EBBE
:10410000A50424EAE4741D460A93631CA3EB83030D
:10411000013D02EBC30306932B460B940395651BED
:10412000F418049008911AD42C4400260027013476
:104130000DF18808DDF8949208E059F8250015F093
:104140002DFB0135A542E8E8020108D0002DF4DA84
:10415000013530463946A542E8E80201F6D1079B11
:10416000002BC0F2DF83079B03F1010B0A9B22A9FE
:10417000DB001A4601EB03090093049B0DF5E47A7A
:1041800019460AEBCB0B01EB0208039B002BC0F294
:10419000F582049C4D460026002775E90223F4E8C9
:1041A000020115F061FB02460B463046394615F018
:1041B000A9F9444506460F46EFD1EAE80267DA4519
:1041C00009F10809E1D107990098049C009101F1D7
:1041D0008043013B9B0020441A1F83460EA80244E3
:1041E00003440C920D93009A9AA901EBC203002A92
:1041F00053E9284529DD0DF5E47A0AEBC2080DF1F3
:10420000340900225A4B2046294615F02DFB15F0A3
:10421000DBFD15F0C3FA0022564B06460F4615F09B
:1042200023FB02460B462046294615F069F915F096
:10423000CBFD78E9022349F8040F3946304615F0E2
:1042400061F9D04504460D46DBD1DDF818902046D3
:1042500029464A4601F050F800224FF07F530446A9
:104260000D4615F001FBFCF75FFD0022424B15F0F7
:10427000FBFA02460B462046294615F041F90D4649
:10428000044615F0A1FD804615F088FA0B4602465B
:104290002946204615F034F94B46002B06460F46BA
:1042A00040F3F980009A0EA9013AC9F1180351F8B8
:1042B000225045FA03F101FA03F30EA8EB1A40F875
:1042C0002230C9F11705884443FA05F5002D6DDD4C
:1042D000009B002B08F1010840F36F820E9C002C1C
:1042E00040F01683009B012B40F38F820EAA01231E
:1042F00052F8044F002C00F08382581C0EAAC4F11F
:10430000807442F82340009A824219DD0EAA0EAC56
:1043100052F820106FF07F42511A44F82010009993
:10432000023399420CDD1046009A0EA901EB83037B
:1043300001EB82011A68821A43F8042B8B42F9D1EF
:10434000069B002B1ADD069B012B4FF0010440F069
:104350003C82009B5A1E0EAB0EA953F82230C3F3C9
:10436000160341F822303CE228C30100ABAAAA2A76
:104370000000703E0000704100002040022D15D169
:1043800032463B460020924915F0BAF806460F46E1
:10439000069A8F49002000F0AFFF02460B463046D8
:1043A000394615F0ADF8022506460F4600220023D7
:1043B0003046394615F0C0FC002800F03782009ADC
:1043C000079B501E83420FDC02F18043013B0EAA83
:1043D0000D9C02EB8303002253F80419A34242EA26
:1043E0000102F9D1002A67D1079B0EAA013B52F8BE
:1043F0002330002B40F018820C9A012352F8041944
:1044000001330029FAD0009AD31802F1010A9A4523
:1044100009933DDC009B0A990B9A0B4409990AEB1E
:104420000208994622AB08F1804803EBC9098B18B2
:10443000A59A08F1FF3802EB880872AA02EBCA0AB3
:10444000A59A02EB8303009358F8040F15F0A6F920
:10445000039B002BE9E802014FF000064FF0000734
:1044600011DB049C4D4675E90223F4E8020115F0C6
:10447000FBF902460B463046394615F043F85C45D9
:1044800006460F46EFD1009B9845EAE80267DBD16C
:10449000099B0093A7E606D1009B0EAA013B52F8A8
:1044A0002350ED1512E700224A4B15F063FC00285B
:1044B00040F06E81054679E70EA9039551F820304A
:1044C0000699CDF8248018390246009006916BB900
:1044D00000F18043013B0EA800EB830353F804096D
:1044E000013A18390028F9D000920691069A384905
:1044F000002000F001FF009B002B04460D46C0F297
:10450000F781DA0072A901EB020B06920EAA02EB08
:104510008306DFF8C4904FF000080BF1080704365B
:1045200056F8040D15F03AF922462B4615F09CF981
:104530004B4667E9020142462046294615F094F9A8
:104540000EAB9E4204460D46EAD14AACDDF81C9003
:1045500004944FF0000AB9F1000FC0F22B81DFF88C
:104560007C805D4618A1D1E90001002600270024C7
:1045700003E0544510DCF8E80201F5E8022315F0E9
:1045800073F902460B463046394614F0BBFF01343E
:10459000A14506460F46ECDA049B03EBCA03ABF1D8
:1045A000080BC3E9006770AB9B450AF1010AD2D141
:1045B000A49B049C032B00F28980DFE803F0C58EE6
:1045C0008E1100BFAFF3008000000040FB21F93FD7
:1045D0000000F03F0000E03F0000703E50AB0100E3
:1045E000009B002B40F38181069A04EB020ADAE972
:1045F000008902F1080525440DF5987B1AED027B30
:1046000042464B4651EC170B8DED047B14F07AFFBC
:1046100006460F4602460B46DDE9040114F070FF22
:1046200042464B4614F06EFF65E902015D45B04617
:10463000B9466AE90267E1D1009B012B40F355813D
:10464000069BE518D5E9008903F1080B04EB0B0A7A
:1046500015ED027B42464B4651EC170B8DED007B6E
:1046600014F050FF06460F4602460B46DDE90001F6
:1046700014F046FF4B46424614F044FF6AE902013B
:104680004EAB5345B046B94665E90267E0D100201C
:10469000002104EB0B0575E9022314F033FFAA4552
:1046A000F9D1039B002B00F00A816268E368089F40
:1046B0002568A4683D6002F1004203F1004301F166
:1046C00000417A60FB60BC6038617961099B03F04E
:1046D00007000DF51B7DBDE8F08F069D08352544CC
:1046E0000020002175E9022314F00CFFA542F9D146
:1046F000039B002B00F0D280089E024601F100438C
:1047000086E80C000B460246D4E9000114F0F8FEDE
:10471000009B002B0BDD4CAD0124F5E8022314F0C7
:10472000F1FE009B0134A342F7DA039B13B101F1C0
:1047300000431946089BC3E90201099B03F00700E7
:104740000DF51B7DBDE8F08F069D0835002000218A
:10475000254475E9022314F0D5FEAC42F9D1039B40
:1047600013B101F100431946089BC3E90001099BFD
:1047700003F007000DF51B7DBDE8F08F0026002734
:10478000EAE80267DA4509F108097FF4FEAC1AE5A8
:10479000009B002B08F10108C8BF02253FF79EAD22
:1047A00032463B460020614914F0AAFE0225064627
:1047B0000F46FBE500260027EEE6069B002B27DDD3
:1047C0000024069B012B3FF4C4AD022B09D1009BB2
:1047D0005A1E0EAB0EA953F82230C3F3150341F84D
:1047E0002230022D7FF4E2AD32463B4600204F4995
:1047F00014F086FE06460F46002C3FF4D7ADC7E501
:104800000099013399427FF473AD069B002BD8DCED
:10481000022D7FF4CBAD32463B460020434914F0D5
:104820006FFE06460F46C1E50123ECE53946069FBB
:1048300003957A423046CDF8248000F05DFD0022D9
:104840003B4B04460D4615F095FA002843D0002254
:10485000384B2046294615F007F815F0B5FA0646FC
:1048600014F09CFF0022324B14F0FEFF02460B4670
:104870002046294614F044FE15F0A6FA00990B468E
:1048800001331A4600933B46183306930B460EA994
:1048900041F82300134641F8236027E6089B0246AF
:1048A000C3E900010B46D4E9000114F029FE009B86
:1048B000002B3FF730AF089BC3E902013DE7D4E985
:1048C0000067D4E90223089DC5E90401C5E9006732
:1048D000C5E90223FAE62946204615F075FA009A42
:1048E0000EA941F8220001E64AAC00200021D8E6DA
:1048F000A49B032B3FF6EAAE01A252F823F000BFBF
:104900001F4900001749000017490000E94800004E
:1049100001200023F2E4002000214AACE8E6002058
:1049200000211CE70A9BDB0000934CE40000F03FF1
:10493000000070410000703E2DE9F04F21F000466C
:10494000B6F1795F85B004460D469046994604DA83
:1049500015F03AFA002800F0858022462B462046C2
:10496000294614F081FF06460F4602460B462046B4
:10497000294614F079FF41A3D3E9002382468B46F0
:104980003046394614F070FF3EA3D3E9002314F0FB
:10499000B7FD32463B4614F067FF3CA3D3E9002342
:1049A00014F0B0FD32463B4614F05EFF39A3D3E964
:1049B000002314F0A5FD32463B4614F055FF37A303
:1049C000D3E9002314F09EFD0E9BCDE900019BB3BB
:1049D0000022294B4046494614F046FFDDE90023FA
:1049E000CDE902015046594614F03EFF02460B46FF
:1049F000DDE9020114F084FD32463B4614F034FF39
:104A000042464B4614F07CFD19A3D3E90023064629
:104A10000F465046594614F027FF02460B463046D3
:104A2000394614F06FFD02460B462046294614F025
:104A300067FD05B0BDE8F08F02460B4630463946AB
:104A400014F012FF0AA3D3E9002314F059FD5246D3
:104A50005B4614F009FF22462B4614F053FD05B0C7
:104A6000BDE8F08F2046294605B0BDE8F08F00BFB5
:104A7000495555555555C53F0000E03F7CD5CF5AA7
:104A80003AD9E53DEB9C2B8AE6E55A3E7DFEB157CF
:104A9000E31DC73ED561C119A0012A3FA6F8101138
:104AA0001111813F000000002DE9F04FBE4C21F0B4
:104AB000004687B0A64282468B460F46CDE90023CA
:104AC0001BDC15F081F9002837D153461E43109B9B
:104AD0000133334300F0B381109B012B00F0C881F8
:104AE00052465B460020B14914F0E8FF04460D46EB
:104AF0002046294607B0BDE8F08FAD4B9E421CDD35
:104B00000029C0F2A98152465B4687A1D1E9000184
:104B100014F0F6FCDDE9002304460D4684A1D1E93A
:104B2000000114F0EDFC9FED847B22462B468DEDB9
:104B3000007B14F0E7FC82468B4652465B465046AB
:104B4000594614F091FE02460B468046894614F001
:104B50008BFE424604460D464B465046594614F0DD
:104B600083FE77A3D3E90023CDE90201204629463D
:104B700014F07AFE74A3D3E9002314F0C3FC224698
:104B80002B4614F071FE72A3D3E9002314F0BAFC93
:104B900022462B4614F068FE6FA3D3E9002314F0DD
:104BA000B1FC22462B4614F05FFE6DA3D3E900232F
:104BB00014F0A8FC22462B4614F056FE6AA3D3E953
:104BC000002314F09FFC42464B4614F04DFE68A3B0
:104BD000D3E90023CDE904012046294614F044FE20
:104BE00065A3D3E9002314F08DFC22462B4614F074
:104BF0003BFE63A3D3E9002314F084FC22462B463A
:104C000014F032FE60A3D3E9002314F07BFC2246AB
:104C10002B4614F029FE5EA3D3E9002314F072FCA6
:104C200022462B4614F020FE5BA3D3E9002314F0A8
:104C300069FC02460B46DDE9040114F063FCDDE982
:104C4000022314F011FEDDE9004522462B4614F044
:104C500059FC42464B4614F007FE02460B462046DE
:104C6000294614F04FFC4EA3D3E9002304460D4619
:104C7000DDE9020114F0F8FD22462B4614F042FC57
:104C80000B460246804689465046594614F03AFC87
:104C9000474B9E4204460D4600F38E80109B012B2D
:104CA0003BD002460B460020404914F007FF002489
:104CB00006460F462046294652465B46CDE9006728
:104CC000CDE90201009414F01BFCDDE900AB0246C3
:104CD0000B464046494614F013FC52465B4614F01E
:104CE000C3FD524604460D465B46DDE9020114F061
:104CF000BBFD00222F4B14F005FC02460B4620465C
:104D0000294614F0FFFB32463B4614F0ADFD5246F7
:104D10005B4614F0F7FB04460D462046294607B0D3
:104D2000BDE8F08FAFF30080182D4454FB21E93F1C
:104D3000075C143326A6813C000000000000000040
:104D4000D47ABF74702AFB3EE9A7F0320FB8123F45
:104D500068108D1AF726303F1583E0FEC8DB573FF9
:104D600093846EE9E326823FFE41B31BBAA1AB3FB9
:104D7000735360DBCB75F3BEA69237A0887E143FD9
:104D80000165F2F2D844433F280356C9226D6D3FB6
:104D900037D60684F464963F7AFE10111111C13F94
:104DA000635555555555D53FFFFF2F3E0000F0BFC9
:104DB0002794E53F0000F03F109814F0EFFC2246E6
:104DC000CDE900012B462046294614F04DFDDDE9D2
:104DD0000023CDE902012046294614F093FB024648
:104DE0000B46DDE9020114F069FE42464B4614F021
:104DF00087FB02460B465046594614F081FB02469B
:104E00000B4614F07FFB02460B46DDE9000114F06F
:104E100077FB0446B81700F00200C0F101000D4610
:104E200014F0BCFC02460B462046294614F01CFD3B
:104E300004460D462046294607B0BDE8F08F50468F
:104E4000594612F00DFC02460B4600200A4914F0A8
:104E500035FE04460D4660E7DDE9004501F10041FD
:104E6000224605F1004382468B46CDE900234AE6FF
:104E700054465D4651E700BF0000F03F00000000CF
:104E80002DE9F04FD24A21F00043934285B082468B
:104E90008B460C462DD9CF4A93421AD8002C80F26B
:104EA0001681B5A3D3E900235046594614F02AFBD6
:104EB0000022002314F04AFFC0B9B1A3D3E90023B4
:104EC0005046594614F0D0FC02460B460020C24919
:104ED00008E1C24A934240F2D0800346C1F3130274
:104EE000134340F0F481002980F2C4800020BC49C3
:104EF000C0E0BC4A934200F22981BB4A934240F28F
:104F0000DE80002301930022B84B5046594614F02E
:104F1000ABFC06460F4602460B465046594614F077
:104F2000A3FC99A3D3E9002304460D4614F09CFC8E
:104F300097A3D3E9002314F0E5FA22462B4614F098
:104F400093FC95A3D3E9002314F0DAFA22462B460A
:104F500014F08AFC92A3D3E9002314F0D3FA22467A
:104F60002B4614F081FC90A3D3E9002314F0C8FA77
:104F700022462B4614F078FC00229D4B14F0C2FA16
:104F80008046894602460B463046394614F06CFC92
:104F900002460B460020974914F0B2FA0646024634
:104FA0000B460F464046494614F0AAFA3246804660
:104FB00089463B465046594614F056FC02460B467D
:104FC00000208D4914F09CFA02460B4640464946A3
:104FD00014F074FD22462B4614F046FC019E024656
:104FE0000B46002E38D0DDE9026732463B4614F00E
:104FF00087FA52465B4614F037FC32463B4614F0C3
:105000007FFA2B46224614F07BFA019B01330646B9
:105010000F4600F00F81019B012B00F0F180019BF6
:105020000133392B39D8019B132B40F31281019C9A
:10503000C4F57F75033500222B0514F063FA024690
:105040000B465046594614F05BFA0022684B14F0A8
:1050500059FA01EB04510DE05046594614F004FC96
:1050600022462B4614F04CFA02460B46504659464F
:1050700014F046FA05B0BDE8F08F4DA3D3E9002344
:1050800014F082FE00283FF409AF4BA3D3E90023BC
:105090001046194614F0E8FBECE752465B4614F064
:1050A0002FFA02460B460020514914F029FA019AC2
:1050B0004F4B01EB0251002214F022FADAE73EA333
:1050C000D3E9002314F01EFA02460B46CAE72CA3CC
:1050D000D3E900235046594614F0C6FB0B4643491A
:1050E0000246002014F00EFA14F06EFE019014F047
:1050F00055FB33A3D3E9002306460F4614F0B4FB57
:1051000002460B465046594614F0FAF92EA3D3E94D
:105110000023804689463046394614F0A5FB0646F2
:105120000F4632463B464046494614F0E9F90246EE
:105130000B4682468B464046494614F0E1F932461A
:105140003B4614F0DDF9CDE90201DCE62B4A93423F
:1051500000F2958000291AA3D3E90023C0F2AC80A5
:1051600014F0CEF9012380468946019316A7D7E9AA
:105170000067D6E7AFF3008059F3F8C21F6EA501B0
:10518000FE822B654715F73F2DC3096EB7FD8ABE1A
:105190003952E686CACFD03EB7DBAA9E19CE143F5D
:1051A0008555FE19A0015A3FF41011111111A13FAC
:1051B000EF39FAFE422E86409C7500883CE4377E2B
:1051C0000000E0FE422EE63F763C7935EF39EA3DBD
:1051D00079684340412E86400000E0BFFFFFEF7F2B
:1051E0000000F0BF422ED63FFFFF8F3C0000E03FA3
:1051F0000000F03F0000084000001840B1A2F03F5E
:105200000022394B5046594614F0A0FD002844D0E6
:10521000504659460022354B14F074F902460B46AD
:105220003046394614F06CF900224FF0404314F038
:105230001BFB1FE702460B465046594614F060F927
:1052400000222A4B14F010FB0022284B14F058F9CE
:1052500010E7019C4FF400132341C3F17F575246DE
:105260005B4614F04DF9002607F5401702460B4641
:105270003046394614F044F901EB0451FAE616A31E
:10528000D3E9002314F0F0FA002C02460B464FF04D
:105290000000FFF61CAE154924E732463B46504657
:1052A000594614F02DF902460B4614F02BF9002252
:1052B0000F4B14F027F9DDE614F024F94FF0FF331B
:1052C00080468946019306A7D7E9006729E7024689
:1052D0000B4614F017F9CDE6FE822B654715F73F14
:1052E000763C7935EF39EABD0000D0BF0000E03FE1
:1052F0000000F03F00000000F8B5C1F30A56044674
:105300000D460B4617460EBB21F00043034386466D
:1053100025D00022344B14F0A7FA344A97420446B1
:105320000D460B462ADBC1F30A56363E3E4440F298
:10533000FE72964228DC002E12DD23F0FF4323F498
:10534000E00343EA065520462946F8BD40F2FF72C5
:105350009642EBD102460B4614F0D4F8F8BDF8BDE6
:1053600016F1350F1DDA4CF250339F4222462B4680
:1053700025DC19A1D1E9000114F034F816A3D3E912
:10538000002314F071FAF8BD22462B4614A1D1E98E
:10539000000114F027F812A3D3E9002314F064FAF3
:1053A000F8BD23F0FF4323F4E003363643EA065505
:1053B0002046294600220E4B14F056FAF8BD08A1EB
:1053C000D1E9000114F00EF805A3D3E9002314F08D
:1053D0004BFAF8BDAFF3008059F3F8C21F6EA50178
:1053E0009C7500883CE4377E00005043B03CFFFFD2
:1053F0000000903C10B5054C237833B9044B13B131
:105400000448AFF300800123237010BD1005002075
:105410000000000080C401000C4B43B10C480D4952
:1054200010B5AFF300800C48036823B910BD0A48DB
:10543000036833B97047094B002BF7D0BDE8104023
:105440001847064B002BF5D0184700BF000000009E
:1054500080C401001405002010020020000000009C
:10546000154B002B08BF134B9D46A3F5803A002136
:105470008B460F461348144A121A08F055FE0F4B7C
:10548000002B00D098470E4B002B00D098470020EF
:10549000002104000D000D48002802D00C48AFF395
:1054A000008013F0D5FF2000290005F049F913F022
:1054B000BBFF00BF00000800000002200000000049
:1054C0000000000000040020AC0C002000000000E0
:1054D0000000000070B504460E4600F0D1F888B117
:1054E00003681B6B05469847082C0CD0A4F10903F0
:1054F000012B14D93246214610230D20BDE87040FF
:1055000004F0DEB870BD2B6828469B6A98470228D5
:10551000F0DC2B6828465B6A04219847EAE72B6891
:1055200028469B6A98470528E4DC2B6828465B6A76
:1055300008219847DEE700BF30B52DED028B83B020
:10554000054600F09DF8044640B103681B6B984780
:10555000032D50D8DFE805F0373F47080190019848
:1055600003B0BDEC028B30BD20460CF0D9F907EE3C
:10557000900A2046F8EEE78A0CF0E0F907EE900A70
:105580002046B8EEE78A0CF0E7F968EE087A07EEF5
:10559000100AE8EEA87AB8EEC77AE7EE077AF5EED9
:1055A000407AF1EE10FAB1EEE78A03D517EE900AD1
:1055B00012F0A2FDFDEEC87ACDED017A019803B09C
:1055C000BDEC028B30BD204603B0BDEC028BBDE8C4
:1055D00030400CF0A5B9204603B0BDEC028BBDE80D
:1055E00030400CF0ABB9204603B0BDEC028BBDE8F7
:1055F00030400CF0B1B900230193B0E738B505464F
:1056000000F03EF858B103681B6B0446984745B15B
:10561000012D04D12046BDE83840FBF79DB800209D
:1056200038BD2046BDE83840FBF776B810B50446D3
:1056300000F026F828B1036821465B6ABDE81040F7
:10564000184710BD0048704716FCFFFF704700BFA9
:1056500010B5034B036004460BF05EFF204610BDFF
:10566000F8B8010010B5054B036004460BF054FF79
:10567000204614F03BFE204610BD00BFF8B80100E4
:105680002DE9F043C04C236885B01BB1986805B084
:10569000BDE8F0834FF0FF31012001F0FFFCC0B204
:1056A00004F000FB002800F0ED800C2014F020FE38
:1056B00003210646512001F0F1FCDFF8FCE2B34B78
:1056C000054605F00F07C5F3031815F4807518BFDC
:1056D0007346AF48394642460BF0BEF82A1C18BF45
:1056E00001223946434630460EF008F90023A94806
:1056F000B3600BF0B1F84FF0FF31032001F0CEFCA6
:10570000C0B204F0CFFA4FF0FF310546022001F09D
:10571000C5FCC0B204F0C6FA002D00F09A80002843
:1057200000F097800146284604F0ACF807460028B0
:1057300000F0A4804FF0FF31462001F0AFFC32288A
:1057400080462BD028DD382869D068283FD14FF01B
:10575000FF31012001F0A2FCC0B204F0A3FA81469F
:105760005C2014F0C5FD0523054601934A46CDF89B
:105770000080394633460DF093F82846B060036840
:10578000DB6A9847B06803681B6B984782480BF048
:1057900063F82660B0687AE7302818D14FF0FF31FF
:1057A000012001F07BFCC0B204F07CFA814650205D
:1057B00014F09EFD1FFA88F1054605234A46009124
:1057C0000193394633460CF03DFE2846D6E73A6849
:1057D0000125002301950095D2F82480B3600F22A3
:1057E0000DF10F0332213846C047002856D14FF043
:1057F0003208414669480BF02FF84FF0FF31012085
:1058000001F04CFCC0B204F04DFA8146502014F077
:105810006FFD052305464A46CDF80080D0E74FF0DE
:10582000FF31012001F03AFCC0B204F03BFA81469E
:10583000502014F05DFD052305464A46CDF8008052
:105840003946019333460CF007FF554B2B60284631
:1058500094E754480BF000F84FF0FF31192001F0A5
:105860001DFCC0B204F01EFA4FF0FF3105461820AF
:1058700001F014FCC0B204F015FA53E74A480AF0EC
:10588000EBFF86E74FF0FF31032001F007FCC0B2C9
:1058900004F008FA00287FF408AFF8E63B680195A9
:1058A0000095D3F824800F220DF10F0330213846E4
:1058B000C04718B94FF0300841469BE73B68019557
:1058C0000095D3F824800D220DF10F0338213846BE
:1058D000C047C0B9382131480AF0BEFF4FF0FF3150
:1058E000284601F0DBFBC0B204F0DCF98046502012
:1058F00014F0FEFC4FF0050E3823054642463946AB
:105900008DE808409EE73A6801950095D2F824801A
:105910000DF10F03752268213846C047E0B96821B0
:105920001E480AF099FF4FF0FF31284601F0B6FB00
:10593000C0B204F0B7F980465C2014F0D9FC4FF0F7
:10594000050E682305468DE8084042463946334631
:105950000CF0A6FF284611E714480AF07DFFB06856
:1059600000287FF40CAF4FF0FF31032001F096FBCD
:10597000C0B204F097F918B10D480AF06DFF08E7BE
:105980000C480AF069FF04E72C050020E0AB010099
:10599000E8AB010008AC0100A0AC0100C4AC010000
:1059A000A0AB010018AC01002CAC0100B0AC0100B0
:1059B00044AC010080AC0100D8AB010008B501F097
:1059C0009FFCFBF76DFCBDE8084001F0FDB900BF8E
:1059D00008B501F095FCFBF7D3FCBDE8084001F0E9
:1059E000F3B900BF08B501F08BFC11F0AFFEBDE8C4
:1059F000084001F0E9B900BF08B501F081FC12F0E0
:105A0000B7FABDE8084001F0DFB900BF08B501F002
:105A100077FCFBF755FCBDE8084001F0D5B900BFA5
:105A200008B501F06DFC12F0CFF8BDE8084001F0B8
:105A3000CBB900BF08B501F063FCFAF7ADFEBDE8D5
:105A4000084001F0C1B900BF08B501F059FC12F0DF
:105A50000FF8BDE8084001F0B7B900BF70B5049E6B
:105A600096420C4628DB15466BB1002A00EB02017A
:105A700007DD2046A21811F8013D00F8013B9042D5
:105A8000F9D1002070BD042A0FD0022A02D110F0F3
:105A9000010306D001462A46204607F055F90020AA
:105AA00070BD02880A80184670BD10F00303F1D162
:105AB00002680A60184670BD0846002108F034FBF1
:105AC0004FF0FF3070BD00BF0830704740B1002973
:105AD00005DB4368994202DA0844007A70470020E7
:105AE000704700BF30B1002904DB43689942BCBF56
:105AF00040180272704700BF40B1002905DB4368BF
:105B0000994202DA0844007A70470020704700BFCB
:105B1000830705D120B1030F0CBF0120002070477F
:105B20000120704730B1002904DB43689942BCBFB3
:105B300040180272704700BF002B23DB002921DBD5
:105B400070B54668B1421ADC5568761A1446EA1AEE
:105B5000B242A8BF3246002A11DB84420D4607D06C
:105B6000083408300844E11807F0EEF8002070BD52
:105B70000834E118601914F0E9FB002070BD4FF003
:105B8000FF3070BD4FF0FF30704700BF4068704776
:105B900010B4141E10DB426894420DDC33EA230378
:105BA00028BF1346121B08309A422044A8BF1A4649
:105BB0005DF8044B08F0B8BA5DF8044B704700BFBD
:105BC00043688B4210B400F108041846A8BF084689
:105BD00032EA220128BF19461B1A99422044A8BF65
:105BE00019465DF8044B00F0F3BE00BF002BBCBFAC
:105BF00043689B1A002A70B50E4620DB446899184A
:105C0000A1421CDC8A421ADCCBB136F0004116D02E
:105C100059428E4214DDB34212DD0830002E00EBF3
:105C2000020515DB9C1B2246A919284614F08EFBA1
:105C3000324628190021BDE8704008F075BA70BDE1
:105C4000002211464FF0FF33BDE87040FFF7A0BFC0
:105C500074429A192946281914F078FB22462846DE
:105C60000021BDE8704008F05FBA00BF034608306D
:105C7000596800F02DBE00BF70B504460020616871
:105C8000490000F0A7FD6668002E11DD094D04F102
:105C9000080100EB4606034611F8012B141102F02F
:105CA0000F022C5DAA5C9C71DA7102339E42F3D123
:105CB00070BD00BFD8AC0100002BBCBF43689B1A6D
:105CC000002A2FDB70B445689C18AC4229DCA24244
:105CD00027DC33B331F0004423D00029B8BF01EBF7
:105CE000032191FBF3F603FB1616002E00F10800CA
:105CF000B8BFF61802441644B242134411D03046DD
:105D000004E0B24208460ED090420AD00146147810
:105D100011F8015B02F8015B8B420470F1D130464F
:105D2000F2E770BC70470E46EEE700BF00B583B0E7
:105D30004FF0FF3300930023FFF7FEFE03B05DF842
:105D400004FB00BF10B50C1E0EDD4168083002F0E8
:105D5000FFF81F2C09DC0123A34020FA04F4013BC7
:105D6000444004EA030010BD002010BD014600209D
:105D700000F02EBE38B50021054600F0D7FD0146E3
:105D8000002000F025FE044600F10801284600F03E
:105D9000CDFD204638BD00BF30B5013A83B0044682
:105DA0000D460F2A16D8DFE802F01717838D9417D7
:105DB0002E08081F424D5C367462184601F034FB11
:105DC000012DADF8000005DD9DF800209DF80130A3
:105DD0002370627003B030BD184601F025FB002D22
:105DE000F8DD207003B030BD184601F01DFB032D17
:105DF0000090EFDD6A46231D12F8011B03F8011D18
:105E00009C42F9D1E6E7184601F00EFB002DC0B226
:105E1000E0DD2070E6E7184601F072FA072DCDE9C3
:105E20000001D7DD6B4603CB20606160D2E71846E6
:105E300001F08EFA032DCDDDA3070CBF206020609A
:105E400003B030BD184601F083FA032D0090C1DD88
:105E50006A46231D12F8011B03F8011D9C42F9D16B
:105E6000B8E7184601F078FB032DE5DCB2E71846E9
:105E700001F046FA072DCDE90001ABDD0DF1FF324F
:105E800004F1080312F8011F03F8011DA342F9D120
:105E9000A0E7184601F060FB032D00909ADD6A46EA
:105EA000231D12F8011B03F8011DA342F9D191E74C
:105EB000184601F0B9FA012D8CDDE20754BF2080AD
:105EC000208087E7184601F0AFFA012D82DD80B20D
:105ED000F3E7184601F0A8FA032DADDC7AE700BF1E
:105EE00030B4141E07DB456808300A462044291BDD
:105EF00030BCFFF751BF30BC704700BF00B5013A5E
:105F000085B00F2A00F28880DFE802F01623303DCA
:105F10004A56595C5F626571748083080091012361
:105F200008220DEB0201FFF799FDDDE9020100F007
:105F30004BFF05B05DF804FB00910023012202A98C
:105F4000FFF78CFD9DF9080001F044F805B05DF8FD
:105F500004FB00910023012202A9FFF77FFD9DF8B9
:105F6000080001F037F805B05DF804FB009100234C
:105F7000022202A9FFF772FDBDF9080001F02AF81C
:105F800005B05DF804FB00910023022202A9FFF78F
:105F900065FDBDF8080001F01DF805B05DF804FBD3
:105FA00000910023042202A9FFF758FD029801F096
:105FB00011F805B05DF804FB01230091BEE7012351
:105FC0000091C8E700910123D2E700910123DCE7AB
:105FD00000910123E6E700910023042202A9FFF7C4
:105FE0003DFD029801F000F805B05DF804FB00915A
:105FF0000123F2E700910023042202A9FFF72EFDFE
:10600000029800F0DFFF05B05DF804FB009100236B
:1060100086E700910123EFE700208AE7131E09DBE2
:1060200010B4446808300A461844E11A5DF8044B7D
:10603000FFF764BF002000F0CDBF00BF03F022BA1D
:1060400008B503F023FA20F0404008BD03F038BB48
:1060500010F08EB8C11703F0D9B900BF03F0EAB948
:1060600003F0FAB900B583B003F00AFA02AB63E9B2
:1060700002010821184601F06BFF20F0404003B0F8
:106080005DF804FB00B583B003F0FAF902AB63E9F5
:1060900002010821184600F09BFC03B05DF804FBE8
:1060A00081B138B50B680C4608461B6A98472368CF
:1060B00005465B6A2046984701462846BDE83840B9
:1060C00004F05EB9704700BF01F064BE012002F029
:1060D00005B900BF08B5022002F000F940F2933084
:1060E000BDE8084008F0FABD014B1860704700BFDA
:1060F00030050020704700BF00207047002A2DE9BE
:10610000F04340F3BB8000242546ED27DFF8CCE1C7
:1061100009E07F2B04F1010415D8013508B10370A3
:106120000130A24221DD0B5D1E06F2D503F0E00630
:10613000C02E1DD003F0F006E02E33D003F0F80699
:10614000F02E51D0013402350028EAD04FEA931CDA
:1061500006466CF03F0C06F802CB03F03F0363F0F9
:106160007F03A24243703046DDDC2846BDE8F08361
:10617000661CB242DEDD01EB040C9CF801C00CF0A1
:10618000C008B8F1800FD5D14FEA83180CF03F0C4E
:1061900008F4F86848EA0C0CBCF17F0F70DD634628
:1061A0000234D0E7A61CB242C8DD0E1996F801C031
:1061B0000CF0C008B8F1800FC0D196F8028008F04A
:1061C000C006802EBAD11E0308F03F084FEA8C1C8F
:1061D000B6B20CF47C6C46EA080646EA0C06B6F544
:1061E000006FAFDB033430E0E61CB242AADD0E19CB
:1061F00096F801C00CF0C008B8F1800FA2D196F853
:10620000028008F0C009B9F1800F9BD196F8039085
:1062100009F0C006802E95D19E0409F03F094FEA8F
:106220000C3C06F4E0160CF47C3C4FEA881846EA75
:10623000090646EA0C0608F47C6846EA0806A6F554
:10624000803CF4453FF67EAF0434B6F5803F1DD266
:10625000033500283FF465AF4FEA163CC6F38513BB
:1062600006F03F066CF01F0C63F07F0366F07F06BC
:1062700080F800C043708670033052E7002574E751
:106280000235344600287FF461AF4CE7A6F580362E
:10629000B30A063503F5584300283FF442AFC6F36E
:1062A000090606F55C46C6F38518C3F3851C06F09F
:1062B0003F0603F03F0368F07F0866F07F066CF04E
:1062C0007F0C63F07F030770C77080F8048046710D
:1062D00080F801C08370063023E700BFFFFF0F0086
:1062E0000378024618461B0600D4704700F0E0030E
:1062F000C02B10D000F0F003E02B00D07047537893
:10630000927800039B0103F47C6380B2184302F08F
:106310003F03184370475378800103F03F0300F4B4
:10632000F8601843704700BF704700BF70B4C5885D
:106330008D422BD30B0962BB826886882D0902EB44
:1063400045054BB103F10040013832F81030F61A20
:10635000B6B21D4401F00F010022134602E00133E2
:106360009E4213DB0132914205EB0300EC5C0EDB35
:106370002006F4D504F0E000C02804F0F00414D0A6
:10638000E02C08BF023301339E42EBDA002070BCE0
:1063900070472D0900F1080202EB45058688002BA5
:1063A000DAD000EB4300C388D1E70133D7E700BF61
:1063B00080880A30800870470630704780887047B0
:1063C00083888B4226BF063040180020704700BFEC
:1063D00080880A3080087047063070478088704790
:1063E0008188E1B130B4841D0020034602E001330E
:1063F000994210DDE25C150600F10100F7D502F0CC
:10640000E005C02D02F0F00207D0E02A08BF0233F9
:1064100001339942EEDC30BC70470133E7E70846B0
:10642000704700BF70B400228688851D134602E0C5
:1064300001339E4213DB0132914205EB0300EC5C19
:106440000EDB2006F4D504F0E000C02804F0F004D0
:1064500008D0E02C08BF023301339E42EBDA002063
:1064600070BC70470133E3E7C38880681B0900EB09
:10647000430070470022FFF759BF00BFC3888088E0
:106480001B0900EB43000C3080087047704700BFC9
:10649000C38800F108021B0902EB4300704700BFEC
:1064A00080887047C08870470122FFF73FBF00BF58
:1064B0000320704740680B30800870472DE9F8438F
:1064C00004460B46002A4FD0C788B0F804803F0925
:1064D00000F1080606EB470721B14246384606F0B0
:1064E00033FC002307F80830E3881B09D3B306EB1D
:1064F0004309B8443846B8EB00041BD40278102195
:10650000002307E001339C4200EB030512DB013955
:10651000C25C1ED01506F5D502F0E005C02D02F0D4
:10652000F00214D0E02A08BF023301339C4200EB92
:106530000305ECDA4FF45C7008F0D0FB002318463A
:10654000DB1B26F8023BB145D5D1BDE8F88301330A
:10655000D8E72B46DB1B26F8023BB1452846CAD1BB
:10656000BDE8F883BDE8F8831546C2888768B0F8AF
:106570000480120907EB420729B907F80810C388FD
:106580001B09A668B2E74246384606F0DDFB07F86D
:106590000850E3881B09F4E7806808B101F078BD72
:1065A000704700BF10B50446406801F09DFDA0682B
:1065B000BDE8104001F098BD2DE9F04F414D83B08A
:1065C000A9880090002970D13E48009ADFF8FC901D
:1065D000064602F0E1FB0027B846AB8830468BB197
:1065E00002F0EEFB03684B45044647D09B6A984790
:1065F000236880445B6A20469847AB88074430464E
:10660000002BEDD14FEA18146400781C204402F0EE
:1066100099F9A9880190044400294CD12948009A8D
:10662000DFF8A8A0814602F0B7FBAA884846BAB1B5
:1066300002F0C6FB0268524583462AD0526A904750
:10664000DBF800200646136A584698473246014652
:10665000204606F079FBAA8834444846002AE7D150
:1066600000980199184B816011468780A0F8068038
:10667000036003B0BDE8F04FFFF720BF8268A98830
:10668000304602F089FB6268A988304602F084FB3C
:10669000A3E78268A988484602F07EFBDBF8042065
:1066A000A988484602F078FBBFE740F2713008F055
:1066B00015FBA98888E740F2713008F00FFBA98824
:1066C000ACE700BF3805002090AD010048AD0100E7
:1066D00010B50446FFF770FFE08810BD10B5044602
:1066E000FFF76AFFA08810BD10B50446FFF764FFEE
:1066F000E388A0681B0900EB430010BD38B50D46C8
:106700000446FFF759FF294620460022BDE83840DD
:10671000FFF70CBE0320704703207047704700BF8F
:1067200080887047C0887047704700BF8088704776
:1067300060B143688B4200D02BB9531C06D08368EC
:106740009A4203D013B100680028F2D1704700BF0D
:10675000084B1B685BB15A68904201D0002AF8D1FF
:106760004A1C04D09A68914201D0002AF1D11846FF
:10677000704700BF34050020F0B5154E336883B074
:1067800013B90AE01B6843B15C688442FAD19C6883
:106790008C42F7D1DA6003B0F0BD044610201746F2
:1067A0000D4602F0E1F8034620B100221A605A605B
:1067B0009A60DA6018463268019383E83400012158
:1067C00040F80C7F02F080F9019B336003B0F0BD0C
:1067D00034050020F8B50C1E064625DB4CB3002E10
:1067E00063D0002C0CDD96F90030002B23DB731CEA
:1067F000311903E013F9012B002A1CDB9942F9D16E
:10680000E01D01F0E9FF0546002856D02C4B2B6017
:10681000AC8026B131462246A81D06F095FA2C44DC
:106820000023A3712846F8BD13F0D4FD0446002CC4
:10683000D5D12448F8BD132C2EDD00210B4602E0F3
:1068400001339C4210DDF25C100601F10101F7D525
:1068500002F0E000C02802F0F00224D0E02A08BFD5
:10686000023301339C42EEDC8FB20029B8BF0F31F6
:10687000091104F1090000EB410001F0ADFF0546EC
:1068800008B1114B03602846AC80EF8031460122ED
:10689000FFF714FE2846F8BDE01D01F09DFF0546F8
:1068A00058B10A4BB3E70133CAE7E01D01F094FF8A
:1068B00005460028AAD1B480B1E7AC80AAE700BFA2
:1068C000F0AD010018AF010020AE0100C0AD010025
:1068D000F8B50C1E054603DB3CB9134C2046F8BD49
:1068E00013F078FD0446002CF7D0224629460020FC
:1068F000FFF704FC8442064610D002F035F8224629
:1069000007462946FFF7FAFB31463846FFF762FF94
:106910000446384601F044FF2046F8BD214628468B
:10692000BDE8F840FFF756BF18AF01002DE9F84366
:10693000036804461B6A0F469847236806465B6A4D
:10694000204698470146002840D000242546335D64
:10695000ED2B06EB040008D007B17B55013501345F
:106960008C42F4D32846BDE8F88304F10508884535
:10697000F2D2FFF7B5FC8146E01C3044FFF7B0FCD3
:10698000A9F55843B3F5806FE9D2A0F55C42B2F5A2
:10699000806FE4D200F5105000EB83239FB1981470
:1069A00060F00F0078557A19C3F30534C3F38510EE
:1069B00003F03F0364F07F0460F07F0063F07F0327
:1069C00054709070D37004354446C8E7BDE8F8832E
:1069D00070B50D1E12DD064605F1080001F0FCFE43
:1069E000044608B1084B036065602A46314604F14D
:1069F00008002EB106F0A8F9204670BD034870BD0E
:106A000007F092FB204670BD8CAE01000CAF010078
:106A1000014B1860704700BF04000020034A044B7C
:106A2000116803FB00F0484010607047040000202C
:106A3000CB5725CA30B40E4D2A68044621460020A3
:106A4000930983EAD273534083EA121383EA9203D1
:106A50005208534042EAC37202F00103490843EA74
:106A60004000EDD18442E9D32A6030BC704700BFBA
:106A7000040000200048704718AF010000B583B241
:106A80007F2B83B02CDDB3F5006F17DB00F03F00E8
:106A90001A1360F07F00C3F3851362F01F0263F0E6
:106AA0007F038DF80600032101A88DF804208DF8DE
:106AB0000530FFF78FFE03B05DF804FB00F03F00E8
:106AC00060F07F009B1163F03F038DF80500022109
:106AD00001A88DF80430FFF77DFE03B05DF804FBDC
:106AE000012101A88DF80430FFF774FE03B05DF8B2
:106AF00004FB00BF2DE9F0470C46002876D0054680
:106B0000444B002976D098427CD09C4218D02B6808
:106B1000414EB34217D05B6A284698472368074620
:106B20005B6A20469847C619322E804631D90C2020
:106B300001F052FE08B1384B0360456084600546A1
:106B40002846BDE8F0872368B342F0D0A868036800
:106B5000B342ECD05B6A9847236807465B6A2046DD
:106B6000984738443228E2D80C2001F035FE074619
:106B700000B10660384601F0C1FF6B687B602146BA
:106B8000A868FFF7B7FFB860384601F0C7FF3D4679
:106B9000D6E72B6828461B6A9847236882461B6AFB
:106BA00020469847314681460020FFF713FE0368D0
:106BB0001B6A054698473A460446514606F0C4F813
:106BC00042464946E01906F0BFF8002EB8D094F9C5
:106BD0000030002B07DB3219631C9342B0D013F94D
:106BE000011B0029F9DA0D4B2B60A9E70C4D59B1B7
:106BF000084B8AE798420AD00368074E084CB34214
:106C000089D1A3E70D469BE7064B2C4683E7044D4D
:106C100096E700BF18AF010048AD0100C0AD01000C
:106C20006CAF0100F0AD0100884228D0F8B50368D0
:106C30000D465B6A044698472B6807465B6A284600
:106C40009847236806461B6A204698472B680446E7
:106C50001B6A28469847BE4228BF3E46621E03462E
:106C600013F8011B12F8014F8C42A3EB000503D16E
:106C7000B542F5D90020F8BD03DB0120F8BD0020A6
:106C800070474FF0FF30F8BD03689B6A184700BF9C
:106C9000F8B5161E21DD03689B6A0C460546984729
:106CA000002CBCBF241824EAE474001B864212DACC
:106CB0002B682146DB6A284698472B68A1190746AE
:106CC000DB6A28469847044658B1E11B3846BDE8C0
:106CD000F840FFF77FBD002801DC0448F8BD0646F8
:106CE000E6E740F2723007F0F9FFEEE718AF010077
:106CF000002859D0002957D003682DE9F0471B6AB6
:106D0000054614460E4698472B6824EAE4718046EF
:106D1000DB6A284698472B6804465B6A28469847F2
:106D20003368A4EB0805451B5B6A30469847074665
:106D30009CB3854231D3336830461B6A98478146FD
:106D400090F800A002E0BD42344626D32378534594
:106D500005F1FF3504F10106F5D13A4649462046D2
:106D600013F0E5FA0028EED1A4EB0804002C03464A
:106D700003DC14E00130844211DD18F80020110614
:106D800003F10103F6D502F0E001C02902F0F002A0
:106D900008D0E02A08BF0230ECE74FF0FF33184676
:106DA000BDE8F0870130E5E74FF0FF331846704744
:106DB00008B5FFF79DFF013018BF012008BD00BFD7
:106DC00080F00100704700BF38B50C1E034612D199
:106DD000002845D002460B4604460D4612F0DEFF61
:106DE00000283FD10C2001F0F7FC08B11E4B0360D6
:106DF0004460856038BDC4F30A55A5F2FF321D2AF0
:106E000025D8142A0DDC0028E4D1A5F2F33514FAB4
:106E100005F3DFD1E002C2F11F0240F00040D04094
:106E20000EE0A5F2134510FA05F5D3D1E002C2F148
:106E30001F0140F00040C2F13402C840D340184363
:106E4000002CB8BF4042400040F0010038BD1E2A6F
:106E5000C0D10028BED1054B9C42BBD1044838BDEF
:106E6000012038BD0E2038BDBCAE01000000D0C1ED
:106E7000010000802DE9F041036882B01B6A984749
:106E800001A9F9F7D9F90022002306460F4612F0AE
:106E900053FF68BB27F00045304629464FF0FF32CC
:106EA0001D4B34464FF0010812F078FF38B94FF00F
:106EB000FF32194B3046294612F066FFF8B118F040
:106EC000FF0F20D100224FF48013204629464FF0B7
:106ED000010812F063FF40B92046294600224FF412
:106EE000801312F033FF00B9804618F0FF0F0AD16B
:106EF00030463946FFF768FF02B0BDE8F0818046B2
:106F000018F0FF0FDED0054F002630463946FFF758
:106F10005BFF02B0BDE8F081FFFFEF7F0000F87F6C
:106F200008B512F03BFCBDE80840FFF74DBF00BFBD
:106F3000F8B50368DB6A04469847E0B10646FFF7F8
:106F4000CFF9054638B14300B0EB630F10D0BDE870
:106F5000F840FFF7E5BF236820461B6A984723687F
:106F600007465B6A204698473844864203D02B4642
:106F700043F00100F8BD0E20F8BD00BF08B1FFF7D7
:106F8000D7BF0E20704700BFB8B110B5FFF7D0FFD4
:106F90000E2804460FD0C30704D56010BDE810408A
:106FA000FFF76CBD40F2713007F098FE6010BDE84D
:106FB0001040FFF763BD024810BD0148704700BF95
:106FC00018AF010008B512F0FBFBBDE80840FFF761
:106FD000FBBE00BF4300B0EB630F01D0FFF7A0BFC3
:106FE00043F00100704700BFB0F1804F08B503D2F5
:106FF000400040F0010008BD12F0C0FBBDE80840B1
:10700000FFF7E2BE002814BF42200A20704700BFED
:1070100008B5F9F7D5FABDE80840FFF7D5BE00BFBF
:1070200001FB00F0704700BF90FBF1F0704700BF1C
:1070300010B50C2001F0D0FB044608B101F0C8FFE8
:10704000204610BD00897047043001F02FBF00BFFB
:1070500003460A460430198901F008BF043001F0E4
:1070600037BF00BF03894268994234BF52F82100FC
:1070700000207047043001F0F9BE00BF043001F079
:1070800035BF00BF043001F057BF00BF024B1B6883
:10709000588CC000704700BF7805002038B51C4BE5
:1070A0001B688BB15C6AACB1236898422BD08BB162
:1070B000002300E072B1023354F823208242F9D158
:1070C00001339B00E05838BD124B1C6844F210227B
:1070D000944216D00D46044603F0DCF878B10368FC
:1070E0009C4212D05BB1002300E042B1023350F861
:1070F00023209442F9D101339B00C05838BD284663
:1071000038BD5B68CEE70423DCE70423F5E700BF66
:107110007805002040A50100406870474160704735
:1071200010B5082001F058FB044608B101F05AFFE1
:10713000204610BD70B50C1E054616460EDB838832
:107140009C420BDA05EB8404E36823B10B2140F287
:10715000863001F0A9FFE660284670BD0A2140F2A2
:10716000863001F0A1FFEDE707F0B8BD18B1024B82
:10717000984208BF0020704718AF0100003018BFC8
:107180000120704710B5142001F026FB044608B119
:1071900001F030FF204610BD10B5044601F036FF67
:1071A000002806DB238AE268984202D252F82000C7
:1071B00010BD002010BD00BF214B1B68DB6A9A6820
:1071C0002DE9F0411C68904204F1FF3503F10408F9
:1071D0001ED358F8253098421AD8002D14DD6410BB
:1071E00058F82430984210D0012203E058F8243097
:1071F00098420AD098428CBF621C04F1FF355419A2
:10720000AA424FEA6404F1DD00242046BDE8F08183
:10721000002DF9DD0746012605E0B4BF661C04F128
:10722000FF35B542F0DB74196410394658F8240074
:10723000FFF7FAFC0028F0D12046BDE8F08100BF3E
:1072400078050020034B1B680131DB6A53F82110DD
:10725000FFF7A2BF7805002070B50E46154604461C
:1072600001F0D4FE011E06DB2A4604F10C00BDE845
:10727000704001F0FBBD32462189201D01F0F6FD72
:107280002A46218A04F10C00BDE8704001F0EEBDF1
:10729000034B1B680131DB6A53F82110FFF7DCBF99
:1072A00078050020014B1868704700BF7405002066
:1072B000704700BF820708B508D1E0B1036823F02A
:1072C0000103DA78F92A14D0042008BDB0B1C3074D
:1072D00001D5022008BD0E28FBD042280CD00A2878
:1072E0000AD00628F0D040F2213007F0F7FC042045
:1072F00008BD987808BD08BD012008BD08BD00BFC5
:107300000E2820D010B5044678B916E02046FFF7C5
:10731000D1FF0346022B204612D0032B0DD1FFF7DD
:10732000A9FD0E28044608D03CB1A307EED02046A4
:1073300000F00EF812F032FA10BD0020034910BD23
:107340006068A16810BD0020004970470000F87F08
:10735000C107034601D540107047820749D4002871
:1073600053D02DE9F041FFF7CBFF21F000450F4648
:107370004FF0FF3229462A4B064604464FF00108DB
:1073800012F00CFD38B94FF0FF32254B304629463C
:1073900012F0FAFC90B318F0FF0F33D100224FF433
:1073A0008013204629464FF0010812F0F7FC40B93F
:1073B0002046294600224FF4801312F0C7FC00B982
:1073C000804618F0FF0F1DD13046394610F032FAD2
:1073D0000022144B10F06CFC0022002304460D46E2
:1073E00012F0B4FC98B92046294612F015FDBDE80C
:1073F000F0819B0914BF012000207047804618F0DF
:10740000FF0FCBD00020BDE8F08100207047204660
:1074100029460022034B12F075F804460D46E2E7B8
:10742000FFFFEF7F0000F041FFF792BF38B50D4638
:10743000FFF78EFF04462846FFF78AFF00F01F0083
:1074400004FA00F04300B0EB630F03D0BDE838400E
:10745000FFF766BD43F0010038BD00BF38B50D46EB
:10746000FFF776FF04462846FFF772FF00F01F0083
:1074700044FA00F04300B0EB630F03D0BDE838409E
:10748000FFF74EBD43F0010038BD00BF38B50D46D3
:10749000FFF75EFF04462846FFF75AFF60404300AF
:1074A000B0EB630F03D0BDE83840FFF739BD43F0C0
:1074B000010038BD38B50D46FFF74AFF044628469F
:1074C000FFF746FF20434300B0EB630F03D0BDE856
:1074D0003840FFF725BD43F0010038BD08B5FFF780
:1074E00037FFC0434300B0EB630F03D0BDE8084053
:1074F000FFF716BD43F0010008BD00BF38B50D46CB
:10750000FFF726FF04462846FFF722FF20404300EE
:10751000B0EB630F03D0BDE83840FFF701BD43F087
:10752000010038BD38B50D46FFF712FF0446284666
:10753000FFF70EFF00F01F0024FA00F0B0F1804FBB
:1075400003D2400040F0010038BD12F017F9BDE849
:107550003840FFF739BC00BF0E2816D008B50346E7
:10756000C0B19B0708D1FFF7CBFE12F075FC07EE08
:10757000900A17EE900A08BDFFF7EAFE07EE900AA0
:10758000F8EEE77A17EE900A08BDDFED047A17EE01
:10759000900A7047DFED017AEBE700BF0000C07F83
:1075A00070B50E46FFF7ACFE044630460D46FFF7B9
:1075B000A7FE02460B462046294611F0A3FFBDE870
:1075C0007040FFF701BC00BF70B50E46FFF798FE94
:1075D000044630460D46FFF793FE02460B46204612
:1075E000294611F08DFFBDE87040FFF7EDBB00BFED
:1075F00001F00103184203D0C3130133012B12D948
:10760000D0B50C46FFF77CFE064620460F46FFF736
:1076100077FE02460B463046394612F025F9BDE8A2
:10762000D040FFF7D1BBCB130133012BE8D8431077
:10763000481000FB03F04300B0EB630F01D0FFF7ED
:107640006FBC43F001007047032912D0D0B50C463F
:10765000FFF756FE064620460F46FFF751FE02464C
:107660000B463046394612F029FABDE8D040FFF704
:10767000ABBB7047F8B50C46C107034615D5E2070A
:1076800013D5620811D0FFF763FE05462046FFF7C9
:107690005FFE95FBF0F303FB10504300B0EB630F6C
:1076A00015D0BDE8F840FFF73BBC1846FFF728FEB1
:1076B000064620460F46FFF723FE0B460246394694
:1076C000304610F0F5FABDE8F840FFF77DBB43F017
:1076D0000100F8BD70B50E46FFF712FE04463046B5
:1076E0000D46FFF70DFE02460B4620462946F9F7E8
:1076F000BFFEBDE87040FFF767BB00BFC2072DE9C2
:10770000F8430C461CD4FFF7FBFD064620460F4607
:10771000FFF7F6FD04460D4602460B463046394655
:1077200012F032FB88BB22462B463046394612F017
:1077300003FB20B330463946BDE8F843FFF744BBAE
:10774000CB07E0D540106410844208DB04D1600010
:1077500040F00100BDE8F883234604461846001BAC
:10776000FFF768F920444400B0EB640F03D0BDE894
:10777000F843FFF7D5BB44F00100BDE8F88322468B
:107780002B4634463D4616461F46F8F719FF22465B
:10779000804689462B463046394611F0B1FE4246B6
:1077A0004B4612F061F822462B4611F0ABFEBDE8C5
:1077B000F843FFF709BB00BF08B5FFF7A1FD10F0C4
:1077C000D5FABDE80840FFF7FFBA00BF08B5FFF7DC
:1077D00097FD10F04BFBBDE80840FFF7F5BA00BF7E
:1077E00008B5FFF78DFDF9F79FFABDE80840FFF7F0
:1077F000EBBA00BF08B5FFF783FDF9F709FABDE85A
:107800000840FFF7E1BA00BF08B5FFF779FD10F0B7
:1078100011F8BDE80840FFF7D7BA00BF08B5FFF779
:107820006FFD054B002211F06DFEF9F77DFABDE802
:107830000840FFF7C9BA00BF0000E03F0E2830D073
:107840000E292ED08842F8B505462CD001F0010251
:10785000104201D00020F8BD0C46FFF72BFD064674
:107860002046FFF727FD8642F4D145EA04039B0733
:10787000F0D1032E19D0022EECD12846FFF740FD9F
:10788000064620460F46FFF73BFD0B4602463946AB
:10789000304612F051FA4FF0010300B90346D8B256
:1078A000F8BD002070470120F8BD21462846FFF7AB
:1078B000BBF9B0FA80F04009F8BD00BF08B5FFF78A
:1078C000BDFF002814BF42200A2008BD08B5FFF7FD
:1078D000B5FF00280CBF42200A2008BD0E285CD04E
:1078E0000E29F8B50C4614D00628054646D0422885
:1078F00048D00A2830D00629034600F08180422C67
:1079000009D00A2C42D09C423ED004F001031D4213
:1079100004D00020F8BD0322934235D02846FFF75B
:10792000C9FC06462046FFF7C5FC032E30D00328CD
:1079300016D0012E3DD0012831D08642E9D145EA4A
:1079400004039B07E5D1032852D0022836D0601BE0
:10795000B0FA80F04009F8BD0123062CDED0CEE756
:10796000022E2BD0012ED4D1062DD2D0422D4FF095
:1079700002063BD00A2DDED10125DCE7062903D023
:107980000023BCE70323E8E70120F8BD0122C3E799
:10799000022813D00328CED1D1E700207047062C4F
:1079A0004FF002001ED0422C1ED00A2CC5D101245B
:1079B000C3E7062DDAD102260025BCE72846FFF7EB
:1079C0009FFC064620460F46FFF79AFC02460B46F0
:1079D0003046394612F0B0F94FF0010400B90446C0
:1079E000E0B2F8BD0024A8E70324A6E70325A2E738
:1079F00021462846FFF718F9B0FA80F04009F8BD93
:107A0000002289E7FFF76ABF08B5FFF767FF002884
:107A100014BF42200A2008BD08B5FFF75FFF002809
:107A20000CBF42200A2008BDF8B5078945687FB120
:107A30000E46043D002402E00134A74208D031463E
:107A400055F8040FFFF74AFF0028F5D02046F8BD8F
:107A50004FF0FF30F8BD00BF10B500220446FFF71D
:107A6000E3FF011E04DB201D01F040FA012010BDE0
:107A7000002010BD38B58307044608D1B0B1FFF728
:107A800019FC03280FD0022812D0012038BD0A2883
:107A90000CD05CB10E2C09D0062C07D014F1FF30AD
:107AA00018BF012038BD0D4B9C42EED1002038BDDF
:107AB0002046FFF725FC02460B4604460D4612F011
:107AC0006DF90028F2D1204629460022002312F049
:107AD00033F9B0FA80F0400938BD00BF18AF01009B
:107AE000422805D00A2801D0FFF7C4BF0020704704
:107AF000012070470E2847D00E2945D0F8B50C4616
:107B00000546FFF7D7FB06462046FFF7D3FB032EBB
:107B10002AD0A54230D02846FFF7F2FB0646204681
:107B20000F46FFF7EDFB324604460D463B46304616
:107B3000394612F033F908BB22462B462046294627
:107B400012F02CF9D0B922462B463046394612F0B5
:107B5000FDF8B0B922462B463046394612F014F9EA
:107B6000003018BF0120F8BD0328D2D12146284695
:107B7000BDE8F840FFF758B80020F8BD6FF00100ED
:107B8000F8BD4FF0FF30F8BD6FF00100704700BF47
:107B900038B501F0010313EA000405D1FFF7AAFF8D
:107BA000831C06D0C00F38BD8842ACBF0020012026
:107BB00038BD204638BD00BF10B501F00104204299
:107BC00007D1FFF797FF831C01D0002803DD0A20AF
:107BD00010BD8842FBDC422010BD00BF10B501F093
:107BE0000104204207D1FFF785FF831C01D0002844
:107BF00003DB0A2010BD8842FBDA422010BD00BF23
:107C000010B501F00104204205D1FFF773FF0028F1
:107C100003DB422010BD8842FBDA0A2010BD00BF02
:107C200010B501F00104204205D1FFF763FF0028E1
:107C300003DD422010BD8842FBDC0A2010BD00BFDE
:107C4000F0B591B00446FFF735FB032847D0022872
:107C500010D0052835D0002C59D00A2C59D00E2C24
:107C600040D0422C57D02D4B2D48062C08BF18462B
:107C700011B0F0BDE30727D40E2C33D02046FFF718
:107C80003FFB21F000450F464FF0FF322946254BC0
:107C9000064612F083F838BB304629464FF0FF32D3
:107CA000204B12F05DF8F8B9002330463946002227
:107CB00012F04CF81C4C1D4B002814BF20461846EF
:107CC000D6E71B4811B0F0BD6946601008F064FBB0
:107CD00068464FF0FF31FEF77DFD11B0F0BD204644
:107CE00011B0F0BD1348C3E732463B463046394633
:107CF00012F054F80028F5D1304639466A46F8F7B4
:107D000043FB68464FF0FF31FEF764FDB0E70A48D9
:107D1000AEE70A48ACE70A48AAE700BF6CAF01002B
:107D200090AF0100FFFFEF7F5CAF010040AF0100AB
:107D3000A0AF010050AF0100FCAE010084AF010014
:107D400078AF010008B5FFF7B5FA052810D8DFE8CD
:107D500000F0030507090B0D084808BD084808BDD9
:107D6000084808BD084808BD084808BD084808BDBF
:107D700040F2223006F0B2FF002008BD30AF010013
:107D8000ECAE0100B4AF0100D4AF0100C4AF0100FC
:107D900020AF010070B50446FFF78CFA042816D016
:107DA0002046FFF74DFF05462046FFF7CBFF03684F
:107DB0001B6A98472B6806461B6A28469847224646
:107DC000034631460F48BDE8704008F045BD0CB190
:107DD000A30705D021460C48BDE8704008F03CBD23
:107DE00021680A4821F001025369834203D02046EA
:107DF000BDE870401847138805481289BDE87040F7
:107E000008F02ABD70AE010080AE0100957D000033
:107E100050AE010010B504460A461248214608F04B
:107E20001BFD1CB1A3070AD0062C15D02046FFF776
:107E300041FABDE8104000F5757006F04FBF2168AB
:107E400021F00101CB78F92BEED10B898A78064815
:107E500008F002FD062CE9D140F2DD30BDE810400B
:107E600006F03CBFECAC01000CAD010008B50146CA
:107E7000044808F0F1FC4FF46470BDE8084006F0D7
:107E80002DBF00BF78AD010010B501F001FB044625
:107E9000102000F069FD22690260206110BD00BF62
:107EA00038B501F0F5FA0469054634B123682B6151
:107EB0002046BDE8384000F073BC40F2533006F075
:107EC0000DFFF3E7F0B585B0074601F0E1FA04696C
:107ED000064684B194E80F0030618DE80F0020461B
:107EE00000F05EFC094B77611B68684631469B6B6E
:107EF000984705B0F0BD064808F0AEFC3846FFF7DD
:107F000049FF40F2E73006F0E9FEE3E7780500209C
:107F10002CAD010010B501F0BBFA446912239C425C
:107F2000436101D0204610BD40F2533006F0D6FE2A
:107F3000204610BD08B501F0ABFA4369122B05D0FD
:107F4000FFF7E8FFBDE80840FFF7BCBF08BD00BF72
:107F500079B110B4084B094C014410F8012B04FB13
:107F600003F3884283EA0203F7D118465DF8044B15
:107F70007047014B18467047C59D1C819301000155
:107F800038B5046834F0030405460FD0A30F11D0B0
:107F9000C4F3990525B1B5F5004F05D9002C03DBD5
:107FA00040F2493006F09AFE284638BD40F2513082
:107FB00006F094FE2846E36998470546EAE700BFC5
:107FC00038B5144B9A881B6892B1551E53F825108A
:107FD00088421AD0023A03EB82032A4602E0216863
:107FE00081420BD0013A511C1C46A3F10403F6D187
:107FF0004FF45270BDE8384006F070BE954204D090
:10800000044800F0DDFE206038BD0248BDE838407D
:1080100000F0D6BE4C05002018210148FEF7D8BC60
:1080200054050020036823F0010318888008704776
:1080300068B338B5C5680446ADB155F8043C2A6844
:108040006868A96862605A0F032AA060E16005D0E1
:1080500040F2493006F042FE55F8043C43F000433C
:1080600045F8043C38BD50F8043C5A0F032A05D0AB
:1080700040F2493006F032FE54F8043C43F000432D
:1080800044F8043C0020BDE8384001F009BA7047CC
:1080900038B550F8043CDB070546A0F104041CD4B5
:1080A000104B1B6873B103F108029442F9D359686D
:1080B0000A449442F5D255F8043C43F0010345F8D4
:1080C000043C38BD40F24A3006F008FE55F8043C46
:1080D00043F0010345F8043C38BD40F24F3006F050
:1080E000FDFDDDE740050020820700D0704730B37A
:1080F00038B5030F00D138BD0568114B1D42FAD1C8
:10810000EB78F92BF7D10F4B04461B688BB103F1C9
:1081100008018C42F9D35A6811448C42F5D20A48BE
:1081200045F00105256022468188BDE8384000F011
:1081300033BE40F24A3006F0D1FD2568EFE77047C4
:10814000030000404005002038050020002955D0DC
:108150002DE9F04F83B0DFF8B090DFF8B080284F02
:1081600001908B46061F002556F804AF1AF0030F46
:108170000DD1BAF1000F0AD05FEA1A7307D0DAF80E
:10818000000010EA090F02D1C378F92B05D00135A0
:10819000AB45E9D103B0BDE8F08FD8F8003053B15A
:1081A00003F10804A24503D359680C44A24508D33F
:1081B0001B68002BF4D140F24A3006F08FFDDAF84C
:1081C0000000B98840F00100CAF8000052460C488F
:1081D00000F0E2FDBB88642BD9D90C2009F0B4F87B
:1081E000084A019B11681060013503EB8503ABEB76
:1081F000050580E82A0003B0BDE8F08F704700BF96
:108200003805002044050020030000404005002000
:1082100038B505684DB104462846FFF739FFA188F7
:108220002846BDE83840FFF791BF38BD830703D12A
:10823000002849D0030F00D170472DE9F041234BAE
:1082400005681D4201D0BDE8F081EB78F92BFAD129
:108250001F4B04461B68002B30D003F108029442E8
:10826000F8D359680A449442F4D225F0030345F048
:1082700001059B6925600BB120469847154F164CA8
:10828000B846BB887BB923681846002BDBD093E83F
:108290006400226009F07EF831462846FFF756FF59
:1082A000BB88002BEFD0404600F08AFD036823F026
:1082B00003039B69002BE4D09847E2E740F24A3081
:1082C00006F00CFD2568D0E7704700BF03000040B2
:1082D0004005002038050020440500202DE9F04F1E
:1082E000924B85B01B780390980705D54FF45270D8
:1082F00006F0F4FC8D4B1B788C498D4A43F0020349
:108300000B70039B1568978813F0020640F0F3800A
:1083100077B1043D002455F8040F20F0010310F05C
:10832000010F18BF18680134FFF780FFA742F2D190
:10833000804D039801F0BAF82B68A3B17E4B1B68FF
:108340005C8D00F0CBFE2D68071B05EB8405002E2D
:1083500040F0DA803FB10024013455F8040BFFF7F8
:1083600065FFA742F8D1754A754B16781D683EB176
:108370000024013455F8040BFFF758FFA642F8D14A
:10838000704B714A1B686F48126801920133036099
:108390006E4B114600221A60002900F0C280904600
:1083A000174691460292019A536802F108059B080C
:1083B000029A05EB83061A44B542029246D22B6814
:1083C00013F001017FD11A0F062A7CD0AE4240F291
:1083D0008A802C4600E02368002B4FEA13720FDBE3
:1083E000D90714D4062A12D05A0009D4DB78F92B05
:1083F00040F2493001D006F071FC204600F0B6FC96
:108400002046FFF7BDFD04EB8004A642E3D8A4EBB1
:10841000050A4FEAAA0AD0454FEA8A024FF0FF0147
:10842000284642F0004BB8BFD04605F07DFEBAF1B9
:10843000010FD144C5F800B04EDD00236B60002F62
:108440004CD07D602F462546AE42B8D8019B1B68B4
:108450000193002BA7D13E48036847469BB13B4B95
:108460001B684FEA590473B11968C1F399018C4232
:1084700006D24FE01A68C2F3990211448C424AD3E3
:108480005B68002BF6D1029B4FEA89019A00BF007E
:108490002C4B2C485B69C16007618BB18B420FD8B4
:1084A000039BDB0703D53B462A4808F0D5F91F4B51
:1084B0001E4A1B7823F00203137005B0BDE8F08F4D
:1084C000204B5961ECE723F001032B602846FFF7AE
:1084D00057FD05EB8005B7E72546B5E71B4B2F4653
:1084E0001D602546B0E74FF00043B8F1000F2B6048
:1084F000AADA8846A8E7184808F0AEF93A462946AD
:10850000164808F0A9F903E73A462946144808F046
:10851000A3F91FE70A462244511A03EB81030360C3
:10852000B1E7019F3A463946B2E700BF9A0C0020F6
:108530004C05002074050020780500209B0C0020CD
:108540006C05002054050020400500207005002027
:108550004805002038B0010018B0010020B001002B
:108560002CB00100F8B5474E336843B119680029B3
:108570007AD00220FFF7B2FE152006F0AFFB0021F3
:10858000CF20FEF78BFD4FF480510746CE20FEF73B
:1085900085FD0546002008F073FE2A460446014684
:1085A0003948651B08F058F9002F42D1284608F0D9
:1085B000CBFEA5F10801044687614160224633489D
:1085C00008F04AF96268930746D13149DFF8C8E0FC
:1085D0008D684868DFF8C4C03768D31C23F00043B7
:1085E000154423F00303013043F000438D604860DD
:1085F00004F1080101EB9202A360DEF80030E360B1
:10860000CEF80010CCF800201FB3A74221D83A685A
:108610000AB1944207D213463A4623601460F8BD6B
:10862000A342FAD81A461368002BF9D123601460CC
:10863000F8BD04F5FF447F3424F4FF4424F07F04A4
:10864000A4EB872000280DDD2D1A08F07DFE0746DB
:10865000ACE727603460F8BD4FF4527006F03EFB83
:108660006268B2E70027A1E7CD20FEF717FDA0F56D
:108670000130031F002B7FF77CAF064CA0F10C01EB
:1086800061609BE74005002054B0010074B0010018
:108690005405002000040220700500204805002039
:1086A000F0B1104B1B68CBB103F108029042F9D333
:1086B00059680A449042F5D250F8043C5A0F032AF4
:1086C00010B5044605D040F2493006F007FB54F8D7
:1086D000043C43F0004344F8043C10BD08F05ABE8B
:1086E000704700BF40050020072955DD002853D002
:1086F0002DE9F0410646002001F10308FFF7EEFDE9
:10870000264B28F003081D6808F10708043E4FEACD
:108710009807B5B93DE006F0E1FA2C68002C40F26C
:108720004B3001DB06F0DAFA721B9310C4F39904A4
:10873000E41B072BA4EB030401DD072C09DC6D68A7
:108740003DB315F0030F40F25130E4D12B0FE2D0CE
:10875000E3E71F4428F0C04805EB870628F003082C
:10876000A40022F00302686848F0C04142F00042D1
:1087700044F0004445F82740706005EB830485E829
:108780004400002045F82310FFF7A8FD201DBDE898
:10879000F0810020BDE8F0810020704770050020C6
:1087A00050F8043C5A0F032A10B5044605D040F295
:1087B000493006F093FA54F8043C43F0004344F87F
:1087C000043C204610BD00BF024A137843F0040366
:1087D000137070479A0C00202DE9F04F85B0C51C2E
:1087E000B0F5003F03904FEA950500F392804F4BA0
:1087F000DFF848815B68C3F30803BBBB98F800301F
:10880000190733D143F0010388F8003000F040FE2F
:1088100018B14368002B00F08380DFF82491444FA7
:108820000024D9F800B00026BBF1000F25D014B900
:108830003B685B4554D31BF0030F26D040F2513008
:1088400006F04CFADBF800A0BAF1000F03DB40F2AF
:108850004B3006F043FACAF399035B1B002B18DA7E
:10886000DBF804305E4643B19B46E0E740F29230CD
:1088700006F034FA98F80030C4E78CB3012C3AD0F3
:10888000152006F02BFA0134CBE75FEA1B73D5D035
:10889000D8E7DBF804100AD0980040F000404BF80D
:1088A00025000BEB8505012B1CBF69602946002EB6
:1088B00033D071600023CBF8003039B14B682BB155
:1088C0009A0711D04FF4547006F008FA98F8003067
:1088D000584623F0010388F8003005B0BDE8F08F5A
:1088E0000020FFF7FBFCCEE71B0FEFD14FF45470D5
:1088F00006F0F4F9EAE70F490E4B0E4A09699B6846
:10890000D2680D480091039907F0A6FFFFF72AFEF1
:10891000B9E7162006F0E2F969E7C9F80010C9E7DF
:1089200040F24E3006F0DAF977E700BF00ED00E0E4
:108930004805002054050020E4AF01009A0C0020F7
:1089400070050020033010B520F00304201DFFF750
:1089500043FFE31D23F0804323F0030343F08043F0
:1089600040F8043B10BD00BF08B540B1FFF7EAFF77
:1089700050F8042C42F0005240F8042C08BD08BD09
:10898000F8B5204B5B68C3F3080305460F46FBB9F7
:1089900000F07EFD1C4E1D4AEB1B9B1033700446FD
:1089A0001760D0B10C20FFF7CDFF50F8043CE2680F
:1089B0006768A168416043F00053076040F8043CD9
:1089C0008260E06000233370A56063602046F8BDDC
:1089D00040F2923006F082F9DAE71820FFF7B2FF92
:1089E0000B4A50F8043C1268C46043F00053122153
:1089F0000746046140F8043C0260416100F050FD0C
:108A00003C46DFE700ED00E09B0C00206C050020F9
:108A10007405002008B50D4B5B68C3F308030246DC
:108A200073B90B4B1B785BB940B1FFF78BFF50F864
:108A3000043C43F00053024640F8043C104608BD95
:108A40001046BDE8084008F07FBC00BF00ED00E024
:108A50009A0C00201B4B1B6893B370B503F10804FC
:108A6000A04203D35D682C44A04206D31B68002BB0
:108A7000F4D1BDE8704008F0BDBC044608460D4680
:108A8000FFF7C8FF0646CCB1C6B154F8042C530F0B
:108A9000032B05D040F2493006F020F954F8042C9D
:108AA00022F0704222F00302AA4228BF2A46214641
:108AB000304604F049F92046FFF7F2FD304670BD1C
:108AC00008F098BC4005002061B1012938B50ADDE5
:108AD0004C1E013C0121051DFFF7F6FF631C2846D3
:108AE000F7D138BD7047044B40F001029988184611
:108AF000BDE8384000F050B94C050020830702D192
:108B000040B1030F00D17047034B024699881846C5
:108B100000F042B9704700BF4C05002082070346B1
:108B200002D120B11B0F00D17047FFF749BA70473F
:108B30004068FFF7D9BA00BF0430FFF769BB00BF38
:108B400003460C309988FFF701BB00BF4068FFF770
:108B5000CBBA00BF10B504460430FFF759FB04F14F
:108B60000C00BDE81040FFF753BB00BF50F8043BBA
:108B700023F00103198804398908FFF7E7BA00BF19
:108B80000320704703207047808880000F308008E2
:108B9000704700BF02207047052070470449054A0E
:108BA00000230B608B80CB8013609380D380704751
:108BB0004C0500203805002000F02ABC002801DB0D
:108BC00000F022BC704700BF002343810381436053
:108BD000704700BF704700BF00234381038143609B
:108BE00043820382C3607047054B10B41A688468DF
:108BF00083880146A21A03485DF8044B07F02CBE97
:108C00007805002070B1010001464268014807F074
:108C100023BE00BF88B0010001460289014807F069
:108C20001BBE00BF20B10100F8B5C3888B420546CA
:108C30000E4618D223BB0424B442B8BF3446A00069
:108C400008F082FBEB8807464BBBE21A920007EB69
:108C50008300002105F068FA286808F09BFB2F606C
:108C6000EC80AE80F8BD82889142FAD20068521A38
:108C700000EB81009200002105F056FAAE80F8BDAD
:108C80003F2B12DDB3F5007F11DB03F580734FF648
:108C9000FE724FF6FF74934298BF1C46CCE79A00D1
:108CA000296804F051F8EB88CFE75C00C4E7044C76
:108CB00003EB830384FB0324A4EBE374BCE700BF52
:108CC00056555555704700BF704700BF0B6823F0DD
:108CD000010370B51B89042B0C46054609D01048CA
:108CE000012240F2853107F0B7FD40F2853005F0F2
:108CF000F5FF0DB9204670BDE81C8000FFF76CFD44
:108D0000064608B1074B0360A368B360AAB2B580FA
:108D10009200002106F10C0005F006FA304670BD05
:108D200060B10100D4B0010038B502690D4B9A4220
:108D3000054609D00C4803224FF4627107F08CFD00
:108D40004FF4627005F0CAFF2888FFF745FD04461E
:108D500000B105602A880021043A201D05F0E4F9DD
:108D6000204638BDC58C000060B10100036823F0C7
:108D700001031B69184700BF036823F001031B6947
:108D8000184700BF036823F0010301461A88014811
:108D900007F062BDB8B001004FF6FE7399420DD8DE
:108DA0008388994270B5054616460C4602D30131B8
:108DB000FFF73AFF2B6843F8246070BD704700BF8F
:108DC00083884BB1013B9BB202688380002152F83B
:108DD000230042F82310704718467047F8B5C3883F
:108DE00005460C46A3B903290E4629DC0426344661
:108DF0001020FFF7A7FDEB8807467BBBF21A920015
:108E000007EB8300002105F08FF92F60EC80F8BD9F
:108E10003F2B20DDB3F5007F14DB03F580724FF6A6
:108E2000FE718A4295BF91B24FF6FF720A46114613
:108E300094422646BCBF0C462646B34200DBF8BD32
:108E4000A000D6E7084A03EB830182FB0102A2EBF4
:108E5000E17291B2ECE75A0091B2E9E79A00296811
:108E600003F072FFEB88C9E75655555530B5C388F6
:108E70008B4283B005460C4609D9036843F821208C
:108E8000AB889C4224BF0134AC8003B030BD4FF6A8
:108E9000FE739942F9D8013189B20192FFF79EFF22
:108EA0002B68019A43F82420EAE700BF38B5C3884D
:108EB0008B42054602D28AB29A4202DA8CB2AC8068
:108EC00038BD14461146FFF789FFAC8038BD00BF9E
:108ED00083884BB1013B9BB202688380002152F82A
:108EE000230042F82310704718467047F8B583886E
:108EF0008B421DD905684A1C8F009342044655F8E1
:108F0000216005EB070007D8013B9BB20022A3803C
:108F1000304645F82320F8BD5A1A02F18042013A42
:108F2000391D2944920011F011FAA3882568EBE756
:108F300000263046F8BD00BF83888B421CD970B52F
:108F40000E461546591CC28889B2914204460FDA72
:108F5000701C216880009B1B061F9A000844314446
:108F600011F0F4F9A388226801339551A38070BDF4
:108F7000FFF734FFA388EBE7FFF778BF70B505462E
:108F80000A48EB88AA88296807F066FCEB885BB181
:108F9000074E00242B68304653F8241007F05CFC81
:108FA000EB880134A342F5D870BD00BF34B1010095
:108FB00058B1010010B5014604460289034807F084
:108FC0004BFC201DBDE81040FFF7D8BF9CB001004E
:108FD000034A02600022426002814281704700BF62
:108FE000ECB10100024A026000224260704700BFFB
:108FF000BCB10100044A0260002242600281428149
:10900000C2600282428270478CB101002DE9F843B0
:10901000068947680C46002E34D03B688B423DD011
:109020003B46002003E053F8042FA24228D0013031
:10903000B042F8D1236820465B6A9847236880468F
:109040001B6A20469847043F8146002402E0013411
:10905000B4421FD057F8045F2B6828465B6A9847D4
:109060004045F4D12B6828461B6A98474246014682
:10907000484611F05CF90028E9D12046BDE8F883A4
:10908000BDE8F8830B6808465B6A9847236820466A
:109090001B6A98474FF0FF30BDE8F8830020BDE819
:1090A000F88300BF704700BF10B504460A46044865
:1090B000214607F0D1FB2046BDE8104005F00EBE6A
:1090C00060B10100014B1B681869704778050020EA
:1090D000014B1B689869704778050020014B1B689D
:1090E000188C704778050020014B1B68D86B7047BF
:1090F000780500200268F8B544F210239A4200D0A7
:10910000FEE741681B4B0A681B4F9A4204463960D0
:1091100025D0088C194E8000FFF726FC3B68306094
:109120001A8C0021920004F0FFFF3D68144B2A685E
:1091300031689A420E6000D0FEE7A3682A699A421D
:10914000FAD100F053FA3A680023146B05F140009D
:109150001A461946A047BDE8F84000F053B909483F
:10916000103107F079FB40F29F30BDE8F84005F080
:10917000B5BD00BF718E3B927805002074050020BC
:10918000708E3B9204B101000148FFF7B3BF00BFEE
:1091900040A5010048B110F003030ED1026822F08F
:1091A0000102D178F92901D0184670471089A0F141
:1091B0000600B0FA80F0400970470020704700BFF9
:1091C00070B505460C20FFF707FB044628B1164B87
:1091D000036000234360038143813DB1AB0705D1A8
:1091E0002B6823F00103DA78F92A01D0204670BDFC
:1091F0000E4A9342FAD12E89002EF7D02046FFF76F
:109200007DFC63899E4204D903DB3146201DFFF7B4
:10921000E5FD2681B2006968606803F095FD20468F
:10922000FFF77CFCE2E700BFECB101008CB101006C
:1092300038B50D46044608B1830714D040F29B3080
:1092400005F04CFD29462046FFF7E0FE051E08DB31
:109250002946201DFFF74AFE294604F10C00FFF7BE
:1092600045FE422038BD036823F00103DA78F92A6D
:10927000E4D1024A9342E5D0E0E700BF8CB101009F
:1092800070B50E46FEF73CF8044630460D46FEF734
:1092900037F802460B46204629460EF093FCBDE8FF
:1092A0007040FDF791BD00BF08B5FEF729F80EF03C
:1092B0001FFABDE80840FDF787BD00BF08B5FEF7FF
:1092C0001FF80EF0D1F9BDE80840FDF77DBD00BFE5
:1092D00008B5FEF715F80EF07BF9BDE80840FDF77C
:1092E00073BD00BF08B5FEF70BF8F7F7F1FABDE85C
:1092F0000840FDF769BD00BF08B5FEF701F80EF0A4
:109300000DFCBDE80840FDF75FBD00BF08B5FDF7E7
:10931000F7FF0EF059FBBDE80840FDF755BD00BF53
:1093200008B5FDF7EDFF0EF089FEBDE80840FDF73A
:109330004BBD00BF054B1A6810B4146B0023A44644
:109340001A4619465DF8044B604700BF78050020B7
:109350002DE9F04385B08DE80F009DE80F00BDF8C2
:109360000260124CBDF8007084E80F0038463146A8
:10937000FDF7EEF904463046FDF72CFE94B1DFF818
:1093800030908046D9F80030E0681D6B00231A4603
:109390004146A847206832463946FDF7C9F90446D8
:1093A0000028EFD105B0BDE8F08300BF0005002024
:1093B0007805002008B5FFF7B1FBBDE8084007F0CD
:1093C000F9BD00BF08B5064E054632680023146B90
:1093D00019461A462846A047142007F0B5FDF4E7C1
:1093E0007805002010B5044607F020FB034640B185
:1093F00000200CB144F820301B6A0130002BF8D15A
:1094000010BD10BD07F0D6BD07F09EBD08F076B8C0
:1094100050B110B50446FFF771FB2146034A0448DA
:10942000BDE8104007F07CBC704700BF851001000C
:10943000C593000050B110B50446FFF75FFB21460D
:10944000034A0448BDE8104007F06ABC704700BFFB
:10945000B59300003593000089B280B207F098BD43
:10946000064B10B51C68FDF711FE04F6FF7420448E
:1094700020F47F6020F00F0010BD00BF78050020B1
:109480000CF068BE08B508F017FC08BD08F024BC55
:10949000024B186800B1406A704700BF140B0020EF
:1094A000014B1B6858627047140B00202DE9F04FE8
:1094B000DFF81881D8F8003087B0002B7AD08246C8
:1094C00007F0B4FA0446002867D00023246A013369
:1094D000002CFBD198001C46029307F035FF039047
:1094E000FFF780FFA04203D04FF44B7005F0F6FB6E
:1094F000029B002B3DDD002300939946039B043B18
:109500000AF0020A0193019B53F8047F01937E6ADB
:109510004EB37069FEF78AFE0436D8F8003034681E
:109520009F422CD03868BD680CF05EFED8F8003041
:10953000281A9F420444756807D03868D7F808B0E5
:109540000CF052FEABEB00000544BAF1000F1AD14B
:10955000A54205D954F8040BFEF768FEAC42F9D3D6
:10956000B668002ED9D1009B029A01339342009332
:10957000C9D1039807F00EFF07B0BDE8F08F7568FA
:10958000BAF1000FE4D02B1B49469B1022460E482F
:1095900007F062F909F10109DAE707F0D5FE039057
:1095A000FFF720FF0028E4D04FF44B70029405F041
:1095B00095FB9DE7012007F0C7FE0590059807F091
:1095C000E9FE07B0BDE8F08F2CB20100140B0020BB
:1095D00010B500F0B1FD0446302010F089FE2146A0
:1095E00001230022BDE8104008F0C6BB70B5FFF7AC
:1095F000EFFF00F051FE1E4B1B681C8D3CBB1D4C49
:109600001D481E4E07F064FA04F5807501E0AC4277
:109610000AD054F8040F0028F9D003681B68B3423D
:10962000F5D09847AC42F4D100F0A6FE4FF0FF31E0
:109630000D20FDF733FDC0B200F034FB18B1036814
:1096400000211B689847BDE8704000F0D1BD21465D
:109650004FF02020FFF748F821460546024608480B
:1096600007F0FAF8002DCAD1142005F037FBC6E741
:10967000780500200C0600207C05002045560000DF
:109680001CB2010010B5084C08480AF0D7F9204672
:1096900009F0BEFB064A0749204610F03AFE064B89
:1096A000064A1A6010BD00BF7C050020000500209E
:1096B00000000020A52E0100A4050020A8B601008E
:1096C0002DE9F04F8DB016461F4604460D46FDF7B6
:1096D0003FF838B1324629462046FDF74DF80DB027
:1096E000BDE8F08F0F2CBFB242D0282010F000FE52
:1096F000A1B280460097214BAAB207F093FE4146E3
:109700001F4809F079F950BB002DE3D14FF0FF312C
:109710002046FDF71DF807460028DBD0DFF85CB0D7
:10972000DFF85CA01FFA84F94FF010083A89CDF8F1
:1097300000805B46494602A807F074FE02A9504625
:1097400009F012F902A807F085FE38684FF0FF32E1
:109750002146FCF7EDFF07460028E7D1BAE740466F
:1097600007F078FE404610F0C1FD002DB2D1CDE7E4
:10977000C02FBAD0002DADD1C8E700BF5193000073
:109780007C05002000B585B08AB2012381B268460D
:109790000AF034F905B05DF804FB00BF4FF0FF316B
:1097A0000148FDF795B800BF38B2010008B509F0CF
:1097B000F7FA08BD08B503681B6A9847BDE808407A
:1097C0000146014807F048B840B20100036810B5EF
:1097D0001B6A0C46984722460146BDE810400148E6
:1097E00007F03AB848B20100014820F060407047E5
:1097F00000000220F8B538B30E46054621B31D4FD0
:109800003C6814B90CE0E46954B123689D42FAD174
:1098100063689E42F7D1184807F01EF82046F8BD4D
:10982000164807F019F8202010F062FD0446324671
:109830002946002384E8600008300AF03BFB3B68BF
:10984000E3613C602046F8BD0D4807F005F84FF095
:10985000FF311920FDF722FCC0B200F023FA4FF0CF
:10986000FF3105461820FDF719FCC0B200F01AFAC6
:109870000646C4E7A80500208CB2010070B20100C2
:1098800054B2010008B5FFF7B5FF083008BD00BFAE
:109890002DE9F041074682B00C46002011461646DD
:1098A0009846FDF795F80546FFF728F9610089B25B
:1098B000334605F10802CDF8008007F108000AF0F0
:1098C0003FFC04462846FFF729F9002C0CBF284628
:1098D000002002B0BDE8F08110B5546882B04900A4
:1098E000009389B22346083208300AF0C7FB02B061
:1098F00010BD00BF00207047002070470020704757
:10990000002070476FF47D70704700BF6FF47D706A
:10991000704700BF6FF47D70704700BF38B5094DC8
:10992000286800B138BD102010F0E2FC064B044658
:10993000214640F8043B6FF0030208F065FC2C6000
:10994000204638BDAC050020ACB20100FFF7E6BFF1
:1099500008B5FFF7E3FF002008BD00BFFFF7DEBF3B
:10996000FFF7DCBF2DE9F04702EB8207F03782B04A
:109970008046384615460E4610F0D0FC3A46002187
:10998000044604F0D1FB8022114678234FF0000EEC
:10999000AE4525DAE05C1043E054501004EB0309B7
:1099A00038D016F80EA0921011EA0A0F5FFA80FC68
:1099B000D0B23BD099F800A04CEA0A0A89F800A07E
:1099C000002A3ED101331022E05C60F07F00E054B9
:1099D00049101DD10EF1010EAE454FF08001D9DBCB
:1099E00000221146404600F091FC03681C491B68A8
:1099F000054698472968002300933A462846CD68D3
:109A00002146A847204602B0BDE8F04710F06EBCE2
:109A1000C9B2BDE716F80E20114203F101030AD1C5
:109A20004020420815D101334022D1E7002AF8D165
:109A300001332022CCE7E25C62F03F02E2542020B6
:109A4000EFE740EA0A0089F800005FEA9C00EFD0E7
:109A5000E7E78010C2B20028BAD101338022B7E70D
:109A600000093D00182A01D9FFF77CBF0CF0E2BBCA
:109A700002682DE9F0471268089E0C46002107464F
:109A8000994690472025236801211B682046984766
:109A9000236800211B6820469847013DF3D109EB5C
:109AA000060AE6B119F8018B082680253B6818EAFA
:109AB000050F14BF012100211B6838469847236811
:109AC00001211B6820469847236800211A68204618
:109AD0009047013E4FEA5505E8D1CA45E2D13B68BF
:109AE00038461B68012198472025236801211B68FF
:109AF00020469847236800211B6820469847013D6F
:109B0000F3D1BDE8F08700BF2DE9F04383B00A46EA
:109B100000211E460A9F00F0F9FB00240368009410
:109B20000546D3F80C80144923460422C0472B680D
:109B3000009431463A46DE6828462346B0472B68F3
:109B40000094DE680C49234628460422B047FF08EB
:109B50000ED0DFF82890A0462B68CDF80080DE6894
:109B600020340023042249462846B047BC42F3D3A0
:109B700003B0BDE8F08300BFB0050020080000205E
:109B800070B4039C38B131B12BB124B1182C04D975
:109B900070BCFFF7B9BF70BC7047039470BCFFF78F
:109BA00067BF00BFA0B19BB130B55C6883B06CB13A
:109BB000042A07D0224603F1080103B0BDE8304073
:109BC000FFF750BF00940833FFF7DAFF03B030BD52
:109BD000704700BF2DE9F84385B22F2D3CDC214EA4
:109BE000745D44B1204B04F180441B68013C53F880
:109BF0002400BDE8F8831D4FDFF86C903978D9F860
:109C0000000001318900FEF725FFC9F80000182087
:109C100010F06EFB4FF0FF3121FA05F2002302F045
:109C2000010213430CBF01230323EAB205F16401CF
:109C300080460BF049F83978D9F800304A1CD2B286
:109C4000144604F1804443F82180013C72553A7077
:109C500053F82400BDE8F8834FF4637005F03EF834
:109C6000BDE700BFB4050020E40500209C0C0020E7
:109C700038B54FF0FF310546FDF710FA04460130C4
:109C800004D02046BDE83840FFF7A4BF2946044869
:109C900006F0E2FD2046BDE83840FFF79BBF00BF5D
:109CA000C8B20100002804DBFF2802D080B2FFF711
:109CB00091BF0020704700BF08B54FF0FF31FDF79E
:109CC000EDF9002806DBFF2804D080B2BDE808408B
:109CD000FFF780BF002008BD0B4B10B403F5807464
:109CE00001E0A3420AD053F8042F002AF9D091884A
:109CF0008142F6D110465DF8044B704700221046B1
:109D00005DF8044B704700BF0C060020FFF7D4BF7E
:109D100001460020FCF75CBE014B9868704700BF0D
:109D20000005002003685B69184700BF0368DB6813
:109D3000184700BF704700BF0048704716FCFFFF80
:109D400010B5044B036000230446C38006F06CFC8E
:109D5000204610BD84B6010010B5064B03600023F9
:109D60000446C38006F060FC204610F0BFFA20468F
:109D700010BD00BF84B6010090F82C3003B97047C5
:109D80002DE9F04705468068036884B01B68002110
:109D90009847A868036801211B6898470824002693
:109DA0002869036801219B688E409847002108B10B
:109DB00046F00106E86803681B689847E86803688E
:109DC00001211B689847013CEAD1AA696B6956409A
:109DD0009E4228D005F11C0705F12C094FF001081F
:109DE00012E01E420CD140F6020A01235146684699
:109DF00009F004FE514601230022684609F0FEFDE9
:109E0000B94504F101040DD037F8022B08FA04F328
:109E1000002AF5D069690B42E3D11E42F0D040F62A
:109E2000030AE2E76E6104B0BDE8F08708B5036895
:109E30005B689847003018BF012008BD03681B68A5
:109E4000184700BF70B5036804460D4616461B6DE3
:109E5000032198473246294620891023BDE87040E7
:109E6000FFF72EBC8B1E70B50D4604461646032B1D
:109E700013D8DFE803F00F0F0202036803211B6D04
:109E8000204698473246294620891023BDE8704075
:109E9000FFF716BC03680221F1E770BD2DE9F0471A
:109EA000A1F1040A04461646D71707F015FFBAFABF
:109EB0008AFA4FEA5A1A8046894609E007F00CFFF1
:109EC000B0EB080061EB09018F4208BF864220D346
:109ED000236820465B68984750450546EED107F059
:109EE000FBFE824609E007F0F7FEB0EB080061EBED
:109EF00009018F4208BF86420BD3236820465B6866
:109F000098478542EFD007F0E7FEA0EB0A00BDE8D6
:109F1000F0870020BDE8F08731B1036801290CBF4C
:109F2000022100211B6C1847036801211B6C184794
:109F3000F8B5274D2C680CB12046F8BD302010F044
:109F4000D7F9244B84800646C480036006F0F8FAF3
:109F5000214B33604FF0FF314720FDF79FF8C0B22F
:109F6000FFF7A0FE4FF0FF31B0604820FDF796F8F4
:109F7000C0B2FFF797FE4FF0FF31F0604920FDF7C8
:109F80008DF8C0B2FFF78EFEF46134627462B46281
:109F9000F288036874614FF47A6742F40052B78024
:109FA0000127F280B4613946306186F82C709B68D5
:109FB0009847B068036839461B689847F06803689B
:109FC00039461B68344698472E602046F8BD00BFCE
:109FD000E805002084B60100E0B2010070B5A0F2EF
:109FE0001A45072D04460E460ED9A4F57A73072BA1
:109FF00001D9002070BDFFF79BFFA4F5777400EB3B
:10A0000044040120A68070BDFFF792FF01228369FE
:10A0100002FA05F52B43323C8361E6E7104B10B49E
:10A020001C68CCB104F11C02002332F8021B8842E8
:10A0300006D00133082BF8D100205DF8044B70479F
:10A0400061695DF8044B012202FA03F30B420CBF75
:10A0500000204FF40070704720465DF8044B7047B5
:10A06000E8050020F8B54FF0FF3107464820FDF71E
:10A0700015F8C0B2FFF716FE002428B3FFF758FF0B
:10A0800005468068036800211B689847A868036834
:10A0900001211B689847002F16DD264628690368B2
:10A0A00001219B688C4098470136002108B144F09B
:10A0B0000104E86803681B689847E86803680121A1
:10A0C0001B689847B742E9D12046F8BD10B54FF05C
:10A0D000FF314820FCF7E2FFC0B2FFF7E3FDA0B17B
:10A0E000FFF726FF04460069036800219B68984734
:10A0F000A068036800219B689847E0680368002116
:10A100009B689847002384F82C3010BD03685B6B74
:10A11000184700BF026810B4146940F2DC53A4462B
:10A120004FF4FA625DF8044B604700BF0368DB6AD6
:10A13000184700BF704700BF2DE9F0412549264D63
:10A1400082B0DA20FCF7AAFFDFF894E0DEF80070B6
:10A1500018264FF0010C20FA06F1C9B2102936D0AA
:10A160000124112304E0994211D015F8323014462D
:10A17000621C002BF7D1083E16F1080FEBD14FF40B
:10A18000677004F0ABFD002002B0BDE8F0810CFA6E
:10A1900004F21742EFD105EBC4046368D3F80483DB
:10A1A000B8F1000FE7D13A4310390C48CEF800203F
:10A1B000019306F051FB182010F09AF8019B94F9D6
:10A1C0000120054619460BF041FF2846DCE7002434
:10A1D0000122DEE7131012111CB30100FCB20100D2
:10A1E000EC0500204FF080430122C3F800257047A2
:10A1F00008B52348FCF70CFC4FF01023D3F80C22D1
:10A200002AB9D3F8043303F00703052B37D01D48D0
:10A2100006F022FB1C4B0122C3F80425D3F80024CE
:10A22000002AFBD04FF01023D3F80C2212B10022E9
:10A23000C3F80C224FF01022D2F8043303F00703C6
:10A24000052B07D0D2F8043323F0070343F00503AE
:10A25000C2F804330C4B0022C3F80425D3F80024C1
:10A26000002AFBD0BFF34F8F0849094BCA6802F49C
:10A27000E0621343CB60BFF34F8F00BFFDE708BD23
:10A28000A10D0C0010B3010000E0014000ED00E062
:10A290000400FA0500207047704700BF2DE9F04127
:10A2A000164F3C6882B014B90DE0646B5CB1256850
:10A2B000A842FAD163689942F7D1A3689A4218D0AC
:10A2C000646B002CF3D10546382090460E4610F002
:10A2D0000FF80446002200924346056032462946A4
:10A2E0000C306660C4F808800BF00CFC3B686363BC
:10A2F0003C60204602B0BDE8F08100BFF0050020C0
:10A3000008B55A2004F0EAFC002008BD08B5FFF7A4
:10A31000C5FF0C3008BD00BF0C300BF0B5BC00BF52
:10A3200030B50C4685B0054698B174B104F108010A
:10A330006468AAB1506802F108030090224605F152
:10A340000C000BF05DFC05B030BD002AFBD02146AF
:10A35000F0E740F2DD30039204F0C0FC039AE4E73A
:10A3600010461346E9E700BF0C300BF0C1BA00BF3E
:10A370000C3008220BF00CBB704700BF0020704768
:10A38000024B1B6803B11847704700BFF40500205B
:10A3900010B50A4C23687BB1082109489847094841
:10A3A0002368016843B104309847236823B1022130
:10A3B0000548BDE81040184710BD00BFF405002057
:10A3C0004CB301001007002058B3010008B5036822
:10A3D000DB699847002814BF4FF40070002008BDC7
:10A3E00010B588B08DE80F00BDF80020A2F57A62A4
:10A3F00092B2012340F6020104A809F0FFFA08B066
:10A4000010BD00BF10B588B08DE80F00BDF800206A
:10A41000A2F57A6292B2012340F6030104A809F082
:10A42000EDFA08B010BD00BF10B5034B0360044641
:10A4300007F02CFD204610BD64B3010010B5054B9C
:10A440000360044607F022FD20460FF04FFF204630
:10A4500010BD00BF64B3010010B5034B0360044698
:10A4600007F014FD204610BD64B3010010B5054B84
:10A470000360044607F00AFD20460FF037FF204630
:10A4800010BD00BF64B3010038B5054610200FF0C1
:10A490002FFF2A6845600446002352690360A360C9
:10A4A00028469047034BA0811A6822601C60204612
:10A4B00038BD00BFF805002010B50446FEF7E2FFE6
:10A4C000A368C31A312B01D8A08910BD6368A060AE
:10A4D0001A6818465369984780B2A08110BD00BF22
:10A4E00038B504468069FFF7E7FFB4F91C30002B4C
:10A4F000ACBFA0F50074C0F500743221D820FCF781
:10A50000CDFD4FF4FA710546D920FCF7C7FD641B59
:10A51000401B640294FBF0F0B0F5007FA8BF4FF43D
:10A52000007020EAE07038BD10B504468069FFF77E
:10A53000C3FFB4F91C30002BAEBFA0F50070C0F50E
:10A5400000705B42984209DCA27F22B103EB430317
:10A55000B0EBA30F05DC0020A07710BD0120A07791
:10A5600010BD012010BD00BF10B50446081ED8BFA5
:10A5700004F57A60FFF7B0FB20B10368BDE8104036
:10A580005B6A18472046FFF749FD002814BF4FF4C7
:10A590000070002010BD00BF2DE9F0410B4682B0D5
:10A5A00006464FF0FF311846FCF778FD431C0CD0EF
:10A5B000C0F3074306F57A67002B0546384614BFFB
:10A5C0001C462024FFF788FB10B102B0BDE8F081E3
:10A5D000ADB231462846FFF701FD03460028F4D10D
:10A5E000A5F24C46C72E5ED904F0F002102A00F006
:10A5F0008780202A00F08C80302A00F0838040F28F
:10A6000023301E4604F06AFB2846FFF74BFB8046CA
:10A6100018200FF06DFE04F00F0405468DE8500081
:10A6200001234146BAB207F0FBFC3A4B2B602C46A3
:10A63000A5880F2DC9D0384E282037680FF058FE56
:10A640001023294600930122344B804606F0EAFE8F
:10A650003B6838465B684146984728B1404606F05B
:10A66000F9FE40460FF042FEA58834680F2DACD0AD
:10A6700028200FF03DFE1023294600930222284B8C
:10A68000064606F0CFFE236831465B6820469847B1
:10A6900000289AD0304606F0DDFE304602B0BDE814
:10A6A000F0410FF023BE4FF49671D520FCF7F6FC75
:10A6B000632EC8BFA5F596668046C8BFC0F10008E6
:10A6C0003046FFF7EFFA174B1C6814B91CE02468FA
:10A6D000D4B163689842FAD120200FF009FE002619
:10A6E0000546616801960123BAB2009607F098FC0E
:10A6F0000D4BAC61A5F81C80AE772B602C4697E71C
:10A70000012681E706467FE7FFF7BEFE0446E3E742
:10A71000022679E764B30100480B002005A400007D
:10A72000E1A30000F805002094B30100704700BFCA
:10A73000704700BF704700BF00207047002070477F
:10A7400008B5FEF721FD002008BD00BF416070473D
:10A75000064A136883EA433383EA534383EA431385
:10A7600098B2A0F5FF4013607F38704710000020BA
:10A77000B1F5007F0846A8BFA1F50070B0F5807F55
:10A78000C8BFC0F5007000FB00F240F63B1303FBAE
:10A7900002F31B14A3F5A4433A3B02FB03F34CF66C
:10A7A000FE0202EB234300FB03F00012B1F5007F31
:10A7B00028BF4042704700BF8901A1F5FF407F38A4
:10A7C000704700BFB1F5007F07D3C1F57F7103313A
:10A7D000C901A1F5FF407F387047C801A0F5FF40CF
:10A7E0007F38704710B4036A064A1C78064866230F
:10A7F00013FB042347F6FF728B42D8BF10465DF867
:10A80000044B704704FCFFFF0180FFFF30B48469F4
:10A8100004F03F0393421BD00F4D2B6883EA433370
:10A8200083EA534383EA431302F03F0203F40044F4
:10A8300022432B60826144B1084847F6FF74B1F5AA
:10A84000007F28BF204630BC7047204630BC704790
:10A8500004F40044EFE700BF0C0000200180FFFF7C
:10A8600010B4036A0D481B780D4C1844012310F8EE
:10A87000100C0240501102F01F0254F8200003FA9D
:10A8800002F2104006D0074847F6FF72B1F5007F8C
:10A8900028BF10465DF8044B704700BFE8B30100C5
:10A8A000E0B301000180FFFF00207047F8B5104BB6
:10A8B0001049016003F128020646C0F85831C0F87B
:10A8C000602100F5AC7700F5BE7500F5C274043C5C
:10A8D000204609F03FF9A542F9D1074BC6F8583197
:10A8E00000233846A6F85E3105F09EFE3046F8BDDE
:10A8F000C8BA0100C4B3010084B60100F8B5124B18
:10A900001249016003F128020546C0F85831C0F829
:10A91000602100F5AC7700F5BE7600F5C274043C0A
:10A92000204609F017F9A642F9D1094BC5F858316C
:10A9300000233846A5F85E3105F076FE28460FF074
:10A94000D5FC2846F8BD00BFC8BA0100C4B3010059
:10A9500084B601002DE9F04FD0F85051DFF8D0E077
:10A960004FF0FF374FF0020C4FF0010B002D53D08A
:10A970002B466FF07F4809E084681A68121B002A92
:10A9800012DD9B689045A8BF904653B11979002904
:10A99000F2D06FF07F429B689045A8BF9046002B95
:10A9A000F4D14046BDE8F08F81464FF0FF3808EB08
:10A9B000880200EBC20AD9F82C2092B3B8F1FF3F0D
:10A9C00005D0DAF81020D9F81060B24200D28846DB
:10A9D0000131082909F12809E9D108EB880200EBC7
:10A9E000C2021032D16909B181F804C0D3F80C80D9
:10A9F000D361D8F8041083F804B0AEFB0113DB0870
:10AA000008F1080103EB430301EB83031460536275
:10AA10001162D760002DABD16FF07F484046BDE892
:10AA2000F08F01EB810100EBC1021032DAE700BFC9
:10AA3000ABAAAAAA002A01DD00F002B801207047E3
:10AA40002DE9F04F2DED028B8BB015460791069244
:10AA50000990FFF77FFFA842C0F23E81099E069B46
:10AA6000079FD6F850415D000021641A2A463846F7
:10AA700018BF012403F058FBF068AF4A030282FBC1
:10AA80000312DB17C3EBA21305930EF087FE0B46F0
:10AA90000246AA4900200FF011F80FF0DDF93B46FD
:10AAA0002B44049308EE100A06F5A87306F1100A69
:10AAB0000893DAF81C20002A00F0B580DAF820307C
:10AAC0000699DAF808800C3B0029CAF8203040F3D8
:10AAD00019810024DDF81C90029426460394A346B5
:10AAE00025460194002D40F0D880DAF82030DAF8BD
:10AAF000241003F10C028A42CAF8202080F0E08082
:10AB0000D989187B1D8AB3F91260B3F91440DA8A27
:10AB1000132940F3C08044F62063994228BF1946A8
:10AB2000132A40F3B68044F620639A4228BF1A469F
:10AB300040F2FF37BE423346A8BF3B46BC42A8BFE7
:10AB40003C4623EAE37324EAE474002D00F0AA8073
:10AB50004EF66026B54228BF3546461E042E00F24A
:10AB6000A380DFE806F08A0393908D00744802907A
:10AB7000059805FB00F50198E41A2D0A240494FBBE
:10AB8000F5F4002800F0C88007EE901AF8EEE77A96
:10AB9000914267EE887A4FEA034BFCEEE77A17EEB4
:10ABA000906A7CD007EE902AF8EEE77A67EE887A12
:10ABB000FCEEE77A17EE907ABF1B97FBF5F3039351
:10ABC0001F464FEA9862C8F30941029B50469847D6
:10ABD0004FEA2B41B9F80020019B00FB01F0013343
:10ABE00002EB204229F8022B0193049B9945B044C3
:10ABF00005F1FF35A3443E447FF474AFDAF820201A
:10AC0000DAF824309A425BD2002D08BF0125CAF839
:10AC10000880039BCAF80450CAF80CB0CAF8143074
:10AC2000CAF810600124089B0AF1280A9A457FF4AB
:10AC300040AF099A0698936800280344936016DD94
:10AC4000079B049D4FF6016040F2FF1103E019805D
:10AC500002339D420BD0B3F90020B2F5007FF6DA43
:10AC600012F5007FD8BF188002339D42F3D12046F1
:10AC70000BB0BDEC028BBDE8F08F3248029077E755
:10AC80003148029074E73148029071E730480290F1
:10AC90006EE714224CE7142142E7039F91E7002757
:10ACA00003978EE7012558E7A0F10B06042E10D973
:10ACB000284F294E1038022898BF3746029757E789
:10ACC000DAF81C200223137100230124CAF81C3077
:10ACD000A9E7224802904BE7079E099D04460246D9
:10ACE00031462846FFF7A6FE069B06EB44011A1BD9
:10ACF0002846FFF79FFE012420460BB0BDEC028BD7
:10AD0000BDE8F08FDAF824108B42DBD200230393E6
:10AD10001E469B4601257CE7DAF80CB0BBF1FF3FED
:10AD20003FF432AFDAF814300393DAF80450DAF86B
:10AD300010601F4645E700BFD34D621000009041F0
:10AD4000B9A70000C5A7000051A700000DA800008A
:10AD500071A70000A9A8000061A80000E5A70000F5
:10AD60002DE9F0414B6882B00546002B3AD00E46E3
:10AD700001224FF4007101A808F0C2FE019F3C1DA2
:10AD800021464FF480723046FFF75AFE804606F5A2
:10AD9000AC7009F081FA214607F50172B1F9003073
:10ADA000C3F5007300FB03F39B1221F8023B9142B1
:10ADB000F4D1B8F1000F0FD0706810B103681B68B0
:10ADC000984701A9284608F0BDFE01A808F0C2FE78
:10ADD000284602B0BDE8F08186F85481284608F084
:10ADE00089FEF2E708F086FE284602B0BDE8F08151
:10ADF00070B54FF0FF3105461A20FCF74FF9C0B28D
:10AE0000FEF750FF60B104464FF0FF311A20FCF707
:10AE100045F92368294620461B68BDE8704018475D
:10AE200070BD00BF70B51A4B0360044682B00025A8
:10AE300000F5AC7613232246656030460093154931
:10AE4000154B09F071FA4FF0FF314120FCF726F95C
:10AE5000C0B2FEF727FF2A460146304609F03CFC07
:10AE60003046A56084F8545109F014FA07EE900AB0
:10AE7000FDEEE77A2946C4ED037A04F110004FF4A1
:10AE8000A07203F051F92046C4F8505102B070BDD1
:10AE9000C4B3010000C0014000007A4638B5074D38
:10AEA000286800B138BD4FF4C4700FF021FA044691
:10AEB000FFF7B8FF2C60204638BD00BFFC0500201E
:10AEC000FFF7ECBF2DE9F0410C460746FFF7E6FF20
:10AED00006462046FDF712FE10200FF009FAF3682F
:10AEE0001D4AB168C46003FB07F3054682FB0302F9
:10AEF000DB17C3EBA2130B4400222A712B600BF06B
:10AF00001FF9D6F85041AC60C6F8505154B910E062
:10AF1000A368E068AB60FDF701FE20460FF0E6F99C
:10AF2000AC6834B12379022BF2D02546A468002CFA
:10AF3000F8D10BF0F7F896F854310BB1BDE8F08179
:10AF40007068012386F854310028F7D00368BDE803
:10AF5000F0411B68184700BFD34D621038B5FFF7AA
:10AF60009DFF05460BF0ECF80022D5F85041C5F8DE
:10AF700050212B4605F5A071DA6228338B42FBD1B4
:10AF80004CB1E068A568FDF7C9FD20460FF0AEF9A9
:10AF90002C46002DF5D1BDE838400BF0C3B800BFFA
:10AFA000002070470020704700207047704700BFA6
:10AFB000704700BF704700BF704700BF704700BFB9
:10AFC000704700BF704700BF70B50C461546064677
:10AFD000FFF764FF00218C42C560416005DD224619
:10AFE0003146BDE87040FFF72BBD012070BD00BFAA
:10AFF000704700BF704700BF024B1B6803EB400067
:10B00000704700BF78050020704700BF704700BF41
:10B01000704700BF38B5074D286800B138BD2820FB
:10B020000FF066F9092104460AF072FA2C602046F6
:10B0300038BD00BF0006002038B5FFF7EBFF18B39E
:10B04000134D2B7813B1134B1B78EBB10368DB69FD
:10B050009847044698B92B7823B10E4B01221A70F9
:10B06000204638BDFFF7D6FF21460AF0FFFAFFF76A
:10B07000D1FF06210AF076FA01232B70EDE72B2091
:10B0800003F02CFE204638BD034C204638BD00BFDF
:10B090009E0C00209D0C002016FCFFFF08B5FFF75A
:10B0A000B9FF28B103681B6A984710B9034B1870A1
:10B0B00008BD2B20BDE8084003F010BE9D0C002009
:10B0C00008B5FFF7A7FF30B10368DB69984718B9E7
:10B0D000044B01221A7008BD2B20BDE8084003F084
:10B0E000FDBD00BF9D0C00202DE9F04186B0064655
:10B0F0000F46FFF7A1FFA8B90446FFF78BFF02AD8B
:10B1000080462346BAB2B1B2284608F077FC06ABB7
:10B1100013E9030095E80C008DE8030008F1200016
:10B120000AF0AAFB06B0BDE8F08100BF70B58AB096
:10B13000FFF782FF18BB0546FFF76CFF00F118010F
:10B1400068460AF011FB009E74882CB9684608F026
:10B1500001FD20460AB070BD2946242201A802F054
:10B16000E3FF2246311D01A801F0EEFD6FF0480318
:10B1700001A824210993FBF72BFC0446E6E70024F1
:10B1800020460AB070BD00BF38B50546FFF754FF32
:10B1900070B975B16C68043C002C09DDFFF73AFF0B
:10B1A000224605F108011830BDE838400AF00EBB10
:10B1B00038BD38BD10B582B00446FFF73DFF78B901
:10B1C0002246102301210920FEF77AFAFFF722FF19
:10B1D00000F1180101A80AF0C7FA01A808F0BAFCAA
:10B1E00002B010BD10B50446FFF726FF00B110BD38
:10B1F000FFF710FFE1B2BDE810400AF037BA00BF18
:10B2000010B50446FFF718FF00B110BDFFF702FFAD
:10B210002146BDE810400AF0A5B900BF10B50446AC
:10B22000FFF70AFF00B110BDFFF7F4FE2146BDE8AD
:10B2300010400AF0A7B900BF704700BF0B689842E2
:10B2400020D10B6998421DDC8B6998421ADA0028DC
:10B2500030B408DB4B681468A3425468B8BF13606D
:10B26000A342C8BF53600B6B002B05DD4A688D6A93
:10B270000C6A2A444A601B1B30BC4A6A01301344E2
:10B2800008600B63704700BF0B6898422CD1F0B583
:10B290004B684F69BB4226DB8C69A04223DA0C6BFA
:10B2A000D1F820E00BE0CD6A4E6A05443444A84250
:10B2B0000D60744403F1FF3313D1BB4211DB00284E
:10B2C00007DB15689D425568C8BF13609D42B8BF33
:10B2D0005360002CE7DC0D68A842744403F1FF338F
:10B2E000EBD00C634B60F0BD704700BF0B68984219
:10B2F0002CD1F0B54B684F69BB4226DC8C69A0426B
:10B3000023DA0C6BD1F820E00BE0CD6A4E6A0544DD
:10B31000A41BA8420D60744403F1010313D1BB4286
:10B3200011DC002807DB15689D425568C8BF136013
:10B330009D42B8BF5360002CE7DC0D68A8427444FE
:10B3400003F10103EBD00C634B60F0BD704700BF0D
:10B350004268014693890248528905F07DBA00BFD0
:10B3600018B4010070B506464068457A012D82B0D8
:10B3700000F1100414D0042D29D183899B001F33C0
:10B380005B119B0001FB0343F2B9D20704D41A7886
:10B3900002F00F0002B070BD1A78101102B070BD3B
:10B3A00083890733DB1001FB03430AB103EBE2039C
:10B3B000197802F00702012303FA02F20A4214BFCD
:10B3C0001846002002B070BD03EB6203DDE740F2D7
:10B3D00035308DE8060003F081FC0099019A631A6C
:10B3E0007168497A32B10129E0D00429ECD00020FB
:10B3F00002B070BD0429CAD00129F8D1D8E700BF36
:10B4000070B506464068447A012C84B000F11005FE
:10B410001DD0042C2ED1808980001F304011800067
:10B4200001FB0051002A37D1D20708D40A7803F073
:10B430000F0022F00F0303430B7004B070BD0A78B5
:10B4400002F00F0242EA03130B7004B070BD808952
:10B450000730C01001FB00510AB101EBE20102F01C
:10B46000070001228240D3B90B7823EA02020A7056
:10B4700004B070BD40F2353003930292019103F0A5
:10B480002DFC01997068029A039B407A691A5AB19F
:10B490000128E2D00428D0D101EB6201C4E70B7887
:10B4A0001A430A7004B070BD0428BFD00128D6D05A
:10B4B00004B070BD2DE9F04F83B098460C9FDDF8C5
:10B4C00034A0BF1A48BF7F42A3EB010B4FEA4707E6
:10B4D0004CBF4FF0FF3301238845A7EB0B040D460B
:10B4E0001646814601934FEA4B0B10DB2946534623
:10B4F00032464846FFF784FF002C05F1010503DDC5
:10B50000019BA4EB0B041E44A8453C44EEDA03B0B7
:10B51000BDE8F08F2DE9F04F83B05B1ADDF8308085
:10B52000DDF834B0154648BF5B42A8EB02094FEA8C
:10B5300043074CBF4FF0FF320122A845A7EB090497
:10B540000E46824601924FEA490910DB2A465B46C5
:10B5500031465046FFF754FF002C05F1010503DD8D
:10B56000019BA4EB09041E44A8453C44EEDA03B059
:10B57000BDE8F08F8368426801338360930708D089
:10B5800010B55168044602F10800FBF721FA60602B
:10B5900010BD002AF4D0130FF2D0704710B44468E5
:10B5A0000B686089A489013823EAE3739842A8BF35
:10B5B000184608601368013C23EAE373A342A8BF5E
:10B5C000234613605DF8044B704700BF38B5FBF7A6
:10B5D000FFF90546FDF792FA0C20FDF7FDF8044649
:10B5E00028B1084A456000230260836025B12846DF
:10B5F000FDF794FA204638BD40F2353003F06EFB7B
:10B60000F5E700BF34B40100B0F5FA6F20D8B1F50A
:10B61000FA6F1DD8012A70B51CD0042A16D18B00F0
:10B620001F335C11830003FB04F308330D4604460B
:10B63000194600201646FFF7C9FF436887210022FC
:10B640005E7219725C819D81DA8170BD002070BDCF
:10B6500000207047CB1DDB1000FB03F30833E5E748
:10B6600038B14368082B02DD027A872A02D0002015
:10B6700070477047427A012A0FD0042AF7D1828995
:10B68000408992001F325211800000FB02F0083006
:10B69000181AB0FA80F04009704782894089073251
:10B6A000D21000FB02F00830F2E700BF48B1426858
:10B6B000042A04DD037AE12B14D0E42B02D000200D
:10B6C00070477047817A437A1F2000EB81009B000E
:10B6D000401103FB00F30833181F801AB0FA80F002
:10B6E00040097047817A437AC81DC01003FB00F3FC
:10B6F0000833F1E743685889704700BF4368988969
:10B70000704700BF4368587AA0F10100B0FA80F09A
:10B710004009704743689A0705D123B11B0F0CBF3E
:10B720000120002070470120704700BF8068003072
:10B7300018BF0120704700BF00291ADB2DE9F04136
:10B7400045686E89B142044611DA002A0FDBAD89E3
:10B75000AA420CDA0D461F461646FFF70BFF3B4682
:10B76000324629462046BDE8F041FFF749BEBDE814
:10B77000F08170470B1E0FDB70B444686689B342DA
:10B7800007DA002A05DBA3899A4202DA70BCFFF7C8
:10B79000E9BD002070BC70470020704770B4466857
:10B7A000707A042801D070BC704770898142FADA3F
:10B7B0000029F8DBB4895568401A04FB00F0A300A7
:10B7C000A84203F11F034FEA6313A8BF28469B005A
:10B7D0001036401001FB0361E5D008440A320C46E4
:10B7E00011F8013B03F00F0302F8023C2378884272
:10B7F0004FEA231302F8013C02F10202EFD170BCC0
:10B80000704700BF2DE9F04143685D7A042D01D0F7
:10B81000BDE8F0815D89A942FADA0029F8DB074624
:10B8200014469E898846FFF7A5FE7B685A7A012A4E
:10B8300003F1100725D0042A27D1998989001F31E7
:10B84000491189006368A5EB080506FB05F59D42D3
:10B85000A8BF1D466D1001FB0871D9D00D4404F13D
:10B860000A0212F8023C12F8010C03F00F0343EA3B
:10B87000001301F8013B8D4202F10202F1D1BDE853
:10B88000F08199890731C910DCE740F2353003F0C7
:10B8900025FA4FF0FF31D5E72DE9F04786B0039147
:10B8A00002920E9C0F9D03B114B906B0BDE8F0875B
:10B8B0004768B7F80AE071450646F6DABF89BA422A
:10B8C000F3DA01390B44013A1444002B0493059434
:10B8D000EBDB002CE9DB05AA04A9FFF75FFE02AA57
:10B8E00003A93046FFF75AFE02A91EC9706887896E
:10B8F00001330134A3EB02087B07A4EB010402D15E
:10B90000002A00F0A3803046FFF734FE71684B7ABE
:10B91000012B00F0AA80042B40F0D480B1F80CC0B9
:10B92000039A029B4FEA8C0C0CF11F0C05F00F07D9
:10B930004FEA6C1C07EB07174FEA8C0CFFB201F1C2
:10B940001009B1F80CE04FEA8E0E0EF11F0E4FEA0F
:10B950006E1E4FEA8E0E02FB0E9E002B40F0AF8053
:10B96000B8F1000F08F1FF3006DC9EE7042B39D058
:10B970000138431CE64498D073685B7A012BF5D1FB
:10B98000029A002C02F0070203FA02F3F0DDF046FF
:10B99000002206E041EA090188F8001001329442D1
:10B9A000E6DDB3F5807F0AD0D9B25B0098F800904D
:10B9B000002DEFD129EA010188F80010EEE7A31A63
:10B9C000072BA3F1080308DD0832944208F8017F31
:10B9D000CEDD072BA3F10803F6DC08F101080223F2
:10B9E0000121E3E7029B13F0010F14BF4FF0F008B1
:10B9F0004FF00F08002CBBDDF14600220FE05FFA8C
:10BA000088F14FEA081899F8003083EA070A01EA3A
:10BA10000A0101324B40944289F80030A8DDB8F5A4
:10BA2000706FECD1A31A012BA3F1020308DD0232DF
:10BA3000944209F8017F9BDD012BA3F10203F6DCA0
:10BA400009F101094FF0F0080F21DCE700297FF42C
:10BA50005AAF438998457FF456AFBC427FF453AF49
:10BA60002946304600F050F81FE7B1F80CC00CF141
:10BA7000070C4FEAEC0CE646039A029B01F1100911
:10BA800045F300070EFB029EFFB2002B3FF468AFA8
:10BA90000EEBE30E64E740F235300192009303F0C1
:10BAA0001DF9019A009BA9EB020E53B37268527AFA
:10BAB000012A4FF0FF3CEBD0042A7FF451AF0EEB8C
:10BAC000630E4DE740F2353003F008F97168487AAB
:10BAD000012808D1B1F80CE00EF1070E4FEAEE0E86
:10BAE0004FF0FF3CC8E705F00F0707EB07170428E6
:10BAF000FFB2039A029B01F11009CCD14FF0FF3C39
:10BB00001FE74FF0FF3C2BE730B5054683B00C46EE
:10BB100019B1436899894A0728D12846FFF72AFDB9
:10BB200069684A7A012A01F1100328D0496804F0B3
:10BB30000F04083904EB04140329E2B20ED9980764
:10BB40000DD102EB022021F0030400EB00401C4465
:10BB500043F8040BA342FBD101F0030121B11944C6
:10BB60001A7001338B42FBD103B030BD00225B89D8
:10BB7000009101941146FFF78FFE03B030BD496874
:10BB8000083944F300020329D2B2E7D9D7E700BF4E
:10BB900010B582B014140193009413B20A1409B2C0
:10BBA000FFF77AFE02B010BD2DE9F04387B0039194
:10BBB00002920BB10E9C14B907B0BDE8F083456842
:10BBC0006E898E420746F7DDAE89B242F4DA6D7AAD
:10BBD000042DF1D10F9C65680F2DEDDD01390B446B
:10BBE0000E990493013A0A44002B0592E4DB002AE3
:10BBF000E2DB05AA04A9FFF7D1FC02AA03A9384693
:10BC0000FFF7CCFC03A90EC9029C01320133384670
:10BC1000A2EB01081C1BFFF7ADFC7A68537A012BDD
:10BC200040D0042B50D197890F99039E029BBF00EF
:10BC30001F377F11BF0002F1100901F108053A46D4
:10BC400002FB0696002B61D1B8F1000F08F1FF301E
:10BC5000B2DD002C21DD029BDB075AD431460122E4
:10BC60000DE001324FEA231E03F00F0315F80EE03A
:10BC7000944243EA0E1301F8013B0EDD01320B78CA
:10BC800003F00F0C23F00F0E15F80C3003F00F0328
:10BC900043EA0E0394420B70E3DC0138421C3E443D
:10BCA000D7D189E797890F99039E029B0737FF1029
:10BCB00002F1100901F108053A4602FB0696002B35
:10BCC000C2D006EBE306BFE740F2353003F006F8DA
:10BCD0007A680F98517A039E029B012902F110099C
:10BCE00000F1080524D004291AD040F23530019320
:10BCF00002F0F4FF019BA9EB060673B17A68527A51
:10BD0000012A4FF0FF37DCD0042A9DD106EB6306F1
:10BD10009AE7337831460122A4E74FF0FF3793E7E3
:10BD2000928992001F32521192004FF0FF3787E73D
:10BD300092890732D2104FF0FF37BEE710B582B0BC
:10BD400014140193009413B20A1409B2FFF72CFFE4
:10BD500002B010BD81B140684968426808B54B68BF
:10BD60009A4201D0002008BD083108300EF0DFFAF9
:10BD7000B0FA80F0400908BD084670474068416845
:10BD80000830FFF723BC00BF2DE9F0410746FFF75D
:10BD9000F1FB7B685A8942B300269C89013C002C48
:10BDA000C8BF00251BDD2A4631463846FFF7DAFAC0
:10BDB0002246804631463846FFF7D4FA2A460346E3
:10BDC00031463846FFF71CFB0135224643463146D3
:10BDD0003846013CFFF714FBA542E4DB7B685A8937
:10BDE00001369642D9DBBDE8F081BDE8F08100BFA5
:10BDF00070B5436805465A7A59899889FFF704FC5B
:10BE00006B685A890646B2B100249A897AB12146F4
:10BE100000222846FFF7A6FA2246034600213046B4
:10BE2000FFF7EEFA6B689A890134002AEFD15A893C
:10BE300001349442E9DB304670BD00BF4368998904
:10BE40007E292DE9F04750DC81465A7A588949000D
:10BE5000FFF7DAFBD9F804304268597A5F89012983
:10BE6000804602F1100403F1100A47D0042949D199
:10BE70009E89B6001F367611B600537A012B39D051
:10BE8000042B48D19589AD001F356D11AD00D9F84F
:10BE9000043024485A7A244B012A08BF18460FB3AD
:10BEA000D4464FF0000905F1FF3E002D634614DD36
:10BEB0000022197801F00F017245415C217008BF22
:10BEC000013405D0197809110234415C04F8011CD1
:10BED0000232AA4203F10103EBDB09F10109B94582
:10BEE000B444E2D14046BDE8F0874FF00008404638
:10BEF000BDE8F08795890735ED10C8E79E890736BC
:10BF0000F610BAE740F2353002F0E8FE4FF0FF36A7
:10BF1000D8F80420B1E740F2353002F0DFFE4FF0F0
:10BF2000FF35B4E708B40100F8B30100F8B5436881
:10BF30005B7A042B00D0F8BD02F00F078F42FAD0D5
:10BF400005460E46FFF716FB6B6816BB9A8952072B
:10BF50001FD05A89C2B1002404E06B6859890134AA
:10BF60008C4211DA324621462846FFF7FBF90028B9
:10BF7000F3D121463B4632462846FFF741FA6B682B
:10BF8000598901348C42EDDB9A8901369642E0DB17
:10BF9000F8BD5A68083A03F11003CCD03C01981858
:10BFA00064B203E003F8012B834212D01A7802F046
:10BFB0000F018E4204BF22F00F023A43B6EB121F6C
:10BFC000F0D102F00F022243D2B203F8012B8342D8
:10BFD000ECD1F8BD2DE9F0411C4684B08C420746F7
:10BFE0000A9D0B9B06DB66E02E46204615460C4656
:10BFF00032460146A142F7DBB2EB0508A1EB04068D
:10C000000FD156B34FF0010E0B932A4606EB0E03E9
:10C0100021463846CDF828E004B0BDE8F041FFF7EE
:10C020003BBC7EB9B8F1000F1FDD08F101020A9296
:10C030000B932A4621463846012304B0BDE8F0415F
:10C04000FFF72ABC002905DBD7F804E0BEF80A0098
:10C05000A0420FDC04B0BDE8F0812A4621463846F4
:10C0600004B0BDE8F041FFF767BBC8F101010A91D8
:10C070000B93DFE7002C4DDB884207DC0138411AC7
:10C0800008FB01FC01469CFBF6F002449542BEF819
:10C090000C0017DA8542DDDA002ADBDB002D56DBE7
:10C0A00082421FDB0138821A06FB02FE02469EFB1B
:10C0B000F8F0014416E0164608462A462146354661
:10C0C000044699E78242C5DA002DC3DB002A37DB3C
:10C0D000854207DB0138451B06FB05FE05469EFB36
:10C0E000F8F004443846039302920191FFF742FAB4
:10C0F00001A9B8F1000F0EC913DB46450B930A9254
:10C100000B462A462146384615DC04B0BDE8F0410E
:10C11000FFF700BA04FB08F494FBF6F42D1B00248F
:10C12000AAE7C8F1000846450B9317DD0A920B46B3
:10C130002A462146384604B0BDE8F041FFF7BAB9B7
:10C1400006FB02F292FBF8F2891A0022C0E706FB16
:10C1500005F595FBF8F5641B0025A1E70A95234634
:10C160003846D2E710B582B014140193009413B28C
:10C170000A1409B2FFF72EFF02B010BDF0B5002976
:10C18000059C10DB47687D89A9420CDAB889002834
:10C190006BD0002C5ADBAC4205DA069D002D02DD87
:10C1A0007D7A042D00D0F0BDD3F804E09EF809306C
:10C1B000042BF8D1069BBEF80A509E188642A8BFF1
:10C1C0000646002A4FEA054595FBF3F53FDB4FEAAB
:10C1D000800303F11F034FEA63134FEA830307F160
:10C1E000100701FB037141D001EB62010EF1100752
:10C1F0000023BEF80C0080001F30401180009642E2
:10C2000004FB00770ADCCEE704F00F04013244EAB5
:10C210000010964201F8010B2B4416D05C14204606
:10C2200013F4803F14BF385D385C0C7814BF0011E4
:10C2300000F00F0012F0010FE6D124F00F040132DC
:10C240002043964208702B44E8D1F0BDF0BD800039
:10C250001F30401180005342103705FB03F301FBF0
:10C2600000710EF110070022C3E7F0BD1346F8E796
:10C2700030B51D1483B01CB28DE8300013460A148B
:10C2800009B2FFF77BFF03B030BD00BF2DE9F04FCF
:10C290008BB09146029010898B4608B1536818689C
:10C2A000FBF7C2F8B9F808300190012B8ABFD9F822
:10C2B000043000205868FBF7B7F8B9F80830022BB3
:10C2C00088BFD9F8043004468CBF98680020FBF77B
:10C2D000ABF8B9F808300390032B8ABFD9F80430C3
:10C2E0000020D868FBF7A0F8B9F808300690042BB6
:10C2F0008ABFD9F8043000201869FBF795F8B9F81F
:10C300000830052B88BFD9F8043005468CBF586922
:10C310000020FBF789F8B9F80830062B88BFD9F858
:10C32000043080468CBF98690020FBF77DF8B9F88F
:10C330000830072B88BFD9F8043006468CBFD8696F
:10C340000020FBF771F8B9F80830D9F80420082B61
:10C3500007462ED9106A422800F0DD800A2800F036
:10C36000D780002800F0DD80062800F0D180FBF7A0
:10C3700081FB011C18BF0121D9F80420B9F808304D
:10C380000091092B40F2C180506A422800F0C6801B
:10C390000A2800F0BA80002800F0B780062800F0D4
:10C3A000B480FBF767FB10F1000918BF4FF00109DB
:10C3B00002E0002300939946029BDBF804105B68BF
:10C3C0004A89B3F80CC0B3F80AE089890198AB191F
:10C3D0009A42A8BF1A4608EB07038B42A8BF0B4638
:10C3E00000EAE07104910399360496FBF1FA4618CD
:10C3F00004992D0401FB1A550699059560181B0434
:10C4000076454FEA08484FEA0747079397FBF1F74D
:10C4100004EAE4733D46A8BF76468445A8BF844637
:10C42000049908970198CDF818C0170403FB1582EA
:10C43000059D411A25EAE57522EAE272E31A05959F
:10C44000049103921C46B9F1000F5AD0069A944207
:10C4500045DA079B039A934241DDCDF82490A1462B
:10C46000039B4FEA2348049BB3422BDA059CA74267
:10C4700028DDCDF80490049DC146B046099E09E030
:10C48000002832D1009B83B10135A845544416D011
:10C49000A74214DD4A4621145846FEF763FF002EDA
:10C4A000EED1009B0BB10028EED003462946019A3D
:10C4B00002980135FEF7A4FFA8455444E8D1DDF801
:10C4C00004904646039B089A13440393069B09F184
:10C4D0000109994503D0079B039A9342C0DC4FF0B2
:10C4E000000948460BB0BDE8F08F019A0298294632
:10C4F000FEF738FF0028C7D0B14648460BB0BDE86C
:10C50000F08F0298FFF736F8A0E74FF0000953E7E5
:10C510000021009135E70121009132E74FF0010938
:10C520004AE700902DE700BFFFF7B0BE2DE9F04FBE
:10C5300089B05C000594C4F1010403945C1E54D4DA
:10C54000012306928B46824607930493002507E059
:10C55000049A013C02321344AC420492039344DB3C
:10C56000069E129B01934FEA4509A6EB050809F1C7
:10C570000109424601230BEB04015046CDF800901F
:10C580006700FFF789F90137129B0193361B32468A
:10C5900001230BEB050150460097FFF77DF9129B35
:10C5A000019342460123ABEB04015046CDF80090C5
:10C5B000FFF772F9129B0193324601230097ABEB10
:10C5C00005015046FFF768F9039B059A002BA3EB82
:10C5D0000203BDDC039B079A19460135134611443B
:10C5E0000233AC4203910793BADA09B0BDE8F08F89
:10C5F00010B582B00C46009309B213462214FFF71F
:10C6000095FF02B010BD00BFF0B4BDF910608160AD
:10C61000B41A84EAE4775D1AA7EBE477BD42C260FE
:10C620000361056280E806004462466110DD002C6B
:10C63000B6BF644201234FF0FF336400621B836284
:10C640006D0000234462026305624363F0BC7047DF
:10C650000123002CC36209DB6D002A1B0223640046
:10C660000562446202634363F0BC70479D402A192F
:10C670009C400562026344624363E7E7F0B5054608
:10C680004068467A85B0012E9DF8287000F11004AC
:10C690002DD0042E3AD1808980001F3040118000B7
:10C6A00001FB0041002A44D10F25002B19DD002099
:10C6B0000AE0ECB22D010A7887EA02063440013024
:10C6C000624083420A700CDDB5F5706FF1D11A1A21
:10C6D000012AA2F1020206DD0230834201F8017F45
:10C6E000F6DC05B0F0BD0131F0250F24E3E78089C9
:10C6F0000730C01001FB0041002AD5D001EBE20158
:10C7000012F0010F14BFF0250F25CEE740F23530AF
:10C7100003930292019102F0E1FA0199029A039BBC
:10C72000611A002AC0D06868407A0128E6D004283F
:10C73000E6D101EB6201E3E72DE9F04FB9B08B429E
:10C7400005911F468146439C80F2DA80A14208464B
:10C7500040F3E680BC4206DB2146449B429844906D
:10C760003C4642930F46BDF91061BDF914B0BDF9C6
:10C77000088115B224B20FFA87FA21463246009595
:10C780005B460EA8FFF740FF324621465346CDF8E0
:10C7900000801CA8FFF738FF4246514600955B46D3
:10C7A0002AA8FFF731FF624A379B1B9D299CD9F8C5
:10C7B000046007CA0DF12C0E8EE8070038A800EBC4
:10C7C000830338AA02EB850102EB8402B5897489E0
:10C7D00053F8B48C30944FF0FF33484622941494AD
:10C7E0000A9351F8B46C52F8B4AC31952395159571
:10C7F0000995FEF7BFFED9F804305B7A012B459B03
:10C8000016BF03F00F0343F3000303EB0313DBB284
:10C810000493631E9F421E9C0793A8BF1F46BC4201
:10C820002EDC4FF0FF3B05EB0B030693039709AAA1
:10C830000EA920460995CDF828B0B04709AA1CA931
:10C840002046D047002C17DB099AAA4214DA0A9B2B
:10C85000002B214648460FDB002ABCBF002209926C
:10C86000AB42A8BF069B049FA8BF0A93C2F1010E6A
:10C8700000977344FFF702FF039B01349C42D6DD0F
:10C8800009AA2AA92C98C047079B059A2C9C934279
:10C89000A8BF134601349C421F462EDC4FF0FF3ADE
:10C8A00005EB0A0B039609AA0EA92046039B0995DE
:10C8B000CDF828A0984709AA2AA92046C047002CED
:10C8C00018DB099AAA4215DA0A9B002B2146484632
:10C8D00010DB002ABCBF00220992AB42C2F1010E5C
:10C8E000A8BF5B46049E00967344A8BFCDF828B04D
:10C8F000FFF7C4FE0134BC42D5DD39B0BDE8F08F8E
:10C90000A34206DD059B059711461F46429A4291B8
:10C9100020E7449B449221461A46059C059122E754
:10C92000449B44922146059104461A4612E700BFF3
:10C93000ECB301002DE9F04FC9B0994206911D46B4
:10C940000790539CDDF8549117B280F2EC800BB243
:10C9500010AA0FFA85FBBDF94861029310460592B3
:10C9600019463A465B460096FFF74EFE1EABA542BF
:10C970000FFA84FABDF950810493184680F2CC80F6
:10C98000324659465346CDF80080FFF73DFE2CABAA
:10C990004C450FFA89FBBDF958610393184680F2A4
:10C9A000B380424651465B460096FFF72DFE069B3C
:10C9B0004B450DF1E80880F29F8000965B463A46B1
:10C9C00002994046FFF720FE079A5F4B56681D9F6D
:10C9D00093E807000DAB83E8070048A901EB870740
:10C9E0008E462B997389479AB68940934C450EEB36
:10C9F000810E3999329320460DF5907CB8BF484698
:10CA0000A8420CEB810A06992493B8BF28464C45EE
:10CA1000A8BF4C4681420CEB82028B4603F1FF3CDF
:10CA2000B8BF8346A542A8BF25465EF8EC4C0294E9
:10CA3000E34516935C464FF0FF33A8BF6446079862
:10CA40005AF8EC9C0C938D42A8BF0D4652F8ECAC02
:10CA5000419657F8EC7C3396259617960B96FEF781
:10CA600089FD079A53685B7A012B579B16BF03F029
:10CA70000F0343F3000303EB0313DBB2A542089358
:10CA800037DC4FF0FF3B06EB0B03099306940BAA30
:10CA900005990B962846CDF830B0B847029B04990B
:10CAA0000BAA284698470BAA03992846C8470BAA01
:10CAB00041462846D047002D17DB0B9AB24214DAC4
:10CAC0000C9B0798002B29460FDB002ABCBF0022D5
:10CAD0000B92B342A8BF099B089CA8BF0C93C2F15C
:10CAE000010E00947344FFF7C9FD069B01359D427A
:10CAF000CDDD49B0BDE8F08F0097029B3246594624
:10CB00004046FFF781FD5FE7CDF800805346594668
:10CB10003246FFF779FD4AE700965B4651464246AA
:10CB2000FFF772FD33E7BDF94861009710AA0FFACD
:10CB300083FB1046BDF918300592594632460293E0
:10CB4000FFF762FD12E700BFECB301002DE9F04FE3
:10CB50000546088985B00C4608B14B681868FAF795
:10CB600063FC2389012B88BF636806468CBF586825
:10CB70000020FAF759FC2389022B88BF6368074617
:10CB80008CBF98680020FAF74FFC2389032B88BFDD
:10CB9000636880468CBFD8680020FAF745FC23897B
:10CBA000042B88BF636881468CBF18690020FAF7A0
:10CBB0003BFC2389052B88BF636882468CBF58697C
:10CBC0000020FAF731FC2389062B88BF636883466F
:10CBD0008CBF98690020FAF727FCCDF808B00390C5
:10CBE0008DE8000643463A4631462846FFF7A4FD45
:10CBF00005B0BDE8F08F00BF2DE9F04F044608896D
:10CC000089B0884608B14B681868FAF70DFCB8F887
:10CC10000830012B88BFD8F8043005468CBF58680F
:10CC20000020FAF701FCB8F80830022B88BFD8F8CA
:10CC3000043006468CBF98680020FAF7F5FBB8F878
:10CC40000830032B88BFD8F8043007468CBFD8685B
:10CC50000020FAF7E9FBB8F808300690042B8ABFE9
:10CC6000D8F8043000201869FAF7DEFBB8F808306D
:10CC7000052B88BFD8F8043081468CBF5869002046
:10CC8000FAF7D2FBB8F80830062B88BFD8F8043082
:10CC900082468CBF98690020FAF7C6FBB8F80830C6
:10CCA000072B88BFD8F8043083468CBFD869002092
:10CCB000FAF7BAFBB8F80820082A88BFD8F8042089
:10CCC000034688BF106A079398BF0020FAF7ACFBB1
:10CCD000079B0493069B05900093CDF80CB0CDF80C
:10CCE00008A0CDF804903B46324629462046FFF77F
:10CCF00021FE09B0BDE8F08F10B50422FEF784FCD8
:10CD00000446D8B143685A68083A032A03F110036D
:10CD10000BD913F0030009D122F00301194443F8A1
:10CD2000040B8B42FBD102F003022AB11A4400210A
:10CD3000197001339A42FBD1204610BD40F2913068
:10CD400001F0CCFFF8E700BF032A70B41DD940EA18
:10CD500001039B071DD122F00303CE18041F51F8D5
:10CD6000045B44F8045F8E42F9D102F003023146BD
:10CD7000034442B11A440C78E4B21C70013393426C
:10CD800001F10101F7D170BC70470346002AF1D1CF
:10CD9000F9E70346EEE700BF70B542684C68568974
:10CDA0006589AE4200D070BDA6899589AE42FAD1A0
:10CDB000647A527A9442F6D10D460446FEF7DAFBC5
:10CDC000696860684A681030083A1031BDE8704000
:10CDD000FFF7BABF2DE9F04F80464868D8F8044005
:10CDE000B0F80A9065898DB0009509EB0205002D19
:10CDF00001954FDD9A46009B9A424BDA85890AEBF2
:10CE00000506002E46DDA789BA4543DABAF1000FC0
:10CE100044DBA7EB0A03AB42A8BF2B460493437A3B
:10CE2000169894F809B0023004D11AB9BAF1000F7B
:10CE300000F09B80012B00F08D82042B40F04E858A
:10CE4000AD001F356D11AD005846012800F07E82FF
:10CE5000042840F01C85A08980001F30401180000C
:10CE600002904868103010340390BAF1000F08D0D7
:10CE7000D8F80400407A012800F07083042800F0FC
:10CE80007482BBF1040F0FD0BBF1010F02D1012B53
:10CE900000F0968100200DB0BDE8F08FBE42334611
:10CEA000A8BF3B460493BAE7042B6DD0012BF1D108
:10CEB000BAF1000FC0F2E681B9F1000FEAD0CAF171
:10CEC000000B0BF007034FF0010B0BFA03FB169B53
:10CED0000299039F0AF00109BAF1000F4FEA031A01
:10CEE000049BB4BF4FF000094FF0010B4B44CDF849
:10CEF0000CB0DDF804B0CDF80890013701FB024416
:10CF00009C464FFA8AFA8946002A28DB009B934206
:10CF100025DD029B17F801EC63452046B8461EDA72
:10CF2000039901920CE0DA07067840F1C78106F018
:10CF30000F064AEA060606700130013363450DD03C
:10CF4000B1F5807F00F0B3810E4649001EEA060F5E
:10CF5000E9D1DE07F0D401336345F1D1019A013202
:10CF60005A452F444C44CFD194E75B457FF462AFE0
:10CF7000009881457FF45EAFBD427FF45BAF4046D1
:10CF8000FFF70AFF504686E7AB100793B9F1000F91
:10CF900080D00299CDF820A001FB0244BE42A8BF78
:10CFA0003E46211D9B000491A6F10800A7F108014F
:10CFB00005930AF00103B346099006938A46002AB6
:10CFC000C0F28581009B934240F381811699039BB7
:10CFD0000029C0F2C682089806990446002940F04C
:10CFE000C78100F1070800F1060C00F1050E071DCE
:10CFF000079D04986BE011F00F0907D010F8046C3E
:10D0000026F00F0646EA090600F8046C11F0F00F4E
:10D0100009D010F8049C21F00F0609F00F0949EA25
:10D02000060600F8046CC1F30329B9F1000F07D01C
:10D0300010F8036C26F00F0646EA090600F8036CA8
:10D040004FEA113919F00F0F07D010F8036C06F0F2
:10D050000F0646EA091600F8036CC1F30349B9F15B
:10D06000000F07D010F8026C26F00F0646EA0906FA
:10D0700000F8026C4FEA115919F00F0F07D010F8A1
:10D08000026C06F00F0646EA091600F8026CC1F3BE
:10D090000369B9F1000F07D010F8016C26F00F06F4
:10D0A00046EA090600F8016C090F07D010F8016C78
:10D0B00006F00F0646EA011100F8011C083404309E
:10D0C00008F108080CF1080C0EF1080E083715F1EC
:10D0D000FF35C0F0FC80002C53F8041B05DBA24593
:10D0E00089DA11F00F0940F0258111F0F00F0DD011
:10D0F000661C0BD4B34509DD10F8049C21F00F0623
:10D1000009F00F0949EA060600F8046CC1F303268A
:10D1100066B114F1020909D4CB4507DD10F8039C70
:10D1200029F00F0949EA060600F8036C0E0B16F009
:10D130000F0F0CD014F1030909D4CB4507DD10F80B
:10D14000039C09F00F0949EA061600F8036CC1F3C5
:10D1500003465EB1002F09DBBB4507DD10F8029CDA
:10D1600029F00F0949EA060600F8026C0E0D16F0C8
:10D170000F0F0CD0BEF1000F09DBF34507DD10F8EF
:10D18000029C09F00F0949EA061600F8026CC1F387
:10D19000036666B1BCF1000F09DBE34507DD10F85B
:10D1A000019C29F00F0949EA060600F8016C090FF5
:10D1B00084D0B8F1000F81DBC3457FF77FAF75E7FF
:10D1C000D8F80410487A8B8901F11007012803F17F
:10D1D000FF33A7EB040B00F0EC84042840F0F2844A
:10D1E000002B40F00285CDF810B0B9F1000F3FF4EC
:10D1F00051AE0AF0070806EB080319460693029B96
:10D200000498039FCDF80CA01E4606FB0203DDF830
:10D2100004A0ABEB00000590A1F1080904EB030B9F
:10D22000002A7FDB009B93427CDD049B039CABEBDD
:10D230000301059B4C453E4603EB0B0C80F2B58485
:10D240000020019207E040EA0E0008704C4501F111
:10D250000101184649DA16F8013B614504F108045A
:10D2600003FA08F3F2D343EA20208B45C0B2EDD392
:10D27000169A91F800E00132E5D110EA0E0FE5D0E0
:10D28000012008E64F687B7A07F11000012B03901C
:10D29000CAF1000400F0AF84042B40F0B284039B79
:10D2A00003EB64030393D8F80440103404E698F8C1
:10D2B00000E0022108F10108012647E6169A26F04F
:10D2C0000F061643067038E60A9ADDF82CA0039B79
:10D2D00005990B4403930299049B0B440493019B0F
:10D2E00001329A427FF46BAED4E5019A0698041B92
:10D2F000002C17DD614515D38B4513D3307800FA28
:10D3000008F040EA2320C4F10804FF2343FA04F4A0
:10D3100000EA040316980130DBB200F0408408787C
:10D3200003430B700132029B52459B442F447FF410
:10D3300077AFAFE5A3457FF7D8AE10F8046C26F0C1
:10D340000F0646EA090600F8046CCEE6A08907300D
:10D35000C01085E50735ED10584676E5BAF1000FA7
:10D3600000F064844FF0FF30029004EB6A0488E51B
:10D3700000F1070C00F1060E471D061D079D0498DD
:10D38000914666E00A0707D010F8042C02F00F025D
:10D3900042EA011200F8042CC1F30318B8F1000F9F
:10D3A00007D010F8032C22F00F0242EA080200F81E
:10D3B000032C4FEA112818F00F0F07D010F8032C98
:10D3C00002F00F0242EA081200F8032CC1F30338FE
:10D3D000B8F1000F07D010F8022C22F00F0242EA39
:10D3E000080200F8022C4FEA114818F00F0F07D07E
:10D3F00010F8022C02F00F0242EA081200F8022C88
:10D40000C1F30358B8F1000F07D010F8012C22F037
:10D410000F0242EA080200F8012C4FEA116818F0E6
:10D420000F0F07D010F8012C02F00F0242EA081289
:10D4300000F8012C090F04D0027822F00F021143EA
:10D440000170083404300CF1080C0EF1080E083796
:10D45000083615F1FF357CD3002C53F8041B03DB91
:10D4600054458FDD0A0769D1C1F3031262B114F18B
:10D47000010809D4C34507DD10F8038C28F00F0814
:10D4800048EA020200F8032C0A0A12F00F0F0CD02F
:10D4900014F1020809D4C34507DD10F8038C08F025
:10D4A0000F0848EA021200F8032CC1F3033262B1FC
:10D4B00014F1030809D4C34507DD10F8028C28F0E5
:10D4C0000F0848EA020200F8022C0A0C12F00F0FB3
:10D4D0000BD0002E09DB5E4507DA10F8028C08F04D
:10D4E0000F0848EA021200F8022CC1F303525AB1A5
:10D4F000002F09DBBB4507DD10F8018C28F00F0871
:10D5000048EA020200F8012C4FEA116818F00F0FE8
:10D510000CD0BEF1000F09DBF34507DD10F8012C3C
:10D5200002F00F0242EA081800F8018C090F88D0B7
:10D53000BCF1000F85DBE34583DD7DE75C4593DAD5
:10D5400010F8042C02F00F0242EA011200F8042C39
:10D550008AE74A46BBE64FF0FF30029004EBEA044C
:10D560008FE416990231069900F0C981089C204683
:10D57000002940F0C78004F1070C04F1060E671D76
:10D58000261D079D049C002D3FF4A1AE002853F8F2
:10D59000041B5DDB824550DB11F00F0F05D014F842
:10D5A000048C18F00F0F7FF46BAE11F0F00F05D064
:10D5B00014F8048C18F0F00F7FF462AE11F4706F61
:10D5C00005D014F8038C18F00F0F7FF459AE11F446
:10D5D000704F05D014F8038C18F0F00F7FF450AEA4
:10D5E00011F4702F05D014F8028C18F00F0F7FF48F
:10D5F00047AE11F4700F05D014F8028C18F0F00F3C
:10D600007FF43EAE11F0706F05D014F8018C18F065
:10D610000F0F7FF435AE090F05D014F8011C11F07F
:10D62000F00F7FF42DAE013D083004340CF1080CEE
:10D630000EF1080E08370836A5E711F00F0F07D0D6
:10D64000834505DD14F8048C18F00F0F7FF418AE35
:10D6500011F0F00F0AD010F1010807D4C34505DD21
:10D6600014F8048C18F0F00F7FF40AAE11F4706F08
:10D670000AD010F1020807D4C34505DD14F8038C65
:10D6800018F00F0F7FF4FCAD11F4704F0AD010F1B9
:10D69000030807D4C34505DD14F8038C18F0F00F18
:10D6A0007FF4EEAD11F4702F09D0002E07DBB345E7
:10D6B00005DD14F8028C18F00F0F7FF4E1AD11F4C2
:10D6C000700F09D0002F07DBBB4505DD14F8028C75
:10D6D00018F0F00F7FF4D4AD11F0706F0AD0BEF1E6
:10D6E000000F07DBF34505DD14F8018C18F00F0F70
:10D6F0007FF4C6AD090F96D0BCF1000F93DBE34574
:10D7000091DD8AE704F1070C04F1060E671D261D62
:10D71000079D049C002D3FF4DAAD002853F8041B4C
:10D720005BDB82454EDB11F00F0F05D014F8048C43
:10D7300018F0F00F7FF4A4AD11F0F00F05D014F83D
:10D74000038C18F00F0F7FF49BAD11F4706F05D0B0
:10D7500014F8038C18F0F00F7FF492AD11F4704FB1
:10D7600005D014F8028C18F00F0F7FF489AD11F476
:10D77000702F05D014F8028C18F0F00F7FF480ADF4
:10D7800011F4700F05D014F8018C18F00F0F7FF40E
:10D7900077AD11F0706F05D014F8018C18F0F00F10
:10D7A0007FF46EAD090F03D0217809077FF468ADCF
:10D7B000013D083004340CF1080C0EF1080E083756
:10D7C0000836A7E711F00F0F07D0834505DD14F8E1
:10D7D000048C18F0F00F7FF453AD11F0F00F0AD065
:10D7E00010F1010807D4D84505DA14F8038C18F0B5
:10D7F0000F0F7FF445AD11F4706F0AD010F10208DD
:10D8000007D4C34505DD14F8038C18F0F00F7FF43E
:10D8100037AD11F4704F0AD010F1030807D4C34597
:10D8200005DD14F8028C18F00F0F7FF429AD11F408
:10D83000702F09D0002E07DBB34505DD14F8028CEC
:10D8400018F0F00F7FF41CAD11F4700F09D0002F09
:10D8500007DBBB4505DD14F8018C18F00F0F7FF4D2
:10D860000FAD11F0706F0AD0BEF1000F07DBF3456A
:10D8700005DD14F8018C18F0F00F7FF401AD090FED
:10D8800096D0BCF1000F93DBE34591DD8CE740F2CD
:10D89000353005920391029301F020FAD8F8044044
:10D8A0000399607A4B68059A10330128039304F1B9
:10D8B0001004029B00F0B68104283FF44FAD40F203
:10D8C000353007920691059301F008FA4FF0FF33C7
:10D8D0000293079A0699059BFFF7C7BA40F23530C5
:10D8E00005920391029301F0F9F9D8F80440059AE2
:10D8F000607A0399029B4FF0FF35FFF7A6BA002923
:10D9000040F0A3800898CDF82CA0044600F1070849
:10D9100000F1060C00F1050E071DC61C0499079DB9
:10D920000A92DDF824A015E04FEA1229100C01F844
:10D93000042C120E01F8039C01F8020C01F8012CD2
:10D940000834043108F108080CF1080C0EF1080E37
:10D950000837083615F1FF35FFF4B6AC002C53F844
:10D96000042B0DDBA245DFDAA34509DD11F8040C19
:10D9700002F00F0920F00F0040EA090001F8040C42
:10D98000601C0BD4834509DD11F8040C22F00F094B
:10D9900000F00F0040EA090001F8040CA01C0BD4B1
:10D9A000834509DD11F8030CC2F3032920F00F00B1
:10D9B00040EA090001F8030C002E0BDBB34509DD3A
:10D9C00011F8030C4FEA123900F00F0040EA091079
:10D9D00001F8030C002F0BDBBB4509DD11F8020C2D
:10D9E000C2F3034920F00F0040EA090001F8020CDD
:10D9F000BEF1000F0BDBF34509DD11F8020C4FEA15
:10DA0000125900F00F0040EA091001F8020CBCF1B5
:10DA1000000F0BDBE34509DD11F8010CC2F30369CC
:10DA200020F00F0040EA090001F8010CB8F1000FE6
:10DA300086DBC34584DD11F8010C120F00F00F00E6
:10DA400040EA021201F8012C7AE7089CCDF82CA0DC
:10DA5000204604F1070804F1060C04F1050E271D09
:10DA6000E61C0499079D0A92DDF824A021E011F834
:10DA7000049C0C7809F00F0924F00F0449EA0219FC
:10DA800044EA127401F8049C0C704FEA1219140B4A
:10DA9000120D01F8039C01F8024C01F8012C08302A
:10DAA000043108F108080CF1080C0EF1080E0837D3
:10DAB000083615F1FF35FFF407AC002853F8042BA6
:10DAC0000BDB8245D3DA834507DD11F8044C04F003
:10DAD0000F0444EA021401F8044C441C0BD4A3457F
:10DAE00009DD11F8034CC2F3031924F00F0444EAD2
:10DAF000090401F8034C841C0BD4A34509DD11F87B
:10DB0000034C4FEA122904F00F0444EA091401F807
:10DB1000034C002E0BDBB34509DD11F8024CC2F3B8
:10DB2000033924F00F0444EA090401F8024C002FE1
:10DB30000BDBBB4509DD11F8024C4FEA124904F03A
:10DB40000F0444EA091401F8024CBEF1000F0BDB8C
:10DB5000F34509DD11F8014CC2F3035924F00F0419
:10DB600044EA090401F8014CBCF1000F0BDBE3456A
:10DB700009DD11F8014C4FEA126904F00F0444EA80
:10DB8000091401F8014CB8F1000F88DBC34586DDAC
:10DB90000C7824F00F0444EA12720A707FE70978C7
:10DBA0000B423FF4BFABFFF76BBB039C0023FFF7B7
:10DBB0009DBB002B3FF417AB07EBE3031B1B049348
:10DBC000FFF713BB40F235300592049301F086F85D
:10DBD000049B059A002B3FF406ABD8F80400407A6A
:10DBE0000128E9D004287FF4FEAA07EB63031B1B7E
:10DBF0000493FFF7FABA039B03EBE4030393FFF7E5
:10DC000052BB40F235300692059101F067F8059954
:10DC1000069A4B685B7A012BEDD0042B7FF443AB63
:10DC2000FFF73DBBBAF1000F7FF495AC4FF0FF302A
:10DC30000290FFF726B900BF2DE9F04182B00E46F1
:10DC40001746984605460024FDF794FC43463A469D
:10DC5000314628460094FFF7BDF802B0BDE8F081D8
:10DC600010B582B04FF0FF340094FFF7B3F802B064
:10DC700010BD00BF2DE9F041044682B00D461646A6
:10DC80001F46FDF777FC63686A685B7A042B16D041
:10DC90004FF000085389CDF80480928900923146F4
:10DCA0003A462046FDF7F8FDCDF800803B46324667
:10DCB00029462046FFF78EF802B0BDE8F081537A7E
:10DCC000042BE5D16FF0010E3B4632462946204633
:10DCD000CDF800E0FFF77EF802B0BDE8F08100BFAC
:10DCE0002DE9F04780460F461546FDF743FCD8F86E
:10DCF0000400437A012B00F08180042B40F0A980BE
:10DD00008489A4001F346411A4004689002D4CD1DD
:10DD1000002F1DDB1AD0B74274DB04FB06F4032C82
:10DD200000F110000BD910F0030209D124F0030315
:10DD3000034440F8042B9842FBD104F003042CB1B7
:10DD40000444002303700130A042FBD1BDE8F087FA
:10DD5000C7F10009B14539DB427A012A00F1100709
:10DD600068D0042A40F08380828992001F325211C9
:10DD7000920004FB06F4032C05FB02730BD913F08D
:10DD800003010AD124F003021A4443F8041B93420E
:10DD9000FBD104F00304002CD8D01C4400221A70DC
:10DDA0000133A342FBD1BDE8F08741680830FDF79D
:10DDB0000DFC002104464046FDF7A6FE2B463A46E0
:10DDC00021464046BDE8F047FFF754BF437A012B98
:10DDD00000F1100A32D0042B34D1818989001F311F
:10DDE00049118900BD1901FB09A1504604FB05F248
:10DDF0000CF0ACFA4E46D8F80400ADE7848907343D
:10DE0000E41082E7437A012B00F110052AD0042B9D
:10DE100034D1808980001F30401180002946F21BD8
:10DE200004FB02F200FB07500CF090FA3E46D8F8D3
:10DE3000040072E782890732D2109AE7818907319C
:10DE4000C910CFE740F2353000F048FF4FF0FF3106
:10DE5000C8E740F2353000F041FF4FF0FF34D8F80A
:10DE6000040052E780890730C0102946D7E740F206
:10DE7000353000F033FF4FF0FF327AE740F23530B3
:10DE800000F02CFFD8F804104FF0FF301031C6E737
:10DE90002DE9F843054600AFFDF76CFB6C68637A2B
:10DEA000012B2FD0042B38D1A689B4F80A80B600F4
:10DEB0001F367611B6003246354608F1FF38103469
:10DEC000073208FB054522F00702ADEB020DA54223
:10DED000E84614D9C6F10009214632464046FEF70D
:10DEE00033FF294632462046FEF72EFF34442846AB
:10DEF000324641464D44FEF727FFAC42ECD3BD46C7
:10DF0000BDE8F883A689B4F80A800736F6103246D1
:10DF1000354608F1FF381034D2E740F2353000F0D2
:10DF2000DDFE6B685A7A5D89012A05F1FF3803F13D
:10DF300010040AD0042A0FD040F2353000F0CEFE93
:10DF40004FF0FF3216461546BAE79B894FF0FF3275
:10DF50000733DD101646B3E79B899B001F335B1127
:10DF60004FF0FF329D001646AAE700BF2DE9F843A7
:10DF700043685A897E2A2EDC0446998950005A7AD1
:10DF8000FDF742FB636841685A7A5E89012A0746B9
:10DF900001F1100803F1100521D0042A23D19C8936
:10DFA000A4001F346411A40096B14FF00009294663
:10DFB00022464046A044FEF7C7FE09F1010940464B
:10DFC00029462246FEF7C0FE4E45A0442544EED128
:10DFD0003846BDE8F88300273846BDE8F8839C89B9
:10DFE0000734E410E0E740F2353000F077FE4FF000
:10DFF000FF34D9E738B5FFF7B9FF0446FAF77EFDDD
:10E000002046FDF71BFF05462046FAF787FD284608
:10E0100038BD00BF38B50546FDF722FBA8B10C207E
:10E02000FAF7DAFB044628B10B4A45600023026088
:10E0300083605DB12046FAF761FD2046FFF7DAFF05
:10E0400005462046FAF76AFD686838BD40F235306B
:10E0500000F044FEEEE700BF34B40100F8B5054619
:10E06000FDF7FEFA68BB07462846FDF71FFB0028B0
:10E0700033D0696838460431F8F7AAFC8723037265
:10E080002B7A03F00F0343726B7A6A684381AB7A91
:10E090008381043A05F10C010646C7811030FEF772
:10E0A00053FE3046FAF72AFD0C20FAF795FB04469A
:10E0B00010B10E4B80E8C8003046FAF72FFD20461D
:10E0C000F8BD0C20FAF788FB044630B1074A4560DA
:10E0D00000230260836015B1F8BD0020F8BD40F256
:10E0E000353000F0FBFD2046F8BD00BF34B4010020
:10E0F000F0B50C4683B0064615461F46FDF73AFAC2
:10E100002046FFF7ABFF50B143685B7A012B06D185
:10E110000146009730462B142AB2FEF75BFE03B08F
:10E12000F0BD00BFFFF79ABF032A19D9830720D19A
:10E1300030B422F0030301EB012505EB0545034450
:10E14000044644F8045BA342FBD102F003022AB167
:10E15000C9B21A44197001339342FBD130BC7047E5
:10E16000034642B1C9B21A44197001339342FBD13C
:10E1700070470346F6E7704782B030B50C4685B06D
:10E1800049680546206802AC03C4039908A880E8E2
:10E190000C00CB0712D54910029B6A58D4580D4485
:10E1A0000AAB93E8030008AB0CCB8DE803002846CC
:10E1B000A04705B0BDE8304002B0704705EB6105EF
:10E1C000029CEDE782B000B585B00DF1180E00217C
:10E1D0008EE80C0080F81912012341F29202072107
:10E1E000684605F00BFC05B05DF804EB02B0704723
:10E1F000F8B51C460B0A0F46054616461AD1330CD5
:10E200001ED1AA7805F10C01881805F1FC031B1A30
:10E2100004F1040E734518D3E4B28C54330A4770EA
:10E220008670C370AB78073424F003041C44AC70D0
:10E230000430F8BD40F28F3000F050FD330CE0D0D8
:10E2400040F28F3000F04AFDDBE70020F8BD00BF50
:10E2500090F8193203B9704741F29201072002F099
:10E2600097BE00BF10B52030FFF7C2FF044608B1CB
:10E27000204610BD40F28F3000F030FD204610BD2A
:10E2800030B50446C06885B018B1036800211B682A
:10E290009847A068064903680191FC220294009205
:10E2A0001D6904F1200104F58E73A84705B030BD47
:10E2B00049E700002DE9F047CB6833F0FF0384B055
:10E2C00021D10C7BA410012C01F1100118DD5B4D54
:10E2D0005B4E5C4F012309E0B2423CD0BA4208BF1A
:10E2E00080F81E320133DBB29C4209DD51F8232055
:10E2F000AA42F1D180F81B320133DBB29C42F5DC3B
:10E3000004B0BDE8F087B3F5000FF9D04B7B90F86F
:10E310001E229A4227D090F81B229A422FD090F8C2
:10E320001C229A42ECDC90F81D229342E8DCCA8958
:10E3300041F201139A42E3D10F7B01F1100406462A
:10E340008A46274400254FF00109A74245D9637842
:10E350001F2B21DCFEE790F81C220AB980F81C3242
:10E3600080F81D32BEE7CB89B3F5845F30D041F22F
:10E3700081129342C4D10B69C0F83432C0E7CB8913
:10E3800041F2811293424CD041F282129342B7D1B2
:10E390000B8AA0F82232B3E794F80080B8F1080F96
:10E3A00046D0A8F10903012B45D908F1FF33062B0C
:10E3B0000CD89AF80D3096F81C229B1AC3EBC303B5
:10E3C0004344002BC4BF09FA03F31D430234BCE7E6
:10E3D0000B699B0AA0F8383292E7D6F82422AA42A9
:10E3E0008ED00024012706E0134212D00134202CE5
:10E3F0001BD0D6F8242207FA04F32B42F4D113429F
:10E40000F4D0012340F60201A2B2684605F0F6FA04
:10E41000ECE70123A2B240F60301684605F0EEFAEC
:10E42000E4E70B8AA0F820326AE7C6F8245267E7CF
:10E430004FF00708BDE707F09BFEB6E7E536FA1692
:10E440006EA0EA1D0636C61F2DE9F0410446C068DD
:10E4500084B018B1036801211B68984707F070FE6B
:10E46000206903685B689847002876D0002504F18E
:10E47000200684F81A5247F6CD2707F053FE25628E
:10E480007560B560F5602784FAF7FAFFB4F81C31BF
:10E4900060624BF2CD329342A16205D0BB4264D0A0
:10E4A0001946A54802F0D8F994F81B12002900F08B
:10E4B0009F80E369002B00F0B28040234FF40252AA
:10E4C0003046FFF795FE0546002800F01481E36909
:10E4D000284603F140021F685D689968D3F80CE094
:10E4E000C0F80CE01033934207604560816000F192
:10E4F0001000F0D10023E3618122082394F81B125D
:10E500003046FFF775FE0546002800F0FE802346E2
:10E5100003CB28606960304694F81B12012342F255
:10E520000102FFF765FE0546002800F0E98094F837
:10E530003A32824AC3EB032382FB0312DB17C3EB9D
:10E5400062132B7094F81E32002B40F0848020461A
:10E55000FFF796FE04B0BDE8F081012384F81A327B
:10E5600007F0E0FD04B0BDE8F08194F81E31002B07
:10E570009AD004F58E774FF0FF0839462046FFF712
:10E5800099FE94F8280194F81E31C11D21F0030171
:10E590008B4289DD021DA51895F82851FF2D32D038
:10E5A00094F81F01621820F0020084F81F0192F80D
:10E5B00028C10CF10402881801F10C0E8342BE44FC
:10E5C00064DB04F59270734653F8045B40F8045F13
:10E5D000A3EB0E05AA42F7DC0CF10703224423F05B
:10E5E0000303A444194482F828818CF82D11C4E750
:10E5F0000B460A462046FFF735FE2046FFF740FE51
:10E6000004B0BDE8F081204490F82D118B427FF7D3
:10E610004BAF8A42C4DB4A4802F01EF944E7656901
:10E62000002D3CD094F818329D4228BF1D4630463C
:10E630002B468322FFF7DCFD064600286AD02A46D7
:10E640003046A169FEF780FBA26963692A445B1B1F
:10E65000A26163617BE7FAF719FFD4F82C22D4F8A2
:10E66000283232B1C3EB03139B1A03441B09C4F8CD
:10E670002832B4F83822C4F82C02C3F3552302FB25
:10E6800003F39B0A9B00C4F8303260E72D4802F088
:10E69000E3F894F81B1200297FF40BAFA8E794F875
:10E6A0001E1201B3D4F83422D4F830329A421AD26E
:10E6B00094F818529B1A9D42A8BF1D4630462B461F
:10E6C0008022FFF795FD064688B3B4F8382269101A
:10E6D0003046FCF779FC074608B3D4F834322B44B3
:10E6E000C4F8343233E7012341F29302072168462C
:10E6F00005F084F936E740F28F3000F0EFFAE6E6F5
:10E7000040F28F3000F0EAFA11E740F28F3000F06B
:10E71000E5FAFCE640F28F3000F0E0FA8FE72A4697
:10E7200030463946FFF700FDC4F830720FE740F27B
:10E730008F3000F0D3FAC8E764B401001F85EB51B5
:10E740007CB4010098B40100FFF77EBE82B08DE872
:10E750000C0090F81A320BB902B0704702B0FFF704
:10E7600073BE00BFF8B51D46DB0704460F461646CC
:10E7700000D47DBB40F28F3000F0B0FAA3889E42F7
:10E780002DD040F28F3000F0A9FA94F819326BBB0B
:10E7900063881BB1B4F82222934219DA6D0805FB95
:10E7A00006F60122EC23B3FBF5F313FB05F5069BFC
:10E7B00084F819226661A761E36184F81852FC228B
:10E7C000002104F12000FFF7AFFC2046FFF73CFEDC
:10E7D0000020F8BD002ACDD0A3889E42D1D1E38885
:10E7E0009D42CED194F81932002BD1D040F28F3017
:10E7F00000F074FACCE700BF2DE9F04F83B0BDF80C
:10E800003880DDF83090DDF834A0002B3FD0B9F12E
:10E81000000F3FD00F2937D0074628201D460E464F
:10E8200093460BF065FD0446103005F007F91820FB
:10E830002680A4F802B00BF05BFD8DE800060246CE
:10E840006B46064603CB42F8045B00233D689360A9
:10E85000D360A660706048F0020851600F48E36022
:10E86000236263627061A4F804806B6838462146B5
:10E87000984730B1204602F0EDFD20460BF036FD02
:10E88000074803B0BDE8F08FB8F1C00FC4D06FF4F3
:10E890007A70F6E71AF0010FBCD1F8E779E10000D1
:10E8A00016FCFFFFF0B589B0044600252848059501
:10E8B000049004A8A16003C81E466423E26084F8A3
:10E8C0003A324AF6444246F2BC63A4F83822C4F80D
:10E8D000283284F8195284F81A5284F81B5284F8AA
:10E8E0001C5284F81D5284F81E52C4F82452C4F8F5
:10E8F0003452C4F82C5226618DE80300154F1022C3
:10E90000234638680292072141F29302FFF774FF11
:10E91000336830469B68012198470F4B0795069353
:10E9200008AB13E903003F683589C0228DE8030076
:10E9300023462946029238460222FFF75DFF3368DC
:10E9400030461B6D02219847204609B0F0BD00BF3C
:10E95000C5E10000480B00204DE700002DE9F04123
:10E96000002480460E461546CCB121466408D8F8EE
:10E97000040039400368C9B2003118BF01211B6887
:10E980009847D8F80000036801211B689847D8F819
:10E990000000036800211B689847002CE5D16B1E1E
:10E9A0002DB137781D46402401368021DFE7BDE8D0
:10E9B000F08100BF70B50446806803680E461B688E
:10E9C000002115469847E06818B1036800211B68CC
:10E9D0009847012231462046FFF7C0FFA068036830
:10E9E00001211B6898476A1E002A03DD711C20461E
:10E9F000FFF7B4FFE06828B1036801211B68BDE898
:10EA00007040184770BD00BFF0B5054687B00026BE
:10EA10002C230F46144601A90122019602968DF877
:10EA20000430039604960596FFF7C4FFA8680368B0
:10EA300001211B689847E86818B1036831461B68D4
:10EA400098473B12013443EA07133A1164108DF8DA
:10EA500006708DF805308DF8042006D0032201A938
:10EA60002846FFF77BFF013CF8D1E86818B103683E
:10EA700001211B68984707B0F0BD00BFF0B50B46F9
:10EA800089B0074610E05E788DF8002026F08004FB
:10EA90002246FEF759F9621C69463846FFF78AFF9D
:10EAA000320605EB040308D41A789D1C29460DF1A3
:10EAB0000100002AE7D109B0F0BD2A5D4FF47A7059
:10EAC0005C1C00FB02F002F019FD2346ECE700BFDE
:10EAD000F0B585B0013B0A9C0B44013C144415463B
:10EAE0001E120022009202924FEA242E8DF804306A
:10EAF0008DF803602A2306468DF802102B2702A901
:10EB000005228DF80BE08DF808308DF80A508DF84D
:10EB10000C408DF80070FFF74DFF30466946052226
:10EB2000FFF748FF05B0F0BDF0B583B013468DF890
:10EB30000110170C160A694602223625B1248DF8F9
:10EB400007308DF804408DF8057004468DF8066096
:10EB50008DF80050FFF72EFF9DF80730FF2B204661
:10EB60000CBF0322042201A9FFF724FF03B0F0BD6C
:10EB700070B54FF0FF3104462220F8F78FFAC0B28B
:10EB8000FBF790F84FF0FF3160602020F8F786FA2D
:10EB9000C0B2FBF787F84FF0FF3120602320F8F771
:10EBA0007DFAC0B2FBF77EF84FF0FF31E060242021
:10EBB000F8F774FAC0B2FBF775F84FF0FF31A060B8
:10EBC0002C20F8F76BFAC0B2FBF76CF84FF0FF316E
:10EBD00006462B20F8F762FAC0B2FBF763F8054649
:10EBE000E06818B1036801211B689847A0680368B2
:10EBF00001211B68984726B1336830461B68012104
:10EC000098478DB12B6800211B682846984744F629
:10EC1000206002F073FC2B6828461B68012198478E
:10EC200044F6206002F06AFC40212720F8F736FA0B
:10EC300040F2036105462820F8F730FA0A490646F3
:10EC40002046FFF71BFF3246E9B22046FFF76CFF74
:10EC5000A0212520F8F722FA802120822620F8F72B
:10EC60001DFA608270BD00BFF0B401002DE9F04FC5
:10EC7000184F01EB810185B00F4498467B1D8146FA
:10EC8000934603934FF0030A17F8016B5D46002487
:10EC900046FA04F313F0010F04F101040BD1052C23
:10ECA00005F10405F4D1039B9F4208F10408EBD160
:10ECB00005B0BDE8F08F424629464846CDF800A091
:10ECC0000323FFF705FF09220E994846FFF79CFE34
:10ECD000E5E700BFB8B40100704700BF2DE9F0417F
:10ECE000054688B072B607F02BFA2946604801F055
:10ECF000B3FD72B65F4E347804B1FEE7F9F764FDF8
:10ED000001234FF0FF3122203370F8F7C7F9C0B26A
:10ED1000FAF7C8FF002854D003A8FFF729FFBDF871
:10ED20001E20BDF81C3000922146224603A8FFF7A2
:10ED3000CFFEBDF81C30BDF81E204F4F214602FB10
:10ED400003F203A8FFF760FE4FF4706346220A2126
:10ED500003A800931423FFF789FF484BEC1783FBAC
:10ED60000523C4EB631387FB0312D917C1EBA20180
:10ED70004FF47F6601EB8101A3EB4101322203A82E
:10ED80003C230096FFF772FF87FB0523C4EBA30427
:10ED900087FB0437E117C1EBA70101EB8101A4EB6D
:10EDA000410103A83C234A22009604EB8404FFF7A8
:10EDB0005DFFA5EB4401009603A83C236222FFF708
:10EDC00055FF2846FFF788FF4FF0FF310D20F8F779
:10EDD00065F9C0B2FAF766FF0446294DDFF8AC804A
:10EDE000284F04B9FEE70326236801211B6820464B
:10EDF0009847284602F082FB236800211B682046C2
:10EE00009847284602F07AFB013EEDD1404602F0D9
:10EE100075FB0326236801211B6820469847384666
:10EE200002F06CFB236800211B68204698472846A7
:10EE300002F064FB013EEDD1404602F05FFB032689
:10EE4000236801211B6820469847284602F056FB9C
:10EE5000236800211B6820469847284602F04EFB95
:10EE6000013EEDD1084802F049FB002CBAD0BAE7C8
:10EE700004B501009F0C0020676666661F85EB5194
:10EE8000A0860100E0930400C0270900400D0300A4
:10EE90002DE9F04F002185B004462920F8F7FEF84F
:10EEA000402180462720F8F7F9F840F20361054633
:10EEB0002820F8F7F3F841F6376181464E20F8F73D
:10EEC000EDF8002607464FF0FF3184F86060A66039
:10EED0002120F8F7E3F8C0B2FAF7E4FE41F292031A
:10EEE0009F424FEA186A00F04F81B346BAF1000F13
:10EEF00000F0DF8040F28F30FFF7F0FE41F637631D
:10EF00009F424FF0000600F0008142F27D439F4295
:10EF100000F0948141F292039F4200F0148140F28C
:10EF20008F30FFF7DBFE15F0807F0CBF00206FF005
:10EF30007F40290A2A0CEDB2606684F85E1084F8DE
:10EF40005F203B462A464946B44801F085FC26B37B
:10EF500018F0FF0818BFB249336808BFB1491B68F1
:10EF600018BF01FB08F130469847336808225B68F8
:10EF70000021304698474FF0FF312320F8F78EF8F4
:10EF8000C0B2FAF78FFE18B1036801211B689847D9
:10EF9000336830469B68002198474FF0FF312B20A3
:10EFA000F8F77CF8C0B2FAF77DFE064670B1036848
:10EFB00000211B689847142001F0C6FF33683046D3
:10EFC0001B6801219847142001F0BEFF6368ABB1B4
:10EFD0004FF0FF312C20F8F761F8C0B2FAF762FE6B
:10EFE00018B1036801211B689847606803681B68B3
:10EFF00098474A462946606804F0BEFBA0212520B8
:10F00000F8F74CF88021A4F858002620F8F746F8C5
:10F01000666882B2A4F85A20A4F85C20A6B380B235
:10F02000B4F8583094F85F2094F85E1000903046A1
:10F0300004F074FBB4F85810B4F85A2094F85E3019
:10F0400094F85F000090784801F006FC94F8603076
:10F0500033BBB4F85830B4F85A0000FB03F000EBAF
:10F06000D07040101430F9F77FFC2346002520654E
:10F0700043F8545F01211846F9F726FD204684F82D
:10F080004D5005B0BDE8F08FA56894F85E3094F857
:10F090005F00B4F85810A9802B806880EA80D1E71F
:10F0A000B4F85830B4F85A005B10401000FB03F07D
:10F0B000D5E74FF0FF312220F7F7F0FFC0B2FAF7A3
:10F0C000F1FD4FF0FF3103902020F7F7E7FFC0B2CA
:10F0D000FAF7E8FD029028200BF00AF9039A029B48
:10F0E000CDF800A011465A46064606F00BFD082052
:10F0F0000BF0FEF83146824604F080FB41F63763A0
:10F100009F42C4F800A07FF400AF4FF0FF312320EE
:10F11000F7F7C4FFC0B2FAF7C5FD4FF0FF318346E1
:10F120002420F7F7BBFFC0B2FAF7BCFD02903020F5
:10F130000BF0DEF8029B216882465A4603F04EFF30
:10F14000C4F804A0EFE6002363604FF0FF312320F2
:10F15000F7F7A4FFC0B2FAF7A5FD4FF0FF318346E1
:10F160002420F7F79BFFC0B2FAF79CFD02904FF402
:10F170000F700BF0BDF8029B82465A463146FFF7EE
:10F1800091FBC4F808A0CEE68346284801F064FB52
:10F1900004E0642001F0D8FEAB0170D44FF0FF31E1
:10F1A0002B20F7F77BFFC0B2FAF77CFD0021064663
:10F1B00068B103681B6898470A2002F09FF933681A
:10F1C00030461B6801219847032001F0BDFE112045
:10F1D000FAF748FF06460028DBD00146144801F044
:10F1E0003BFB144B9E425FD016F0200FC6F38216F5
:10F1F0000CBF40258025022E49D0032E4FD0012E72
:10F200004AD040F28F30FFF769FD31464B462A461F
:10F21000094801F021FB4FF0200833E078B50100E8
:10F2200040420F00C0E1E400A8B501001CB5010098
:10F2300048B50100FFFF010054B501004FF0FF3158
:10F240002320F7F72BFFC0B2FAF72CFD4FF0FF3168
:10F2500083462420F7F722FFC0B2FAF723FD02907D
:10F2600030200BF045F8029B21685A46824602F096
:10F2700059FF0123C4F804A084F8603053E60C4819
:10F2800001F0EAFA41F637674FF0000B2EE645F041
:10F290000805DFF82090B8E740F20369B5E745F0CC
:10F2A000807540F20369B0E7FAF710FF1EE600BF71
:10F2B00030B50100FF140E0038B50C4D286800B1C0
:10F2C00038BD4FF0FF312220F7F7E8FEC0B2FAF761
:10F2D000E9FC40B168200BF00BF80446FFF7D8FDBD
:10F2E0002C60204638BD286838BD00BF04060020C9
:10F2F00008B5FFF7E1FF18B183680BB1012008BD25
:10F300004FF0FF312C20F7F7C9FEC0B2FAF7CAFC64
:10F31000002008BD642870B5A8BF642020EAE0740E
:10F32000FFF7CAFF20B1836813B183F83A4270BD7A
:10F330004FF0FF312C20F7F7B1FEC0B2FAF7B2FC64
:10F340000546D8B1DCB1642C1FD0FFF7D1FFA8B1BE
:10F350002B684FF47A715B6B2846984704FB04F4E2
:10F360000D492B68C4EB842481FB0421E417C4EB12
:10F3700021312846DB68BDE87040184770BD03683E
:10F3800021461B68BDE870401847036801211B68CF
:10F39000BDE87040184700BFAD8BDB68F8B5044688
:10F3A000FFF78AFFE8B16368302B054603D040F2CF
:10F3B0008F30FFF793FC6F6E204604F1300605F1A5
:10F3C0000802437A047A817A1B0243EA04430B431E
:10F3D00003307B40864242F8043FF2D1012385F896
:10F3E0004C30F8BD70B582B00546FFF765FF10B12F
:10F3F00090F860300BB102B070BDB0F85A4046686A
:10F40000641BA4B2A0F85C405EB1B0F8583090F82C
:10F410005F2090F85E100094304604F07FF902B04F
:10F4200070BD836890F85F10B0F8582090F85E00C7
:10F43000188059809A80DC8002B070BD10B50446F7
:10F44000FFF73AFF08B104B1446510BDF0B583B0D1
:10F450000546FFF731FF002800F08A8090F84D3014
:10F460000446002B40F0848090F860200123002A9D
:10F470000CBF1946022180F84D303DB36B685A7AB3
:10F48000042A7CD040F28F30FFF728FC6068002807
:10F4900000F0B78003F0F0FE94F84C3004F10C0655
:10F4A000002B67D0002384F84C306968206D4A68CF
:10F4B0001031083AFDF748FC6B6860685A89216D85
:10F4C0009B8900286CD0009603F0E6FF636D002B4B
:10F4D0004BD094F86030002B47D16068002800F0D2
:10F4E000A48003F0C9FE656D69684B7A042B00F0B7
:10F4F0008C8040F28F30FFF7F1FB69684A68206D1D
:10F50000083A1031FDF720FC606800285ED0B4F89E
:10F510005C20B4F85A6094F85F70B4F8583094F8EE
:10F520005E10B61A00963A4404F0F8F86B6860680A
:10F530005A89216D9B8900285DD00025009503F034
:10F54000ABFF6068002874D003F096FE606878B363
:10F55000B4F85C50B4F8583094F85F2094F85E101A
:10F56000009504F0DBF800236365002384F84D3038
:10F5700003B0F0BDA368002B08BF002695E75A89A9
:10F58000B0F8580001FB02F282427FF47BAF9A8907
:10F59000B4F85C3001FB02F199427FF473AF75E778
:10F5A000A0680096FFF7DEF8636D002B91D1DCE7D1
:10F5B000A36894F85F00B4F85810B4F85C2094F88D
:10F5C0005E501D8058809980DA80CCE7B4F85C608A
:10F5D00094F85F10B4F85A206868A368B4F85850DB
:10F5E00094F85E701F803144921B5980DA809D80B0
:10F5F00042898389216DA06800250095FFF7B2F844
:10F600009FE7A068FEF724FE46E7B4F85A30B4F846
:10F610005C008A891B1A93427FF46BAFB4F85820C0
:10F620004B899A427FF465AF68E7A068FEF710FE49
:10F6300059E7A068FEF70CFE88E700BF704700BFDF
:10F640004FF080531869704741EA020080073ED1AD
:10F6500098073CD170B463B14C1ED618104614F80C
:10F66000015FFF2D02D00578FF2D2CD10130B04273
:10F67000F5D1184801259C08C0F80455D0F800348D
:10F68000DB07FBD502EB8404944201F1040011492D
:10F690000ED013685E1C02F1040205D040F8043C51
:10F6A000D1F80034DD07FBD5944200F10400F0D11D
:10F6B000084A0023C2F80435D2F80034DB07FBD532
:10F6C000002070BC70476FF0020070BC70474FF0B4
:10F6D000FF30704700E00140036808491A684FF0A6
:10F6E00080538A4210B55C6903D1186904FB00F0AD
:10F6F00010BD0021904704FB00F010BD41F6000052
:10F700000368164A1B68934210B50C4623D14FF08C
:10F71000805318690138204218D1114A0223C2F8D7
:10F720000435D2F80034D907FBD50D49C2F8084595
:10F73000D1F80034DA07FBD50023094AC1F80435B3
:10F74000D2F80034DB07FBD5002010BD40F29A3020
:10F75000FFF7C4FAE1E79847DCE700BF41F6000095
:10F7600000E00140F8B504461D4601601C4BA2674D
:10F770000020B5F5003F0F461646E567E36184F8C3
:10F7800074006060E060A06020616061A061E06280
:10F790002067A4F876001DD83B6838461B683146C0
:10F7A0009847431E334204D1B5FBF0F300FB1350DE
:10F7B00058B140F29A30FFF791FA0A4D2B8813B9ED
:10F7C00003F0EEFA28802046F8BD012BF1D9DB07C3
:10F7D000F3D5EEE740F29A30FFF780FADCE700BF9E
:10F7E000806967FF980C00202DE9F041074600680A
:10F7F00003681B680C4601EB02089847431E23422E
:10F80000064626D1444522D23868036821461B6843
:10F810009847864203D040F29A30FFF75FFA386883
:10F82000036821465B689847002E04EB060509DD56
:10F8300014F8013BFF2B40F29A3001D0FFF74EFA4B
:10F84000A542F5D1A8452C46DED8BDE8F081BDE83B
:10F85000F08140F29A30FFF741FAD3E708B5C26F62
:10F86000816FFFF7C1FF40F29A30BDE80840FFF713
:10F8700035BA00BFF8B5836F324AC46F1E68650899
:10F88000964203EB050105D05B59934244D0002218
:10F890001046F8BDD3F804E05F59A4EB0E02B2FAAB
:10F8A00082F2B7424FEA52123BD0002AF0D00D4606
:10F8B000194655F8082C41600132C560A5F10803CE
:10F8C00003D053F8082D0132FBD15C6803F1080224
:10F8D0000134026103F1040303D153F8044D0134F0
:10F8E000FBD00B3323F00703044683601868013014
:10F8F00002D15868013006D02046FFF7AFFFE56817
:10F9000061682269A36810485B1A521A691A00F0EC
:10F91000A3FF01221046F8BD4B689C42B7D10D44AD
:10F92000C7E74E68B442C0D17445F8D19C688A6874
:10F93000661C9642F3D0561CB442B8D09442B6D856
:10F940000D44B6E7DAE0767740B60100C16A01B946
:10F950007047024670B5064652F8300B03689C6843
:10F960004023A04798B906F12F05002415F8013F60
:10F97000FF2B06D0F26A125D9A42304601D0FFF7A3
:10F980006DFF0134402CF1D10023F36270BD30468D
:10F99000FFF764FFE7E700BF4BB32DE9F04781466F
:10F9A0000E4690461D4600F1300A06F03F07D9F892
:10F9B0002C30F41B9C4209D04846FFF7C7FF402279
:10F9C000FF215046FEF7B0FBC9F82C40C7F14004B8
:10F9D000AC4228BF2C4641460AEB07002246FDF701
:10F9E000B3F92D1B2644A044DFD1BDE8F087704752
:10F9F000F0B50446006F002385B0A361636130B1A8
:10FA0000036823670AF072FC206F0028F8D11548BC
:10FA100000F022FFE36FA16F13485A084FF0FF3642
:10FA20008D58039685424FF0010601EB02070296BE
:10FA300011D02046FFF7D8FE0B4BE56FA16F009366
:10FA40006A46102320460195FFF7A6FF2046FFF7E0
:10FA50007DFF05B0F0BD78688342EAD1BB68013311
:10FA60000293E6E730B60100DAE07677F8B5076F83
:10FA70004D8867B33E46B21C002302E00133202BC1
:10FA80000DD032F8024FAC42F8D1B1F90420002A6F
:10FA90001BDB06EB430300229A800120F8BD366889
:10FAA000002EE8D1B1F90430002B21DABA1C002372
:10FAB00002E00133202B1DD032F8026F002EF8D166
:10FAC00007EB430330469D80F8BD0120F8BDB1F936
:10FAD0000430002B0CDA044644200AF009FC4422CE
:10FAE00006460021FEF720FB236FB58033602667B2
:10FAF0000020F8BD3F68002FD8D1ECE743680BB178
:10FB000001207047FFF7B6BE426802B1704710B5DA
:10FB10000446FFF7AFFE20B92046FFF769FF636890
:10FB200003B110BD2046FFF7A5FE0028F9D12046FD
:10FB3000BDE81040FFF792BE38B590F87430044627
:10FB40004BB1094D298840F2FF3001F021FA94F8B9
:10FB50007430002BF6D1012384F874302046BDE8C0
:10FB60003840FFF7D1BF00BF980C002010B590F8C7
:10FB7000743084B004461BB940F29A30FFF7AEF8F7
:10FB80002046FFF7E3FE064A002384F8743012880B
:10FB9000012340F2FF31684603F030FF04B010BD8E
:10FBA000980C00202DE9F843814608460F460AF0DC
:10FBB00011FC01463846F8F7CBF980EA1045384683
:10FBC0000AF008FCD9F81040D9F80C60A64217D901
:10FBD0000130ADB21FFA80F802E00834A6420FD916
:10FBE0002388AB42F9D16388D9F80400424618440F
:10FBF00039460AF09CFB0028EFD12046BDE8F88387
:10FC000000242046BDE8F883F8B50C4616461F468A
:10FC10000546FFF791FFCCB121462846FFF7C2FF0A
:10FC2000A861A8B1C3889BB18488C4F30E0446B10F
:10FC30006968A7423A46304628BF22461944FDF774
:10FC400083F82846FFF792FF2046F8BDA869E8E749
:10FC50004FF0FF34F5E700BF10B5044682B0FFF760
:10FC60006BFF63690BB936E06369E268934221D2A6
:10FC7000186859686A46083303C2636169462046BA
:10FC8000FFF7F4FE0028EFD1BDF80630002BEBD0D3
:10FC9000BDF80420BDF802106368A084C2F30E0210
:10FCA0000B4420462262A362FFF760FF04F12000AC
:10FCB00002B010BD206F0023636130B10368236779
:10FCC0000AF014FB206F0028F8D12046FFF74EFF02
:10FCD000002002B010BD206F236963610028C4D0EA
:10FCE000036823670AF002FB206F0028F8D1BBE706
:10FCF000F0B58168CB1D23F0070383B000260027F1
:10FD00005D1A0446CDE9006708D153F8043C01337D
:10FD100010D02046FFF71AFE03B0F0BD2B466A460E
:10FD2000FFF73AFEA3681D44A5602046FFF70EFECC
:10FD300003B0F0BD6A460823FFF72EFEA368083320
:10FD4000A3602046FFF702FE03B0F0BD2DE9F04F9F
:10FD50000569846801F120032D1B9D428BB003DDF2
:10FD600001200BB0BDE8F08F04461746039101F067
:10FD7000A3FFB4F87630002B40F0C1802A460399E7
:10FD80007D4800F069FDA26F6168002391426361C4
:10FD9000A3610ABFE36F049201EB5303204608BF3F
:10FDA0000493FFF7D3FD049DE26F294652082046D5
:10FDB000FFF71AFD2B461033E26FA360012305EB1A
:10FDC000520B0193206F30B1036823670AF08EFA5B
:10FDD000206F0028F8D12669E3689E4240D2083699
:10FDE0004FF0100A324606AB52F8080D65685168AC
:10FDF00003C3BDF81A30B0461D4417B12846B847B2
:10FE000048B306A92046FFF731FE20BBBDF81E30DF
:10FE10000BB328460AF0DEFABDF81C2000F10109F8
:10FE2000C2F30E0202EB09030293019B012B7DD06A
:10FE30001FFA8AF5ABF1080BA944ADF81C2059460E
:10FE4000082306AA2046ADF81E90ADF81A50FFF719
:10FE5000A3FD029B9A44E368434506F10806C1D816
:10FE6000019B012B44D0019B022B44D1206F30B168
:10FE7000036823670AF03AFA206F0028F8D1204679
:10FE8000FFF764FDA1683D48ABEB010100F0E4FC25
:10FE90006268049E9168E06F394B0693013106AAAF
:10FEA000102308910790314620464FF0FF35099501
:10FEB000FFF772FD2046FFF749FDE26FA368666019
:10FEC00006EB5201ABEB0302039BC4F810B04033C6
:10FED0009A42E1603FF744AF27B32A4B0399994216
:10FEE00020D0294800F0B8FC00200BB0BDE8F08F0E
:10FEF0002046FFF7FDFE019B0133019362E7E169B4
:10FF0000C3EBC37200EB42020B449342B6BF1346ED
:10FF1000E361E26183427FF731AF40F29930FEF74F
:10FF2000DDFE2BE700200BB0BDE8F08FA368059342
:10FF30002A46194620464B46FFF72EFDA168BDF81C
:10FF40001C50BDF81E0062684944C5F30E052B46DF
:10FF50000244A1602046FFF71FFDA368029A1D44DA
:10FF6000059BA560EB1A93423FF473AF40F29A30C1
:10FF7000FEF7B4FE6DE700BFDCB5010004B601007A
:10FF8000DAE076770000FF7F18B6010038B50D463D
:10FF90000446FFF7D1FD2A4620460449FFF7D6FE66
:10FFA0002046BDE83840FFF7E1BD00BF0000FF7FFD
:10FFB0002DE9F047884682B01D4604469146002A46
:10FFC0005FD02046FFF7B8FD41462046FFF7EAFD27
:10FFD00000270646A761D4F804A000283BD0294694
:10FFE000073121F00701083100222046FFF7AEFE5D
:10FFF000002800F08C806368534504D041462046B9
:020000040001F9
:10000000FFF7D0FD0646002E44D032887388ADF845
:100010000020ADF802302FB30023ADB2ADF80630AA
:100020006FEA45456FEA5545ADF804502046FFF7A5
:100030005FFE21690839216108236A462046FFF7DF
:10004000ABFC2046FFF782FC2046FFF78FFD002027
:1000500002B0BDE8F08740460AF0BCF9691C0144D3
:100060003746BDE72B464A46A1682046FFF794FC79
:10007000A36861685A195B1AADF80630A260ADB288
:10008000CEE7013334D0002D9BD040F29A30FEF7FA
:1000900025FE96E740460AF09DF901464046F7F7EF
:1000A00057FF80EA10434046ADF800300AF092F95D
:1000B00000F1010A42465346A1682046FFF76CFC56
:1000C000A368626803EB0A019B1AA160ADF80230D5
:1000D0001FBB2B464A462046FFF75EFCA3686268BA
:1000E000ADF804501D449B1AA560ADF806309DE79D
:1000F000FFF722FD41462046FFF754FDC4F8189053
:100100000646D4F804A010B12946012768E7204626
:10011000FFF72CFD4FF0FF309AE7ADF80660ADF821
:10012000045083E74FF0FF330022FFF741BF00BFC9
:100130000078A0F12300B0FA80F04009704700BFBA
:100140002DE9F041194D286808B1BDE8F0818820FB
:100150000AF0CEF8DFF85C80154BD8F80070064640
:10016000B7F5003F044646F8043B03D9FFF7B4FA5D
:10017000874215D32046FFF7AFFAA0F5004230467C
:100180004FF400432146FFF7EDFA002242F21073CC
:100190002C6084F88420A4F87A302046BDE8F081F1
:1001A000D8F80020A2F50042E9E700BF08060020C9
:1001B000CCB501001410001038B5FFF7C1FF051DC4
:1001C00004462846FFF79AFC28B903461A462846F3
:1001D0000249FFF719FD204638BD00BF74B6010083
:1001E00070B505460C46FFF7E7FF2B6806461B6A0D
:1001F000284698476368014604F10802301DBDE8AF
:100200007040FFF7D5BE00BF38B50446FFF7D4FFF6
:10021000236805461B6A204698470146281DBDE80D
:100220003840FFF77FBF00BF38B50446FFF7C4FF73
:10023000236805461B6A20469847002301461A4654
:10024000281DFFF7E1FCC043C00F38BD38B5044698
:10025000FFF7B2FF2368051D1B6A2046984700235D
:1002600001461A462846FFF7CFFC011E11DB00208D
:10027000F6F7AEFB0446F8F741FC2846636804F144
:1002800008020021FFF7C0FC2046F8F747FC204693
:1002900038BD0024FBE700BF38B5FFF78DFF0446EB
:1002A000051D0C4800F0D8FA0B492846FFF76EFEF2
:1002B000D4F880302269E1685B0803EB4303521AEB
:1002C000B2EB930F00D338BD2846BDE83840FFF7A6
:1002D0008FBB00BF60B60100310101002DE9F0477E
:1002E0000446FFF769FF002383610546F6F7A0FE89
:1002F0008146F8F703FC236820461B6A9847236869
:1003000007465B6A204698473E788046043509F1E7
:10031000040A2846FFF7A0FC10B3232E846802D0FD
:100320002378232BF5D042463946204609F0FFFFBB
:100330000028EED14FF0FF312046F6F7C9FA044607
:10034000F8F7DCFB2246B9F808105046F8F78EFDA6
:100350002046F8F7E3FB2846FFF77EFC0028DCD1B7
:100360004846F8F7DBFB4846BDE8F08788B110B592
:1003700004460AF02FF801382044844207D223783B
:10038000027804F8012B00F801398442F7D30020E9
:1003900010BD6FF47A707047F8B539B380EAE07435
:1003A000C4EBE0744E1E0027DFF848E000E01F4673
:1003B0008EFB0423E217C2EBA30202EB8203C4EB21
:1003C00043033033554206F8013F14467B1C002D91
:1003D000EDD1002806DB00220846CA54FFF7C6FF0D
:1003E0002846F8BD2D22CA54BB1CF4E76FF47A7579
:1003F000F6E700BF67666666014B1860002070472D
:100400000C06002030B40C4D0C4A2B68026000240E
:100410009842C4800BD02A46012301E0402B09D02A
:1004200052F8041F88421C4603F10103F6D1002351
:1004300045F8243030BC70471006002084B6010017
:100440000048704716FCFFFF38B50F4D0F4A2B6868
:1004500004469C424FF000002260E0800BD02A4608
:10046000012301E0402B09D052F8041F8C421846AA
:1004700003F10103F6D1002345F82030204609F0AE
:1004800035FF204638BD00BF1006002084B60100AD
:10049000013908B503290AD8DFE801F00B0B020285
:1004A0000368084ADB68934201D000219847002086
:1004B00008BD0368034ADB689342F8D001219847DE
:1004C000F5E700BF399D000070B584B004AC04E9C5
:1004D0000F00BDF80230012B18D0022B14D1154C9F
:1004E000154E04F5807501E0AC420DD054F8040FB0
:1004F0000028F9D0C3885B04F6D503689B68B34233
:10050000F2D09847AC42F1D104B070BD094C0B4E0B
:1005100004F5807501E0A542F6D054F8040F0028D8
:10052000F9D0C3889A04F6D503685B68B342F2D069
:100530009847F0E70C060020359D00004D5600005E
:100540002DE9F041334D2C6882B054B12A46012385
:1005500001E0402B07D052F8041F1C46013300294C
:10056000F7D145F824002C4C237813F001030BD16C
:100570002A4D2A6842B10093102201234FF47A6079
:10058000002101F0B9FB10B102B0BDE8F0812820D4
:10059000D5F80080224E09F0ABFEC0230093012263
:1005A000204B1021074600F03DFFD8F800305B6873
:1005B000B34222D1384600F04DFF384609F096FE8E
:1005C00028202F6809F094FEC02300930222154BC7
:1005D0000F21054600F026FF3B685B68B34212D14D
:1005E000284600F037FF284609F080FE237843F0C4
:1005F0000103237002B0BDE8F081404639469847B8
:100600000028DDD0D6E73846294698470028EDD0A7
:10061000E6E700BF10060020A00C0020480B0020D9
:1006200041040100C904010030B40B4D2B6898420D
:1006300010D02A46012301E0402B09D052F8041FB4
:1006400081421C4603F10103F6D1002345F8243012
:1006500030BC70470024F8E71006002000487047BF
:1006600038B20100084600F06FBC00BF084600F039
:1006700047BF00BF0846FEF731BB00BF05F06ABDAB
:10068000084600F039BF00BF05F072BDF8B51A4D3D
:100690000E46044605F054FD28688319B3F5806FB3
:1006A000B64616D204302844771E1EB3431EC11925
:1006B00014F8012B03F8012F9942F9D1013738447E
:1006C000002303702B6873442B60BDE8F84005F0ED
:1006D00029BD0A4B6B6040F2FA3304229E422A6025
:1006E00006DD074C4FF0150E142705F10800DDE775
:1006F0000820D8E7B646E3E7100700202E2E2E0A82
:10070000C8B60100F0B587B062B901AC2146FFF769
:1007100043FE204609F05EFE01462046FFF7B6FF85
:1007200007B0F0BD07461C22002001AC27FA02F3F7
:1007300003F00F03A1B99BB902B120B1461C2518E3
:10074000303330462B70043A131DEFD106AB03440F
:1007500000220221074803F8142CFFF797FFD8E77F
:10076000092B00F1010604EB0005E9DD37333046C3
:10077000E8E700BFC4B601002DE9F047DFF8D090EC
:10078000DFF8D08082B082460F46161F544602E042
:10079000252A1C4612D02346254613F8012B002A91
:1007A000F6D1A4EB0A015046FFF770FF1FB10221FA
:1007B0002648FFF76BFF02B0BDE8F0876FEA0A0139
:1007C00019445046FFF762FF237856F8044F01940E
:1007D000642B05F1020A1DD00CD9732B20D02CD923
:1007E000752B17D0782B0BD1204601220021FFF763
:1007F00089FFCBE7582B22D0632B19D0252B04D0AF
:1008000003214846FFF742FFC0E701214046FFF7BA
:100810003DFFBBE7002220461146FFF773FFB5E717
:10082000204609F0D7FD01462046FFF72FFFADE730
:10083000012101A8FFF72AFFA8E7702BE0D10122D0
:1008400020461146FFF75EFFA0E700BFE8B60100B3
:10085000E4B60100E0B601000FB400B583B004AA0D
:10086000012152F8040B0192FFF786FF03B05DF8F7
:1008700004EB04B0704700BF0048704716FCFFFF50
:1008800038B50D46044605F05BFC2A6865610AB977
:100890000AE01A469369002BFBD19461E261A361DF
:1008A000BDE8384005F03EBCA261E2612C60BDE8C5
:1008B000384005F037BC00BF43699BB110B5044612
:1008C00005F03EFCE36973B1A2699A61A3690BB1BB
:1008D000E269DA610023A361E3616361BDE810406E
:1008E00005F020BC70476369A2691A60EEE700BF9B
:1008F0002DE9F04184B004AC04E90F00124B1C68F0
:10090000DDE902014FF47A72002309F0F5FABCB177
:1009100006460F46DFF8348001E02C4685B1E268D8
:10092000A56900239F4208BF9642F6D32046FFF7F1
:10093000C3FF20464146FFF7A3FF2C46002DEED112
:1009400004B0BDE8F08100BF1C0B0020240B002088
:100950002DE9F04F93B004AC84E80F00DFF8C890A5
:100960002D4AD9F80030BDF81060BDF812B01468F7
:1009700053B39CB10023294F039340F2FE3A40F257
:10098000FF38E368A569190C56459BB288B21ED0A2
:100990006BB39E422BD02C46002DF2D1A6F2FE3333
:1009A000012B11D9D9F800401D4B10255A4631466C
:1009B00008A8009500F036FD23681A4A9B68934208
:1009C00026D108A800F046FD13B0BDE8F08F4345DE
:1009D000DED1B9B9039B002BDDD12046FFF76CFFB8
:1009E00039462046FFF74CFF01230393D3E709B1B3
:1009F0005845D0D12046FFF75FFF39462046FFF724
:100A00003FFFC8E75845C6D1039B002BC3D1E4E79D
:100A1000204608A99847D4E7340B0020240B002077
:100A20005109010079080100180B0020014B1868DA
:100A3000704700BF280B002038B505F081FB154B2F
:100A40001C68C4B12046FFF737FF05F06BFB00239D
:100A500023616362256805F0B9FB0146284605F06D
:100A6000C1FB05F06DFB0C4B1A6822621C6005F09F
:100A700059FB204638BD282009F03AFC214628229F
:100A80000546FDF751FB05F0A5FBAC6085E81100BC
:100A90002C46DAE72C0B0020280B002038B50A4B37
:100AA0001C682369DB0707D5084D286830B1636AE5
:100AB0004362002363620446204638BDFFF7BCFF53
:100AC00028600028F8D0F2E7140B0020200B00204B
:100AD0002DE9F041454D2A7812F0010482B06FD122
:100AE000434E444F3060FFF7A7FF434B4349186024
:100AF000FFF7C6FEFFF7A0FF3860D0F8008005F0D2
:100B000065FB011F404605F06BFB3B683C491868DC
:100B100005F064FB3768002F4ED0282009F0E8FB71
:100B2000C0232246009340F2FF31364B364C8046BC
:100B300000F078FC3B685B68A34244D1404600F07B
:100B400089FC404609F0D2FB2820D6F8008009F045
:100B5000CFFBC023009300222A4B40F2FE31074610
:100B600000F060FCD8F800305B68A34237D138460B
:100B700000F070FC384609F0B9FB00230F22002179
:100B800000934FF47A60012301F0B6F8282037680B
:100B900009F0AEFBC023009301221C4B0F21064637
:100BA00000F040FC3B685B68A34212D1304600F085
:100BB00051FC304609F09AFB2B7843F001032B706F
:100BC00002B0BDE8F0813846414698470028BBD0C6
:100BD000B4E73846314698470028EDD0E6E740466E
:100BE000394698470028C8D0C1E700BFA10C0020B3
:100BF000180B0020300B0020140B0020240B0020C9
:100C00005D1101005109010041040100F1080100DA
:100C1000024B187800F00100704700BFA10C0020C3
:100C2000F0B51F4F3B6883B0002B35D01D4B1B78B0
:100C3000DB0731D50E460446FFF730FF44EA064392
:100C4000C3600546FFF738FE28461749FFF718FE30
:100C5000A4F2FE33012B16D928203F6809F048FB87
:100C6000C023324600932146104B054600F0DAFBC4
:100C70003B680F4A5B68934208D1284600F0EAFBC4
:100C8000284609F033FB002003B0F0BD3846294662
:100C900098470028F7D0F0E7064803B0F0BD00BF42
:100CA000180B0020A10C0020340B0020510901007A
:100CB0004104010016FCFFFF2DE9F04128B321B3E8
:100CC0000546984617460E46FFF7B6FE0446E0B1C5
:100CD00032463B462946006805F08EFA256805F045
:100CE00075FA011F284605F07BFA0A4B0A4920686D
:100CF000B8F1000F18BF194605F070FA20460749F1
:100D0000FFF7BEFD2046BDE8F08100242046BDE887
:100D1000F08100BF3511010075100100240B002087
:100D2000074B1B7813F0010301D11846704710B42C
:100D3000144601230A4621465DF8044BFFF7BCBF69
:100D4000A10C0020024B1868B0FA80F040097047EF
:100D5000240B002030B50F4D2B789A0785B004D5B1
:100D60000D4B1B6873B105B030BD43F00204022285
:100D700001230F2168462C7002F040FE064B1B68D1
:100D8000002BF0D12B7823F002032B7000F0BAFB7C
:100D900005B030BDA10C0020240B00202DE9F0414E
:100DA0005E4D2C682269D10728D45D4E3368002B34
:100DB0007DD06169B14200F09A802B60594F39684B
:100DC000994277D09C4242D08C4242D0564B6269C5
:100DD0009A423ED0206805F007FA064605F006FA6A
:100DE000A16863682F68361ACB1A9E424ED82068D5
:100DF000BB683A68BDE8F04105F03EBB4B4E206849
:100E0000336842F0020222611A691C6842F004024F
:100E10001A6105F0EFF90146204605F0E3F937685D
:100E2000386805F0E1F9044605F0E0F9BB687A6836
:100E3000241A9B1A9C4215D833689968186805F0E3
:100E40005CFB2B681A6900219207316055D4BDE81C
:100E5000F0812A680021936812680846BDE8F041D5
:100E600005F00ABBD5F800802F6005F0BFF978685F
:100E7000203424F01F0400284CD12046F7F7CAFD87
:100E80000444BC607860C5F80080D5E72C6005F0AC
:100E9000ADF96068203626F01F06002832D13046B2
:100EA000F7F7B8FD3118A16060602F609FE71D4F14
:100EB0003B682B60130728D52C60FFF74BFF336886
:100EC000002BFAD09C422B60C1D039688B427FF452
:100ED0007BAF1E6805F07AF9011F304605F080F9F6
:100EE0003B681349186805F079F939686CE7A1691E
:100EF000002918BF0B462B6060E71868BDE8F04179
:100F000005F035BBF7F7CCFBC9E72B689C42E0D175
:100F1000BDE8F081F7F7C4FBAFE700BF140B00207A
:100F2000240B0020300B00202C0B0020200B002075
:100F30005D110100034B1B78DB0700D47047FFF7FE
:100F40002DBF00BFA10C002070B50F4D2A78D2072D
:100F500003D4BDE8704000F0CFBA0446FFF79EFD11
:100F6000064600F0A9FE2044F0603046FFF7A4FCDE
:100F700030460649FFF784FC2B78DB0703D5BDE834
:100F80007040FFF70BBF70BDA10C00201C0B0020B0
:100F900000B583B0FFF744FE38B9054B1B78DB077B
:100FA00003D50190FFF7FAFE019803B05DF804FB4A
:100FB000A10C002070B52B4D2B78DA0700D470BD42
:100FC000294E2A4C3068FFF777FC21463068FFF73E
:100FD00057FC246844B1002201E001321C46A36999
:100FE000002BFAD1032A2EDC336800221A611C6818
:100FF00005F0ECF80146204605F0F4F805F0A0F8FD
:101000001B4B31681A688A4229D04AB1136A994247
:1010100010D02BB11A6A91420DD01346002BF9D192
:1010200005F080F82B78DB0703D5BDE87040FFF7AB
:10103000B5BE70BD13460A6A1A6205F073F82B78C4
:10104000DB07F2D4F5E7E26920689361F7F728FB44
:101050006068F7F725FB2046F7F722FBC4E7126A22
:101060001A60DDE7A10C0020140B00202C0B0020DF
:10107000280B002010B50C468047A047BDE8104063
:10108000FFF798BF034B1B78DB0701D5FFF792BF33
:10109000704700BFA10C0020002840D02DE9F0418E
:1010A000204F3B78DC0782B00FD51F4E33681A699A
:1010B0005207054601D15C6A5CB128461B4AFFF71E
:1010C0002FFE002002B0BDE8F081194802B0BDE853
:1010D000F0811868019105F032FA326801991369BC
:1010E00013F0020804D023F0030313612046E9E75C
:1010F00043F0010313610846A84733681869C3F831
:10110000248020F0010210F004001A61DAD038784F
:1011100010F00100D6D0FFF74DFF4046D2E76FF444
:101120007A707047A10C0020140B0020851001007C
:1011300016FCFFFF38B50346144610460D46984787
:101140002046A847044B1B78DB0703D5BDE8384091
:10115000FFF730BF38BD00BFA10C002008B5044C1C
:10116000FFF7F8FD2378DB07FAD5FFF717FEF7E75F
:10117000A10C0020024B1878C0F38000704700BF1C
:10118000A10C00200022426002607047F8B5184EA2
:101190003378DA0700D4F8BD044604F0D1FF25689F
:1011A0000135256004F0BEFF012D16DDFFF776FC4A
:1011B0000746FFF781FB3846211DFFF761FB04F06E
:1011C000BFFF23689D420ADC04F0ACFF3378DB07E5
:1011D00004D5BDE8F840FFF7E1BDF8BDF8BD3846DD
:1011E000FFF76AFB38460349FFF74AFBECE700BF0D
:1011F000A10C0020240B002038B54568044635B109
:101200002846FFF759FB28460349FFF739FB2368B7
:10121000013B236038BD00BF240B0020F8B54468B3
:1012200005460F4654B1064E2046FFF745FB2046C3
:101230003146FFF725FB6C68002CF5D12F60F8BD17
:10124000240B0020F8B50C4C05460E46277804F018
:1012500077FF0A4A731B02EBC7019B0843F0004368
:1012600042F837504E602B6023780133237004F02E
:1012700059FF0020F8BD00BFA30C0020380B002050
:10128000064B1B78984207DA054B03EBC00253F874
:1012900030305068C01A704700207047A30C0020FF
:1012A000380B0020F8B5830703D108B1860802E0A7
:1012B000F8BD8008461C0D4604F042FF30CD771C77
:1012C000AC4206D22368002B07DB04EB8304AC425C
:1012D000F8D304F027FF0020F8BD23F00043990065
:1012E00054F82320002A04EB01000DDB0EE022F06D
:1012F0000042134443F00042226054F82320990036
:10130000002A04EB010001DA8542F0D89F4201D99E
:101310000C44D5E7B01C984207D3236823F0004360
:10132000236004F0FFFE201DF8BD04EB8000854221
:10133000F3D9DB1B43F0004340F8043C276004F082
:10134000F1FE201DF8BD00BF38B5044640B10C4D7C
:101350002B783BB120460B49FFF7A4FF044658B158
:10136000204638BD0849094A086809491370FFF743
:1013700069FF01232B70EDE71420FDF7AFFCEFE7C9
:10138000A20C0020380B002020000020A30C00201D
:1013900000F80120A0B10E4B1A6890420DD95B688D
:1013A00098420AD250F8043C002B10B5044608DDE0
:1013B00043F0004344F8043C10BD1E20FDF78EBCF2
:1013C00070471E20FDF78AFC54F8043CF0E700BF8C
:1013D000380B002038B501FB00F52846F7F71AFB5B
:1013E000044628B101232A4603600021FCF79CFE35
:1013F000204638BD70B5044608460E46F7F70AFB8E
:10140000054664B158B154F8043C9A00B242A8BFF2
:1014100032462146FBF798FC2046F7F741F928466B
:1014200070BD00BF2DE9F04104461E4610308846CD
:101430001746BDF8185002F001FB0020A660E060DE
:1014400060622062A4F800806780A5802046BDE825
:10145000F08100BF83889B0710B5044602D58068E1
:1014600008F044FF204610BD82B070B586B00AA9CE
:1014700081E80C00036A4BB31C696CB1012200E0E7
:101480001C4623690132002BFAD1092A05DD06B07A
:10149000BDE8704002B070471C460AAB0FCB02ADEE
:1014A00085E80F00182008F023FF06AB064613E975
:1014B000030095E80C008DE80300304602F0E6FAE0
:1014C000266106B0BDE8704002B070470AAB044622
:1014D0000FCB02AD85E80F00182008F009FF06AB1E
:1014E000064613E9030095E80C008DE8030030463A
:1014F00002F0CCFA2662CAE700F0B6BC00F088BC65
:10150000FEF77ABF04F024BE00897047807A7047E6
:101510000048704716FCFFFF10B5044B0360002322
:101520000446C380FFF780F8204610BD84B6010052
:1015300010B5064B036000230446C380FFF774F820
:10154000204608F0D3FE204610BD00BF84B601003F
:1015500038B5036881720D4DDA6AAA42044608D193
:101560009B6A0B4A0B4D93420AD1A07AA07228467F
:1015700038BD90472368064A9B6A93420546F4D0DB
:1015800020469847A072284638BD00BF11150100BB
:101590000D15010016FCFFFF38B503680D4DDA6A22
:1015A0000181AA42044608D11B6A0B4A0B4D9342A3
:1015B0000AD120892081284638BD90472368064AF1
:1015C0001B6A93420546F4D020469847208128465E
:1015D00038BD00BF111501000915010016FCFFFF01
:1015E0002DE9F041194B0360044600258580C58034
:1015F0000E469046FEF7A4FF94F83630144F66620C
:1016000003F0F9010220012365F3C3011426A0723F
:1016100084F8305084F83150E56025616561A5613A
:10162000E5612562A4F80480E5806586A58684F8D6
:101630004050A4F8425084F8361027602681238752
:101640006387A387E3872046BDE8F08184B6010065
:10165000F4B60100C16811F5C87FF0B478DA90F8EB
:10166000363013F002037BD1046914F5C87F5CDACD
:1016700090F8362012F004025FD1456915F5C87F55
:101680002ADA90F8362012F008022DD1ABBB90F880
:101690004030ABB1B0F8422090F83660013292B2DF
:1016A00016F00107A0F8422065D01D2A08D90023B2
:1016B0006FF3000680F83660A0F8423080F84030C2
:1016C00004FB04F301FB0133414A05FB053393425C
:1016D0005BD80720F0BC7047B5F5C87FD6DD90F821
:1016E000362012F00802D1D1B2FA82F390F83620F7
:1016F0005B0963F3C30280F8362090F84030032B77
:10170000C7DC0133DBB2012B80F8403048D0042B1A
:10171000BFD190F83630002243F0010380F8363014
:10172000A0F84220F0BC0B207047B4F5C87FA4DDC0
:1017300090F8362012F004029FD1B2FA82F390F8AA
:1017400036205B0963F3820280F83620012394E798
:10175000B1F5C87F17DD90F8363013F0020312D1CF
:1017600090F83620B3FA83F35B0963F3410280F803
:101770003620012378E7092AA2D9013B80F84030BE
:10178000A0F842709CE700236EE711F5487F02DA6B
:101790000320F0BC7047B1F5487F04DD042099E7D1
:1017A000A0F842308CE714F5487F01DA022091E777
:1017B000B4F5487F04DC15F5487F03DA052089E796
:1017C000012087E7B5F5487FD4BF0020062081E7D8
:1017D000FF7002000269C36830B502FB02F245697E
:1017E00003FB032305FB0535B5F5800F85B00446E3
:1017F00016D9038F002B4AD0B5F5100F1AD8012344
:1018000084F831302046FFF725FF0B2836D0A38E11
:10181000834226D00023A08684F8303005B030BD46
:1018200090F83130042B54DD0023C387838743872E
:101830000387E7E7638F002B42D0B5F1107FDED935
:10184000A38FA3B3B5F1806FD9D9E38F002BD6D185
:1018500001230A220D21684602F0D0F80123E38714
:10186000CDE794F83030042B1DDC628E0133DBB2FF
:10187000824284F83030D1D0042BCFD96086024622
:1018800001230D21684602F0B9F805B030BD0123EF
:101890000C220D21684602F0B1F80123B5F5100FB6
:1018A0002387ACD9C6E7638E8342E7D1B6E701232D
:1018B00009220D21684602F0A1F80123A387C1E7A0
:1018C000012308220D21684602F098F8012363875E
:1018D000B3E70133DBB293E730B58BB0026A416AFC
:1018E000009202AD00F1180304460CCB284602F02A
:1018F00053F895E80700E38804F10C0523F0020390
:1019000085E80700E3802046FFF764FF0123A188F4
:101910001A4606A802F072F800200BB030BD00BFD6
:101920000368054A1B6B934210B5044601D1E06879
:1019300010BD9847E06810BD111501000368054A05
:101940001B6B934210B5044601D1206910BD984726
:10195000206910BD111501000368054A1B6B9342F5
:1019600010B5044601D1606910BD9847606910BD8B
:10197000111501000368084A1B6B934210B5044619
:1019800007D1E3889B0702D42046EEF745FEA06A04
:1019900010BD9847F5E700BF111501000368084A1C
:1019A0001B6B934210B5044607D1E3889B0702D412
:1019B0002046EEF731FEE06A10BD9847F5E700BF1C
:1019C00011150100C1600020704700BF08B5806894
:1019D00003681B6B9847002008BD00BF08B58068EE
:1019E00003689B6A9847002008BD00BF2DE9D847CF
:1019F00004469246994604F0A3FBA66894F80D802D
:101A000034683046A36CE76B98474B465246002B30
:101A100008BF0A2A38BF0A22024441463046B84766
:101A2000BDE8D84704F07EBB70B5064604F088FBDD
:101A3000B06803689B6C9847B288F38880B2D6E997
:101A40000645821A92B21344A4189BB245F10005D0
:101A5000B3F57A7FB080C6E90645F3800DD3D6E9A9
:101A60000401A3F57A7301309BB241F10001B3F593
:101A70007A7FF6D2C6E90401F380BDE8704004F035
:101A800051BB00BF2DE9F0471646C26ABDF8208061
:101A9000BDF824909DF828A0002A10DD446A1F4656
:101AA000238A83B104F11803002102E033F8085CB3
:101AB0004DB1013191421C4603F11803F6D16FF488
:101AC0007B70BDE8F0870546FFF7AEFFD5E906233A
:101AD00092197B41BAF1000F22D100200146C4E9DE
:101AE00002230B9BA4F8108084E80300A4F8129052
:101AF000636104F025FBA96A39B1D4E90223D1E975
:101B000002018B4208BF824205D2AC6232463B469C
:101B10002846FFF76BFF04F005FB0020BDE8F087C7
:101B200030463946DBE700BF84462DE9D003DCF8B8
:101B30002C40DCF8243000208442CCF8280021DD41
:101B40000246198A013259B138B1D3E90267D0E9A6
:101B500002894F4508BF464502D2CCF828301846C6
:101B6000A24203F11803ECD160B18268DCF81830AE
:101B7000D21A0A2AB8BF0A226046D317BDE8D0039A
:101B8000FFF734BFBDE8D003704700BF2DE9F04F29
:101B9000834689B000296CD15846FFF745FFDBF832
:101BA0002C20DBF82440002A50DD0025AA461BE04B
:101BB000D4E9006756EA070E628A50D1DBF8287034
:101BC0000026A742268251D00126CDE900010296C7
:101BD000194604A801F022FFDBF82C20B24401359D
:101BE000AA4204F118042EDD238A002BF7D0DBE98A
:101BF0000601D4E90289494508BF4045D8D2636946
:101C0000DB07ECD5FFF7B6FA30B3DBE906011F4E70
:101C1000D4E9022336184FF000074F41BB4208BFFA
:101C2000B24219D20123CDE900010522029340F20C
:101C3000FF3104A801F0F2FEDBF82C200135AA42A6
:101C400004F11804D0DCBAF1000FAAD15846FFF70E
:101C50006BFF09B0BDE8F08FDBF82C20BFE716EB77
:101C6000080647EB0907C4E90267ADE7CBF828602F
:101C7000AAE78468067B236820469A6CDD6B904750
:101C8000034A314602442046A84785E7A086010062
:101C900080969800074B1B6853B1197B084110F0E0
:101CA0000101184601D1FFF771BF0121FFF76EBF97
:101CB000704700BF440B0020064B10B51C682CB1C8
:101CC0002046FFF7B1FED4E9040110BD0020002139
:101CD00010BD00BF440B0020064B10B51C682CB192
:101CE0002046FFF7A1FED4E9060110BD0020002127
:101CF00010BD00BF440B002070B50A4C266884B0AC
:101D000076B11D4614460B46024601210898039001
:101D10008DE8300030460291FFF7B4FE04B070BD8C
:101D20000148FBE7440B002016FCFFFF70B50E4D89
:101D30002C68B4B12046FFF777FE0C4BA66942F23F
:101D4000107098472C682046FFF76EFEA36908497B
:101D5000053B9B1B42F210720020B2FBF3F30B60B9
:101D600070BD044870BD00BF440B0020150000206A
:101D7000400B002016FCFFFFF8B50D4643731646D6
:101D80000A231E4A1E4901600446C3628560067329
:101D90000121F0201460FFF71DFB2B68194FDA6951
:101DA000606200210020A162BA424FF00001C4E944
:101DB0000401C4E906011AD1134AEA603146134A04
:101DC000DB6B28469847A06803685B6A9847A06861
:101DD000036800229B6CE2809847A368A0801A6881
:101DE0001846936A9847FFF7A1FF2046F8BD28469A
:101DF00005499047A5682B68E0E700BF440B002029
:101E000034B70100C5190100951C010080969800A7
:101E1000F8B5114D2E68EEB1104B0446186898B90C
:101E20003046FFF701FED6E90667361947F100078D
:101E30002C682046FFF7F8FDD4E90623BB4208BF13
:101E4000B242F5D30020F8BD04FB00F0044B9847E4
:101E50000020F8BD0348F8BD440B0020400B0020D3
:101E60001500002016FCFFFF4FF47A7303FB00F00F
:101E7000FFF7CEBF6FF47D70704700BF6FF47D70C9
:101E8000704700BFC08800F00100704710B5034BD9
:101E90000360044601F068FF204610BD44B701000E
:101EA00010B5054B0360044601F05EFF204608F0C4
:101EB0001DFA204610BD00BF44B70100C388DB04F3
:101EC00000D47047F0B5036889B01B6A0446984790
:101ED000237C70B93BB3013BDBB22374082B0EDCCF
:101EE000012B20DDE38803F00305012D3DD009B06F
:101EF000F0BD0B2B03DC0133DBB22374EEE7E38888
:101F0000D907F0D443F001020123E280A1881A46E8
:101F100004A801F073FD238901332381FFF7CCFE70
:101F2000237CE060DCE7E388DA07DCD523F00303F9
:101F3000E38002220123A188684601F05FFD657CF1
:101F4000012DCFD1FFF7B8FEE368C01A61F100019F
:101F5000002908BFB0F57A7F2B462CBF042203224C
:101F6000A18804A801F04AFDBCE7FFF7A5FEE368DD
:101F7000C01A4FF0000761F1000140F2DB568F42BA
:101F800008BF8642B3D2E288A18842F00202E28012
:101F90002B46052204A801F031FD09B0F0BD00BFB9
:101FA00010B5044684B051B94269D288930503D56F
:101FB00003681B6A984760B9002004B010BDC2884E
:101FC000002122F00302C28001810174002004B0CC
:101FD00010BDE288A188012342F001020320E280C3
:101FE00020741A46684601F009FD01232381FFF79A
:101FF00063FEE060E0E700BF10B504464069074AB1
:1020000003685B68934207D16FF47D70A37C181A54
:10201000B0FA80F0400910BD9847F7E7751E01003F
:102020002DE9F8439DF820609DF8247004460D4684
:102030009146984601F0B4FE00221449A4F8049099
:10204000012E656184F81180A6742160E26022741B
:102050000FD0EB880E4A23F48073EB802B681B6C47
:1020600093420FD1E38843F40053E3802046BDE858
:10207000F883EB88064A43F48073EB802B681B6C73
:102080009342EFD0394628469847EBE744B7010022
:102090007D1E01006FF47D70704700BF10B5044BCA
:1020A000036000230446C380FEF7BEFA204610BD3D
:1020B00084B6010010B5064B036000230446C380BC
:1020C000FEF7B2FA204608F011F9204610BD00BF15
:1020D00084B6010038B50446C06890B103680F4D5E
:1020E0001B68AB4216D1206903681B68AB420ED156
:1020F0000A20FEF729FF2046094901F0BFFA002017
:1021000038BD2069054D03681B68AB42F0D0012142
:102110009847EDE701219847E5E700BF95200100CA
:1021200068B7010010B5044600F058FF034B236068
:10213000012384F82D30204610BD00BFE4B7010014
:1021400010B50446806830B14FF480720021BDE8BC
:102150001040FBF7E9BF4FF48070F6F75BFC4FF4DB
:102160008072A0600021BDE81040FBF7DDBF00BF1A
:1021700070B504464068204A03681E6984B0002395
:102180009642009301936D461DD11C4B009320464F
:1021900000230193FFF7D4FF95E8030002AB83E827
:1021A000030003CBA368164D18605960606821686E
:1021B00003689A69AA4211D15D69124B9D4215D1FB
:1021C000019804B070BD022322686946B0470B4BEA
:1021D000009A9A42D9D1019804B070BD90476068C6
:1021E000216803685D69074B9D42E9D0A2684023DE
:1021F000A847019804B070BD05990000A10D0C001E
:10220000159900000D9900002DE9D8410024B2F184
:10221000000806460F46416084600B6810DB1C49CD
:102220001A688A421DD19B681A4A934221D1002024
:10223000204430603046FFF79BFF3046BDE8D88130
:1022400015495A688A4219D19B68124A93421AD199
:102250000020201A30603046FFF78AFF3046BDE884
:10226000D881384690473B680A4A9B6893420446A7
:10227000DDD03846984700FB08F0D9E7384690474C
:102280003B680446E0E73846984700FB08F0E0E783
:10229000F5980000FD980000F998000003681B6B9A
:1022A000184700BF018938B54FF47A75044605FB1D
:1022B00001F1224801F0F2FC214AA17A0346A2FB77
:1022C00003239B0923811F4801F0E8FC2189A072A8
:1022D00005FB01F1194801F0C5FC626CB4F84C1023
:1022E000156840F00703DBB21046ED692022A847CD
:1022F00010BB606CB4F84C1003682222DD69102317
:10230000A847C8B9A17A0F4801F0ACFC626CB4F8D8
:102310004C101568030103F0F0031046ED69232209
:10232000A84748B9606CB4F84C1003682422DC69F3
:102330000823A04700B938BD034838BD08B80100DC
:10234000D34D621000B801000EFCFFFF10B5034B27
:1023500003600446FFF7E0F8204610BD70B80100A6
:1023600010B5054B03600446FFF7D6F8204607F08A
:10237000BDFF204610BD00BF70B80100034611B973
:102380000368DB6A1847406CB3F84C10036810B45C
:10239000DC692022A44600235DF8044B604700BF9F
:1023A000816CC3880A6870B55268244C43F480433A
:1023B000A24286B0C38003D10025284606B070BD76
:1023C00004460846904701280646F5D1606CB4F8EB
:1023D0004C1003680196062200925D6AA82204ABA5
:1023E000A847054638BB0320FFF788F8606CB4F8AF
:1023F0004C100368019600965E6A31220DF10F03BE
:10240000B0479DF913009DF915209DF91160A37A3D
:102410002168F600C000D20003FB02F203FB00F0CB
:1024200003FB06F3E061A36122624B6B20469847F1
:10243000284606B070BD024DBFE700BF751E010003
:102440000EFCFFFF2DE9F041BDF81C50BDF81860EF
:1024500004468846174619462A46FFF7C1F8084A37
:10246000C4F844800023A764A580A4F84C602260CF
:10247000E3802046FFF716FF2046BDE8F08100BF4D
:1024800070B80100F8B5344B344A044600894FF463
:102490007A7101FB00F11D46A3F1380001E053F809
:1024A000082D914202D898421D46F8D1A37A082BF4
:1024B0004CDC042B4DDC2A4A032B02F10206B6BF8A
:1024C0001646042202222B682649E06CA272A1FB68
:1024D00003230268B4F84410D7699B0923812A2298
:1024E0000023B84700282FD1E06CB4F844100368EB
:1024F0002B22DF691023B84730BBE06CB4F84410DE
:1025000003682D22DF690123B847E8B9E06CB4F80D
:10251000441003682E22DF690123B847A0B9E06C9C
:1025200073780268B4F84410D6690E22B04758B9DF
:10253000E06C2B790268B4F84410D46943F00103CD
:102540002A22A04700B9F8BD0748F8BD0822074E67
:10255000B9E7064E0822B6E7E8B8010000C4090052
:10256000A8B80100D34D62100EFCFFFFACB801000B
:1025700003681B6B184700BF10B5034B036004468C
:10258000FEF7CAFF204610BDF8B8010010B5054B94
:1025900003600446FEF7C0FF204607F0A7FE204672
:1025A00010BD00BFF8B80100034611B90368DB6A2B
:1025B0001847C06CB3F84410036810B4DC692A22D1
:1025C000A44600235DF8044B604700BFC388204940
:1025D0005A04826C58BF43F4804370B558BFC3801F
:1025E00013685B688B4284B003D10025284604B091
:1025F00070BD0446104698470028F6D1E06CB4F848
:102600004410036801220625019200955D6A02AB21
:10261000A8470546C8B99DF90A009DF90C209DF907
:102620000860A37A2168F600C000D20003FB02F222
:1026300003FB00F003FB06F3E061A36122624B6B36
:1026400020469847284604B070BD024DCEE700BF33
:10265000751E01000EFCFFFFF8B504460E46174636
:102660001946BDF81C20BDF81850FEF7B9FF084BFD
:10267000A764E664A4F8445023602046FFF702FFF5
:1026800018B9E38843F48053E3802046F8BD00BFC7
:10269000F8B8010003681B6B184700BF10B5034B67
:1026A00003600446FEF738FF204610BD48B901001C
:1026B00010B5054B03600446FEF72EFF204607F0D9
:1026C00015FE204610BD00BF48B90100034611B9F0
:1026D0000368DB6A1847406CB3F84C10036810B409
:1026E000DC696B22A44640235DF8044B604700BFC1
:1026F000816CC3880A682DE9F0415268344C43F478
:102700008043A24286B0C38004D10025284606B08B
:10271000BDE8F0810446084690470128F5D1636C76
:10272000B4F84C101A6801900E200090556A1846B3
:102730003B2202ABA8470546002847D19DF80E6012
:102740009DF80F30BDF80800BDF80A10BDF80C2048
:10275000204FBDF81280BDF810E043EA06231BB2FB
:1027600040BA49BA52BA03EB8303C0F30B10C1F36A
:102770000B11C2F30B125B00626187FB037CE0600C
:10278000216104F10C02DB1707CABDF81460C3EB2A
:102790002C1398FA98F703F64563A4F84E30BFB2AD
:1027A000236867659EFA9EFE76BA1FFA8EFEB6B261
:1027B00004F11807C4F850E0A6655B6B87E80700D2
:1027C00020469847284606B0BDE8F081024D9DE7B7
:1027D000751E0100797878780EFCFFFF10B5436C08
:1027E000B0F84C101C6884B0012201920092184687
:1027F000646A0DF10F037522A04718B14FF6FF7000
:1028000004B010BD9DF80F00C0F3450004B010BD2A
:1028100038B50446406CB4F84C1002688023D56982
:102820006B22A8471420FEF78FFB606CB4F84C10A5
:1028300003686B22DD690023A847606CB4F84C1074
:1028400003681A22DD690123A847606CB4F84C10B4
:1028500003681B22DD691823A847606CB4F84C108C
:1028600003681922DD692023A847606CB4F84C1076
:1028700003683722DD693023A847606CB4F84C1038
:1028800003683822DD690123A8472046FFF7A6FF29
:1028900001460248FDF7E0FF002038BD30B90100D5
:1028A0002DE9F041BDF81C60BDF81850044688467B
:1028B000174619463246FEF793FE6D000023142199
:1028C00002220A482060A4F84C50C4F84480A7644F
:1028D000A6802181A27223656365A365E3802046FB
:1028E000FFF796FF2046BDE8F08100BF48B9010020
:1028F00082B08DE80C00014802B0704716FCFFFF63
:10290000002070470029806905DD08B904E010B196
:102910000139406AFBD17047704700BF82B030B5C3
:102920000C4685B049680546206802AC03C403998B
:1029300008A880E80C00CB0712D54910029B6A5802
:10294000D4580D440AAB93E8030008AB0CCB8DE8D8
:1029500003002846A04705B0BDE8304002B07047EC
:1029600005EB6105029CEDE700293FD02DE9F04120
:102970008469002C36D00D460646DFF878800027A3
:1029800005E0A268AB689A4218D0646A8CB1AA8844
:10299000A38853409907F8D49207F2D5A968A06894
:1029A00001F0D0F950B9AB889B07EAD5646A002CD6
:1029B000EDD1002F16DD2046BDE8F0812B8813B144
:1029C00022889A42E1D16B8813B162889A42DCD1A5
:1029D000B3680BB120469847A38843EA0803013740
:1029E000A380D2E76FF47A70BDE8F0816FF47A705B
:1029F000704700BF0080FFFF002979D0F0B58469DF
:102A000085B00D4606464CB96DE0A388990708D5F8
:102A100022682B689A4216D0646AFCB1AB8898078A
:102A2000F3D422682B689A42F6D1A268AB689A4226
:102A3000F2D1EA68E3689A42EED1A3881A043ED440
:102A40002D4805B0F0BDA968A06801F07BF9002809
:102A5000E2D0EA68E3689A42DED1EEE7D6F818E001
:102A6000BEF1000F3FD02A887046734600E00B4647
:102A70001C88A24211DD596A18460029F7D19E45EB
:102A800023D0596A69625D62012340F2FD316846D4
:102A900000F0B4FF002005B0F0BD944226D16F884D
:102AA0005988B94204DB21E04888B842E7DA0B468E
:102AB000596A0029E3D00888A042F5D0DFE70E4824
:102AC000C3F30E03A38005B0F0BDBEF800108A4228
:102AD00005DBD6D1BEF8020069888842D1DDC5F891
:102AE00024E0B561D0E7B5612A88CDE70346C6E7A3
:102AF0006FF47A70704700BF16FCFFFF2DE9F041BC
:102B000083885F0782B0064603D59D062ED4DC0677
:102B10003AD443F00403B38006F1100506F1180817
:102B200016E0F3680093B46895E80F00A047B388F7
:102B3000DA0618D5346AB4B194E80F00276985E83D
:102B40000F002046376207F0D1FBFEF7F3F9B38898
:102B500098070ED4D907E4D495E80F00B468A047CD
:102B6000B388DA06E6D423F00403B38002B0BDE8EC
:102B7000F08198E80300B4688DE80300204695E8EA
:102B80000C0001F0C7F8D2E700F1180393E8030046
:102B90008DE8030006F110030CCB3046FEF764FC11
:102BA000E4E700BF38B5044603F0CAFAE5692DB181
:102BB0002B69E36133B1E38C013BE38403F0B2FAA8
:102BC000284638BD2362F6E72DE9F04184691CB33D
:102BD000002607463546A3881A0406D42546646AAB
:102BE000002CF8D13046BDE8F0815B07F6D475B112
:102BF000636A6B62D4F824802046FEF72BFC2046E3
:102C00004446013607F072FB002CE4D1EAE7D4F821
:102C10002480C7F81880EFE72646E3E72DE9F04166
:102C20008469002C45D016460D46DFF88C800127BC
:102C30000CE0A38803F0C003A3F1C003B3FA83F34D
:102C40005B09B34215D00027646A34B3238829880E
:102C5000994201D0002BF7D163886A889A4201D04B
:102C6000002BF1D1FDF7D4FF0028E2D10123B342BC
:102C7000E9D1B4F804C01CF4004FE4D195E80F008A
:102C800004F1100E1CF0400F8EE80F0008D0204613
:102C9000FFF734FF646A002CD8D13846BDE8F081D4
:102CA000FDF7B6FF0028F2D021464046FEF7F4F9C2
:102CB000CAE70127F1E700BFFD2A0100F0B50122B4
:102CC00087B00446066A0D46FFF7A8FF68BBE38C91
:102CD000092B22DC95E80F0002AD85E80F001820D3
:102CE00007F006FB06AB074613E9030095E80C0066
:102CF0008DE80300384600F0C9FE03F021FAB6B1B2
:102D000033693B6137613B69ABB1E38C0133E384E9
:102D100007B0BDE8F04003F005BA6A882988074883
:102D200007B0BDE8F040FDF797BD07B0F0BDE3691F
:102D30003B61E761E8E72762E7E700BF98B9010078
:102D400082B008B502A981E80C00FFF7B7FFBDE823
:102D50000840002002B0704782B038B5054604A98B
:102D600081E80C00FFF730FF2846FFF71BFF90B10A
:102D7000044604E02846FFF715FF044658B1002238
:102D800021462846FFF74AFF204607F0AFFAFDF735
:102D9000D9FF0028EED1BDE8384002B0704700BF2F
:102DA000024B1888421C1A80704700BFF8010020AF
:102DB0002DE9F041044682B00E4615461030984683
:102DC000BDF8287000F03AFE26806580182007F0D4
:102DD0008FFA08AB064693E803008DE803003546FA
:102DE0006A4603CA45F8048B0023084AAB60EB60CF
:102DF00047F00207706020466960A780A660E36024
:102E000023626362726102B0BDE8F0811D29010096
:102E100030B51F4A1F4B0260002587B00446C360CF
:102E20008560058245820C30FDF78AFB1A4BA5614F
:102E300003F12002E5612562E5842360E260174B1F
:102E400005952820049307F053FA06AB054613E9CD
:102E50000300C0228DE8030002920F21234628467A
:102E60000222FFF7A5FF29462046FFF7C5FD28B13E
:102E70002846FEF7EFFA284607F038FA084B1A689A
:102E800012B1204607B030BD20461C6007B030BDEF
:102E900088B9010084B60100B8B90100592D0100BC
:102EA000480B002070B590B00025144B0493059595
:102EB00004AA0446124B92E80300102603F108020C
:102EC00028332260E3602A4623468DE803000296F9
:102ED00006A80F21FFF76CFF06A92046FFF744FD67
:102EE00006A8FEF7B7FA074B658204F10C00E36011
:102EF000FDF79AFB204610B070BD00BF592D0100B0
:102F0000B0B9010084B60100A0F10C00FFF7CABF00
:102F100010B50446FFF7C6FF204607F0E7F9204644
:102F200010BD00BFA0F10C00FFF7F2BF10B5044BBD
:102F3000036000230446C380FDF776FB204610BDE6
:102F400084B6010010B5064B036000230446C3801D
:102F5000FDF76AFB204607F0C9F9204610BD00BF07
:102F600084B6010082B000B5816A85B00DF1180EFB
:102F700000208EE80C0081F80C0201236522072155
:102F8000684600F03BFD05B05DF804EB02B0704709
:102F900082B030B50C4685B049680546206802AC61
:102FA00003C4039908A880E80C00CB0712D5491088
:102FB000029B6A58D4580D440AAB93E8030008AB4F
:102FC0000CCB8DE803002846A04705B0BDE8304093
:102FD00002B0704705EB6105029CEDE72DE9F04179
:102FE0000C4D0560002504468580C580884617463F
:102FF0001E46FDF7A5FA08482060C4F80880E7607F
:103000002661A56284F82D5084F82C502046BDE836
:10301000F08100BF84B6010034BA01002DE9F0410F
:10302000054682B08846002969D0836A90F82D1041
:10303000D3F80822904528BF9046A2EB0802C3F8B7
:10304000082261B303F10801B8F1000F1DD0D3F8D5
:10305000FC4103F1100604EB080E0134C3F8FC41F7
:1030600014F8010C00F00F078437001153F82720E3
:1030700046F8082C8430744553F8202046F8042C78
:1030800006F10806E9D14FEAC808A868234B04688E
:10309000009542466468A04702B0BDE8F08103F1A4
:1030A00008021146B8F1000F1FD008EB480842444F
:1030B00003F10B0101E0AB6A0331D3F8FC01441CBE
:1030C000C3F8FC41007884308A4253F8203001F87C
:1030D000033C4FEA13204FEA134301F8020C01F8B6
:1030E000013CE8D1AB6A03F10801A8680B4B046806
:1030F0000095521A6468A04702B0BDE8F08140F222
:103100008D30FBF7EBFD95F82D20AB6A1AB903F172
:1031100008010A46E9E703F10801B6E75533010063
:10312000D0F828C02DE9F043DCF808328B4234BFD8
:1031300023F003040C4683B08046002C00F0858009
:1031400090F82D10DCF8FC511B1BCCF80832A208BB
:103150000CF504730CF1080E00294BD0002A00F086
:1031600084800CF1280405EB820655F8040B00F06E
:103170000F07C0F3031153F8277044F8207C53F86D
:10318000217044F81C7CC0F30327C0F3033153F8CB
:10319000277044F8187C53F8217044F8147CC0F36D
:1031A0000347C0F3035153F8277044F8107C53F8D9
:1031B000211044F80C1CC0F30361000F53F82110D8
:1031C00044F8081C53F8201044F8041CB54204F1DC
:1031D0002004CAD15401D8F80800CCF8FC61036877
:1031E000CDF80080224671465C68224BA04703B0B0
:1031F000BDE8F083E2B30CF1140405EB820655F848
:10320000040BC0F30727C1B253F8279053F82110DD
:10321000C0F3074741EA096144F80C1C53F8271032
:103220000F04000E47EA192744F8087C53F82000E1
:10323000090C41EA0021B54244F8041C04F10C04D5
:10324000DDD102EB42029400C5E740F28D30FBF77E
:1032500045FDD8F828C098F82D30DCF8FC610CF159
:10326000080E002BB7D10024B5E72E461446B2E76E
:103270002E46F8E755330100836A13B193F80C32F8
:1032800003B9704765210720FDF782BE2DE9F041A3
:1032900000F114078F420446154602D03846F9F76C
:1032A00053FD2069194E03681B68B34221D1E068C1
:1032B00018B103681B68B34225D1A068036839467A
:1032C0001B6801229847206903681B68B34213D129
:1032D0006A1E002A05DDA068036804F115011B6859
:1032E0009847E06818B103681B68B34207D1BDE88E
:1032F000F08100219847DAE701219847E8E70121AA
:10330000BDE8F041184700219847D6E79520010015
:103310000346002908BF2C2170B503F8141F04468A
:1033200019460122FFF7B2FF2069094D03681B68A7
:10333000AB4206D1E06818B103681B68AB4203D109
:1033400070BD01219847F5E70021BDE8704018479E
:1033500095200100F0B5846AD4F8047285B0064661
:1033600087B3002104F108054FF4FA72C4F804127F
:103370002846FAF7D9FE3B1F07F13C00E21D5968C9
:10338000C1F3854102F8011F5968C1F3852182F814
:10339000201053F8041FC1F38501984282F8601091
:1033A000EDD12D213046FFF7B3FFB0680368294601
:1033B0001B6880229847F06820B10368354A1B6873
:1033C000934256D1D4F80012002949D096F82D2006
:1033D000A2B9D4F8FC11D4F80832002B35D1F0682A
:1033E00020B103682B4A1B6893424FD1012364220A
:1033F0000721684600F002FB05B0F0BDD4F80832A2
:10340000ABB92368481CB1EB430FC4F80002E6D205
:103410006368D4F8FC1101335B08C007C4F80832B4
:10342000DBD4C91AC4F8FC11002BD8D00DE0D4F8B5
:10343000FC1101F0030161B9032B22D93046DAB93E
:10344000A421FFF76DFE05B0F0BD01F003010029D6
:10345000F2D0C1F104013046FFF7E0FD05B0F0BD48
:103460003046FFF755FFD4F800120131C4F80012BE
:10347000ACE701219847A5E73E21FFF751FE05B0D3
:10348000F0BD19463046FFF7C9FDB5E70121984761
:10349000ACE700BF952001002DE9F043876A85B0B5
:1034A00004460E4615463FB397F80C2212BB94F81B
:1034B0002C20FAB994F82D100C98C7F804025A1C65
:1034C00052080120C7F8FC613D607B60C7F8082204
:1034D00087F80C0249B100252046C7F80052FFF7D3
:1034E00039FF284605B0BDE8F08302FB05F5C7F8B3
:1034F0000852F0E74248F5E74FF4C260019306F046
:10350000F7FE4FF4C262A06239468046FAF70CFE1D
:1035100094F82D00019B002852D008F50372F900A1
:1035200041EAE70147EA471041EA002189B2013741
:1035300041EA0141102F42F8041FF0D1314A0193B2
:103540002820D2F8009006F0D3FE0746103000F095
:1035500075FA0721642239807A80182006F0C8FEA7
:10356000002229490392864602910DF108088446FB
:10357000B8E803004EF8044BC7F808C0CEF808209E
:10358000CEF80C20CCF80400CEF80410D9F80010C6
:10359000FA60D1F804801D493A621220B88088454B
:1035A0001B487A62CCF81400019B1FD13846019366
:1035B000FDF750FF384606F099FEA76A019B73E7B6
:1035C00008F5037700F00F02011102EB022C01EB6A
:1035D000011E02EB0C1201EB0E21013042EA012226
:1035E000B0F5807F47F8042FECD1A7E70193484658
:1035F0003946C047019B0028D8D1A76A54E700BFCD
:1036000012FCFFFF480B0020652F01004104010060
:10361000912F010090F82C208A422CD030B504461E
:1036200083B00D4699B1836A102101228DF80710ED
:1036300080F82C2013B193F80C32BBB9204601223C
:103640000DF10701FFF722FE002003B030BD02A9F3
:10365000112301F8013D0122FFF718FE7820FDF744
:1036600073FC002084F82C5003B030BD6521072086
:10367000FDF78EFCE2E70020704700BF2DE9F8431C
:1036800007460B4600F1150800F114090FE03A75E2
:103690005C7824F080052A46F9F756FB6A1C4946F7
:1036A0003846FFF7F3FD220606EB050307D41A7828
:1036B0009E1C31464046002AE9D1BDE8F8835C1CD7
:1036C000705DFDF741FC2346F1E700BF38B50446C5
:1036D000C06890B103680F4D1B68AB4216D12069DA
:1036E00003681B68AB420ED10A20FDF72DFC204673
:1036F0000949FFF7C3FF002038BD2069054D036865
:103700001B68AB42F0D001219847EDE701219847B3
:10371000E5E700BF95200100F4B90100F0B585B0E0
:10372000013B0A9C8DF802100B44013C14441E120C
:103730000D124FEA242E8DF8043017122A238DF82B
:1037400003608DF801508DF80A20054602A92B264A
:1037500005228DF80BE08DF808308DF80C408DF8BF
:1037600009708DF80060FFF791FD28466946052233
:10377000FFF78CFD05B0F0BD70B582B0150A144698
:10378000160CB1233622FF298DF806508DF807401C
:103790008DF801108DF805608DF800208DF804304B
:1037A000054603D002226946FFF770FD6FF07F43A4
:1037B0009C4209D09DF80730FF2B28460CBF0322FE
:1037C000042201A9FFF762FD02B070BD10B5406888
:1037D00082B0002304680093E468A04702B010BDE3
:1037E00030B5406885B00468089D019300230295B8
:1037F00000932469A04705B030BD00BF014A416075
:103800000260704758BA0100704700BF002070473F
:103810000048704716FCFFFF8369C2681344002B01
:103820005BDD90F82030002B4CD010B5816A0B681E
:10383000044686B01B6801A89847A369E0681A1877
:10384000002A16DDA18B40F2FF30FDF7E9F9A369EC
:10385000E0681A18002A47DD0133A361FDF76AFB0F
:10386000A369E068013B0028A3610FDD1A18002A54
:10387000E8DC6269002A02DD21698A42E2DB002B72
:10388000E0D1002A02DD21698A42E5DB023001A98C
:1038900004EB800000F066F9019B22695988E36817
:1038A000606A0A4401332261E36028B194F8203051
:1038B0005BB103681B68984701A800F04BF9002032
:1038C00006B010BD6FF47B707047E28B012340F2AD
:1038D000FF3102A800F092F8EEE74369002BA4DD67
:1038E00002699342A1DA9CE76269002A02DD21693C
:1038F0009142B1DC002BAFD1C8E700BF10B401701A
:10390000427043605DF8044B704700BF82B030B432
:1039100002AC84E80C000D46034694E807009DF8CD
:10392000144083E80700DCB1687818B1494252427C
:1039300059609A606A68022A21D0032A26D0012A97
:1039400004D11A685968196052425A60012C0BD090
:10395000022C05D159689A684942524259609A60CE
:1039600030BC184602B0704730BC9A685868196875
:103970005960524218609A60184602B0704793E846
:1039800006004942524283E80600DFE793E806005A
:10399000524259601A60D9E782B010B582B004ACC7
:1039A00084E80C000B78069C019304AB0CCB0094CC
:1039B0000446FFF7ABFF204602B0BDE8104002B05E
:1039C000704700BF30B50B4B1C6883B024B1226830
:1039D000094B15689D4201D103B030BD00F10802CA
:1039E000034692E803000CCB8DE803002046A8476D
:1039F00003B030BD480B0020F128010038B501802C
:103A0000428004461D46FEF767F9C4E9020115B17C
:103A10002046FFF7D7FF204638BD00BFD0B5DDE90F
:103A200004679DF8183001800446C0E902674280AF
:103A30000BB1FFF7C7FF2046D0BD00BF10B5002374
:103A4000038043800446FEF747F9C4E9020120469B
:103A500010BD00BF30B50B4B1C6883B024B1226889
:103A6000094B15689D4201D103B030BD00F1080239
:103A7000034692E803000CCB8DE803002046A847DC
:103A800003B030BD480B0020F128010082B038B5EA
:103A9000002504A905804580044681E80C00FEF756
:103AA0001BF904AB0FCB256184E80F002046BDE86D
:103AB000384002B0704700BFF8B50546101D1446E7
:103AC0000E461F46F4F7A6FF286000F0C7F82868E6
:103AD000448026B1314604302246F9F735F9012FEA
:103AE00000D0F8BD2868224604300021BDE8F84027
:103AF000FAF71ABB014B0360704700BF60BA0100C0
:103B0000002910B5044606DD13460A460021FFF7DA
:103B1000D3FF204610BD024B0360204610BD00BFFE
:103B200060BA0100002A10B5044604DD0023FFF747
:103B3000C3FF204610BD024B0360204610BD00BFEE
:103B400060BA010010B504460868206000F040F833
:103B5000204610BD10B50446006800F057F8204616
:103B600010BD00BF38B504460B680068984206D007
:103B70000D4600F04BF82868206000F029F8204638
:103B800038BD00BF38B5151E13DB04686288A8B2C3
:103B900082420EDB33EA230328BF1346521B9A42AC
:103BA00004F10404A8BF1A466019FAF7BDFA002010
:103BB00038BD6FF47A7038BD002906DB03685A8877
:103BC000914202DC5980002070476FF47A70704790
:103BD00003884FF6FF729BB2934215D0012B10B5AC
:103BE00004460DD0DB070BD5BFF35B8FD4E85F3FF6
:103BF0000233C4E8523F002AF8D1BFF35B8F10BDF7
:103C00001E20FBF76BF8EFE7704700BF03884FF605
:103C1000FF729BB2934218D0012B10B5044610D00E
:103C2000DB070ED5BFF35B8FD4E85F3F9A1EC4E875
:103C3000512F0029F8D1BFF35B8F9BB2032B05D026
:103C400010BD1E20FBF74AF8ECE770472046BDE8A0
:103C5000104000F001B800BFF4F722BD0323038039
:103C6000704700BF426810B402F100520468013A84
:103C700004EBC2039C420DD854F83220914205D97E
:103C800008E053F8080C814204D81346A3F1080257
:103C90009442F6D958685DF8044B7047426810B4F6
:103CA00002F100520468013A04EBC2039C4254F84A
:103CB00032000CD8814205D909E053F8080C814242
:103CC00004D81346A3F108029442F6D918685DF8A7
:103CD000044B7047426830B402F100520568013A63
:103CE00005EBC2039D4255F832000CD8814205D93C
:103CF00009E053F8084CA14204D81346A3F1080286
:103D00009542F6D91868081AB0FA80F0400930BC1C
:103D1000704700BF82B070B582B0044608A906A8FB
:103D200080E80C0003C9266865698DE8030006ABCE
:103D30000CCB3046211DA84702B0BDE8704002B050
:103D4000704700BF08B502680B689A4201D0002096
:103D500008BD04311022043006F0E9FAB0FA80F010
:103D6000400908BD0020704710B5044B03600023D4
:103D70000446C380FCF758FC204610BD84B6010001
:103D800010B5064B036000230446C380FCF74CFCCF
:103D9000204606F0ABFA204610BD00BF84B60100F5
:103DA00038B504460025074B03608580C580FCF7C5
:103DB000C7FBE388044A258143F480532260E380F3
:103DC000204638BD84B601006CBA01000B4B994205
:103DD00010D90B4B994294BF4FF080614FF0C861EE
:103DE000036906220020C3F80005C3F82415C3F8B0
:103DF000002570474FF0CC71F2E700BF8FD0030071
:103E00007F1A0600F0B585B004AC066804F8012DF1
:103E10009DF82C70009722461F46B669012305467F
:103E20000C46B04738B92B68009021463A461C6AC8
:103E30000A9B2846A04705B0F0BD00BF70B50446F8
:103E4000C068036801211B689847A06803680121C6
:103E50001B6898470420FDF751FB0025A068036804
:103E600002219B689847014600BBE06803681B6815
:103E700098470420FDF742FBE068036801211B68B6
:103E80000D4498470420FDF739FB092DE6D1A068C1
:103E9000036800211B6898470420FDF72FFBA068EA
:103EA000036801211B68BDE870401847002DEED162
:103EB00070BD00BFF8B5044616461F460D4603F018
:103EC00087F8204AA5600023E66084E80C007FB3F1
:103ED000384602F00DFA206180B30621284601F031
:103EE000EFF80621304601F0EBF82046FFF7A6FF79
:103EF0002B6802219B6828469847336802219B68FB
:103F0000304698470A20FDF7F9FA2369327C287C6D
:103F1000C3F808254FF0CC710622C3F80C05C3F88E
:103F200024150A20C3F80025FDF7E8FA2046F8BD5D
:103F3000012002F0FDF920610028CED15A20FAF7C5
:103F4000CDFECAE794BA01002DE9F04103698EB2B3
:103F500082B09A590546002A54D1D3F82441BCB9FD
:103F6000DFF814810127D3F85021013462B3D3F86C
:103F700048254ABB632C45DC0A20FDF7BFFA2B69B4
:103F80009A59002A3ED1D3F824210AB94445EADDE2
:103F9000D3F8C424C3F8C4240022C3F82421D3F8DE
:103FA0002421019201220199314C1A625A6101E0E7
:103FB000013C30D00A20FDF7A1FA2B69D3F8042187
:103FC000002AF5D02B4C1EE0632CD5DDD3F8602100
:103FD00032B1D3F80022D10502D5D3F8482172B10D
:103FE000D3F86021002AC7D0D3F800229205C3D5A8
:103FF000D3F80421002ABFD15F611446BCE7DF611A
:104000001446B9E70024686808B1FDF777FA20463E
:1040100002B0BDE8F081C3F800450621A868154C40
:1040200001F04EF80621E86801F04AF82846FFF74B
:1040300005FFA868036802219B689847E868036841
:1040400002219B6898470A20FDF758FA05F10801FC
:104050000EC9127C087CC3F808254FF0CC710622EB
:10406000C3F80C05C3F82415C3F80025CBE700BF3F
:10407000A08601000EFCFFFF40420F0070B50469EE
:10408000C1F34701C4F888150021C4F8041188B0B1
:10409000D4F804610696069EC4F82411D4F824616D
:1040A0000596059EC4F86011D4F860610496049EDC
:1040B000C4F85C11D4F85C610396039EC4F85011F7
:1040C000D4F850610296029EC4F84C11D4F84C61A9
:1040D0009DF830500196019EC4F84425C4F8483537
:1040E00075B14FF480720123C4F80022A360D4F8A4
:1040F0004821DAB94FF4A471FFF726FF08B070BD6C
:104100004FF400720123C4F80022A360D4F84821C0
:1041100032B12362C4F84851D4F848310793079B61
:104120004FF48271FFF710FF08B070BD2362C4F82E
:104130004811D4F848310793079B4FF4A471DBE78B
:1041400070B504460069C1F34701C0F88815002125
:10415000C0F8041188B0D0F804610696069EC0F835
:104160002411D0F824610596059EC0F86011D0F89E
:1041700060610496049EC0F85C11D0F85C610396FF
:10418000039EC0F85011D0F850610296029EC0F80C
:104190004C11D0F84C619DF830500196019EC0F84A
:1041A0003425C0F83835B5B94FF480520123C0F832
:1041B00000220360D0F8482132B10362C0F84851B0
:1041C000D0F848310793079B20464FF48271FFF7E0
:1041D000BBFE08B070BD01230360D0F8482182B94E
:1041E0004FF4AE712046FFF7AFFE0028F1D12369EE
:1041F00001222046DA614FF4A471FFF7A5FE08B052
:1042000070BD0362C0F84811D0F848310793079B8E
:10421000E6E700BF0C4B03F1280270B506460360C9
:10422000826000F1240500F12C04043C2046FFF7D5
:1042300091FCA542F9D1054B336000233046F38051
:10424000FCF7F2F9304670BDC8BA010084B601002F
:104250000E4B03F1280270B506460360826000F140
:10426000240500F12C04043C2046FFF773FCA54212
:10427000F9D1074B33600023F3803046FCF7D4F9C3
:10428000304606F033F8304670BD00BFC8BA0100B2
:1042900084B6010080697047C368D3F80805704789
:1042A0009FED1F7A06EE901AC7EE267A10B4B0EE94
:1042B000677ABEEECE7A17EE101AB1F5004F29DB01
:1042C0000023013341FA03F2B2F5004FF9DA072B6C
:1042D0001BDC1C4612FA03F348BF0F331B1107EE19
:1042E000903ADFED0F6AC168F8EEE77A002386EEB8
:1042F000A77AC1F80C45C1F808255DF8044BC0ED5C
:10430000077A80ED067A18467047064B5DF8044B35
:1043100018467047002417EE102A2346DAE700BF3C
:104320000024744900407AC42DE9F843474D0560E4
:1043300000258580C5800446904689461E46BDF806
:104340002070FCF7FDF84248206000F12803A360CC
:10435000C4F80C9004F12400FFF7CCFB04F1280012
:10436000FFF7C8FB3B4865610122657484F8205063
:1043700084F82150A274E274C4F82C80A78000F164
:1043800010054FF4004220F8022FA842FBD1E2684A
:104390000025314625742046C2F80055FFF780FFFE
:1043A0002D4EE3680122022004213027B342C3F8D6
:1043B0000455C3F81005C3F84855C3F82855C3F889
:1043C0004C55C3F82C55A274E274C3F81425C3F8F5
:1043D0000012C3F804732AD0204A93421BD0204A0B
:1043E00093420CD0E06A016801224D68227404F106
:1043F0000801C3F80025A8472046BDE8F8831948FE
:10440000194A856819481A4EC5F8C8608460C2F810
:1044100084115160E6E71349134A8D681349154E1C
:10442000C5F8C4604C60C2F884015060DAE70F49F7
:104430000C4A0C6091681048C1F8B000A2F54062C7
:104440004FF08051C2F880111160CBE784B60100B3
:10445000C8BA01004A0B002000C001400010024011
:104460000020024000ED00E000E100E05C0B0020D5
:10447000C9460100B9460100A946010007EE901A9D
:10448000FEEECE7A10B417EE901AB1F5004F24DB91
:104490000023013341FA03F2B2F5004FF9DA072B9A
:1044A00020DC1C4612FA03F348BF0F331B1107EE42
:1044B000903ADFED0E6AC168F8EEE77AC1F80C4574
:1044C00086EEA77AC1F808250023C0ED077A80EDB3
:1044D000067A18465DF8044B7047002417EE902AC0
:1044E0002346DFE76FF47A73F3E700BF00247449D3
:1044F000C0697047C2748174C36839B93022C3F887
:104500001415C3F80012C3F80823704701200421D2
:104510003022C3F81405C3F80012C3F8042370470F
:1045200070B590F9213082B004468BB1C268012386
:104530005360D2F80431002BFBD063690025657409
:1045400084F8205084F82150DBB9002002B070BDFF
:1045500040690D46F0B9A37C002BF6D0637C002B9C
:10456000F3D0E37C002BF0D1E3681C4903EB451545
:1045700008220123C5F82015C5F8242584F8213028
:10458000E4E72268013B63612046D36998472846E7
:1045900002B070BDE16A0B6805F109061B6801A84D
:1045A00004EB8606984701A93046FFF7DBFA01A81D
:1045B000FFF7D0FA04EB8502E368526A616950881C
:1045C00003EB45150432431001390120C5F82025BD
:1045D000C5F82435616102B070BD00BF4C0B0020EE
:1045E00038B54369817C013304464361B9B1637CCA
:1045F0000BB1002038BD0125657494F820102046C9
:10460000FFF78EFF94F820302B442B4084F82030A5
:104610000BB3636993B900236374002038BDFFF7BF
:104620007FFF38B1E36801229A60A37C002BDED1C2
:10463000002038BDE37C002BF7D0F3E72946204665
:10464000FFF76EFF94F82030013303F0010384F884
:104650002030002BDFD1E36801229A60002038BDB2
:10466000A0F10800FFF7BCBF38B5C368D3F810212C
:1046700004466AB9D3F814314BB1002584F82050B0
:1046800001212046FFF74CFFE368C3F8145138BD01
:10469000012380F820300021FFF742FFE368002269
:1046A000C3F81021E6E700BF024B186808B1FFF716
:1046B000DBBF70475C0B0020024B586808B1FFF766
:1046C000D3BF70475C0B0020024B986808B1FFF71E
:1046D000CBBF70475C0B0020032A23DC70B502F5CA
:1046E000AC76C2680B7C52F826209A4218D00B6830
:1046F0000C4605469B6D08469847236800211B68B9
:10470000204698472368EA68217C42F82610204614
:104710009B6D9847E38843F00803E380002070BD59
:10472000002070BD6FF47A70704700BF70B4C56828
:104730000C7C00234FF0FF3605EB83020133D2F8E7
:104740006005A04208BFC2F86065042BF4D1CB8895
:1047500023F008030020CB8070BC70476FF47D709D
:10476000704700BFC1600020704700BFC38870B5AC
:104770009D07044611D5037C2F4A002942D01F2BE8
:104780004FF00101D8BF4FF0A04203F01F0301FA20
:1047900003F3C2F80835002070BDDA070E4642D593
:1047A000057C2548202DB8BF4FF0A04005F01F0123
:1047B00000EB810023F00103D0F800279BB242F008
:1047C0000202C0F80027E380202D4FF001001A4AB2
:1047D00000FA01F0B8BF4FF0A0420EB3C2F80805CE
:1047E000154A1F2DD8BF4FF0A04202EB810243F0C3
:1047F0000203D2F8001741F00101C2F800170020AF
:10480000E38070BD1F2B4FF00101D8BF4FF0A042D5
:1048100003F01F0301FA03F3C2F80C35002070BD4A
:10482000C2F80C05DCE703689B6D9847257CE3889C
:1048300005F01F01C8E700BF0003005010B5036872
:1048400004461B6C9847236820465B68BDE810400F
:10485000184700BFF0B50579AC072AD5002925DB3C
:10486000002A23DD002B21DDB4294FF47A77A8BF7D
:10487000B421114D0468114EE46A07FB01F185FB78
:1048800001E50D44C917C1EBE51102EBD27502FB3E
:1048900001F1A3EB650307FB031386FB0321DB1781
:1048A000C3EBA1112346BDE8F04018476FF47A70BE
:1048B000F0BD0348F0BD00BFB7600BB6D34D62102A
:1048C00016FCFFFFC08800F00500003018BF012073
:1048D000704700BF037C0B4A1F2BD8BF4FF0A0428C
:1048E00003F01F03D2F81415012202FA03F30B425E
:1048F00006D1C08800F00A00003018BF01207047C0
:104900001046704700030050C08810F0030018BF25
:1049100001207047C08800F00C00003018BF012053
:10492000704700BF03684FF47A725B6B02FB01F1C2
:10493000184700BF08B503689B6B9847024BA3FB61
:104940000030800908BD00BFD34D6210027C0F4BC0
:10495000202AB8BF4FF0A04302F01F0203EB8203EE
:104960000129D3F80027417122F00C0207D0022957
:1049700008BF42F00C02C3F800270020704742F045
:104980000402C3F800270020704700BF0003005056
:10499000D0F8103521EA0301C0F81815704700BFA0
:1049A000D0F810351940C0F818157047704700BF8F
:1049B00010B5044605F09AFC204610BDC3882DE9C9
:1049C000F0411E07044613D5314DDFF8D48005F1C0
:1049D0000C06FF27286838B12146FFF7A7FE2A6892
:1049E000D8F800309A4247D00435B542F2D1E38876
:1049F000284E306808B15D072ED4D90605D5606908
:104A000028B103689B699847E3885A0619D413F0C4
:104A1000E00F0FD0217C204A1F29D8BF4FF0A042C1
:104A200001F01F0102EB8102D2F8001721F440319E
:104A3000C2F8001703F430630022E3806261BDE82E
:104A4000F0816569002DE2D0284602F073FC28460B
:104A500005F04CFCE388DAE72146012201F056FF1D
:104A600021460546306801F087FF284601F0CAFD5F
:104A70000028FAD1E388C0E7084B207C191D93F980
:104A80000020824208BF1F7001338B42F7D1ABE791
:104A90005C0B00202C0C0020000300501C000020A8
:104AA000300C002003799A071BD5C3885B0710B52B
:104AB00004460CD50C4B186888B12146012201F040
:104AC00025FF60B101F0D6FEC0F30F1010BD0368E2
:104AD0009B6D9847E38843F00403E380EAE70348CB
:104AE00010BD0248704700BF2C0C002016FCFFFFD1
:104AF00070B52DED028BC38882B01B07019137D5AD
:104B00001C4D1D4C286808EE101AFFF7C5FBF8EE87
:104B1000487A08EE900A17EE901A2868FFF7AEFC64
:104B2000F8EEE88A04F108062388286807EE103AB0
:104B3000B8EE478AFFF7B0FB07EE900AB8EEE77AC7
:104B400027EE087AC7EE287AFCEEE77A17EE903A5D
:104B500024F8023BB442E7D1084B07491868082201
:104B6000012302F025FD002002B0BDEC028B70BDD8
:104B70000348F9E7300C0020340C00203C0C0020E6
:104B800016FCFFFFC388D90770B5044611D5037C16
:104B900022491F2BD8BF4FF0A0410122D1F8101598
:104BA00003F01F0302FA03F30B4214BF1046002068
:104BB00070BD9A072CD523F002039BB2227C20689B
:104BC000164D066C61791F2A02F01F00CCBF2A46E1
:104BD0004FF0A04202EB800243F00103D2F800073D
:104BE00020F00300C2F80007E3802046B047237C92
:104BF0001F2BD8BF4FF0A0450122D5F8101503F0A8
:104C00001F0302FA03F30B4214BF1046002070BDCD
:104C100003689B6D9847E388D0E700BF000300500E
:104C200038B5027C1B4B202AB8BF4FF0A04302F0DE
:104C30001F020125D3F8144505FA02F2224224D1BD
:104C40000D460446D1B9C3F80C2518461146FFF7A6
:104C5000A7FE217C0F4B2029B8BF4FF0A043D3F80B
:104C600014351A4213D0236820469B6D9847236859
:104C700029461B6820469847002038BDC3F8082500
:104C800018461146FFF784FEE3E7002038BD0248CE
:104C900038BD00BF0003005012FCFFFF08B5C388F9
:104CA0001B0701D4064808BD064B1868FFF720FC17
:104CB00007EE900AFCEEE77A17EE900A08BD00BFF7
:104CC00016FCFFFF300C002070B5044615464FF46B
:104CD000807600220D4821812F2D23712574E680D6
:104CE0002060E260627102DD3220F9F7F7FF084AC6
:104CF0000849094B42F8254000204FF0004540226A
:104D00006061C1F8045320461A6070BDFCBA01000E
:104D1000680B00200060004000E100E00379DB0741
:104D200042D570B5C388DA0682B00D46044603D575
:104D3000C3F3C023994235D0236820469B6D984722
:104D4000012D1ED0236820465B689847182005F087
:104D5000CFFA0023228901930093214601230646BE
:104D6000FDF75EF9E388666123F400639BB243F0CC
:104D70001003E3803368DB69304602B0BDE8704061
:104D80001847282005F0B4FA084A4FF0FF3312689C
:104D90002146064602F056FBE388666143F4006351
:104DA0009BB2E4E74669E5E701487047280C00201C
:104DB00016FCFFFFC188C1F3C021FFF7AFBF00BFE2
:104DC00010B5044684B00A46002368462189FEF7E0
:104DD00015FE6269029B42B1D169D36168465B1AD4
:104DE000002202930392FEF735FE04B010BD00BF0F
:104DF00010B5C388590684B0044611D49A0607D466
:104E00001B0603D5E3680BB10120984704B010BD21
:104E10000123022221896846FEF7F0FDE388EFE7CF
:104E20000521FFF7CDFFE388E8E700BF10B5C38891
:104E3000590684B0044611D49A0607D41B0603D53C
:104E4000E3680BB10020984704B010BD0123032292
:104E500021896846FEF7D2FDE388EFE70421FFF7DA
:104E6000AFFFE388E8E700BF2DE9F04BD0F820451D
:104E700084B080467CB3234F0D4601264FF01F0BB4
:104E8000B4FA84FCABEB0C03E91806FA03F257F80A
:104E9000219024EA0204B9F1000F1AD0B9F80620D3
:104EA00012F0E00F10D008EB83034846D3F8002738
:104EB00082F48032C3F80027D3F80037DA031BD519
:104EC000FFF796FFB9F80620930502D5FCF752F9D3
:104ED00040B9002CD2D14FF0FF33C8F8203504B0D0
:104EE000BDE8F08B0123052240F2FF316846FEF752
:104EF00085FD002CC2D1EEE7FFF798FFB9F8062038
:104F0000E2E700BF680B002008B5094BD3F87C210D
:104F100002B908BD0021C3F87C114FF0A040FFF793
:104F2000A3FF20210348BDE80840FFF79DBF00BF55
:104F30000060004000030050C38813F0E00F70B51C
:104F400004460D463AD059060FD423F0E003A5F1EC
:104F500003029BB2B2FA82F2022DE3804FEA5212B0
:104F60001AD0032D14D1012253E0032D4DD06669D0
:104F700036B1304602F0DEF9304605F0B7F9E38885
:104F800023F0E0039BB20022022DE380626103D094
:104F9000012D42D0002070BD43F02003E380002AA1
:104FA000F8D0202005F0A4F92146054602F0BEF80D
:104FB000FCF792FE6561E861002070BD03685B68E4
:104FC0009847237C174A1F2BD8BF4FF0A04203F00D
:104FD0001F0302EB8301D1F8006726F44036C1F8C5
:104FE000006758B9D1F8000740F40030C1F8000755
:104FF00001219940E388C2F82015A4E7D1F8000701
:1050000040F44030C1F80007F2E723F0E0039BB220
:10501000002243F04003E380C1E743F08003E380D4
:10502000002070BD0003005000B583B0042920D8D3
:10503000DFE801F0100A0A0A030003689B6A984738
:10504000002003B05DF804FBFFF776FF002003B0FB
:105050005DF804FBC38803F0F0031BB9084603B0F6
:105060005DF804FB036801919B6D98470199084620
:10507000E7E76FF47A70E4E738B5036804465B68E5
:105080000D469847E3885B0605D529466069BDE86B
:10509000384002F0D1B82368084A1B6D93424FF0A4
:1050A0000301204607D1FFF747FF29466069BDE8A5
:1050B000384002F0C1B89847E7E700BF2950010027
:1050C000072913D8027C0B4B202AB8BF4FF0A0430E
:1050D00002F01F0203EB82030020D3F8002722F422
:1050E000E06242EA0121C3F8001770476FF47A705A
:1050F000704700BF0003005010B4037C0C4A002925
:105100000CBF00244FF440741F2B03F01F01CCBFD1
:1051100013464FF0A04303EB81030020D3F8002790
:1051200022F4E0622243C3F800275DF8044B704785
:1051300000030050F0B5154C236883B0CBB1144D7B
:105140002E6816B1002003B0F0BD302005F0D0F875
:105150002268104B1049132407460094FFF7E4F827
:105160003846314601222F60FFF7C4F9002003B012
:10517000F0BD382005F0BCF8054602F0DDF9284600
:105180000321256002F088F9D9E700BF3C0C00201C
:10519000300C00200000484200C0014003799A070B
:1051A00054D5B1F5806F53D22DE9F0412A4F067CDA
:1051B0003A4600234FF0FF3412F9015BAE4208BFBC
:1051C0001C460133042BF7D1631C0D4606462AD03A
:1051D000DFF89C80F388D8F8000043F00803F380E0
:1051E000FFF75AF807EE905ADFED1C6A1C4D1D4E72
:1051F000B8EEE77AF7EE007AE7EE667A31460123F9
:1052000007EE100AB8EEC77A286867EE877A082298
:10521000FDEEE77A17EE905A26F8145002F0C8F91E
:105220000020BDE8F081FFF785FF0F4BDFF84080DD
:105230001C78317CD8F80000013404F003042246C5
:10524000395531461C70FFF747FAC3E707487047E6
:105250006FF47A70704700BF1C0000200000803A95
:105260003C0C0020340C0020FA01002016FCFFFF4B
:10527000300C002070B5174D2DED028B044608EE62
:10528000101AFFF757FF2868FFF732F9DFED127A9F
:1052900007EE100AB4EE677AF1EE10FA04D028682F
:1052A00017EE901AFFF7EAF8DFED0C7A9FED0A7A15
:1052B0002368B8EE488A204628EE278ADB68C8EEC5
:1052C000077ABDEC028BBDE87040FDEEE77A17EE81
:1052D000901A1847300C002000409C460000804483
:1052E00010B5044B036000230446C380FBF79CF910
:1052F000204610BD84B6010010B5064B03600023A4
:105300000446C380FBF790F9204604F0EFFF2046E7
:1053100010BD00BF84B60100F0B5056985B0002D51
:1053200038D004461C4F02260FE000F0CFFA236964
:105330009D4219D01948FBF78FFA01230222A18858
:105340006846FEF75BFB256925B3EA78012A1CD085
:10535000022A04F12000E8D001230A216846FEF762
:105360004DFB23699D42E5D1C7F88060BFF34F8FA5
:10537000BFF36F8F2269637A526A2261013B6372C5
:1053800028463E6004F0B2FFD4E704F1180000F0B4
:105390004DFACCE705B0F0BD00E100E068BB0100CC
:1053A00010B51831044600F0DFF9204610BD00BFEB
:1053B00010B582B0044601A8FEF7C4FB01A904F1B0
:1053C000180000F021FA044601A8FEF7C3FB2046AE
:1053D00002B010BDC388DB0718D50D4B0222C3F8FD
:1053E0008020BFF34F8FBFF36F8F0A4B0022012144
:1053F000C3F810211A461961D2F81031002BFBD0E6
:10540000C38823F4804323F00103C3800020704746
:1054100000E100E000100040F8B5C488E3075ED466
:1054200047690646002F5CD04FF0804300220121DF
:10543000C3F800211A461960D2F80031002BFBD0C6
:105440002E4B2F49DFF8C0C02E4A00250720C3F895
:105450000C55C3F80805C3F81055C3F81C15317A6C
:10546000C3F824154FF0080E0121C3F82C55022073
:10547000C3F83015C3F814E5C3F818C54FF6FF7C20
:10548000C3F83405C3F83CC5DFF880C0C3F838C59D
:105490004FF0180CC3F854C54FF0400CC3F8047516
:1054A000C3F804E3C2F8800182F801C31060D3F8A6
:1054B000002242F01002C3F80022C3F800511A463D
:1054C0005960D2F80031002BFBD044F4804444F002
:1054D000010400210123C2F80C119360F480002024
:1054E000F8BD2C2004F004FF394605462C22F8F7BD
:1054F0001BFE2F46F488756196E700BF0010004040
:105500007469627500E100E02000040221100100CE
:1055100070B5114B0360002504468580C5800E469A
:10552000FBF70EF8204609220C4BA280214640F8DA
:10553000183B00F015F9214604F1200000F0C2F9F3
:10554000074B25726572A680E580E560256165617F
:105550001C60204670BD00BF84B6010078BB01000E
:10556000400C0020072906D8044A054B5256C3F8C0
:105570000C25002070476FF47A70704760BB010003
:105580000010004064299DBF034B0020C3F808159C
:105590006FF47A70704700BF0010004038B543695F
:1055A0003BB3427A032A21DCC288D2074CBFC268CF
:1055B000114A9A6204462C2004F09AFE2C22002103
:1055C0000546F8F7B1FD6169226900234B620AB90B
:1055D0000AE01A46536A002BFBD15162637A656177
:1055E00001336372002038BD2161F7E76FF47B70EF
:1055F00038BD6FF47A7038BD16FCFFFF194BD3F835
:10560000002122B100210122C3F800119A60154B3C
:10561000D3F80C2182B10022C3F80C21D3F8001476
:1056200001290AD0104B1B68D988C90748BFDA6026
:105630000C4B01229A607047704710B50A4CD3F8A2
:1056400048352068C288D20744BF5B42C360FFF779
:10565000A5FF2268034B5269C3F80425014B0122C0
:105660009A6010BD00100040400C0020024B0172F7
:10567000C3F824150020704700100040034600695D
:1056800080B1094930B40224C1F88040BFF34F8F84
:10569000BFF36F8F5A7A1D69013A6D6A5A721D61A4
:1056A0000C6030BC704700BF00E100E000294FD023
:1056B0000B78232B4CDC284B022230B4C3F880201B
:1056C000BFF34F8FBFF36F8F244B00220124C3F829
:1056D00010211A461C61D2F81031002BFBD0002596
:1056E00001231E4CC2F80415C2F800511360D4F80F
:1056F0000031002BFBD001210023184AA160C4F81F
:105700000C31D2F80C31002BFBD04369C2F80435C0
:10571000002001231149C2F810011361D1F81031A2
:10572000002BFBD0002001230C4AC1F800014B6084
:10573000D2F80031002BFBD0074B002001240221BE
:10574000C2F80C019460C3F8801130BC1960704736
:105750006FF47A70704700BF00E100E00010004075
:10576000002280E80600704730B54C6883B00546DB
:10577000ECB1636A4B60217811480339FBF76CF890
:10578000214601A811F8042B033AFEF7CBF90D4886
:10579000FBF762F8204604F0A9FD01A92846FEF7B0
:1057A000D1F901A8FEF7D6F9284603B030BD064866
:1057B000FBF752F82846FEF79DF9284603B030BDA6
:1057C000B0BB0100C0BB0100A4BB0100C9B1232ACA
:1057D000134616D870B504468CB003330125002655
:1057E00002A88DF804308DF805508DF807508DF81B
:1057F0000660F7F7A9FA01A92068FFF757FF0CB078
:1058000070BD6FF47A70704738B50B680C4605466A
:1058100059880548FBF720F8216828464A88BDE8E2
:1058200038400431FFF7D2BFC8BB010010B50446B1
:1058300084B00068FFF722FF636800224262B3B1C0
:10584000596A09B915E019464B6A0132002BFAD1A1
:10585000032A08DC486201231A4609216846FEF73C
:10586000CDF804B010BD04F041FD04B010BD60607F
:10587000F1E71946EEE700BF82B070B505788CB04D
:1058800010A981E80C0025B10CB0BDE8704002B051
:10589000704704460FC902AE86E80F0001220223BA
:1058A000132660688DF8065001A98DF804608DF804
:1058B00005208DF80730FFF7F9FE0CB0BDE8704009
:1058C00002B07047002241600270704738B504464C
:1058D0004068FFF7D3FE0123054623700430FEF72E
:1058E000B9F8002328462370BDE8384004F0FEBC18
:1058F0001F4BC2699A4221D01E4B994209D94FF0E1
:1059000000410369994202D00023016183750020A0
:105910007047194B99420BD8184B99420BD8184B2A
:1059200099421AD8174B99421AD94FF00061E8E70B
:105930004FF08041E5E74FF00051E2E7124B99420A
:1059400002D94FF0A051DCE7A3F57403A3F510537F
:105950009942D1D94FF02061D3E74FF08051D0E781
:105960000A4B99428CBF4FF080614FF00071C8E73D
:1059700000F00240FF117A00FF083D007F841E0006
:105980003F420F001FA10700FF47E8018FD003002F
:10599000082A4FF000034175837514BF6FF47A70C5
:1059A00018467047704700BF10B5044604F09EFCCF
:1059B000204610BDC369D3F8182182B100B500227A
:1059C000C3F8182187B0D3F81811036A019101991F
:1059D00033B10262406A984707B05DF804FB704734
:1059E00001230322182102A8FEF708F807B05DF88A
:1059F00004FB00BF70B50446C0680121A17508B161
:105A0000FFF77AFB606800285ED00121FFF774FB86
:105A10006068002858D0036800211B6898476368B5
:105A2000A0681E7C002854D003685B689847A36870
:105A3000E0681D7C002851D0617D036801291B6846
:105A4000D4BF002101219847E3681A7CE3692169EA
:105A50000020C3F80005C3F80825C3F80C65C3F897
:105A60001055C3F82415627D013AD2B2022A9CBFB8
:105A7000214850F8220094F91420C3F85405002559
:105A800042240720AA42C3F8C055C3F80443C3F810
:105A9000000526DB530902F160449B0004F56144D4
:105AA00003F1604303F561430120E02502F01F028A
:105AB00000FA02F284F800531048C3F88021BDE8D0
:105AC00070401A60FAF7C8BEA0684FF0FF36002891
:105AD000AAD1E0684FF0FF350028ADD14FF0FF327A
:105AE000B4E7074B054802F00F021344E0221A7690
:105AF000BDE87040FAF7B0BED8BB0100E4BB0100BE
:105B0000FCEC00E038B504460498154D6160A260D5
:105B1000E3602560C8B100F0EBFBE061D0B100F0BC
:105B200029FC23692075B3F1805F1CBF4FF08053BF
:105B3000236100220023A275E06963752362224677
:105B4000084900F037FC204638BD042000F0F0FB87
:105B5000E061E3E75A20F9F7C1F8E069DFE700BF49
:105B600004BC0100B55901002DE9F04184B0847DE9
:105B70000A9FDDF82C800546164644B3B6F5803FF3
:105B80003AD2B7F5803F37D2EC690020C4F844150B
:105B9000C4F84865C4F83435C4F83875C4F8180139
:105BA000D4F818310393039BC4F85005C4F840059A
:105BB000B8F1000F12D0012240230C99C5F82080C3
:105BC00069622261C4F8043304B0BDE8F0818DE855
:105BD0000A00FFF70FFF9DE80A00CFE70321182016
:105BE000FBF71EF8EB69012140221961C3F8042379
:105BF000FBF7A0F94046E7E76FF47A70E4E700BFEF
:105C0000F0B585B0B2F5803F144606460F469E4675
:105C10000A9D02D2B5F5803F09D373462246394624
:105C200030460A9505B0BDE8F04001F0D7B9002430
:105C3000009502940194FFF797FF05B0F0BD00BFF7
:105C40002DE9F041079C069E089FC4B1B2F5803F44
:105C500086468C461546984602D2B6F5803F0AD352
:105C600008970794069643462A4670466146BDE863
:105C7000F04101F0DFB9BDE8F041FFF775BF6FF407
:105C80007A70BDE8F08100BF30B585B000250122F3
:105C9000C17500F1180300F1170102958DE8240089
:105CA0000446FFF761FFA842ACBF207E014805B063
:105CB00030BD00BF0AFCFFFF007A704790F910303A
:105CC000002B09DB03F1604303F561434901C9B2CD
:105CD00083F8001300207047044A03F00F031A44AE
:105CE0004901C9B211760020704700BFFCEC00E00A
:105CF00090F91030002B11DB5A0910B460320A4CB5
:105D000003F01F03012101FA03F344F82230436931
:105D10005DF8044B012200201A607047436901229C
:105D20001A600020704700BF00E100E090F91030D9
:105D3000002B07DB03F01F0001225B0902498240B0
:105D400041F823200020704700E100E010B503680F
:105D500004461B6B9847636901225A60002010BDFE
:105D600090F91030002B0DDB5A0920320121064832
:105D700003F01F0301FA03F340F82230BFF34F8F03
:105D8000BFF36F8F0020704700E100E0012902D0CF
:105D900006D3022902D14369C3F8041500207047D5
:105DA00043690022C3F8042500207047437A013B71
:105DB00099420FDC10B44FF48033446901F5A870A8
:105DC00003FA01F144F820200020C4F804135DF820
:105DD000044B70476FF47A70704700BF437A013B01
:105DE000994211DC30B4446904EB81054FF48033EF
:105DF000D5F8400503FA01F10244C5F8402500201A
:105E0000C4F8041330BC70476FF47A70704700BF59
:105E1000437A013B994208DC42694FF4803303FA2C
:105E200001F1C2F80813002070476FF47A707047D0
:105E3000B1F57A5F1CD8F0B418D001231F464FF497
:105E40007A56DDB207FA03F26C1CB6FBF2F291420D
:105E500003F10103E4B207D2092BF2D14369002018
:105E6000C3F81045F0BC70472C46F7E70024F5E76F
:105E70006FF47A70704700BF032907D8DFE801F09C
:105E80001710090243690322C3F808250172002094
:105E9000704743690222C3F8082501720020704749
:105EA00043690022C3F80825017200207047436946
:105EB0000122C3F8082501720020704710B5044B79
:105EC000036000230446C380FAF7AEFB204610BDF2
:105ED00084B6010010B5064B036000230446C3805E
:105EE000FAF7A2FB204604F001FA204610BD00BFDD
:105EF00084B6010038B590F91030002B04461ADB47
:105F000059090E4A52F8215003F01F0325FA03F3F2
:105F100003F00105236820461B6B98476269012343
:105F2000D360D368002BFCD11DB1236820469B6A47
:105F30009847002038BD0025ECE700BF00E100E0F5
:105F400010B579B190F91020002A09DB54090F49E6
:105F500051F8241002F01F0221FA02F2D4070CD4E7
:105F6000002010BDC288D107FAD5016822F00102D5
:105F7000C2808B6A9847002010BDC288016842F039
:105F80000102C2800B6B9847002010BD00E100E0C9
:105F900070B590F910400368002C054616DB104AD6
:105FA0001B6B610904F01F0452F8216098476B696C
:105FB000012226FA04F4DA64D3F84C65E30703D52A
:105FC0002B6828469B6A9847304670BD1B6B9847E4
:105FD0006B690122DA64D3F84C65304670BD00BFAE
:105FE00000E100E00E4BF0B553F82070BFB1002384
:105FF0007E6918469E46012506EB830205FA03F4E6
:10600000D2F84011013319B12043C0B2C2F840E1C7
:10601000042BF1D1FB6813B1BDE8F0401847F0BD87
:10602000440C00200020FFF7DDBF00BF0120FFF778
:10603000D9BF00BF0220FFF7D5BF00BF0320FFF785
:10604000D1BF00BF0420FFF7CDBF00BFF8B52E4B76
:10605000036000258580C58004460E461746FAF782
:106060006FFA2A492A48277403238E42E560666145
:106070002060637245D0274A96423ED002F58032B6
:1060800096423CD0244B9E4235D0244B204643F8C8
:106090002540FFF765FE94F9103065690122002B59
:1060A0006A6021DB03F1604303F56143402283F81A
:1060B000002301231F464FF47A5607FA03F2D9B2A0
:1060C000B6FBF2F2B2F57A7F01F1010003F10103B0
:1060D00002D9092BC1B2F0D10323C5F8101520460F
:1060E000C5F808352372F8BD0D4A03F00F031A44B2
:1060F00040231376DDE70425C7E70225C5E71D46E3
:10610000C3E70125C1E700BF84B60100009000404D
:1061100028BC010000A0004000B00140440C002059
:10612000FCEC00E0054A1378013B5BB2002B01DD7B
:10613000137070470023137062B67047A40C0020E0
:1061400072B6024A1378013313707047A40C002012
:1061500020BF70474FF0805110B44C6E086E23463C
:10616000002242EA0002104619465DF8044B7047CF
:10617000BFF34F8F0549064BCA6802F4E062134330
:10618000CB60BFF34F8F00BFFDE700BF00ED00E025
:106190000400FA05704700BF08B50B4B0122C3F895
:1061A000402502210022930003F1A0430132202A5E
:1061B000C3F80017C3F8001AF5D1FFF7EBFFBDE8ED
:1061C0000840EFF74DB900BF00E0014000487047BC
:1061D000000002204020F2F71DBC00BF8163704721
:1061E00041637047C1637047C06B7047EFF308802D
:1061F000704700BF406B704780E80E00704700BFDB
:1062000070B5094D094CAE68204631464FF4807296
:10621000F6F79AFDAC60AB68054831462246BDE80A
:106220007040FAF719BB00BF00ED00E00004002049
:1062300080BC01002DE9F041036804461B6882B070
:106240000E460021174698472648237C0168264CB5
:10625000202B4FF0010203F01F03B4BF4FF0A04802
:10626000A04611F0010102FA03F209D11F4CE368C4
:1062700043F08073E3604160036843F0010303600F
:10628000184C616863685B1AB3F5C85FFAD3019272
:10629000FFF756FF60681349019A4FF0000E802502
:1062A000C8F8082516F80E302B4214BF00F134044C
:1062B00000F119046D0800F1500004BF0EF1010E49
:1062C00080254B689C42FCD8BE45C8F80C2503DAF3
:1062D0004B689842FCD8E3E702B0BDE8F041FFF715
:1062E00021BF00BF001000E000030050F0ED00E00F
:1062F000F0B40D4F0D4A3C6806460523012505FA0A
:1063000003F1214203F1FF3302D1D06BB04206D03A
:10631000591CA2F10C02F2D10020F0BC70472143BD
:106320003960F0BC704700BF5C0C0020A0BC0100CD
:10633000F0B50E4FDFF838E03C68724605230125C2
:1063400005FA03F1214202D1566C304206D1013BDD
:10635000591CA2F10C02F3D10020F0BD03EB430362
:1063600021435EF823003960F0BD00BF5C0C0020C3
:10637000A0BC01000D4A10B50D4C904221464FF0D3
:10638000000306D00133062B0AD051F80C2F90429F
:10639000F8D103EB430304EB830393F9040010BD2E
:1063A0005A20F8F79BFC4FF0FF3010BD0030004042
:1063B000A0BC0100F8B50E4C0E4DA0420F4616468B
:1063C0004FF0000306D00133062B0AD055F80C4FCE
:1063D000A042F8D1084A094842F8237040F82360E7
:1063E000F8BD5A20F8F77AFC4FF0FF33F2E700BF10
:1063F00000300040A0BC0100600C0020780C0020A0
:10640000024A034B10681B68184700BF780C002035
:10641000600C0020024A034B50685B68184700BFBD
:10642000780C0020600C0020024A034B90689B68A7
:10643000184700BF780C0020600C0020024A034B74
:10644000D068DB68184700BF780C0020600C002083
:10645000024A034B10691B69184700BF780C0020E3
:10646000600C0020024A034B50695B69184700BF6B
:10647000780C0020600C0020002815D000604160DE
:106480008260C360046145618661C76144460462FD
:106490004C464462544684625C46C462644604636B
:1064A0006E46466374468463002906D0C46B043C80
:1064B000043925680D60B442F9D1946BA646566B39
:1064C000B546002B06D0D46B043C043B1D68256008
:1064D000B442F9D1146BA446D46AA346946AA24686
:1064E000546AA146146AA046D76996695569146929
:1064F000D36851681068926870470060416082609C
:10650000C360046145618661C761444604624C46CC
:106510004462544684625C46C462644604636E46C8
:10652000466374468463C46B043C043925680D607B
:10653000B442F9D1C769866945690469704700604A
:1065400041608260C360046145618661C761444601
:1065500004624C464462544684625C46C4626446AB
:1065600004636C4644637446846304697047846BB7
:10657000A646446BA546046BA446C46AA346846A37
:10658000A246446AA146046AA046C769866945696D
:106590000469C36882680068416870470649074A11
:1065A000074B9B1A03DD043BC858D050FBDC00F0BE
:1065B00037FBFFF7F1FD00008CC401000000002054
:1065C00000040020FEE7FEE7FEE7FEE7FEE7FEE749
:1065D000FEE7FEE7FEE7FEE7084B094A0321C3F8A2
:1065E0000815D2F80034DB07FBD40123936090F840
:1065F0004032002BFBD10120704700BF00F001406A
:1066000000700040807C00F01000704710B5898950
:1066100004460022FDF774FA20464FF0FF330022B3
:106620008821FDF7AFFA204610BD00BF38B50446FB
:106630000069036800219B6B9847206903684FF449
:106640007A51DB6C9847A07BA16801280346B8BF4C
:10665000012303EB8303B1FBF3F3FF2B2FD85B1074
:106660002FD000225B1002F10102FBD107EE901A3D
:10667000F8EE677AB3EE007A012867EE877A22DDBA
:10668000184B0022C3F8F4252069FDEEE77A036871
:1066900017EE902ADB6B002198472369124A5B6949
:1066A0001248012103F5A0740225C3F80012C2F8B4
:1066B0000855C2F81845C2F81C05D96038BD8023BA
:1066C000CFE71A46D2E7012303FA02F107EE101AC8
:1066D0000449B8EEC77AC1F8F425C7EE877AC4F842
:1066E0003C32D1E70070004000F0014004700040EF
:1066F000F0B5514E514D33685149524A85B001248D
:1067000000932B6801930B680293002313601768B2
:106710001460009A3260019A2A60029D4A4A0D6014
:1067200003252321C2F800351E46C2F8F0559646CF
:10673000C2F804131F468373054618E0CEB2867371
:1067400095F8293095F8272095F8281043F48053C0
:106750000EEB021243EA0123C2F81835CCF81045BB
:106760000134092CCCF8147505F144051CD0621EC7
:1067700013011A4400EB820203F1804C92F82620A8
:1067800012F0100206F101010CF5E04C03F1804318
:10679000D4D103F5E0430134092CC3F8102505F1E9
:1067A0004405C3F81425E2D116B9304605B0F0BD52
:1067B000254D04460126C5F80065FFF737FFE77B46
:1067C0008D3704EB870703A82146FFF71FFF03A9B6
:1067D0003846FDF7C7F903A8FDF7BCF9D4F83C2209
:1067E000A17BE07BA389B24001FB02F204EB8000B5
:1067F00093FBF2F702FB17329B1AD0F834221348AE
:1068000001F1004103EBD373013904323341032713
:10681000C5F82C26C5F8303602EB41022E6048F64A
:106820008801C0F8047584F8406213889BB28B42DB
:10683000FBD0012005B0F0BD40760040447600401A
:1068400048760040FC7F00400070004000F00140AE
:1068500038B50D460446FDF74DF9FFF771FCEB7BAB
:106860008D3305EB83012046FDF77CF9FFF75AFCD9
:10687000204638BD30B5837C13F0100483B002D1BC
:10688000204603B030BD044601A86168FFF7E0FF71
:106890000023E57C1B481A4602F1510109014158C9
:1068A00001B10133954202F1010228D0082AF3D147
:1068B000154B019A111D48F68800CD5A85420B44AC
:1068C00012D0558862682944957B99424FEA450564
:1068D00002D805E0994203D92B441A888242F9D1A3
:1068E0005B1BB3F90030A381A48901A824B2FDF792
:1068F00031F924EAE474A4B2204603B030BD013B70
:106900005B00D6E7007000402EF8FFFFF8B50D469B
:106910000446097C17481746FDF7DCF950B1297C7D
:106920001448FDF79FF9461E350127B9A81904EB55
:1069300080001430F8BDAB1904EB830393F82630C4
:10694000DB06F3D494F8403283B9AB1904EB83032C
:1069500093F8262042F0100283F8262094F8403263
:10696000002BE3D12046FFF7C3FEDFE72046FFF709
:1069700033FEEAE7E8BC010038B50C460546097C61
:106980001B48FDF7A7F980B3217C1948FDF76AF988
:10699000013800EB001005EB800494F82630DB068C
:1069A0000BD595F8403203F0FF0043B994F8263038
:1069B00003F0EF0384F8263038BD002038BD2846A8
:1069C000FFF70AFE94F8263003F0EF0384F8263030
:1069D0000028F2D095F8403203F0FF04002BECD1F0
:1069E0002846FFF785FE204638BD6FF47A7038BD23
:1069F000E8BC01002DE9F04F847C85B0E406DDF8A9
:106A0000388057D50C68B4F802904FEA690991456F
:106A100050DD043404EB490904EB420700E0A946C9
:106A2000A9F10205EC1B641094FBF3F603FB16447A
:106A3000002CF4D1B5F900208281827C920639D5F0
:106A4000012B06464DD0B0F90E00B268011DB945C4
:106A5000114452882ED95D0006F108038A46A346E8
:106A6000019307E0B6F90E309A421BD0B94521D9FF
:106A7000B6F90E00904204F101041ED0B7F90030BF
:106A800044452F449B44EDD19BFBF4F4AAF800400D
:106A9000F38902331BB200249A420AF1020AF381FD
:106AA000A346E3D106F118000092FCF7B5FEB94504
:106AB000009ADDD805B0BDE8F08F0122B6F91010BC
:106AC00003A8FDF71DF803A90198FDF74BF803A8EB
:106AD000FDF740F8B16800234A88F38101F1040A08
:106AE000CCE70830FDF73EF8B3685B88F38106F128
:106AF0001800FCF791FEDDE72DE9F0433A4BD3F89F
:106B0000042185B005461AB9D3F81431002B41D0C1
:106B1000EF7B354A7B1C03F00103EB73D2F834168C
:106B20008D3705EB87074900384600249046A1467B
:106B3000FDF742F805F1140603E0082C06F14406BF
:106B40001DD004F151031B01013458F80330002B10
:106B5000F3D0394603A8FCF7F5FFD5F83C22AB7B10
:106B6000009230464A4603A9FFF744FF03A8FCF70A
:106B7000F1FF082C09F1010906F14406E1D11A4B95
:106B8000D3F8042112B10022C3F80421164BD3F824
:106B900014211ABB144ED6F80031E3B1EC7B01345A
:106BA00004F0010404F18D07294605EB870703A8CB
:106BB0008C34FFF72BFD05EB840503A93846FCF761
:106BC000D1FF03A8FCF7C6FF6B6800220433C6F8A8
:106BD0002C36C6F8002105B0BDE8F0830022C3F8CA
:106BE000142185F84022D5E700700040024B186858
:106BF00008B1FFF781BF7047900C0020BFF34F8FA3
:106C00000549064BCA6802F4E0621343CB60BFF348
:106C10004F8F00BFFDE700BF00ED00E00400FA0564
:106C200008B55F4B1B680D2B53D14FF080414FF0DF
:106C300080520020C1F80C015A4BC1F81001C1F874
:106C40003805D2F80404C3F82005D2F80804C3F8C4
:106C50002405D2F80C04C3F82805D2F81004C3F8B0
:106C60002C05D2F81404C3F83005D2F81804C3F880
:106C70003405D2F81C04C3F84005D2F82004C3F848
:106C80004405D2F82404C3F84805D2F82804C3F810
:106C90004C05D2F82C04C3F85005D2F83004C3F8E0
:106CA0005405D2F83404C3F86005D2F83804C3F8A8
:106CB0006405D2F83C04C3F86805D2F84004C3F870
:106CC0006C05D2F84424C3F87025D1F80034DB07F2
:106CD0001CD4354AD2F8883043F47003C2F88830A7
:106CE000BFF34F8FBFF36F8F4FF01023D3F80C22F9
:106CF000D20736D4D3F80022002A0CDBD3F80432B2
:106D0000002B08DB294B2A4A1A6008BD6FF00103EB
:106D1000C1F80034DDE7274A0123C2F80435D2F870
:106D20000034002BFBD04FF010231221214AC3F86E
:106D30000012D2F80034002BFBD04FF010231221A8
:106D40001C4AC3F80412D2F80034002BFBD00023F5
:106D50001849C2F80435D1F80034002BFBD0FFF7F6
:106D60004DFF144B0122C3F80425D3F80024002A58
:106D7000FBD04FF010210F4AD1F80C3223F0010361
:106D8000C1F80C32D2F80034002BFBD000230949A3
:106D9000C2F80435D1F80034002BFBD0DFE700BF88
:106DA0003001001000C0004000ED00E02400002091
:106DB0000090D00300E001406FF47D70704700BF89
:106DC0006FF47D70704700BF6FF47D70704700BF37
:106DD00010B584B004AB046803F8012D00220092C2
:106DE000A4691A460123A04704B010BD10B584B0B1
:106DF00004688DF80C20002200928DF80D30A469F3
:106E0000022303AAA04704B010BD00BF10B584B090
:106E10000468012301930093646A0DF10F03A047F6
:106E200008B99DF80F0004B010BD00BFF0B585B0E3
:106E30001F469DF82C508DF80F2004460E468DB14C
:106E400002680123009395690DF10F02A84738B934
:106E5000236800901D6A0A9B3A4631462046A8479F
:106E600005B0F0BD03689DF80F205B699847EEE719
:106E70002DE9F84F9DF82870002A3DD0002B3BDD0E
:106E800088460168DFF878901E464B684B4582467D
:106E9000144628D1CD68DFF86CB05D451BD126447F
:106EA00005E00134A6420AD0DAF80030DD685D451D
:106EB000F7D0217850460134A847A642F4D117B143
:106EC0000020BDE8F88FDAF800309B684B450ED102
:106ED0003846BDE8F88F5FFA88F15046A847DAF8DF
:106EE0000030DD68DBE79847DAF80010D2E750465B
:106EF00098473846BDE8F88F6FF47A70BDE8F88F90
:106F0000C16D0100C96D01002DE9F84F9DF8289071
:106F1000002A55D0002B53DD056890461F462A4AAB
:106F20006B68934206460C463BD1EB68DFF89CB099
:106F30005B452FD1012F3CD0023F08EB070A08F137
:106F4000FF3405E00B2004F8010FA2450BD0356893
:106F50002B695B45F6D0002130469847C0B204F853
:106F6000010FA245F3D1356801372B695B45B84461
:106F70001AD10B2088F80000B9F1000F02D00020D0
:106F8000BDE8F88F3368104A9B68934213D1484696
:106F9000BDE8F88F44F00101C9B230469847356822
:106FA000C8E798473568C0E7012130469847C0B226
:106FB000E0E70027D9E7304698474846BDE8F88F14
:106FC0006FF47A70BDE8F88FC16D0100C96D0100E2
:106FD000014B0360704700BF38BD01002DE9F84F39
:106FE000DDF828904A45904638BFC846B8F1000FF2
:106FF0001BD09B468A4605461746002406E0A1455D
:1070000088BF0BF80400013444450ED02B68A7421A
:1070100088BF1AF804109E6898BF00212846B04720
:107020000028ECDA0248BDE8F88F0020BDE8F88FB0
:107030000AFCFFFF30B583B00468069D0095E46844
:10704000A0470899034A04460798F9F769FE2046C5
:1070500003B030BD851001006FF47D70704700BF34
:1070600082B030B50C4685B049680546206802AC50
:1070700003C4039908A880E80C00CB0712D5491077
:10708000029B6A58D4580D440AAB93E8030008AB3E
:107090000CCB8DE803002846A04705B0BDE8304082
:1070A00002B0704705EB6105029CEDE782B0D0B5F8
:1070B0000699416000F1080400260027C0E9046732
:1070C0000021204604AE86E80C00FAF7A7F8204617
:1070D000BDE8D04002B0FAF759B800BF82B038B569
:1070E000D0E9044504A981E80C0054EA050303D162
:1070F000BDE8384002B070470446FAF7EDFDD4E928
:1071000004238B4208BF8242F2D2002304F1080517
:10711000002200212846C4E904236160FAF77EF8C2
:107120002846BDE8384002B0FAF730B838B5054611
:10713000044645F8081B2846FAF724F80023284699
:107140006360E3612376FAF721F8204638BD00BF7B
:107150002DE9F041044682B00E461546103098469F
:10716000BDF82870FCF76AFC26806580182003F0C3
:10717000BFF808AB064693E803008DE803003546E8
:107180006A4603CA45F8048B0023084AAB60EB60EB
:1071900047F00207706020466960A780A660E36040
:1071A00023626362726102B0BDE8F0816170010028
:1071B0002DE9F04385B0BDF8388053B30C9C9CB3E7
:1071C0000F2923D0064628201C460D46174603F0FB
:1071D0008FF80CAB814693E803003A468DE8030034
:1071E0002346CDF8088029464846FFF7B1FF3368AB
:1071F0000F4A5B6893420FD14846FAF72BF948468D
:1072000003F074F80B4805B0BDE8F083B8F1C00F87
:10721000D8D06FF47A70F6E7304649469847002890
:10722000EAD105B0BDE8F0830D9CE407F1D5C7E7CE
:107230004104010016FCFFFF2DE9F043037E89B0F5
:1072400004460D469BB1002D4FD100220023C4E916
:1072500004230023636004F10800F9F797FF6068D6
:107260002E4B002808BF184609B0BDE8F08300681F
:107270002B4A03681B6D93424CD12A4B04934FF069
:10728000000804AACDF81480274FC688B0F808E09B
:107290003B68DFF89C9092E8030016F4807F4FF083
:1072A000C0068DE8030014BF04220522714618466B
:1072B00002962346FFF77CFF1C4B0693CDF81C80FB
:1072C00008AB13E903003A6802968DE803002346F1
:1072D0001046232142F21072FFF76AFF99F800303E
:1072E0005BB101232376002DAFD0FAF7F5FC4019EE
:1072F00041EBE571C4E90401ABE70093232242F2BC
:10730000107342F210700021FAF7F6FC012389F89D
:107310000030E6E7032198472068AEE711FCFFFF45
:1073200059700100AD700100480B0020DD700100B4
:10733000A50C0020F0B5037E93B00446002B47D087
:107340000268294906910023079306A9B2F806E0CE
:10735000264E15893768237603C91EF4807F4FF0C7
:1073600010038DE8030014BF04220522294602936E
:1073700008A82346FFF7ECFE3B681D4D9B68AB4217
:107380002DD108A8FAF766F81A4B04930023059349
:1073900004AB93E80300366810238DE803000293E2
:1073A00042F210722346232108A8FFF7D1FE33686A
:1073B0009B68AB420FD108A8FAF74CF800220023D3
:1073C0000021C4E90423616004F10800F9F726FFF5
:1073D000204613B0F0BD304608A99847EBE7384681
:1073E00008A99847CDE700BFAD700100480B002009
:1073F00079080100DD700100C388DB0606D4036A4A
:10740000C0698342B4BF002001207047002070474C
:1074100010B504468069054B2360036821461B6A4A
:1074200098472046FAF732FD204610BD6CBD01009A
:1074300010B50446FFF7ECFF204602F057FF204648
:1074400010BD00BFF0B50C8983B0164600251F465D
:1074500022460123019500950446FAF7E1FD3368C1
:107460000A4AA661E76125622260DB69304621464F
:107470009847AF4206DAE388E56143F010030A2239
:10748000E3802262204603B0F0BD00BF6CBD010066
:10749000416270474068704741600020704700BFFC
:1074A000F0B58B68CD699D42A8BF1D460C4683B0E0
:1074B00001222946064604F10C0701A8FCF720FB2F
:1074C00001A93846FCF74EFB01A8FCF743FBE06836
:1074D00061692A460430F5F737FC6269E3692A449A
:1074E0005D1B002D6261E5611ED1236A002BC4BFC4
:1074F00003F1FF3323625BB1A3692269E361002BCF
:10750000626104DD606A03681B689847E36923B918
:10751000236A13B994F8283043B939463046FCF74A
:1075200011FB304603B0F0BDECDCF6E704F12C00B3
:10753000F9F762FEF1E700BF38B504460B4B40F89F
:107540000C3B04F12C05FCF7D5FA2846F9F71AFE96
:10755000002101224FF480732846646361626260F7
:10756000A360F9F713FE204638BD00BF98BD0100A7
:1075700070B5456A9DF8106015B1002A00DD03B9A9
:1075800070BD044628682362616103682161E2617D
:10759000A26184F828602846984794F82830002B88
:1075A000EED004F12C00BDE87040F9F7EFBD00BF4C
:1075B00010B582B000240094FFF7DAFF02B010BDCE
:1075C000024B1868BFF35B8F704700BF940C00201C
:1075D00030B5214A21F00043934287B01BDD1F4A9A
:1075E000934205DD02460B4601F08AFF07B030BD2D
:1075F00002AAECF761F900F00303012B1BD0022B68
:107600000FD013B30124DDE90423DDE90201009466
:10761000EDF792F9EAE700220023ECF739FC07B016
:1076200030BDDDE90423DDE90201ECF731FC01F1B5
:10763000004107B030BDDDE904450093DDE90201FA
:1076400022462B46EDF778F9F1E7DDE90423DDE981
:107650000201ECF71DFCC9E7FB21E93FFFFFEF7FCB
:1076600021F00041704700BF30B51F4A21F00043B0
:10767000934287B01CDD1D4A934205DD02460B464E
:1076800001F03EFF07B030BD02AAECF715F900F09B
:1076900003000128DDE9042319D0022810D0D8B155
:1076A000DDE90201ECF7F4FB01F1004107B030BD68
:1076B0000023009300220023EDF73EF907B030BD10
:1076C0000124DDE902010094EDF736F9ECE7DDE98C
:1076D0000201ECF7DDFBD5E70124DDE902010094AE
:1076E000EDF72AF9CEE700BFFB21E93FFFFFEF7F6F
:1076F00030B5144A21F00043934287B019DD124A95
:10770000934205DD02460B4601F0FAFE07B030BD9C
:1077100002AAECF7D1F8440004F00204C4F1010419
:10772000DDE90423DDE902010094EDF7BDF907B0BE
:1077300030BD0123009300220023EDF7B5F907B017
:1077400030BD00BFFB21E93FFFFFEF7F354A21F04D
:1077500000439342D0B506460F460C460DDD002F80
:1077600002460B464FF000002F4932DB02F0A6F92B
:1077700000222D4B01F0C6FED0BD2C4A934207DDFE
:1077800029490020002C02DA01F100431946D0BD3E
:10779000B3F1725F24DB264A93422ADDFFF760FFD4
:1077A00002460B4601F0AEFEEDF76AFB00224FF0F9
:1077B000804301F0A7FE02460B4600204FF08041B7
:1077C00002F07CF902460B460020174901F098FEB2
:1077D000D8E702F073F90022134B01F091FED0BDFF
:1077E0000022114B01F08EFE32463B4602F03CF87F
:1077F000D0BDFFF735FF00224FF0404302F034F8D0
:10780000EDF73EFB00224FF08043064601F10047B2
:1078100001F078FE02460B463046394602F04EF93A
:10782000B0E700BFFFFFEF7F0000F03FFFFF3540F4
:10783000FFFFEF3FF8B5C1F30A56A6F2FF34132C51
:107840000D460ADC002C1BDB114941FA04F400222E
:1078500025EA040310461946F8BD332C05DDB4F5BE
:10786000806F02460B460FD0F8BD4FF0FF31A6F2F5
:10787000134621FA06F620EA060210462946F8BD0C
:10788000002005F00041F8BD01F03CFEF8BD00BF4E
:10789000FFFF0F0000B585B0234A0190019B23F044
:1078A000004393421DDDB3F1FF4F08DBDDED017AAC
:1078B00077EEE77A17EE900A05B05DF804FB02A9AF
:1078C00000F04EFE00F00302012A1DD0022A12D061
:1078D0001AB301220399029801F0C0FB07EE900A47
:1078E000E8E7002100F0D8FF07EE900A17EE900AB3
:1078F00005B05DF804FB0399029800F0CDFF07EE98
:10790000900AF1EE677AD5E70399029801F0A6FB99
:1079100007EE900AF1EE677ACCE70399029800F03F
:10792000BBFF07EE900AC5E7D80F493F00B585B009
:10793000244A0190019B23F0004393421EDDB3F1E2
:10794000FF4F08DBDDED017A77EEE77A17EE900A5C
:1079500005B05DF804FB02A900F002FE00F0030090
:10796000012820D0022814D020B30399029800F0F7
:1079700093FF07EE900AF1EE677AE7E70022002115
:1079800001F06CFB07EE900A17EE900A05B05DF867
:1079900004FB01220399029801F060FB07EE900AB4
:1079A000F1EE677AD2E70399029800F075FF07EECF
:1079B000900ACBE701220399029801F04FFB07EEF2
:1079C000900AC3E7D80F493F2DE9F043DFF89C80C8
:1079D0008BB004460D46E9F7DBFE98F90030013321
:1079E00006460F462BD022462B462046294602F05B
:1079F000D5F9814618BB20462946FFF731FE002203
:107A0000174B02F0C1F9D0B1164B1748CDF82090B2
:107A100001228DE80C00CDE90445CDE9024501F0D5
:107A200073FB98F90030022BCDE906010CD06846B3
:107A300001F068FB40B1089B6BB9DDE90667304691
:107A400039460BB0BDE8F08301F0E8FC2123036068
:107A5000089B002BF1D001F0E1FC089B0360ECE7F0
:107A60000000F03FACBD010054B30100FB01002059
:107A70002DE9F0438BB004460D46EAF7DDF8244BC0
:107A800093F90080B8F1FF3F06460F460ED022461C
:107A90002B462046294602F081F9814630B9002262
:107AA0001C4B2046294602F051F920B93046394690
:107AB0000BB0BDE8F083002200230127164ECDF85D
:107AC000209010461946CDE90445CDE902450097BE
:107AD000019601F0F3FFB8F1020FCDE906010CD0D9
:107AE000684601F00FFB40B1089B5BB9DDE9066712
:107AF000304639460BB0BDE8F08301F08FFC2123FE
:107B00000360F1E701F08AFC089B0360EEE700BF29
:107B1000FB0100200000F03FB4BD01002DE9F0435F
:107B2000DFF89C808BB004460D46EAF715F998F90A
:107B30000030013306460F462BD022462B46204606
:107B4000294602F02BF9814618BB20462946FFF74B
:107B500087FD0022174B02F017F9D0B1164B1748DA
:107B6000CDF8209001228DE80C00CDE90445CDE947
:107B7000024501F0C9FA98F90030022BCDE906015F
:107B80000CD0684601F0BEFA40B1089B6BB9DDE944
:107B90000667304639460BB0BDE8F08301F03EFC85
:107BA00021230360089B002BF1D001F037FC089BD8
:107BB0000360ECE70000F03FBCBD010054B30100DE
:107BC000FB010020EAF7F0BA2DE9F04FDFF8DCA066
:107BD0008BB004460D46EAF7E3FB9AF90030013317
:107BE00006460F4638D022462B462046294602F04C
:107BF000D5F8834680BB20462946FFF731FD002299
:107C0000284B8046894602F0B5F828B3254B4046FC
:107C10004946002202F0B8F8034610B300230022C0
:107C200019460127204ECDF820B01046CDE9044575
:107C3000CDE902450097019601F040FF9AF9003026
:107C4000022BCDE9060121D0684601F05BFAE8B1CC
:107C5000089B13BBDDE90667304639460BB0BDE82B
:107C6000F08F022708932046002329460E4E0097E6
:107C70000022CDE90445CDE90245019601F01EFF41
:107C80009AF90030BB42CDE90601DDD101F0C6FB17
:107C900021230360089B002BDCD001F0BFFB089B75
:107CA0000360D7E70000F03FC4BD0100FB010020E6
:107CB0002DE9F04F8BB01D4606460F46144600F0E6
:107CC0006FFA284B93F900A0BAF1FF3F804689462E
:107CD0002CD022462B462046294602F05FF828BBCE
:107CE00032463B463046394602F058F88346E8B9FA
:107CF000002200232046294602F01EF8B0B11A4B9C
:107D0000CDF820B00122CDE90267CDE904458DE828
:107D10000C00BAF1000F0ED1CDE90667684601F0FC
:107D2000F1F998B1089BC3B9DDE906894046494697
:107D30000BB0BDE8F08F002200231046194601F079
:107D4000BDFEBAF1020FCDE90601E7D101F066FBF5
:107D500021230360089B002BE6D001F05FFB089B0A
:107D60000360E1E7FB010020D8BD01002DE9F043ED
:107D70008BB004460D46EAF7C7FD374B93F9006018
:107D8000731C804689460DD022462B462046294644
:107D900002F004F830B9002200232046294601F001
:107DA000F3FF20B1404649460BB0BDE8F0832B4BB2
:107DB0000890CDE90245CDE904450193DEB9284F8D
:107DC0004FF060462046294600220023CDE9066791
:107DD00001F0B2FF002837D002230093684601F07B
:107DE00091F9C8B1089BE3B9DDE9068940464946E7
:107DF0000BB0BDE8F083DFF870904FF0000820462C
:107E0000294600220023CDE9068901F095FF68B1DB
:107E100002239E420093E1D101F000FB2223036084
:107E2000E0E701F0FBFA089B0360DDE70123022E87
:107E300000930BD101F0F2FA21230360094801F00D
:107E400063F9CDE90601CDE701230093684601F00F
:107E500059F90028F2D1EDE7FB010020E0BD010057
:107E6000FFFFEFC754B301000000F0FF2DE9F0431E
:107E70008BB004460D46EAF73BFF384B93F90060A0
:107E8000731C804689460ED022462B462046294642
:107E900001F084FF074630B900220023204629461E
:107EA00001F05EFF20B9404649460BB0BDE8F083C3
:107EB0002B4B0897CDE90245CDE904450193DEB986
:107EC000284F4FF060462046294600220023CDE986
:107ED000066701F031FF002837D00223009368467F
:107EE00001F010F9C8B1089BE3B9DDE90689404605
:107EF00049460BB0BDE8F083DFF870904FF0000802
:107F00002046294600220023CDE9068901F014FF0E
:107F100068B102239E420093E1D101F07FFA22234F
:107F20000360E0E701F07AFA089B0360DDE70123D4
:107F3000022E00930BD101F071FA212303600A484D
:107F400001F0E2F8CDE90601CDE701230093684690
:107F500001F0D8F80028F2D1EDE700BFFB010020C6
:107F6000E4BD0100FFFFEFC754B301000000F0FFC4
:107F70002DE9F0432B4E8BB080468946EBF7C0FECF
:107F800096F90030013304460D4603D001F0B4F8F1
:107F9000074620B1204629460BB0BDE8F083404695
:107FA000494601F0A9F80028F4D01F4B96F900408B
:107FB000089703228DE80C00CDE90489CDE90289F8
:107FC0004046494600220023A4B901F0DDFE4FF0EF
:107FD000604210B3154BCDE90623684601F092F8D4
:107FE00088B1089BA3B9DDE90645204629460BB0B8
:107FF000BDE8F08301F0C8FE002280B10C4B022CDA
:10800000CDE90623E9D101F009FA22230360E8E76C
:1080100001F004FA089B0360E5E7064BDBE7064B3B
:10802000EDE700BFFB010020F0BD0100FFFFEF47BF
:108030000000F07FFFFFEFC70000F0FF2DE9F04FD9
:108040008BB004460D4600F0CFF9294B93F900A000
:10805000BAF1FF3F06460F4612D022462B46204675
:10806000294601F09BFE834650B94FF000084FF0BF
:1080700000092046294642464B4601F067FE20B9DA
:10808000304639460BB0BDE8F08F1A4BCDF820B022
:108090000122CDE90445CDE902458DE80C00BAF195
:1080A000000F17D042464B464046494601F006FDB8
:1080B000BAF1020FCDE906010ED101F0AFF921238B
:1080C0000360089B73B9DDE90667304639460BB09B
:1080D000BDE8F08FCDE90689684601F013F8002865
:1080E000EFD1EAE701F09AF9089B0360EBE700BFE4
:1080F000FB010020F8BD010010B52DED028B8AB008
:1081000008EE100A00F076FB234B93F90040631C45
:1081100009D0B4EE488AF1EE10FA04D6B5EEC08A62
:10812000F1EE10FA03D40AB0BDEC028B10BD0123AE
:108130001A4A009318EE100A00230192089301F0E6
:108140003FFB0022CDE90401CDE902010023ACB1DF
:108150001046194601F0B2FC022CCDE906010FD100
:1081600001F05CF921230360089B7BB9DDE906017E
:1081700001F072FE0AB0BDEC028B10BDCDE9062302
:10818000684600F0BFFF0028EED1E9E701F046F9AC
:10819000089B0360EAE700BFFB01002000BE01006E
:1081A0002DE9F84F904623F0004A944658EA0A0217
:1081B000994604460D4623D01E468346034683480F
:1081C00021F0004282421BDCC8F1000040EA0800B6
:1081D000DFF810E24AEAD070704511D852454746A0
:1081E00001F0004E18DC28DB444526D314D1784B2F
:1081F0004FEADE7E03EBCE03D3E90001BDE8F88F42
:1082000042464B462046294601F02EFB02460B46CD
:1082100001F054FCBDE8F88FB2F5801F11DA002A96
:1082200040F09C80BBF1000F5C466A480CDD6400A6
:10823000002C00F1FF30FADC06E020462946BDE8BC
:10824000F88F1015A0F2FF30BAF5801F0EDABAF1E0
:10825000000F40F09780BCF1000F65465D4C09DDD2
:108260006D00002D04F1FF34FADC03E04FEA2A54DC
:10827000A4F2FF34584DA84256DBC1F3130242F476
:10828000801255498C425BDBC6F3130646F4801618
:10829000001B07E051EA050312D0EA0F02EB41028E
:1082A0006B000138DD1B911B98B1BB4238BF01F157
:1082B000FF310029EEDAD90F01EB42025B00F0E753
:1082C000434B4FEADE7E03EBCE0EDEE90001BDE854
:1082D000F88FBB420E4638BF01F1FF36002EACBF0F
:1082E000DB1B164656EA0302EAD03C498E4208DC04
:1082F000DA0F02EB46068E4204F1FF344FEA4303E5
:10830000F6DD354A944246DA121B142A4EDCC2F1DD
:10831000200123FA02F006FA01F30343164146EA6C
:108320000E011846BDE8F88F2D1A1F2D24DCC5F16B
:1083300020032BFA03F3AA401A430BFA05F3A0E734
:10834000091B1F2912DCC1F120060AFA01FA2CFAD6
:1083500006F646EA0A060CFA01F799E71E48D40227
:108360006400002C00F1FF30FADC6DE71C4E361B78
:108370000CFA06F600278BE7194A121A0BFA02F2DA
:1083800000237EE7144C4FEACA256D00002D04F14E
:10839000FF34FADC6EE7A6F5801646EA0E0E04F20C
:1083A000FF324EEA02511846BDE8F88F1F2A06DC5C
:1083B000C2F120018E40D34033437646AFE7084BED
:1083C0001B1B46FA03F37646A9E700BFFFFFEF7FCA
:1083D00038AB0100EDFBFFFF02FCFFFFFFFF0F00CA
:1083E000E2FBFFFF0000F07F2DE9F0415B4F8F4380
:1083F00004460D4600F0918000290B4602466EDDD2
:108400000F157AD0A7F2FF37C3F31303F80743F42D
:1084100080135FD403EBD27100260B447F1052000F
:10842000B64616204FF400110EEB01049C424FEAB1
:10843000D2754FEA420203DC1B1B04EB010E0E4413
:10844000013805EB43034FEA5101EDD18446202466
:108450004FF0004109E020D003EBD275013C4FEA18
:1084600051012B444FEA420220D0734501EB0C0529
:10847000F1DD002D05EB010C09DBF0469542A3EB85
:108480000E0300D9013B521B0844C646E4E7BCF189
:10849000000FF2DB0EF10108F0E79542DCD8002D69
:1084A00005EB010C45DB98460023ECE7134302D0B3
:1084B000411C42D0013044087310F20703F17F538E
:1084C00003F5001348BF44F0004403EB0751204676
:1084D000BDE8F0815B0003EBD27352009AE70646D9
:1084E00021F000473E4322D071BB0F46D30A153F0F
:1084F0005205002BFAD0DE0221D4002400E004460D
:108500005B00DD0204F10100F9D5C0F1200122FA7F
:1085100001F10B433F1B824074E702460B4601F01A
:10852000A3F922462B4600F0EDFFBDE8F081BDE83F
:10853000F081BCF1000FADDAB5E70136BCE70020F1
:1085400020214FF0FF34E2E702460B4600F0D8FF4F
:1085500002460B4601F0B2FABDE8F0810000F07F60
:1085600070B5964A20F00044944286B06ADD944A81
:10857000944206461CDC0028DFED927A924A24F0F1
:108580000F0407EE100A40F3E180944277EE677A19
:1085900068D09FED8E7A77EEC76A012077EEE67A93
:1085A000C1ED006A77EEC77AC1ED017A06B070BD01
:1085B000874A94420D4667DDB4F1FF4F48DAE21571
:1085C000863AA4EBC25307EE903ABDEEE77ADFEDB0
:1085D000816AB8EEC77A77EEC77A8DED037A67EED7
:1085E000A67ABDEEE77AB8EEC77A77EEC77A8DED58
:1085F000047A67EEA67AF5EE407AF1EE10FACDED48
:10860000057A40F0B680B5EE407AF1EE10FA0CBF74
:1086100001230223704901910221009103A82946F8
:1086200000F0C4F9002E11DA95ED007AD5ED017A4B
:10863000B1EE477AF1EE677A404285ED007AC5EDFA
:10864000017A03E0002208604A60002006B070BD95
:1086500007EE900A77EEE77A0020C1ED017AC1EDCE
:10866000007AF3E7DFED5D6A9FED5D7A77EEE67AFB
:10867000012077EEC76A77EEE67AC1ED006A77EE01
:10868000C77AC1ED017AE1E700F0CEFD9FED556AB2
:108690009FED4C5A9FED4D7A07EE900AF6EE006A78
:1086A000E7EE866AFDEEE66AB8EEE66A16EE900A36
:1086B000F1EE465A1F28E5EE857A26EE077A1DDC94
:1086C000494A411E24F0FF0352F82120934215D05D
:1086D00077EEC76AC5ED006A77EEE67A002E77EE90
:1086E000C77AC5ED017AB1DAF1EE666AF1EE677A22
:1086F000C5ED006AC5ED017A4042A7E777EEC76A8B
:10870000E41516EE903AC3F3C753E31A082BE1DDE4
:108710009FED327ADFED326AB0EE675AA5EE875AE6
:1087200077EEC57AE5EE877AD6EE267A75EE676A39
:10873000B0EE677A16EE903AC3F3C753E41A192CD9
:108740002CDCC5ED006AF0EE457AC5E7944277EE81
:10875000277A10D09FED1D7A77EE876A4FF0FF30B1
:1087600077EEE67AC1ED006A77EE877AC1ED017A9D
:108770006CE703234EE7DFED196A9FED197A77EE78
:10878000A67A4FF0FF3077EE876A77EEE67AC1ED92
:10879000006A77EE877AC1ED017A57E7DFED136A59
:1087A000DFED134AF0EE457AE5EEA67A35EE677A0C
:1087B000A5EEA67A96EE247A8AE700BFD80F493F45
:1087C000E3CB1640800FC93FD00FC93F4344353734
:1087D000800F49430000804310C00100004435373A
:1087E00008A3852E84F9223F90BF010000A3852EA7
:1087F00032318D2420F00042B2F1FF4F07EE900A93
:1088000031D292B3002803463EDBB2F5000F70B4BC
:108810004FEAE0502CD3A0F17F02C3F31603D10737
:1088200043F4000348BF5B00002456105B0025465C
:1088300019214FF08072A818984202DC1B1A851883
:10884000144401394FEA43034FEA5202F3D113B102
:10885000013424F00104641004F17C5404EBC65389
:10886000184670BC7047E7EEA77A17EE900A70477B
:1088700013F4000201D00CE00A465B001C0202F176
:108880000101F9D5801AC6E737EEE77AC7EE077A15
:10889000EBE74FF0FF32F5E720F00043B3F1485F1C
:1088A00006EE100A06EE901A2EDAFDEEC67A17EEE4
:1088B000903A002B64D026EE067ADFED343A9FED35
:1088C000344ADFED344A9FED345ADFED347ADFED80
:1088D000345AA7EE234AE7EE044AA7EE245AE7EEFD
:1088E000057AE7EE275A65EE875A66EEC66AB6EE57
:1088F000006AE7EE256AF7EE007AD7EE066A77EEB1
:10890000E67A17EE900A704726EE067ADFED1F3AF8
:108910009FED1F4ADFED1F4A9FED1F5ADFED1F7AC3
:10892000DFED1F5A1F4AA7EE234A9342E7EE044A9F
:10893000A7EE245AE7EE057AE7EE275A65EE875A46
:10894000D3DD194A934216DC03F17F4307EE903AD8
:10895000B7EE005A35EE675A66EEC66AB6EE006AA2
:10896000E7EE256AD7EE067A77EEE67A75EE677A55
:1089700017EE900A7047B6EE075AF5EE027AEBE76B
:10898000F7EE007A17EE900A704700BF4ED747AD5A
:10899000F6740F317CF293B4010DD037610BB6BA87
:1089A000ABAA2A3D9999993E0000483F2DE9F04F26
:1089B0002DED048BD9B003F1FF390493D31E48BFCA
:1089C000131DDA4C669D0291DB1023EAE37319460E
:1089D00054F8256006930133A2EBC3030193A1EB86
:1089E000090316EB0901824616D419449FEDD07A8B
:1089F000679801311CAA002BA4BF50F8234007EE52
:108A0000904A03F10103ACBFF8EEE77AF0EE477A43
:108A10008B42E2EC017AEED1002EC0F21783049B68
:108A200044AD9C00771C1CAB05EB870718190AEBBB
:108A30000401B9F1000FC0F28582DFEDBD7A534623
:108A40000246F3EC016A32ED017A8B42E6EE877A58
:108A5000F7D1E5EC017ABD4200F10400E9D106F15D
:108A60008043013B9B0008AD1A1FAA18B34603962A
:108A7000DFEDB18A9FEDAF8A019E0792544405EB6A
:108A8000030844AF4FEA8B0258AB1344BBF1000F0D
:108A900053ED146A18DD07A907EB8B0366EEA87A7D
:108AA000B0EE667AFDEEE77A33ED016AF8EEE77A2A
:108AB000BB42A7EEC87A77EE866ABDEEC77A17EE9C
:108AC000100A41F8040FE9D1314616EE900A0592DA
:108AD00000F008FC09EE100AF4EE007A69EE277A3D
:108AE00017EE900A00F0A4FB07EE100AF2EE007AEF
:108AF000A7EE679A002E059AFDEEC99AF0EE497A24
:108B0000B8EEE99A37EEC99A40F3CB800BF1FF3EFD
:108B1000C6F1080355F82E0040FA03F101FA03F3F9
:108B2000C01A45F82E0019EE90EA8E44C6F10703EC
:108B300009EE90EA1841002853DD19EE903ABBF196
:108B4000000F03F1010309EE903A40F31A822968FD
:108B5000002940F07182BBF1010F40F33182AE4633
:108B600001235EF8041F002900F0268203F1010EA4
:108B7000C1F58071F34545F8231012DD55F82E102C
:108B80000233C1F1FF019B4545F82E1009DD05EBCD
:108B900083012A440B68C3F1FF0341F8043B91426F
:108BA000F8D1002E0DDD012E4FF0010140F0EF81D4
:108BB0000BF1FF3255F8223003F07F0345F82230E5
:108BC000EFE102280DD1F7EE007A37EEC99A31466F
:108BD0004FF07E5000F086FB07EE900A39EE679A60
:108BE0000220B5EE409AF1EE10FA70D1039B0BF122
:108BF000FF3E73450EDC0BF18042013A05EB820229
:108C0000002152F80439424541EA0301F9D1002913
:108C100040F09680039B013B55F82330002B40F039
:108C2000D981079B4FF0010C53F804290CF1010C7A
:108C3000002AF9D0DC440BF1010EE6452FDC069A40
:108C4000049B0EEB020103EB0B000CEB02031CAACE
:108C500001F1804102EB8000679A013902EB81014A
:108C600007EB8E0E02EB830B51F8043F07EE903AB0
:108C7000F8EEE77AB9F1000FE0EC017ADFED2C7A3B
:108C800009DB53460246F3EC016A32ED017AA34256
:108C9000E6EE877AF7D15945EEEC017AE4D1E34666
:108CA000F0E605D10BF1FF3355F82300001242E73F
:108CB000F6EE007AB4EEE79AF1EE10FA80F24C810B
:108CC000B5EE409AF1EE10FA4FF000008ED0019C04
:108CD0000490614219EE100A039E00F003FBDFEDE1
:108CE000156A049A07EE100AB4EEE67AF1EE10FA6D
:108CF000C0F28881DFED107A67EE277A2346FDEE19
:108D0000E77A0833F8EEE77A0193A7EEE67A0BF1FB
:108D10000103FDEEE77ABDEEC77A17EE101A45F8AB
:108D20002B1017EE901A45F823101EE064C30100C3
:108D300000000000000080430000803B0000C93FAD
:108D40000246019855F82E10039E0838734601908C
:108D500059B90EF18041013905EB810151F80449FF
:108D6000013B0838002CF9D00190019904934FF091
:108D70007E50039200F0B6FA049B039A002B07EE94
:108D8000100AC0F24A814FEA830E44A901EB0E0794
:108D90000EF1040C5FED186A05EB0C01381D71ED46
:108DA000017AF8EEE77AA94267EE877A27EE267A0B
:108DB00060ED017AF3D11FED1F6A0DF5867800256D
:108DC000002EC0F2DB80A34CDFEDA37A3846B0EE74
:108DD000467A002103E0A94208DCB4EC017AF0EC09
:108DE000016A01318E42E7EE267AF4DA043F58A98F
:108DF00001EB8501474541ED287A05F10105DFD1F9
:108E0000669903295BD8DFE801F08C636302002BCD
:108E100040F3008158A9714430A811ED287A0EF171
:108E20000401014431AC704450ED017A77EE876A59
:108E300077EEE67A77EE877AB0EE667A61ED017AC0
:108E4000A14260ED016AEFD1012B40F3E38058AB02
:108E5000734430A913ED287A0EF1040332A88E442E
:108E600019445EED017A77EE876A77EEE67A77EE5F
:108E7000877AB0EE667A61ED017A88426EED016A1A
:108E8000EFD130A8DFED747A034433ED017A9942D3
:108E900077EE877AF9D1002A00F0AC80DDED306AF8
:108EA0009DED317A029AF1EE677AF1EE666AB1EEE3
:108EB000477AC2ED027AC2ED006A82ED017A19EEBC
:108EC000903A03F0070059B0BDEC048BBDE8F08F79
:108ED0000EF1040130A8DFED607A014431ED017A32
:108EE000814277EE877AF9D1002A76D0DDED306ABB
:108EF0000299B1EE677A002B76EEE77A81ED007A7F
:108F000009DD31A80121B0EC017A01318B4277EE05
:108F1000877AF8DA0AB1F1EE677A029BC3ED017A3B
:108F2000CDE730ABDFED4C7A9C443CED017A6345F4
:108F300077EE877AF9D10AB1F1EE677A029BC3ED39
:108F4000007ABCE7DFED447AE5EC017ABD4200F13E
:108F500004007FF46EAD82E519EE903ABBF1000F8C
:108F600003F1010309EE903AC8BF02203FF7EFADCD
:108F7000F7EE007A37EEC99A022032E6DFED367A54
:108F800034E7002E1EDD0021012E3FF411AE022E2B
:108F900007D10BF1FF3255F8223003F03F0345F8BB
:108FA000223002287FF41DAEF7EE007A37EEC99A20
:108FB00000293FF416AE0AE601339B457FF4D1AD9C
:108FC000002EE1DC02287FF40CAEF7EE007A37EEDB
:108FD000C99A06E64FF0010C2CE69DED307A029915
:108FE000002BC1ED007A77EE677A8ADC029BC3ED35
:108FF000017A64E70298309A319BC0ED027A0260F0
:1090000043605CE7BDEEC77A5B4617EE101A45F881
:109010002B10AAE6DFED107A3DE7669903293FF6AB
:109020004EAF01A050F821F047900100419001009F
:1090300041900100159001004FF0010E002397E5CB
:10904000DFED057A50E7DFED047A74E7049B9C00BE
:1090500005E500BF3CC301000000000020F0004314
:10906000B3F1485F07EE900A06EE101A04DABDEE7F
:10907000E77A17EE103A23B327EEA77A9FED174A47
:10908000DFED174A9FED175ADFED175ADFED176A2C
:10909000E7EE044A27EE874AA7EE245AE7EE055A80
:1090A000E7EE256A82B166EEC46AF6EE005AE6EE95
:1090B000256ADFED0F5A97EE266AA4EE256A77EE51
:1090C000C67A17EE900A70479FED0A6AA7EE266AE5
:1090D000E4EE067A17EE900A704700BFD3C92E2F30
:1090E000342FD7B21BEF3836010D50B98988083CB0
:1090F000ABAA2A3EABAA2ABE41F0004101F580107E
:10910000C00F70470020704700200149704700BF22
:109110000000F87FF0B5C1F30A5EAEF2FF36132E01
:1091200083B002460B460C464FEAD17507462EDC4B
:10913000002E49DB3A49314103EA010010432BD0AC
:1091400049080B4053EA02070CD04FF48023132E3A
:1091500024EA010143FA06F444EA01040CBF4FF08B
:10916000004700272F4B03EBC5052146D5E90045F5
:10917000384622462B4600F0C5F9CDE900012246CB
:109180002B46DDE9000100F0BBF903B0F0BD332E42
:1091900006DDB6F5806F40D01046194603B0F0BD2D
:1091A000AEF2134E4FF0FF3121FA0EF10842F3D028
:1091B00049080842D6D04FF0804320EA010143FA23
:1091C0000EFE4EEA0107CDE721F000410143E3D056
:1091D000C3F31301134E0143C1F1000C06EBC502AA
:1091E000D2E900674CEA010C4FEA1C3C5C0C6404B9
:1091F0000CF4002343EA040132463B4600F082F9B6
:10920000CDE9000132463B46DDE9000100F078F986
:1092100021F0004444EAC571C0E700F073F9BDE7EE
:10922000FFFF0F0088AB010020F00040704700BF37
:1092300010B483B00190019A22F00041CB0D7F3B26
:10924000162B19DC002B144628DB24481841024257
:1092500015D0DFED237A9DED017A77EE277AF5EED2
:10926000C07AF1EE10FA28DD002A29DB24EA00009A
:1092700003B05DF8044B7047B1F1FF4F04D2019881
:1092800003B05DF8044B7047DDED017A77EEA77A05
:1092900017EE900A03B05DF8044B7047DFED107ACB
:1092A00007EE100A77EE277AF5EEC07AF1EE10FAA3
:1092B000E5DD002A0ADB0020E2E717EE100ADFE70F
:1092C0004FF4000242FA03F31C44CFE70029FFEEFB
:1092D000007A18BF17EE900AD2E700BFFFFF7F00A9
:1092E000CAF2497100B52DED028B83B00190019B4C
:1092F00033F0004223D0B2F1FF4F15D2B2F5000F88
:1093000026D3D20D0A44FE2A3CDC002A30DD23F0AD
:10931000FF4343EAC25307EE903A17EE900A03B0B8
:10932000BDEC028B5DF804FB07EE900A77EEA77A9E
:1093300017EE900A03B0BDEC028B5DF804FBDDED87
:10934000017A17EE900A03B0BDEC028B5DF804FBC6
:109350009DED017ADFED1E7A1E4B67EE277A99426A
:10936000CDED017A20DB019BC3F3C752193AC9E75F
:1093700012F1160F1FDA4CF25033994202DC9FEDC6
:10938000168A01E09FED158A019918EE100A00F087
:1093900031F807EE900A67EE887A17EE900A03B06C
:1093A000BDEC028B5DF804FBDFED0B7A9DED017ADD
:1093B00067EE277ABCE7193223F0FF4343EAC25332
:1093C0009FED077A07EE903A67EE877AB0E700BF25
:1093D0000000004CB03CFFFF6042A20DCAF2497190
:1093E0000000003303F0004321F0004242EA030191
:1093F000704700BF01F0004120F000400843704773
:1094000010B5054C13462CB10A4601460220AFF3B5
:10941000008010BD204610BD00000000014B186800
:10942000704700BF2800002008B5074B044613B161
:109430000021AFF30080054B1868836A03B1984799
:10944000204600F051FF00BF0000000070C3010083
:1094500070B50D4E0D4CA41BA4100025A54209D1DA
:109460000B4E0C4C01F060F8A41BA4100025A54283
:1094700005D170BD56F8253098470135EEE756F80E
:10948000253098470135F2E7FC010020FC0100205F
:10949000FC0100200C020020024B0146186800F07D
:1094A0006FBF00BF2800002038B5074C00230546D9
:1094B00008461146236000F00FFF431C02D12368C9
:1094C00003B12B6038BD00BFA80C0020084B37B596
:1094D0001C68084D236A002B08BF2B4600931346D7
:1094E0000A460146204600F07DFF03B030BD00BFB4
:1094F000280000208C00002081F0004102E000BF25
:1095000083F0004330B54FEA41044FEA430594EA43
:10951000050F08BF90EA020F1FBF54EA000C55EA7E
:10952000020C7FEA645C7FEA655C00F0E2804FEA4F
:109530005454D4EB5555B8BF6D420CDD2C4480EA31
:10954000020281EA030382EA000083EA010180EA61
:10955000020281EA0303362D88BF30BD11F0004FAF
:109560004FEA01314FF4801C4CEA113102D04042E5
:1095700061EB410113F0004F4FEA03334CEA133320
:1095800002D0524263EB430394EA050F00F0A78038
:10959000A4F10104D5F1200E0DDB02FA0EFC22FA33
:1095A00005F2801841F1000103FA0EF2801843FA27
:1095B00005F359410EE0A5F120050EF1200E012A18
:1095C00003FA0EFC28BF4CF0020C43FA05F3C01856
:1095D00051EBE37101F0004507D54FF0000EDCF1CF
:1095E000000C7EEB00006EEB0101B1F5801F1BD378
:1095F000B1F5001F0CD349085FEA30004FEA3C0C7C
:1096000004F101044FEA445212F5800F80F09A8071
:10961000BCF1004F08BF5FEA500C50F1000041EB75
:10962000045141EA050130BD5FEA4C0C404141EB79
:10963000010111F4801FA4F10104E9D191F0000FA0
:1096400004BF01460020B1FA81F308BF2033A3F123
:109650000B03B3F120020CDA0C3208DD02F1140C1A
:10966000C2F10C0201FA0CF021FA02F10CE002F155
:109670001402D8BFC2F1200C01FA02F120FA0CFC4E
:10968000DCBF41EA0C019040E41AA2BF01EB045197
:10969000294330BD6FEA04041F3C1CDA0C340EDC95
:1096A00004F11404C4F1200220FA04F001FA02F3D8
:1096B00040EA030021FA04F345EA030130BDC4F196
:1096C0000C04C4F1200220FA02F001FA04F340EA8B
:1096D0000300294630BD21FA04F0294630BD94F03C
:1096E000000F83F4801306BF81F480110134013D23
:1096F0004EE77FEA645C18BF7FEA655C29D094EA94
:10970000050F08BF90EA020F05D054EA000C04BF11
:109710001946104630BD91EA030F1EBF00210020FC
:1097200030BD5FEA545C05D14000494128BF41F09B
:10973000004130BD14F580043CBF01F5801130BDFF
:1097400001F0004545F0FE4141F470014FF000008A
:1097500030BD7FEA645C1ABF194610467FEA655C3B
:109760001CBF0B46024650EA013406BF52EA0335DD
:1097700091EA030F41F4002130BD00BF90F0000FCB
:1097800004BF0021704730B54FF4806404F1320407
:109790004FF000054FF0000150E700BF90F0000FC0
:1097A00004BF0021704730B54FF4806404F13204E7
:1097B00010F0004548BF40424FF000013EE700BFB7
:1097C00042004FEAE2014FEA31014FEA02701FBF47
:1097D00012F07F4393F07F4F81F06051704792F019
:1097E000000F14BF93F07F4F704730B54FF4607493
:1097F00001F0004521F0004120E700BF50EA0102DE
:1098000008BF704730B54FF000050AE050EA01028A
:1098100008BF704730B511F0004502D5404261EBFA
:1098200041014FF4806404F132045FEA915C3FF43B
:10983000DCAE4FF003025FEADC0C18BF03325FEAD4
:10984000DC0C18BF033202EBDC02C2F1200300FA89
:1098500003FC20FA02F001FA03FE40EA0E0021FAAE
:1098600002F11444C1E600BF70B54FF0FF0C4CF498
:10987000E06C1CEA11541DBF1CEA135594EA0C0F4E
:1098800095EA0C0F00F0DEF82C4481EA030621EA89
:109890004C5123EA4C5350EA013518BF52EA0335C4
:1098A00041F4801143F4801338D0A0FB02CE4FF076
:1098B0000005E1FB02E506F00042E0FB03E54FF0A6
:1098C0000006E1FB03569CF0000F18BF4EF0010E9E
:1098D000A4F1FF04B6F5007F64F5407404D25FEA9A
:1098E0004E0E6D4146EB060642EAC62141EA55514D
:1098F0004FEAC52040EA5E504FEACE2EB4F1FD0C8F
:1099000088BFBCF5E06F1ED8BEF1004F08BF5FEA0C
:10991000500E50F1000041EB045170BD06F00046BE
:1099200046EA010140EA020081EA0301B4EB5C046B
:10993000C2BFD4EB0C0541EA045170BD41F4801163
:109940004FF0000E013C00F3AB8014F1360FDEBF88
:10995000002001F0004170BDC4F10004203C35DA64
:109960000C341BDC04F11404C4F1200500FA05F3E7
:1099700020FA04F001FA05F240EA020001F0004288
:1099800021F0004110EBD37021FA04F642EB0601FE
:109990005EEA430E08BF20EAD37070BDC4F10C0428
:1099A000C4F1200500FA04F320FA05F001FA04F2EC
:1099B00040EA020001F0004110EBD37041F10001D8
:1099C0005EEA430E08BF20EAD37070BDC4F12005E3
:1099D00000FA05F24EEA020E20FA04F301FA05F24B
:1099E00043EA020321FA04F001F0004121FA04F2F3
:1099F00020EA020000EBD3705EEA430E08BF20EAC3
:109A0000D37070BD94F0000F0FD101F000464000FC
:109A100041EB010111F4801F08BF013CF7D041EA7E
:109A2000060195F0000F18BF704703F00046520082
:109A300043EB030313F4801F08BF013DF7D043EA53
:109A40000603704794EA0C0F0CEA135518BF95EA09
:109A50000C0F0CD050EA410618BF52EA4306D1D190
:109A600081EA030101F000414FF0000070BD50EAAF
:109A7000410606BF1046194652EA430619D094EA39
:109A80000C0F02D150EA013613D195EA0C0F05D123
:109A900052EA03361CBF104619460AD181EA030177
:109AA00001F0004141F0FE4141F470014FF000002F
:109AB00070BD41F0FE4141F4780170BD70B54FF0CA
:109AC000FF0C4CF4E06C1CEA11541DBF1CEA13554A
:109AD00094EA0C0F95EA0C0F00F0A7F8A4EB05042C
:109AE00081EA030E52EA03354FEA013100F0888023
:109AF0004FEA03334FF0805545EA131343EA1263EC
:109B00004FEA022245EA111545EA10654FEA0026A0
:109B10000EF000419D4208BF964244F1FD0404F559
:109B2000407402D25B084FEA3202B61A65EB0305B5
:109B30005B084FEA32024FF480104FF4002CB6EB72
:109B4000020E75EB030E22BFB61A754640EA0C00F2
:109B50005B084FEA3202B6EB020E75EB030E22BF32
:109B6000B61A754640EA5C005B084FEA3202B6EB73
:109B7000020E75EB030E22BFB61A754640EA9C0032
:109B80005B084FEA3202B6EB020E75EB030E22BF02
:109B9000B61A754640EADC0055EA060E18D04FEAC0
:109BA000051545EA16754FEA06164FEAC30343EA60
:109BB00052734FEAC2025FEA1C1CC0D111F4801F2D
:109BC0000BD141EA00014FF000004FF0004CB6E726
:109BD00011F4801F04BF01430020B4F1FD0C88BFC5
:109BE000BCF5E06F3FF6AFAEB5EB030C04BFB6EBD0
:109BF000020C5FEA500C50F1000041EB045170BDC3
:109C00000EF0004E4EEA113114EB5C04C2BFD4EBEF
:109C10000C0541EA045170BD41F480114FF0000E73
:109C2000013C90E645EA060E8DE60CEA135594EAEF
:109C30000C0F08BF95EA0C0F3FF43BAF94EA0C0FF2
:109C40000AD150EA01347FF434AF95EA0C0F7FF467
:109C500025AF104619462CE795EA0C0F06D152EABB
:109C600003353FF4FDAE1046194622E750EA41069F
:109C700018BF52EA43067FF4C5AE50EA41047FF4B0
:109C80000DAF52EA43057FF4EBAE12E74FF0FF3C15
:109C900006E000BF4FF0010C02E000BF4FF0010CE6
:109CA0004DF804CD4FEA410C7FEA6C5C4FEA430C5F
:109CB00018BF7FEA6C5C1BD001B050EA410C0CBFAE
:109CC00052EA430C91EA030F02BF90EA020F002010
:109CD000704710F1000F91EA030F58BF994208BF77
:109CE00090422CBFD8176FEAE37040F00100704734
:109CF0004FEA410C7FEA6C5C02D150EA013C07D18B
:109D00004FEA430C7FEA6C5CD6D152EA033CD3D0D5
:109D10005DF8040B704700BF8446104662468C46CF
:109D20001946634600E000BF01B5FFF7B7FF002802
:109D300048BF10F1000F01BD4DF808EDFFF7F4FF2B
:109D40000CBF012000205DF808FB00BF4DF808EDB6
:109D5000FFF7EAFF34BF012000205DF808FB00BFD9
:109D60004DF808EDFFF7E0FF94BF012000205DF8FB
:109D700008FB00BF4DF808EDFFF7CEFF94BF0120B0
:109D800000205DF808FB00BF4DF808EDFFF7C4FFA9
:109D900034BF012000205DF808FB00BF4FEA410CF2
:109DA0007FEA6C5C02D150EA013C0AD14FEA430CD5
:109DB0007FEA6C5C02D152EA033C02D14FF0000012
:109DC00070474FF0010070474FEA410212F5001250
:109DD00015D211D56FF47873B3EB625212D94FEAF2
:109DE000C12343F0004343EA505311F0004F23FADC
:109DF00002F018BF404270474FF00000704750EA31
:109E0000013005D111F0004008BF6FF000407047ED
:109E10004FF00000704700BF4A0011D212F5001247
:109E200011D20DD56FF47873B3EB62520ED44FEAB2
:109E3000C12343F0004343EA505323FA02F0704732
:109E40004FF00000704750EA013002D14FF0FF3070
:109E500070474FF0000070474FEA4102B2F1E04313
:109E600024BFB3F5001CDCF1FE5C0DD901F0004C01
:109E70004FEAC0024CEA5070B2F1004F40EB830051
:109E800008BF20F00100704711F0804F21D113F17D
:109E90003872BCBF01F00040704741F480114FEAB6
:109EA0005252C2F11802C2F1200C10FA0CF320FA3F
:109EB00002F018BF40F001004FEAC1234FEAD3235C
:109EC00003FA0CFC40EA0C0023FA02F34FEA4303C6
:109ED000CCE77FEA625307D150EA01331EBF4FF04F
:109EE000FE4040F44000704701F0004040F0FE406A
:109EF00040F40000704700BF53B94AB9002908BFB9
:109F000000281CBF4FF0FF314FF0FF3000F0DAB9EE
:109F1000ADF1080C6DE904CE00F066F8DDF804E060
:109F2000DDE9022304B070472DE9F84382EAE274C8
:109F3000A4EBE2741546E20758BFDFF860900646CE
:109F40000F4652BF4FF000088046894664083246EB
:109F50003B463046394613D0FFF786FCE3070646FA
:109F60000F46F3D54046494632463B46FFF77CFC58
:109F700064088046894632463B4630463946EBD136
:109F8000002D07DA42464B4600200449FFF796FDB4
:109F90008046894640464946BDE8F8830000F03FC8
:109FA000D0B500220E4B06460F46FFF75DFCFFF7CB
:109FB00033FF0446FFF7E2FB00220A4BFFF754FC95
:109FC00002460B4630463946FFF79AFAFFF724FF60
:109FD0002346002242EA000210461946D0BD00BFC7
:109FE0000000F03D0000F0412DE9F0478C460D46A1
:109FF0000446089E002B51D18A4217466DD9B2FA09
:10A0000082FEBEF1000F0BD0CEF1200C01FA0EF54E
:10A0100020FA0CFC02FA0EF74CEA050C00FA0EF4DA
:10A020004FEA174A250CBCFBFAF81FFA87F90AFB1E
:10A0300018CC45EA0C4508FB09F3AB420AD9ED19E7
:10A0400008F1FF3280F02381AB4240F22081A8F179
:10A0500002083D44ED1AA4B2B5FBFAF00AFB105514
:10A0600044EA054400FB09F9A14509D9E41900F1C6
:10A07000FF3380F00A81A14540F2078102383C4459
:10A08000A4EB090440EA08400021002E61D024FA24
:10A090000EF4002334607360BDE8F0878B4207D96B
:10A0A000002E54D0002186E821000846BDE8F08744
:10A0B000B3FA83F1002940F08E80AB4202D3824292
:10A0C00000F2FA80841A65EB03050120AC46002EED
:10A0D0003FD086E81010BDE8F08712B90127B7FB22
:10A0E000F2F7B7FA87FEBEF1000F34D1EB1B3A0C42
:10A0F0001FFA87FC0121B3FBF2F8250C02FB183391
:10A1000045EA03450CFB08F3AB4207D9ED1908F10A
:10A11000FF3002D2AB4200F2D1808046ED1AA3B2EA
:10A12000B5FBF2F002FB105543EA05440CFB00FCC2
:10A13000A44507D9E41900F1FF3302D2A44500F287
:10A14000B8801846A4EB0C0440EA08409DE731466D
:10A150003046BDE8F087CEF1200405FA0EF307FA89
:10A160000EF720FA04F83A0C25FA04F448EA03083A
:10A17000B4FBF2F14FEA184502FB11441FFA87FCC9
:10A1800045EA044501FB0CF3AB4200FA0EF409D991
:10A19000ED1901F1FF3080F08A80AB4240F28780F8
:10A1A00002393D44EB1A1FFA88F5B3FBF2F002FBCB
:10A1B000103345EA034500FB0CF3AB4207D9ED1918
:10A1C00000F1FF386FD2AB426DD902383D44EB1A33
:10A1D00040EA01418FE7C1F1200722FA07F88B40DE
:10A1E00005FA01F448EA030320FA07FE4FEA134C8C
:10A1F000FD404EEA040EB5FBFCF94FEA1E440CFB91
:10A2000019551FFA83F844EA054509FB08F4AC42E6
:10A2100002FA01F200FA01FA08D9ED1809F1FF304B
:10A2200043D2AC4241D9A9F102091D442D1B1FFAAA
:10A230008EFEB5FBFCF00CFB10554EEA054400FB0E
:10A2400008F8A04507D9E41800F1FF3529D2A04548
:10A2500027D902381C4440EA0940A4EB0804A0FBBB
:10A2600002894C45C6464D4615D312D056B1BAEBBD
:10A270000E0364EB050404FA07F7CB401F43CC4000
:10A28000376074600021BDE8F0871846F8E6904614
:10A29000E0E6C245EAD2B8EB020E69EB03050138ED
:10A2A000E4E72846D7E7404691E78146BEE7014606
:10A2B00078E702383C4445E7084608E7A8F1020879
:10A2C0003D442BE7704700BF024B58221A604FF005
:10A2D000FF307047A80C0020024B58221A604FF044
:10A2E000FF307047A80C0020FEE700BFEEF7D8B99A
:10A2F00010B5002814BF044601242046EEF78AFB5F
:10A3000030B9FDF75DF908B900F00AF88047F4E7C5
:10A3100010BD0B4601461846FFF772B8FFF7E8BFBD
:10A3200008B50620FFF7B8F80120FFF7DDFF10B5EC
:10A3300001390244904201D1002010BD10F8013BC8
:10A3400011F8014FA342F5D0181B10BD884210B57B
:10A3500001EB020303D8421E99420CD110BD984272
:10A36000F9D28118D21AD34200D110BD13F8014D91
:10A3700001F8014DF7E711F8014B02F8014FEBE747
:10A380001F2938B504460D4604D9162303604FF043
:10A39000FF3038BD426C12B152F821304BB9204623
:10A3A00000F016F82A4601462046BDE83840FFF77F
:10A3B0007BB8012B0AD0591C03D11623036001205E
:10A3C00038BD002442F8254028469847002038BD73
:10A3D000FFF77ABF034613F8012B002AFBD1181AA6
:10A3E000013870472DE9F84F8046894692461F464E
:10A3F0008B465D460A9815F8014B00F073F820442F
:10A40000467816F008060BD12D2C0BD12C7801269E
:10A410000BF1020567B1102F14D1302C0AD011E0D6
:10A42000AB46E6E72B2C04BF2C780BF10205F1E7D5
:10A43000302C27D12B7803F0DF03582B4BD16C78CD
:10A4400010270235002E0CBF6FF000414FF0004185
:10A450000022B1FBF7FE104607FB1E1CA4F13003DF
:10A46000092B11D81C46A7421DDD531C07D0864579
:10A4700016D301D1A44513DB00FB0740012215F8D8
:10A48000014BEBE70A27DDE7A4F14103192B01D8C3
:10A49000373CE8E7A4F16103192B04D8573CE2E705
:10A4A0004FF0FF32EBE7531C08D12223C8F80030ED
:10A4B0000846BAF1000F07D1BDE8F88F06B1404257
:10A4C000BAF1000F0CD022B1013DCAF80050BDE82E
:10A4D000F88F4D46F9E73024002FB3D10827B1E7B4
:10A4E000BDE8F88FD0F8EC00704782B001B901A93F
:10A4F00042B14BB113780B601278101C18BF0120C9
:10A5000002B070471046FBE76FF00100F8E749B171
:10A51000FF2A85BF8A2303600A704FF0FF3098BF7F
:10A520000120704708467047F8B500BFF8BC08BC6A
:10A530009E467047F8B500BFF8BC08BC9E46704701
:10A540001042000000C80100E826D335FE1CA835E3
:10A55000D554000039550000FD5500002D5600006F
:10A560006194000091A30000CD8C0000C590000014
:10A57000D1900000E99000008D700000DD90000097
:10A58000298D0000A5900000957D00009D700000C1
:10A590002974000051730000017300005975000018
:10A5A000C96D0000C56F0000D56F0000E96F0000A5
:10A5B00005700000DD7800003D780000157E000089
:10A5C0006D7E0000F1AF0000F5AF0000F0AD0100BE
:10A5D000C0AD010048AD010090AD010020AE01000A
:10A5E0008CAE0100BCAE0100D4B00100C58C0000EF
:10A5F000858D00006D8B00002580000011B00000EB
:10A6000009B000000DB00000417C0000757A000028
:10A61000E17A00008571000099710000B9710000B5
:10A62000457200005972000091720000296C000010
:10A63000317000004570000049700000517000004A
:10A640005D70000065700000757000007D70000096
:10A6500085700000297A0000597A0000798D000089
:10A6600095910000C1910000319200001980000016
:10A670003180000081890000116A00001D6A00001D
:10A68000756A00007D6A00007D6F0000896F000020
:10A69000F56A0000896C0000756E0000916C000086
:10A6A000F16C0000B16D0000C16D0000057A000082
:10A6B000A1750000C9750000F17500004976000021
:10A6C000757600002D740000257500005D74000093
:10A6D0008D740000B5740000DD740000FD7400008E
:10A6E000917B0000B97B0000DD7B0000017C000055
:10A6F000217C0000097A0000197A0000BD78000072
:10A70000CD780000D576000011700000FD760000C5
:10A71000B9770000CD770000E1770000F577000001
:10A72000097800001D7800002170000029700000E9
:10A73000F9AF00008D700000E5A100009D700000E1
:10A74000197100001D7100002171000035710000B9
:10A75000697100006D7100007D710000A57200003C
:10A76000B1720000B5720000457D0000897E0000D6
:10A77000A17E0000C57E0000157F0000357F00002F
:10A78000BD590000D1590000E5590000F9590000F9
:10A790000D5A0000215A0000355A0000495A0000A5
:10A7A00081920000A9920000BD920000D1920000A9
:10A7B000E5920000F99200000D9300002193000043
:10A7C000C95A0000CD5A0000E55A0000F95A0000AD
:10A7D000115B0000255B0000E15E00001D600000D1
:10A7E0008D5B0000915B0000C15B0000ED5B000031
:10A7F0006D5C0000795C0000B95C00002D5D00001C
:10A80000455D00006D5D0000755D0000B98B0000C6
:10A81000BD8B00003D600000416000004D60000005
:10A8200051600000556000005D6000006160000044
:10A830006560000085600000A1600000C960000044
:10A84000CD600000D5600000E9600000F560000008
:10A85000F9600000A59B0000059501004D9D0100D9
:10A86000899D010001950100BD9A010069980100D0
:10A87000619400007DA30000D59B0000719C000046
:10A88000A59C0000B99C00000D9D0000119D0000DA
:10A89000199D0000259D00002D9D00002D9E0000AB
:10A8A0003D9E0000459E0000659E00009D9E0000AC
:10A8B000199F000065A000000DA1000015A1000077
:10A8C0002DA1000035A10000859700009D97000094
:10A8D000AD970000B5970000CD970000E997000004
:10A8E00091980000D9980000F59700009DA2000003
:10A8F00001A3000019A3000021A3000069A3000028
:10A9000071A300004D990000519900005D9900006D
:10A910006199000069A5000099A500002DA700001D
:10A9200031A7000035A7000039A700003DA70000AF
:10A93000F1AD0000C1AE0000C5AE00005DAF00008B
:10A94000A1AF0000A5AF0000A9AF0000ADAF0000AF
:10A95000B1AF0000B5AF0000B9AF0000BDAF00005F
:10A96000C1AF0000C5AF00009DB00000C1B0000045
:10A97000E9B000002DB1000089B10000B5B10000C0
:10A98000E5B1000001B200001DB20000F1F20000CC
:10A9900015F300009DF30000E5F300003DF4000016
:10A9A0004DF400003DF60000F5B60000FDB60000D5
:10A9B00005B7000015B700002DB7000099CD0000C5
:10A9C00039B7000075B7000009BB00009DB7000053
:10A9D00005B8000091BB00003DBD000055BD000062
:10A9E0007DBD000091DE000089BD0000F1BD0000CA
:10A9F000E1DC00006DDF00003DBE00002DBF000067
:10AA0000F5DF000075DC000039DC000061DC0000CF
:10AA1000F1E0000065C1000071C2000029C500001E
:10AA2000F1C500004DCB0000F9CB0000F9CC0000CF
:10AA300025E1000015E00000E1010100090201002C
:10AA4000290201004D02010099020100DD0201000E
:10AA500001000000000000000A00000000000000EB
:10AA60006400000000000000E80300000000000097
:10AA70001027000000000000A08601000000000078
:10AA800040420F0000000000809698000000000087
:10AA900000E1F5050000000000CA9A3B000000003C
:10AAA00000E40B540200000000E8764817000000A4
:10AAB0000010A5D4E800000000A0724E18090000A4
:10AAC00000407A10F35A00004FBB610567ACDD3FD0
:10AAD000182D4454FB21E93F9BF681D20B73EF3FC5
:10AAE000182D4454FB21F93FE2652F227F2B7A3C3D
:10AAF000075C143326A6813CBDCBF07A8807703CF6
:10AB0000075C143326A6913C000000000000E03FE3
:10AB1000000000000000E0BF0000E0FE422EE63F23
:10AB20000000E0FE422EE6BF763C7935EF39EA3D83
:10AB3000763C7935EF39EABD0000000000000000E6
:10AB4000000000000000008000000040FB21F93FF1
:10AB5000000000002D44743E000000809846F83C40
:10AB60000000006051CC783B00000080831BF0396E
:10AB70000000004020257A38000000802282E33661
:10AB8000000000001DF369350000000000003043A4
:10AB900000000000000030C30000000000000000C2
:10ABA000455600004D56000071250100A925010001
:10ABB00091040100515600006556000099150100EE
:10ABC00009150100511501000D1501008524010032
:10ABD000CD250100D9180100757073696465000006
:10ABE0006E6F726D616C0000636F6F7264696E618D
:10ABF00074652073706163653A202564202F2025D9
:10AC0000642C2025730000006163633A206D6F752A
:10AC10006E74696E670000006163633A2075736942
:10AC20006E67205344412C2053434C006163633AC8
:10AC3000206E6F2069326320617661696C61626C9D
:10AC4000650000006163633A2064616D616765645B
:10AC500020616363656C6572656F6D746572206FEA
:10AC60007220696E76616C696420414343454C45AE
:10AC7000524F4D455445525F545950450000000015
:10AC80006163633A20696E76616C69642041434375
:10AC9000454C45524F4D455445525F54595045001F
:10ACA0006163633A206D6F756E7465640000000027
:10ACB0006163633A206E6F742064657465637465C4
:10ACC000640000006163633A2064657465637465C1
:10ACD00064202564000000003031323334353637CB
:10ACE0003839616263646566000000006661696C02
:10ACF0006564207479706520636865636B20666F96
:10AD00007220257020402570000000005654202538
:10AD100070202D206F626A7479706520256420632D
:10AD20006C6173734E6F202564000000756E68615E
:10AD30006E646C656420657863657074696F6E2CF1
:10AD40002076616C75653A000C0003F90000000084
:10AD5000010000000000000029630000957D000054
:10AD6000A565000015670000E9660000DD660000CB
:10AD7000D1660000FD6600006D697373696E67201F
:10AD800070726F7065727479206F6E20257000008C
:10AD90000C0003F9000000000100000000000000AA
:10ADA00029630000957D0000996500001967000087
:10ADB00069640000216700002567000075640000D9
:10ADC0000C0003F90000000001000000000000007A
:10ADD00029630000957D00001D670000D16300001D
:10ADE000D9630000DD630000E1630000256400001A
:10ADF0000C0003F90000000001000000000000004A
:10AE000029630000957D000029670000B163000000
:10AE1000B96300002D670000BD630000C16300003E
:10AE20000C0003F900000000010000000000000019
:10AE300029630000957D00008D6400007D640000A2
:10AE400091640000A1640000A5640000A9640000F2
:10AE50005B5265664F626A6563742076743D257047
:10AE600020636C3D256420737A3D25645D000000FD
:10AE70005B2573202570203D2025735D00000000B8
:10AE80005B4E61746976652025705D00080004F9E9
:10AE90000000000003000000000000002963000023
:10AEA000957D000000000000B56400000000000077
:10AEB0000000000000000000000000000C0002F98B
:10AEC00000000000020000000000000029630000F4
:10AED000957D000000000000B1640000000000004B
:10AEE000000000000000000000000000F0AD0100C4
:10AEF0000700626F6F6C65616E000000F0AD0100CD
:10AF00000900756E646566696E6564008CAE01004B
:10AF10000000000000000000F0AD01000000000093
:10AF2000F0AD0100080066756E6374696F6E000015
:10AF3000F0AD01000900756E646566696E656400B8
:10AF4000F0AD01000800496E66696E697479000011
:10AF5000F0AD010003004E614E000000F0AD0100B5
:10AF600009002D496E66696E69747900F0AD0100C3
:10AF700004006E756C6C0000F0AD0100040074728A
:10AF800075650000F0AD0100050066616C73650039
:10AF9000F0AD010008005B4F626A6563745D0000FC
:10AFA000F0AD01000A005B46756E6374696F6E5DFB
:10AFB00000000000F0AD010006006E756D62657264
:10AFC00000000000F0AD010006006F626A65637466
:10AFD00000000000F0AD01000600737472696E6736
:10AFE000000000006763416C6C6F632825642920B2
:10AFF0002825642F256420667265653B2025642022
:10B000006D617820626C6F636B29202D3E206E6528
:10B010007720626C6F636B002D2D4D41524B000009
:10B0200052503A25702F25640000000052473A25FF
:10B03000702F25640000000047432025642F2564FD
:10B0400020667265653B202564206D6178426C6FD7
:10B05000636B0000686561703A20256420286D6983
:10B060006E7573202564207379732062797465731B
:10B0700029000000474320626C6F636B20256462E7
:10B0800020402025700000005265665265664C6FB6
:10B0900063616C20257020763D2570005265664303
:10B0A0006F6C6C656374696F6E2025702073697AAC
:10B0B000653D2564000000005265665265636F724D
:10B0C000642025702073697A653D25642062797457
:10B0D000657300000C0005F900000000040000008A
:10B0E00000000000C98C0000E98B0000418B0000CB
:10B0F000898B00000000000000000000000000003C
:10B100000000000076617269616E74206E6F7420B9
:10B11000737570706F727465643A20257300000057
:10B120005265664D61702025702073697A653D25F2
:10B13000640000005365676D656E743A2025702CBD
:10B14000206C656E6774683A2025642C2073697AD8
:10B15000653A2025640000002D3E20256400000093
:10B160004572726F723A202564205B25645D000091
:10B17000526566416374696F6E2025702070633D6F
:10B1800025582073697A653D25640000140004F990
:10B19000000000000800000000000000D98B000043
:10B1A000198C0000558B0000998B000000000000F6
:10B1B000000000000000000000000000080004F98A
:10B1C000000000000700000000000000D58B000018
:10B1D000098C00004D8B0000958B000000000000E2
:10B1E0000000000000000000000000000C0004F956
:10B1F000000000000600000000000000C98B0000F5
:10B20000B58F0000398B0000858B00000000000026
:10B21000000000000000000000000000636F6D6D82
:10B22000202564202D3E2025700000005253256407
:10B230003A25702F25640000756E6B6E6F776E0077
:10B240002320257300000000232025733A20257059
:10B25000000000006932633A206C6F6F6B757020DC
:10B2600064656661756C742070696E73000000001F
:10B270006932633A206D6F756E74696E67206F6E08
:10B28000206E657720646576696365006932633A8C
:10B2900020666F756E64206578697374696E6720C7
:10B2A000693263000000000000000000F598000013
:10B2B000F9980000FD980000019900000599000030
:10B2C0000D990000159900006E6F2070696E206363
:10B2D00066673A20256400000000000000000000BE
:10B2E00045560000799D0000359D0000399D000005
:10B2F00091040100419D0000599D0000616C6C6F3C
:10B30000636174652054494D455225640000000076
:10B31000524553455420554943520A001008000035
:10B32000008000401109000000900040120A000057
:10B3300000A00040131A000000A00140141B0000F0
:10B3400000B0014000000000000000000A444D452C
:10B3500053473A0A000000000A0A000000000000FB
:10B360000000000045560000BD1E0100359D000094
:10B37000A11F01009104010029A400003DA40000C8
:10B38000851E0100F91F0100CDA300000000000090
:10B390000000000045560000BD1E0100359D000064
:10B3A000A11F01009104010059A400006DA4000038
:10B3B000851E010029A50000E1A400000000000096
:10B3C0000000000061AD00004DA700000938010039
:10B3D0000D38010011380100ADA80000FDA80000E3
:10B3E00047EBF02D935A16C80F1F3F003DB20000E7
:10B3F00089B20000EDB2000000030C0F30333C3F77
:10B40000C0C3CCCFF0F3FCFF001122334455667764
:10B410008899AABBCCDDEEFF526566496D61676510
:10B420002025702073697A653D2564207820256485
:10B43000000000000C0004F90000000005000000FE
:10B440000000000039B2000051B30000318B000051
:10B45000818B0000000000000000000000000000E0
:10B46000000000004A44413A206D61676963206D25
:10B4700069736D617463682025780000696E766178
:10B480006C69642073757065722D6672616D6520DC
:10B490002564202564000000696E76616C69642073
:10B4A00073757065722D6672616D65202564202547
:10B4B000642025640000000006090909060406044A
:10B4C000040E070806010F0F080409060C0A091FDD
:10B4D000081F010F100F08040E110E1F08040201AF
:10B4E0000E110E110E0E110E040211000E1B110092
:10B4F00001807811807820003A010313800A2980A6
:10B500000A0000002A2A2A20434F44414C2050417F
:10B510004E4943203A205B25645D000037344843A0
:10B520003A2077616974696E672E2E2E0000000044
:10B53000373448433A206E6F207761697420726512
:10B540007175657374656400373448433A20257813
:10B5500000000000636F6E66696720747970653A59
:10B560002025643B20636667303D2578206366674D
:10B57000313D257800000000636F6E666967757263
:10B58000652073637265656E3A2046524D4354528E
:10B59000313D2570204D414443544C3D257020746D
:10B5A0007970653D2564000073637265656E3A20AD
:10B5B000256420782025642C206F66663D25642C48
:10B5C00025640000000000000000000041F60000BB
:10B5D00001F7000049F60000D9F6000072756E6EA2
:10B5E000696E6720666C6173682046532047433B51
:10B5F000206E65656465642025642C206C65667426
:10B6000020256400474320646F6E653A202564203E
:10B6100066726565000000006F7574206F662073A8
:10B620007061636521206E65656465643D25640015
:10B63000666F726D617474696E672E2E2E00000045
:10B640006D6F756E7465642C20656E643D25782081
:10B650006D6574613D257820667265653D257800CD
:10B66000636C656172696E672075736572206669C7
:10B670006C657300666F6F6261720000000000000D
:10B6800000000000455600004D560000359D0000AA
:10B69000399D0000910401000504010049040100E6
:10B6A000000000000000000089060100650601009E
:10B6B000810601005D0601007D060100750601009E
:10B6C0006D06010030780000444D455347206C69F9
:10B6D0006E6520746F6F206C6F6E67210A0000002A
:10B6E000250000003F3F3F000D0A00000000000061
:10B6F00000000000455600004D560000359D00003A
:10B70000399D000091040100191501003115010057
:10B710009915010009150100511501000D150100D1
:10B720001115010011150100D918010000000000D9
:10B7300000000000DD190100CD190100000000002B
:10B740000000000045560000BD1E0100359D0000B0
:10B75000A11F0100910401008D1E0100A11E010026
:10B76000851E0100F91F0100EF03038002CF0300D3
:10B77000C130ED0464031281E803850078CB0539FC
:10B780002C003402F70120EA020000C00123C101AD
:10B7900010C5023E28C701863601083701003A016C
:10B7A00055B1020018B603088227F20100260101F4
:10B7B000E00F0F312B0C0E084EF1370710030E0966
:10B7C00000E10F000E1403110731C148080F0C31BE
:10B7D000360F1180782980780000000000000000FA
:10B7E00000000000D52001004D560000359D0000EE
:10B7F00015360100910401009D200100B5200100D3
:10B8000010B801000400000030B80100070000007B
:10B810000200000000000000040000000100000021
:10B8200008000000020000001000000003000000FB
:10B83000C4090000700000008813000060000000D0
:10B840001027000050000000204E000040000000C3
:10B85000409C000030000000A08601002000000095
:10B8600040420F0010000000000000000000000037
:10B87000455600004D5600009D2201007D23010029
:10B88000910401004D23010061230100991501007D
:10B8900009150100511501000D150100A522010037
:10B8A000A1230100D91801000200040108020000D0
:10B8B000E204000000000000C409000008000000CD
:10B8C000881300001000000010270000180000007E
:10B8D000204E0000200000008038010028000000F9
:10B8E000007102003000000000C4090038000000B0
:10B8F0000000000000000000455600004D5600000A
:10B9000071250100A925010091040100792501009C
:10B910008D2501009915010009150100511501003F
:10B920000D15010085240100CD250100D918010065
:10B930004D50553630353020696E697420257800B9
:10B940000000000000000000455600004D560000B9
:10B9500095260100CD260100910401009D260100DD
:10B96000B1260100991501000915010051150100CA
:10B970000D15010011280100F1260100D918010060
:10B980000000000000000000F12801004104010057
:10B9900079080100012901006576742025642F25AE
:10B9A000643A206F766572666C6F77210000000044
:10B9B0000000000000000000412D0100F9290100F5
:10B9C0006929010005290100A52E0100112F0100A0
:10B9D000F4FFFFFF00000000455600004D56000038
:10B9E000359D0000399D000091040100092F0100E0
:10B9F000252F010001807811807820003A0103E0B2
:10BA000010021C07123732292D29252B390001037A
:10BA100010E110031D07062E2C292D2E2E373F0076
:10BA200000021013800A29800A00000000000000B4
:10BA300000000000CD3601004D560000359D00008D
:10BA400015360100910401002D2F0100452F010042
:10BA50000000000000000000CD370100E1370100C8
:10BA6000FFFF00000000000000000000455600003D
:10BA70004D560000359D0000399D000091040100E5
:10BA8000693D0100813D0100653D010000000000AD
:10BA900000000000CD3D0100C16D0100C16D01003D
:10BAA000C96D0100C96D0100D16D01007D4001002B
:10BAB000ED6D010041410100053E01000D6E0100E8
:10BAC0000000000000000000455600004D56000038
:10BAD000359D0000399D00009104010015420100D0
:10BAE00051420100E1450100F8FFFFFF00000000A6
:10BAF0006146010000000000000000006D470100E9
:10BB0000854B01003D4801009D5101005548010051
:10BB1000A54A0100C5480100D548010009490100B6
:10BB200015490100B54D010075520100254901007C
:10BB3000F14A01009D4C0100354901004D490100C9
:10BB40005D4701006547010079500100295001005F
:10BB5000214C0100BD490100AD490100B14901007E
:10BB6000E2ECF0F4F8FC0004504F4F52454356000D
:10BB70000000000000000000455600004D56000087
:10BB800019530100399D000091040100E1520100A8
:10BB9000F952010019540100D5530100A1530100CD
:10BBA000B153010052585120454D505459000000E6
:10BBB0004D414B494E4720627566663A2025640028
:10BBC000444F4E45000000005458494E47206C65D4
:10BBD0006E3A20256400000002000000040000000E
:10BBE0000600000053504920636F6E666967206449
:10BBF0006F6E6520663D25700000000000000000AB
:10BC000000000000F158010091590100895C010019
:10BC1000015C0100415C0100A5590100A959010026
:10BC20000000000000000000455600004D560000D6
:10BC3000359D0000415F010091040100BD5E0100DF
:10BC4000D55E0100C5190100BD5C0100F15C010079
:10BC50002D5D01004D5D0100615D0100F55E01009B
:10BC60008D5D0100AD5D0100DD5D0100115E010033
:10BC7000915F0100315E0100795E0100B95C010055
:10BC800072656C6F636174652076746F7220746F77
:10BC9000202578202D3E20257820257800000000E2
:10BCA00000300040030000000F0000000040004092
:10BCB000040000000F0000000030024023000000DC
:10BCC0000C000000002000400200000010000000F6
:10BCD00000F002402F00000004000000008002403D
:10BCE0002800000010000000F0BC01000800000067
:10BCF000020000000100000003000000020000003C
:10BD00000400000003000000050000000400000023
:10BD10001C000000050000001D00000006000000DF
:10BD20001E000000070000001F00000008000000C7
:10BD30000000000000000000B96D0100C16D0100AD
:10BD4000C16D0100C96D0100C96D0100D16D010017
:10BD5000716E0100ED6D0100096F01002D6E010093
:10BD60000D6E0100000000000000000045560000BC
:10BD7000BD1E0100359D0000A11F010091040100BE
:10BD80001174010031740100851E0100F973010076
:10BD90000000000000000000A17401009174010087
:10BDA00009380100957401009974010061636F7393
:10BDB0000000000061636F73680000006173696ECA
:10BDC000000000006174616E68000000636F7368BA
:10BDD0000000000065787000666D6F640000000070
:10BDE0006C6F67006C6F673130000000706F770018
:10BDF00073696E68000000007371727400000000C7
:10BE00007371727466000000FB21F93FFB21094049
:10BE10007CD91240FB2119407A6A1F407CD922400C
:10BE2000BBFD2540FB2129403A462C407A6A2F4031
:10BE30005C4731407CD932409C6B3440BBFD35407F
:10BE4000DB8F3740FB2139401BB43A403A463C4037
:10BE50005AD83D407A6A3F404C7E40405C47414062
:10BE60006C1042407CD942408CA243409C6B4440C1
:10BE7000AC344540BBFD4540CBC64640DB8F474018
:10BE8000EB584840FB21494083F9A200444E6E0024
:10BE9000FC291500D1572700DD34F50062DBC00016
:10BEA0003C999500419043006351FE00BBDEAB001E
:10BEB000B761C5003A6E2400D24D42004906E00049
:10BEC00009EA2E001C92D100EB1DFE0029B11C00D6
:10BED000E83EA700F535820044BB2E009CE98400B3
:10BEE000B4267000417E5F00D6913900538339003B
:10BEF0009CF439008B5F840028F9BD00F81F3B00DB
:10BF0000DEFF97000F980500112FEF000A5A8B00F3
:10BF10006D1F6D00CF7E360009CB2700464FB7005E
:10BF20009E663F002DEA5F00BA277500E5EBC7006B
:10BF30003D7BF100F739070092528A00FB6BEA0063
:10BF40001FB15F00085D8D00300356007BFC46008A
:10BF5000F0AB6B0020BCCF0036F49A00E3A91D00C3
:10BF60005E619100081BE60085996500A0145F00E2
:10BF70008D40680080D8FF0027734D000606310011
:10BF8000CA561500C9A873007BE260006B8CC00024
:10BF9000000FC93F000F494000CB9640000FC94039
:10BFA0000053FB4000CB164100ED2F41000F4941EB
:10BFB0000031624100537B41003A8A4100CB9641F7
:10BFC000005CA34100EDAF41007EBC41000FC941C0
:10BFD00000A0D5410031E24100C2EE410053FB41D7
:10BFE00000F20342003A0A420083104200CB16429C
:10BFF00000141D42005C234200A5294200ED2F429F
:10C0000000363642007E3C4200C74242000F4942A1
:10C01000A2000000F9000000830000006E00000094
:10C020004E00000044000000150000002900000040
:10C03000FC0000002700000057000000D1000000B5
:10C04000F500000034000000DD000000C00000002A
:10C05000DB00000062000000950000009900000075
:10C060003C00000043000000900000004100000080
:10C07000FE0000005100000063000000AB00000063
:10C08000DE000000BB000000C500000061000000F1
:10C09000B7000000240000006E0000003A0000001D
:10C0A000420000004D000000D2000000E00000004F
:10C0B00006000000490000002E000000EA00000019
:10C0C00009000000D1000000920000001C000000E8
:10C0D000FE0000001D000000EB0000001C0000003E
:10C0E000B100000029000000A70000003E00000091
:10C0F000E80000008200000035000000F5000000AC
:10C100002E000000BB00000044000000840000007E
:10C11000E90000009C000000700000002600000004
:10C12000B40000005F0000007E000000410000003D
:10C130003900000091000000D60000003900000026
:10C14000830000005300000039000000F4000000EC
:10C150009C000000840000005F0000008B000000D5
:10C16000BD000000F9000000280000003B000000B6
:10C170001F000000F800000097000000FF00000012
:10C18000DE00000005000000980000000F00000025
:10C19000EF0000002F000000110000008B000000E5
:10C1A0005A0000000A0000006D0000001F0000009F
:10C1B0006D000000360000007E000000CF0000008F
:10C1C00027000000CB00000009000000B7000000BD
:10C1D0004F000000460000003F0000006600000025
:10C1E0009E0000005F000000EA0000002D0000003B
:10C1F0007500000027000000BA000000C700000022
:10C20000EB000000E5000000F10000007B000000F2
:10C210003D0000000700000039000000F7000000AA
:10C220008A0000005200000092000000EA000000B6
:10C230006B000000FB0000005F000000B100000088
:10C240001F0000008D0000005D00000008000000DD
:10C25000560000000300000030000000460000000F
:10C26000FC0000007B0000006B000000AB00000041
:10C27000F0000000CF000000BC0000002000000023
:10C280009A000000F4000000360000001D000000CD
:10C29000A9000000E3000000910000006100000020
:10C2A0005E000000E60000001B0000000800000027
:10C2B0006500000099000000850000005F0000009C
:10C2C00014000000A0000000680000004000000012
:10C2D0008D000000FF000000D8000000800000007A
:10C2E0004D00000073000000270000003100000036
:10C2F00006000000060000001500000056000000C7
:10C30000CA00000073000000A8000000C90000007F
:10C3100060000000E20000007B000000C0000000A0
:10C320008C0000006B000000020000000300000011
:10C3300004000000060000000000C93F0000F039C2
:10C340000000DA370000A2330000842E0000502BDA
:10C350000000C2270000D0220000C41F0000C61B3E
:10C36000000044170400000007000000090000005E
:10C370002C0000204300504F534958002E0000204D
:10C380002020202020202020282828282820202085
:10C390002020202020202020202020202020208835
:10C3A0001010101010101010101010101010100499
:10C3B00004040404040404040410101010101010E9
:10C3C00041414141414101010101010101010101DD
:10C3D00001010101010101010101101010101010F3
:10C3E00042424242424202020202020202020202AD
:10C3F00002020202020202020202101010102000C9
:10C40000000000000000000000000000000000002C
:10C41000000000000000000000000000000000001C
:10C42000000000000000000000000000000000000C
:10C4300000000000000000000000000000000000FC
:10C4400000000000000000000000000000000000EC
:10C4500000000000000000000000000000000000DC
:10C4600000000000000000000000000000000000CC
:10C4700000000000000000000000000000000000BC
:04C4800000000000B8
:08C48400DC8FFE7F01000000C7
:10C48C0000000000A10D0C000101010180BA010F98
:10C49C0080BA010F0138FDD1704700BFFFFFFFFFCD
:10C4AC00B00C00200090D0032C00002000000000F5
:10C4BC000000000000000000000000000000000070
:10C4CC000000000000000000000000000000000060
:10C4DC000000000000000000000000000000000050
:10C4EC000000000000000000000000000000000040
:10C4FC000000000000000000000000000000000030
:10C50C0000000000000000000000000043000000DC
:10C51C00000000000000000000000000000000000F
:10C52C0000000000000000000000000043000000BC
:10C53C0000000000000000000000000000000000EF
:10C54C00000000000000000000000000430000009C
:10C55C0000000000000000000000000000000000CF
:10C56C00000000000000000000000000430000007C
:10C57C0000000000000000000000000000000000AF
:10C58C00000000000000000000000000430000005C
:10C59C00000000000000000000000000000000008F
:10C5AC00000000000000000000000000430000003C
:10C5BC00000000000000000000000000000000006F
:10C5CC00000000000000000000000000430000001C
:10C5DC00000000000000000000000000000000004F
:10C5EC000000000000000000000000000FA501008A
:10C5FC00EBA40100000000007EC301007CC301001D
:10C60C007DC301007DC301007DC301007DC301001A
:10C61C007DC301007DC301007DC301007DC301000A
:10C62C007DC30100FFFFFFFFFFFFFFFFFFFFFFFFC9
:10C63C00FFFF000001004153434949000000000086
:10C64C0000000000000000000000000000000000DE
:10C65C000000000000004153434949000000000065
:10C66C0000000000000000000000000000000000BE
:10C67C000000000000000000000403011954000039
:10C68C009D8B00008596000001620100F5530000AF
:04C69C00000000009A
:10C6A000000000000000000000000000000000008A
:10C6B000000000000000000000000000000000007A
:10C6C000000000000000000000000000000000006A
:10C6D000000000000000000000000000000000005A
:10C6E000000000000000000000000000000000004A
:10C6F000000000000000000000000000000000003A
:10C700000000000000000000000000000000000029
:10C710000000000000000000000000000000000019
:10C720000000000000000000000000000000000009
:10C7300000000000000000000000000000000000F9
:10C7400000000000000000000000000000000000E9
:10C7500000000000000000000000000000000000D9
:10C7600000000000000000000000000000000000C9
:10C7700000000000000000000000000000000000B9
:10C7800000000000000000000000000000000000A9
:10C790000000000000000000000000000000000099
:10C7A0000000000000000000000000000000000089
:10C7B0000000000000000000000000000000000079
:10C7C0000000000000000000000000000000000069
:10C7D0000000000000000000000000000000000059
:10C7E0000000000000000000000000000000000049
:10C7F0000000000000000000000000000000000039
:10C80000708E3B92C615A841C49866C975EE5197C3
:10C81000E826D335FE1CA835D900E70021003F00EB
:10C8200089006D74108D0400000001005085040023
:10C83000AB220400646B050007230400FCBA04006B
:10C84000D4B00100000000004DC8010000B5002078
:10C8500001B400203768786000203768B860032092
:10C860003B21C900376878506F467760EAF7E0FBF4
:10C8700001B462496F467760EAF7EAFB01BC7121B7
:10C880008900376878500620792189003768785008
:10C8900001200F2149013768785059486F46776069
:10C8A000ECF742FA01B4574801B4019801B417F00B
:10C8B00053F902B001BC3F21C90037687850504895
:10C8C0006F467760ECF730FA01B44F4801B4019835
:10C8D00001B417F041F902B001BC7D21890037682D
:10C8E0007850C92077218900376878506F46776083
:10C8F000EAF748FC01B47B210D226F467760EAF726
:10C90000C7FC00987A2111226F467760EAF7C0FCD5
:10C91000009896213D4A6F467760EAF7B9FC01BC62
:10C920004F218900376878506F467760EAF72AFC14
:10C9300001B47B2119226F467760EAF7A9FC0098C1
:10C940007A2119226F467760EAF7A2FC00989621B7
:10C950002F4A6F467760EAF79BFC01BC2721C9008C
:10C96000376878506F467760EAF70CFC01B47B219A
:10C970000D226F467760EAF78BFC00987A210B2234
:10C980006F467760EAF784FC00989621214A6F464B
:10C990007760EAF77DFC01BC3768F8670A203768E2
:10C9A000F8601D4801B425F01FFF6F467760E9F776
:10C9B00055FB01B05E2000216F467760EAF76EFB01
:10C9C00027F0CDF83768386137683869012127F0DA
:10C9D000E6F823D03768386901B407210902D1315C
:10C9E0006F467760EAF704FE01B001B425F001FF5D
:10C9F0006F467760E9F72EFB01B00FE044020300B9
:10CA0000307D040080B30400ACB304006CBB0400B0
:10CA10000CD00400BCD9040050DA0100E14801B494
:10CA200025F0FDFE6F467760F2F7B8FC01B013F019
:10CA30002FFC842137687850DB484321C9003768D0
:10CA40007850DA48872189003768785018F0A2FCBE
:10CA5000D7486F467760ECF767F901B4092001B455
:10CA60000B2001B4029801B418F09CFA03B001BC89
:10CA70000121090237687850CD486F467760ECF79E
:10CA800053F901B40B2001B40D2001B4029801B494
:10CA900018F088FA03B001BCE82137687850C44820
:10CAA0006F467760ECF740F901B45F2001B40320D2
:10CAB00001B4029801B418F075FA03B001BC552115
:10CAC000890037687850BA486F467760ECF72CF9E0
:10CAD00001B4632001B4052001B4029801B418F038
:10CAE00061FA03B001BCEC2137687850B0486F465A
:10CAF0007760ECF719F901B4612001B4072001B4A3
:10CB0000029801B418F04EFA03B001BC5321890019
:10CB100037687850A6486F467760ECF705F901B49E
:10CB2000652001B4092001B4029801B418F03AFA62
:10CB300003B001BC15210901376878509C486F4645
:10CB40007760ECF7F1F801B4672001B40F2001B46D
:10CB5000029801B418F026FA03B001BC4D218900F7
:10CB60003768785093486F467760ECF7DDF801B48A
:10CB7000002001B4052001B4029801B40BF0B6FD09
:10CB800003B001BC192109013768785089486F4604
:10CB90007760ECF7C9F801B4002001B4072001B4B4
:10CBA000029801B40BF0A2FD03B001BC652189001D
:10CBB000376878507F486F467760ECF7B5F801B476
:10CBC000002001B4092001B4029801B40BF08EFDDD
:10CBD00003B001BC3321C900376878500BF0CCFC9E
:10CBE0006321890037687850734801B418F08EFBD0
:10CBF00001B0724801B418F015FB01B070486F46DF
:10CC00007760ECF791F801B40120404201B40120B3
:10CC100001B4029801B418F0C5F903B001BC37683B
:10CC2000B86142206F2189003768785003200002E4
:10CC3000E9306D218900376878503D203721C900DF
:10CC40003768785018F090F93768F86118F08CF967
:10CC50003768386218F088F937687862594801B443
:10CC600018F072F901B03768B86200203768F862CE
:10CC7000554801B418F0D6FA01B0544801B418F080
:10CC800045FB01B06F467760EAF7D2F93768B864C0
:10CC90004F486F467760F1F745FA376878634D483B
:10CCA0006F467760F1F73EFA3768B8634A486F46D7
:10CCB0007760F1F737FA3768F8630A203121C90045
:10CCC000376878500A205F218900376878504348D8
:10CCD000376838640A20052189013768785016F0D2
:10CCE000BDFE16F07DFD3768B86C01B425F0AAFDD5
:10CCF0003B496F467760EAF7ABF901B039486F46B8
:10CD00007760F1F70FFA3768F86437486F46776055
:10CD1000F1F708FA3768386534486F467760F1F7FD
:10CD200001FA3768786532486F467760F1F7FAF9AB
:10CD30003768B8652F486F467760F1F7F3F93768C1
:10CD4000F8652D486F467760F1F7ECF9376838667B
:10CD50002A486F467760F1F7E5F937687866284822
:10CD60006F467760F1F7DEF93768B86625486F4699
:10CD70007760F1F7D7F93768F86623486F46776030
:10CD8000F1F7D0F93768386720486F467760F1F7D8
:10CD9000C9F93768786703206B21890037687850B4
:10CDA000112035E04CDD0400C8B30400D4B3040006
:10CDB000BC3D0400B83C0400B8DA010038DC0100D6
:10CDC0001C3F040018BB040020DD0100D4DD01007D
:10CDD00094DD0400C0DD040050DE040098DE010094
:10CDE000E0030300E0DE0400C0E10400A0E404006E
:10CDF00080E7040090E90400A0EB0400B0ED04001B
:10CE0000C0EF0400D0F10400E0F30400F0F50400EA
:10CE10003521C900376878503768F86F3768B867C8
:10CE200084203768385801B425F01FFD6F467760BD
:10CE3000EEF764FC01B026F092FE01B43768B86FDB
:10CE400001B47A2125F01AFD01B0052126F0FAFD82
:10CE500001B4019800996F467760EAF7F5FB02B0DC
:10CE600001B46F467760EAF7BBFC01B0032126F0FE
:10CE7000F9FD80213768785084203768385801B42C
:10CE800025F0F3FC6F467760EEF734FC01B026F036
:10CE900066FE112126F0E6FD01B43768B86F01B4D3
:10CEA0007B2125F0EBFC01B001B4019800996F469D
:10CEB0007760EAF7C9FB02B001B46F467760EAF722
:10CEC0008FFC01B0882137687850E14801B413F035
:10CED0006DF901B0DF4801B425F00EFD01B07F21EE
:10CEE000890037687850DC486F467760EBF71CFFA5
:10CEF00001B4792001B4012001B4292001B40398C0
:10CF000001B416F0F7FF04B001BC012149023768F3
:10CF10007850D2486F467760EBF706FF01B40020E7
:10CF200001B4019801B413F01BF802B001BC8C21CC
:10CF300037687850CA488121890037687850C948D5
:10CF40006F467760EBF7F0FE01B4C74801B41F20CD
:10CF50000002413001B4512001B4152001B40498FD
:10CF600001B417F0C9FF05B001BC7B218900376807
:10CF70007850BE486F467760EBF7D6FE01B4BC48E8
:10CF800001B4C92001B4029801B409F0E9FC03B06E
:10CF900001BC5721890037687850B4486F467760E4
:10CFA000EBF7C2FE01B4B34801B4FB2001B4029810
:10CFB00001B409F0D5FC03B001BC1F210901376899
:10CFC0007850AD4801B412F0C3FF01B00FF038F94A
:10CFD00017F0CAFF90213768785017F0C5FF9421E9
:10CFE0003768785017F0C0FF9821376878500FF0F5
:10CFF0000BF99C21376878500FF006F9A0213768AB
:10D0000078500FF001F9A421376878500FF0FCF840
:10D01000A821376878509948B02137687850B020F7
:10D020003768385801B425F085FC95496F4677601C
:10D03000E9F760FD01B0AC2137687850B02037685F
:10D04000385801B425F076FC8E496F467760E9F7D1
:10D0500051FD01B0B42137687850B0203768385896
:10D0600001B425F067FC88496F467760E9F742FD17
:10D0700001B0B82137687850B0203768385801B40B
:10D0800025F058FC81496F467760E9F733FD01B020
:10D09000BC21376878507E4801B47E4801B40FF057
:10D0A00071F802B07C4801B47C4801B40FF06AF812
:10D0B00002B07B4801B47B4801B40FF063F802B0C2
:10D0C000794801B4734801B40FF05CF802B07748B6
:10D0D00001B4724801B40FF055F802B0744801B4BD
:10D0E000704801B40FF04EF802B0724801B425F058
:10D0F00096FB6F467760F1F715F801B0C0213768ED
:10D1000078506D4801B46D4801B40FF03BF802B09F
:10D1100017F02AFFC4213768785017F025FFC8217F
:10D120003768785017F020FFCC21376878500620F8
:10D130005B2189003768785006204B2189003768C9
:10D1400078500620592189003768785006204721F9
:10D1500089003768785006202321C9003768785045
:10D1600006204521890037687850062011210901E1
:10D1700037687850062043218900376878500620A8
:10D180002121C9003768785006204121890037687D
:10D19000785006200B214901376878500620092174
:10D1A0004901376878506F467760E9F763FC492199
:10D1B00089003768785001202521C90037687850E8
:10D1C0003F4801B40EF012FF01B0D021376878500B
:10D1D0000620E421376878506F467760E9F728FF2A
:10D1E000FC21376878506F467760E9F721FFD4213A
:10D1F000376878506F467760E9F71AFFF021376893
:10D2000078506F467760E9F713FF132109013768FB
:10D2100078506F467760E9F70BFF01B401B4002046
:10D2200001B4284801B40EF0B3FE02B001B4019875
:10D2300000996F467760E9F70BFF02B0002001B458
:10D24000214801B40EF0A4FE02B001B400993DE003
:10D2500094FF0200B0430300D87E0400484104005C
:10D260003CBB04000C7E0400103D0300E466040097
:10D2700038650200A83B03002CFF0200B8B504008B
:10D28000D4B50400E4B50400F4B5040010B60400FD
:10D29000F0DE0100349E040094E10100909304004C
:10D2A000C4E101009CB7040088E20100DCE2010057
:10D2B0000CE30100D46A05003CE30100C8B7040098
:10D2C000ECB70400FCB7040008B8040001986F46EE
:10D2D0007760E9F7BDFE01B0002001B4904801B4C9
:10D2E0000EF056FE02B001B4009901986F467760C7
:10D2F000E9F7AEFE01B0002001B48A4801B40EF097
:10D3000047FE02B001B4009901986F467760E9F7D3
:10D310009FFE01B0002001B4834801B40EF038FE36
:10D3200002B001B4009901986F467760E9F790FE6A
:10D3300001B0002001B47D4801B40EF029FE02B016
:10D3400001B4009901986F467760E9F781FE01B05A
:10D35000002001B4764801B40EF01AFE02B001B408
:10D36000009901986F467760E9F772FE01B00020DE
:10D3700001B4704801B40EF00BFE02B001B4009984
:10D3800001986F467760E9F763FE01B0002001B4B1
:10D39000694801B40EF0FCFD02B001B40099019897
:10D3A0006F467760E9F754FE01B001BCD4213768BD
:10D3B000785002200002593001B418F0B5F801B0DD
:10D3C000192001B4012001B45C4801B40DF046FC01
:10D3D00003B0D821376878500D2001B4812001B402
:10D3E000D8203768385801B40DF0F5FB03B0192088
:10D3F00001B4012001B4524801B40DF02FFC03B078
:10D40000DC2137687850212001B46F2001B4DC2082
:10D410003768385801B40DF0DEFB03B0192001B4B1
:10D42000012001B4474801B40DF018FC03B0E0211D
:10D4300037687850352001B48D2001B4E02037687A
:10D44000385801B40DF0C7FB03B007200002D130FB
:10D4500001B418F069F801B0192001B4012001B439
:10D46000394801B40DF0FAFB03B0E4213768785075
:10D47000492001B49F2001B4E4203768385801B432
:10D480000DF0A9FB03B0D0203768385801B406214D
:10D490006F467760EAF7B8FA01B001B46F4677607B
:10D4A000EAF7E8FA002802D0009801B01FE00098DF
:10D4B000009801B0E8203768385801B4242125F0DD
:10D4C0003FFA01B001B46F467760EAF7D3FA00285B
:10D4D00002D1009801B00AE00098009801B0EC2059
:10D4E0003768385801B4242125F02AFA01B06F4674
:10D4F0007760EAF7F5FA00282CD01448D021376875
:10D50000785071206F467760EDF76CFED020376859
:10D51000385801B40E4801B40DF002FB02B038E0F7
:10D520001CB8040034B8040044B8040054B8040023
:10D5300064B8040078B804008CB80400A0B80400F3
:10D54000BCB80400D4B80400F4B804008CB00400E3
:10D55000ECB70400D0203768385801B425F0EAF958
:10D5600004216F467760E9F70FFD01B00346002004
:10D5700001B408B40CF0EAFF02B00146E32026F043
:10D5800061FA01B425F035F96F467760EDF72AFEB0
:10D5900001B06F467760E9F74BFD01B4D1496F46A2
:10D5A0007760E9F755FD0098CF496F467760E9F756
:10D5B0004FFD0098CD496F467760E9F749FD009827
:10D5C000C8496F467760E9F743FD6F467760E9F732
:10D5D0002FFD01B401B4029801B4D0203768385847
:10D5E00001B425F0A7F901216F467760E9F7CCFC7B
:10D5F00001B0002703970346152001B408B40CF0CE
:10D60000A5FF02B0032126F01DFA01B4019800998C
:10D6100024F0C1FE02B00346002001B408B40EF0AD
:10D62000B7FC02B001B4019800996F467760E9F742
:10D630000FFD02B06F467760E9F7FAFC01B4AC4920
:10D640006F467760E9F704FD0098AA496F46776056
:10D65000E9F7FEFC0098A8496F467760E9F7F8FC07
:10D660000098A3496F467760E9F7F2FC0098D02054
:10D670003768385801B425F05DF902216F467760AC
:10D68000E9F782FC01B00346152001B408B40CF0A0
:10D690005DFF02B0032126F0D5F901B4019800998D
:10D6A00024F079FE02B00346002001B408B40EF065
:10D6B0006FFC02B001B4009901986F467760E9F7FA
:10D6C000C7FC01B06F467760E9F7B2FC01B48B4943
:10D6D0006F467760E9F7BCFC009889496F46776030
:10D6E000E9F7B6FC009887496F467760E9F7B0FC28
:10D6F000009882496F467760E9F7AAFC0098D0202D
:10D700003768385801B425F015F903216F46776062
:10D71000E9F73AFC01B00346152001B408B40CF057
:10D7200015FF02B0032126F08DF901B4019800998C
:10D7300024F031FE02B00346002001B408B40EF01C
:10D7400027FC02B001B4009901986F467760E9F7B1
:10D750007FFC01B0D0203768385801B425F0EAF8D2
:10D7600004216F467760E9F70FFC01B00346002003
:10D7700001B408B40CF0EAFE02B001B425F0F2F8EE
:10D7800061486F467760E9F7B5F901B001B46F46BB
:10D790007760E9F76FF901B425F0EBF86F46776031
:10D7A000E9F7A8F902B00346002001B408B40EF06E
:10D7B000EFFB02B001B4009901986F467760E9F77A
:10D7C00047FC01B001BC01B0F021376878504F48E8
:10D7D00001B40EF00BFC01B0F42137687850F4204E
:10D7E000376838586F467760EAF77AF9002807D02B
:10D7F000F4203768385801B40BF006FF01B003E09D
:10D800006F467760E9F714FCF82137687850F82004
:10D810003768385801B425F015F86F467760E9F796
:10D8200011FC01B026F09BF901B401216F4677602D
:10D83000EAF744F801B001B46F467760EAF71AF9E5
:10D84000002802D0009801B01FE00098009801B0B5
:10D85000E8203768385801B4242125F071F801B068
:10D8600001B46F467760EAF705F9002802D1009805
:10D8700001B00AE00098009801B0EC2037683858F1
:10D8800001B4242125F05CF801B06F467760EAF717
:10D8900027F9002840D06F467760E9F7C9FB01B44B
:10D8A0001B496F467760E9F7D3FB009819496F462B
:10D8B0007760E9F7CDFB01BCF8213768785001208B
:10D8C00001B4062001B4F8203768385801B40BF0D1
:10D8D000BBFA03B001B40D4801B40DF021F902B058
:10D8E0001AE0000014B904002CB9040048B904007F
:10D8F00064B9040078B904008CB90400A8B9040024
:10D90000C4B90400E0B9040000BA04001CBA040061
:10D91000FCB7040030BA040001200090009801B464
:10D92000F8203768385801B424F08CFF6F467760D0
:10D93000E9F788FB01B026F012F901B401980099CB
:10D9400026F019F902B023D0FC203768385801B40A
:10D95000F8203768385801B4029801B4019800994A
:10D9600024F019FD02B00346002001B408B40EF003
:10D970000FFB02B001B425F003F86F467760E9F7BA
:10D9800067FB02B00098032126F05CF80090C5E721
:10D9900007200002D1300F210902A1316F467760C4
:10D9A000E9F7ACFE01B417F0BFFD01B0002001B4EF
:10D9B000002001B4E4203768385801B40BF024FA91
:10D9C00003B0002001B4002001B4D82037683858D3
:10D9D00001B40BF019FA03B0C74801B40BF030F9E9
:10D9E00001B001B40BF098F901B00AF037FCC3485C
:10D9F00001B410200002033001B401200002376896
:10DA0000385801B40AF011FC03B0BD4801B410202D
:10DA10000002033001B4E8203768385801B40AF036
:10DA200004FC03B0B74801B410200002033001B475
:10DA30004D2080003768385801B40AF0F6FB03B077
:10DA4000B14801B402F020FC01B0002001B000BDDB
:10DA5000D4B00100000000005DDA010000B54220F2
:10DA60006F467760EAF73CF8002823D00A20376831
:10DA7000F86001200002913001B417F055FD01B0AB
:10DA80003768F8686F467760EAF72AF86F4677607C
:10DA9000E9F796F96F467760E9F7B4FA6F46776071
:10DAA000EAF71EF8002804D017F026FD4220376858
:10DAB000F860D4E7002000BDD4B0010000000000F1
:10DAC000C5DA010000B5002001B401B401B417F0BB
:10DAD00011FC24F05BFF006D009000986F467760AA
:10DAE000E9F7FEFF6F467760E9F76AF96F467760FE
:10DAF000E9F788FA6F467760E9F7F2FF002800D06F
:10DB000097E001200190019801B4019801B424F03C
:10DB100099FE6F467760E9F795FA01B026F01FF895
:10DB200001B40198009926F026F802B000D180E0F7
:10DB30003768786901B4029801B40198009924F01B
:10DB40002AFC02B00290029801B46F467760E9F7B0
:10DB500091FF002802D1009801B046E0009800989B
:10DB600001B0009801B4029801B40198009924F022
:10DB700012FC02B06F467760E9F7B2FF6F4677603C
:10DB8000E9F71EF96F467760E9F73CFA6F46776070
:10DB9000E9F7A6FF6F467760E9F712F96F467760FD
:10DBA000E9F730FA01B4039840696F467760E9F706
:10DBB00097FF6F467760E9F703F96F467760E9F7FB
:10DBC00021FA6F467760E9F78BFF6F467760E9F7D8
:10DBD000F7F86F467760E9F715FA01B401980099F4
:10DBE0006F467760E9F718FF02B06F467760E9F794
:10DBF00077FF002817D0029840696F467760E9F7F1
:10DC00006FFF002801D0032000E0052001B4039835
:10DC1000006901B4019801B424F0C6FE6F46776034
:10DC2000EBF7B0FD03B00198032125F00BFF019045
:10DC300069E7002003B000BDD4B00100000000007F
:10DC400045DC0100012C06DA00B524F0BDFE00F031
:10DC500002F801B000BD00B5002001B4029801B483
:10DC60006F467760E9F7E4F901B40198009924F070
:10DC70008DFE016502B001200090009801B4376864
:10DC8000786901B424F0DEFD6F467760E9F7DAF9D0
:10DC900001B025F064FF01B40198009925F06BFFF5
:10DCA00002B039D03768786901B4019801B401989D
:10DCB000009924F070FB02B06F467760E9F710FF1F
:10DCC000002823D0029824F061FE006D01B4019871
:10DCD00001B43768786901B4039801B401980099D8
:10DCE00024F059FB02B0406901B402980199009AEE
:10DCF00024F09CFB03B009E030B704008CE3010082
:10DD00002CEA010040EA010054EA010000980321D6
:10DD100025F098FE0090B0E7002001B000BD0000A3
:10DD2000D4B00100000000002DDD0100012C06DA56
:10DD300000B524F049FE00F002F801B000BD00B5C6
:10DD40003768F86A6F467760E9F7CAFE00283FD067
:10DD50003768386B6F467760E9F7C2FE6F467760C9
:10DD6000E9F72EF86F467760E9F74CF96F46776070
:10DD7000E9F7B6FE002805D06F467760E9F758F955
:10DD8000376838636F467760E9F7FCF901B4012121
:10DD90000902B3313768FA6A6F467760E9F778FAB3
:10DDA0000098012109027731029A6F467760E9F7FE
:10DDB0006FFA3768386B01B4019801B424F0E0FDC4
:10DDC0006F467760E9F744F903B000203768F862DE
:10DDD000002000BDD4B0010000000000E1DD010022
:10DDE00000B5002001B401B417F084FA00900020BF
:10DDF0003768F8623768386B01B46F467760E9F7C7
:10DE000039FE002802D1009801B00EE00098009879
:10DE100001B03768386B01B424F014FD6F467760A9
:10DE2000E9F710F901B025F09AFE6F467760E9F73F
:10DE300057FE00282DD03768386B01B424F002FD5E
:10DE40006F467760E9F70AF901B00190019801B4D3
:10DE500001210902773124F011FD01B0009925F06C
:10DE6000DAFE0AD0019801B401210902B33124F08D
:10DE700005FD01B03768F8620BE03768386B01B414
:10DE8000029801B424F07CFD6F467760E9F7E0F872
:10DE900002B0002002B000BDD4B0010000000000BC
:10DEA000A5DE010000B53768786C6F467760E9F74A
:10DEB00017FE6F467760E8F783FF6F467760E9F7F4
:10DEC000A1F86F467760E9F70BFE00280CD0C54833
:10DED0006F467760EAF728FF01B401B415F0D4FD6E
:10DEE00001B001BC376878643768786C00BD000009
:10DEF000D4B0010000000000FDDE0100012C06DAB4
:10DF000000B524F061FD00F002F801B000BD00B5DD
:10DF1000019801B40EF0A8F801B001B40146B2486E
:10DF20006F467760E9F76EFD002801D001B0E7E0A9
:10DF3000AE4800996F467760E9F764FD002801D08C
:10DF400001B0DDE0AA4800996F467760E9F75AFD15
:10DF5000002801D001B0D9E0A64800996F4677604B
:10DF6000E9F750FD002801D001B0CFE0A2480099A8
:10DF70006F467760E9F746FD002801D001B0CBE09D
:10DF80009E4800996F467760E9F73CFD002801D074
:10DF900001B0C1E09A4800996F467760E9F732FD19
:10DFA000002801D001B0BDE0964800996F46776027
:10DFB000E9F728FD002801D001B0B3E092480099AC
:10DFC0006F467760E9F71EFD002801D001B0AFE091
:10DFD0008E4800996F467760E9F714FD002801D05C
:10DFE00001B0A5E08A4800996F467760E9F70AFD1D
:10DFF000002801D001B0A1E0864800996F46776003
:10E00000E9F700FD002801D001B097E082480099AF
:10E010006F467760E9F7F6FC002801D001B093E085
:10E020007E4800996F467760E9F7ECFC002801D044
:10E0300001B089E07A4800996F467760E9F7E2FC21
:10E04000002801D001B085E0764800996F467760DE
:10E05000E9F7D8FC002801D001B07BE072480099B4
:10E060006F467760E9F7CEFC002801D001B077E079
:10E070006E4800996F467760E9F7C4FC002801D02C
:10E0800001B06DE06A4800996F467760E9F7BAFC25
:10E09000002801D001B069E0664800996F467760BA
:10E0A000E9F7B0FC002801D001B05FE062480099B8
:10E0B0006F467760E9F7A6FC002801D001B05BE06D
:10E0C0005E4800996F467760E9F79CFC002801D014
:10E0D00001B051E05A4800996F467760E9F792FC29
:10E0E000002801D001B04DE0564800996F46776096
:10E0F000E9F788FC002801D001B043E001BC47E00B
:10E1000051486F467760F0F70DF842E04F486F4690
:10E110007760F0F707F83CE04D486F467760F0F71E
:10E1200001F836E04B486F467760EFF7FBFF30E0D1
:10E1300049486F467760EFF7F5FF2AE047486F469A
:10E140007760EFF7EFFF24E045486F467760EFF721
:10E15000E9FF1EE043486F467760EFF7E3FF18E002
:10E1600041486F467760EFF7DDFF12E03F486F46AA
:10E170007760EFF7D7FF0CE03D486F467760EFF729
:10E18000D1FF06E03B486F467760EFF7CBFF00E03A
:10E19000062000BDD4B0010000000000A1E1010094
:10E1A000012C06DA00B524F00FFC00F002F801B0F3
:10E1B00000BD00B5019801B40DF056FF01B0062076
:10E1C00000BD0000D4B0010000000000D1E101005A
:10E1D000012C51DA00B524F0F7FB00F04DF801B046
:10E1E00000BD00007C4004002CB604003CB60400D6
:10E1F00048B6040058B6040064B6040074B60400BF
:10E2000080B6040090B60400A0B60400B0B60400C6
:10E21000C0B60400D0B60400E4B60400F4B60400AE
:10E2200004B7040014B7040020B7040030B704009A
:10E2300040B7040050B7040060B7040070B7040092
:10E240007CB704008CB7040084F80400B4F8040020
:10E25000E4F8040014F9040044F9040074F904001B
:10E26000A4F90400C8F90400F4F90400841F0500AF
:10E2700014450500A46A050000B5019801B40DF02D
:10E28000F3FE01B0062000BDD4B001000000000084
:10E2900095E20100012C06DA00B524F095FB00F0B0
:10E2A00002F801B000BD00B5019801B40DF0DCFE2C
:10E2B00001B001B40146BD486F467760E9F7A2FBA3
:10E2C000002801D001B001E001BC05E0B8486F466C
:10E2D0007760EFF727FF00E0062000BDD4B0010013
:10E2E00000000000E9E20100012C06DA00B524F08C
:10E2F0006BFB00F002F801B000BD00B5019801B45D
:10E300000DF0B2FE01B0062000BD0000D4B0010047
:10E310000000000019E30100012C06DA00B524F02A
:10E3200053FB00F002F801B000BD00B5019801B444
:10E330000DF09AFE01B0062000BD0000D4B001002F
:10E340000000000049E30100012C06DA00B524F0CA
:10E350003BFB00F002F801B000BD00B5019801B42C
:10E360000DF082FE01B001B4014692486F4677601D
:10E37000E9F748FB002801D001B001E001BC03E04F
:10E38000C0203768385800E0062000BDD4B0010036
:10E390000000000099E3010000B5002001B401B4C1
:10E3A00001B401B4412080003768385801B409F045
:10E3B000F7FE01B06F467760E9F792FB002800D0C6
:10E3C00030E32120C0003768385801B44120800074
:10E3D0003768385801B409F098F902B06F46776091
:10E3E000E9F77EFB00280AD009F066F86F467760EF
:10E3F000E8F740FB01B408F0F9FF01B012E3432055
:10E4000080003768385801B4412080003768385898
:10E4100001B409F07AF902B06F467760E9F760FB62
:10E4200000280AD009F048F86F467760E8F722FB29
:10E4300001B408F05BFF01B0F4E21120000137687D
:10E44000385801B4412080003768385801B409F0C9
:10E450005CF902B06F467760E9F742FB002804D010
:10E4600009F02AF808F0E4FEDCE245208000376875
:10E47000385801B4412080003768385801B409F099
:10E4800044F902B06F467760E9F72AFB002804D010
:10E4900009F012F808F03EFEC4E22320C0003768FD
:10E4A000385801B4412080003768385801B409F069
:10E4B0002CF902B06F467760E9F712FB002804D010
:10E4C00008F0FAFF08F072FDACE2472080003768E0
:10E4D000385801B4412080003768385801B409F039
:10E4E00014F902B06F467760E9F7FAFA002804D011
:10E4F00008F0E2FF08F03EFC94E209204001376892
:10E50000385801B4412080003768385801B409F008
:10E51000FCF802B06F467760E9F7E2FA002802D013
:10E5200008F0CAFF7EE24920800037683858224947
:10E5300025F071FB00D142E101202521C900376897
:10E540007850412080003768385801B408F0EDFB5E
:10E5500001B001B431216F467760E9F73FFB01B0AC
:10E5600001B46F467760E9F785FA002802D1009878
:10E5700001B037E00098009801B041208000376872
:10E58000385801B408F0D1FB01B001B417216F462F
:10E590007760E9F745FB01B001B46F467760E9F7B2
:10E5A00069FA00280AD1009801B01BE0A8B704005E
:10E5B000D46A0500D4B70400D0B6040000980098CF
:10E5C00001B0412080003768385801B408F06BFB77
:10E5D00001B001B4012109022D316F467760E9F7DE
:10E5E000FDFA01B06F467760E9F77AFA00284BD060
:10E5F000C94849218900376878504B208000376826
:10E60000385801B407F0BBFD01B0D4203768385842
:10E6100001B405F045FF01B04B21890037687850FF
:10E620000A2001B44B2080003768385801B405F047
:10E630002AFF02B0C32001B4012000022F3001B430
:10E640004B2080003768385801B44C2124F0C0F9C1
:10E6500003B0752001B4992001B44B2080003768C5
:10E66000385801B40CF0B7FA03B03B20404201B473
:10E670004B2080003768385801B401210902ED3180
:10E6800024F0B6F902B099E041208000376838588C
:10E6900001B408F04AFB01B001B44B216F4677602A
:10E6A000E9F79CFA01B001B46F467760E9F7E2F947
:10E6B000002802D1009801B02FE00098009801B026
:10E6C000412080003768385801B408F02EFB01B0B3
:10E6D00001B431216F467760E9F7A2FA01B001B4C5
:10E6E0006F467760E9F7C6F9002802D1009801B0BB
:10E6F00013E00098009801B0412080003768385836
:10E7000001B408F0D0FA01B001B4012109022D31A1
:10E710006F467760E9F762FA01B06F467760E9F714
:10E72000DFF900284AD07D484921890037687850B0
:10E730004B2080003768385801B407F020FD01B045
:10E74000FC203768385801B405F0AAFE01B04B210F
:10E750008900376878500A2001B44B208000376860
:10E76000385801B405F08FFE02B0C32001B4012077
:10E7700000022F3001B44B2080003768385801B4B4
:10E780004C2124F025F903B0752001B4992001B47F
:10E790004B2080003768385801B40CF01CFA03B0E5
:10E7A0003B20404201B44B2080003768385801B408
:10E7B00001210902ED3124F01BF902B032E14920B8
:10E7C00080003768385801B453496F467760E9F7DD
:10E7D0001BF901B001B46F467760E9F74BF90028E7
:10E7E00002D0009801B00DE00098009801B04920D7
:10E7F00080003768385801B448496F467760E9F7B8
:10E8000003F901B06F467760E9F76AF9002800D193
:10E8100091E06F467760E8F70BFC01B415216F4675
:10E820007760E8F715FC00982F216F467760E8F7CE
:10E830000FFC009849216F467760E8F709FC0098C3
:10E8400063216F467760E8F703FC00987D216F46EF
:10E850007760E8F7FDFB009897216F467760E8F74F
:10E86000F7FB0098B1216F467760E8F7F1FB00985D
:10E87000CB216F467760E8F7EBFB0098E5216F4608
:10E880007760E8F7E5FB01BC132109013768785090
:10E890000120009001200190019801B41320000193
:10E8A0003768385801B423F0CDFF6F467760E8F73A
:10E8B000C9FB01B025F053F901B40198009925F086
:10E8C0005AF902B02CD0412080003768385801B482
:10E8D00008F02BFA01B001B4132000013768385852
:10E8E00001B4039801B40198009923F054FD02B0DB
:10E8F00001B40198009925F052F902B005D00198B1
:10E90000032125F09FF8009000E009E00198032121
:10E9100025F098F80190BFE740BA04005CBA040003
:10E92000009801B4492080003768385801B401F0DC
:10E930004DFF02B076E0C44801B449218900376830
:10E94000785001BC6F467760E9F7CAF8002869D0B3
:10E950006F467760E8F76CFB01B415216F4677606E
:10E96000E8F776FB00982F216F467760E8F770FB99
:10E97000009849216F467760E8F76AFB00986321A9
:10E980006F467760E8F764FB01BC13210901376823
:10E9900078500120029001200390039801B41320C5
:10E9A00000013768385801B423F04CFF6F46776098
:10E9B000E8F748FB01B025F0D2F801B401980099BE
:10E9C00025F0D9F802B028D04120800037683858A7
:10E9D00001B408F0AAF901B001B4132000013768AE
:10E9E000385801B4059801B40198009923F0D3FC7C
:10E9F00002B001B40198009925F0D1F802B005D019
:10EA00000398032125F01EF8029000E005E003982A
:10EA1000032125F017F80390BFE7029801B401F035
:10EA200047FD01B0002004B000BD0000D4B00100DB
:10EA30000000000039EA010000B5002000BD000020
:10EA4000D4B00100000000004DEA010000B5002034
:10EA500000BD0000D4B001000000000061EA010028
:10EA600000B5152001B416F05FFD01B000F02CF8E0
:10EA7000492080003768385801B474496F46776080
:10EA8000E8F7C2FF01B001B46F467760E8F7F2FF24
:10EA9000002802D0009801B00DE00098009801B065
:10EAA000492080003768385801B469496F4677605B
:10EAB000E8F7AAFF01B06F467760E9F711F8002880
:10EAC000FFD0002000BD000000B52120C000376845
:10EAD000385801B4412080003768385801B408F034
:10EAE00014FE02B06F467760E8F7FAFF002812D0F4
:10EAF000032001B41F2001B40A2001B4652001B431
:10EB0000544801B42120C0003768385801B400F0DF
:10EB1000DAF806B0CBE0432080003768385801B4FB
:10EB2000412080003768385801B408F0EEFD02B08B
:10EB30006F467760E8F7D4FF002812D0032001B4B5
:10EB40001F2001B40A2001B4652001B4424801B479
:10EB5000432080003768385801B400F0B4F806B09C
:10EB6000A5E0112000013768385801B44120800029
:10EB70003768385801B408F0C8FD02B06F467760B6
:10EB8000E8F7AEFF002812D0032001B41F2001B423
:10EB90000A2001B4652001B4304801B411200001FD
:10EBA0003768385801B400F08EF806B07FE0452091
:10EBB00080003768385801B44120800037683858E1
:10EBC00001B408F0A2FD02B06F467760E8F788FF55
:10EBD000002812D0032001B41F2001B40A2001B480
:10EBE000652001B4184801B44520800037683858C2
:10EBF00001B400F068F806B059E02320C00037687F
:10EC0000385801B4412080003768385801B408F002
:10EC10007CFD02B06F467760E8F762FF002821D0E4
:10EC2000032001B41F2001B40A2001B4652001B4FF
:10EC30000B4801B42320C0003768385801B400F0F5
:10EC400042F806B033E00000B0B6040040BA040059
:10EC50005CBA040058B6040074B604008CB7040013
:10EC6000D0B60400472080003768385801B44120EE
:10EC700080003768385801B408F047FD02B06F468D
:10EC80007760E8F72DFF002811D0032001B41F2082
:10EC900001B40A2001B4652001B4BC4801B4472086
:10ECA00080003768385801B400F00DF806B0002035
:10ECB00000BD0000062C0BDA00B523F0D5FE00F0F5
:10ECC00007F806B000BD7746009823F0EAFEBE467E
:10ECD00000B5029801B406216F467760E8F7EEFDB3
:10ECE00001B001B46F467760E8F7C4FE002802D097
:10ECF000009801B00AE00098009801B0029801B4B1
:10ED000000216F467760E8F7D9FD01B001B46F4686
:10ED10007760E8F7AFFE002802D0009801B010E05D
:10ED20000098009801B0029801B46F467760E7F749
:10ED3000A1FE01B4019800996F467760E8F7BEFD27
:10ED400002B06F467760E8F7CBFE002812D001983A
:10ED5000406E6F467760E8F7C3FE002806D0019842
:10ED6000406E01B42C2123F0ACFE01B001980021CB
:10ED7000416646E00198406E6F467760E8F7B0FE66
:10ED8000002806D00198406E01B42C2123F099FE92
:10ED900001B00198002141660398012124F027FF6A
:10EDA0000FD0019801B46F467760E7F747F924F078
:10EDB000D6FE049924F046FE01B40198009901663C
:10EDC00002B0292001B4039801B400F053FF02B04F
:10EDD00002906F486F467760E9F7A6FF01B4049888
:10EDE00001B4069801B4099801B4099801B40798D0
:10EDF00001B4059801B400F007F806B0029802BC0F
:10EE00004166002000BD00007746009823F06BFEAD
:10EE1000BE4600B5002001B401B4069801B40698BE
:10EE200001B4069801B4069801B400F011FF04B0D3
:10EE300058486F467760E9F777FF01B4C92001B4FD
:10EE4000069801B4029801B400F08EFB03B0049858
:10EE500002BC016107986F467760E8F741FE002821
:10EE600000D186E04C486F467760E9F75DFF01B45A
:10EE7000049800690346512001B408B4029801B413
:10EE800000F04AFB03B0049802BC416108980121DC
:10EE900024F0ADFE67D00398406901B400F0E1FAB8
:10EEA00001B0032124F0CEFD0090089801B4019830
:10EEB00001B4009905206F467760E8F799FB01B02F
:10EEC00001B4019800996F467760E8F7BDFB02B086
:10EED000012124F0E4FD034607200002D13001B4F3
:10EEE00008B400F0ABFA02B0019003984069034601
:10EEF000019801B408B400F095FA02B00398406993
:10EF000001B40498006901B400F069F801B001B4DB
:10EF100007210902D1316F467760E8F769FB01B03C
:10EF200001B40A9801B4049801B4049801B401989A
:10EF300000996F467760E8F75BFB02B001B4019877
:10EF4000009924F08FFD02B001B4019800996F463A
:10EF50007760E8F779FB02B001B406BC02B404B4F0
:10EF600000F037FA02B00398406901B400F016F8D7
:10EF700001B0002002B000BD012C14DA00B523F06E
:10EF800023FD00F010F801B000BD000090B60400B1
:10EF90009C570400445804008059040077460098A8
:10EFA00023F0AFFDBE4600B50198032181600198B2
:10EFB00001B46F467760E7F741F824F0D0FD01B463
:10EFC00001980099016102B0002000BD012C0BDA0C
:10EFD00000B523F0F9FC00F007F801B000BD77465A
:10EFE000009823F09CFDBE4600B5002001B401B49A
:10EFF0000120009001200190019801B4049840681C
:10F0000001B423F01FFC6F467760E8F71BF801B0EE
:10F0100024F0A5FD032124F015FD01B40198009909
:10F0200024F0A9FD02B023D0009801B4029801B4E5
:10F03000059801B400F0EEF802B001B4039801B4F1
:10F04000069801B400F026F802B001B401980099C6
:10F0500024F008FD02B001B40198009924F0F2FCFC
:10F0600002B000900198032124F0ECFC0190C3E76A
:10F07000009802B000BD0000022C0BDA00B523F0AE
:10F080005CFD00F007F802B000BD7746009823F061
:10F0900046FDBE4600B5002001B40398012124F0CE
:10F0A0007EFD0DD00298406801B40498032124F03D
:10F0B000D9FC01B40198009923F06DF902B000E089
:10F0C00001200090009801B40398406901B423F036
:10F0D00031FC6F467760E7F7D7FD01B024F03FFDC4
:10F0E00001B40198009924F046FD02B000D17FE000
:10F0F0000298406901B4019801B423F027FD6F46DE
:10F100007760E7F73BFF02B0412124F05CFD05D0BA
:10F110000098032124F096FC009068E00298406972
:10F1200001B4019801B423F011FD6F467760E7F751
:10F130002BFF02B001B4B9496F467760E8F7BEFB18
:10F1400001B001B46F467760E8F794FC002802D163
:10F15000009801B018E00098009801B0029840694A
:10F1600001B40198032124F06DFC01B423F0EEFCFE
:10F170006F467760E7F708FF02B001B4A8496F4611
:10F180007760E8F79BFB01B001B46F467760E8F762
:10F1900071FC002802D1009801B01BE00098009893
:10F1A00001B00098032124F04DFC01B4039840699C
:10F1B00001B423F0BFFB6F467760E7F765FD01B050
:10F1C00024F0CDFC01B4019800996F467760E8F710
:10F1D00005FD02B06F467760E8F782FC002805D095
:10F1E0000098052124F02EFC009000E000E069E783
:10F1F000009801B000BD0000022C0BDA00B523F02E
:10F200009CFC00F007F802B000BD7746009823F0A0
:10F2100086FCBE4600B5002001B401B401B40598D7
:10F22000012124F0BCFC0DD00498406801B406987C
:10F23000032124F017FC01B40198009923F0ABF8E6
:10F2400002B000E001200090059801B405984068E4
:10F2500001B423F0F7FA6F467760E7F7F3FE01B0E9
:10F2600024F07DFC01B40198009924F084FC02B0E4
:10F270000AD00498406801B4069801B40198009936
:10F2800023F089F802B00BE00498406901B423F040
:10F2900051FB6F467760E7F7F7FC01B024F05FFCA5
:10F2A00001900A2002900198009924F078FC78D00F
:10F2B0000498406901B4029801B423F047FC6F46FA
:10F2C0007760E7F75BFE02B0412124F07CFC07D0B9
:10F2D0000198032124F0C6FB0190422002905FE0D8
:10F2E0000498406901B4029801B423F02FFC6F46E2
:10F2F0007760E7F749FE02B001B449496F4677608D
:10F30000E8F7DCFA01B001B46F467760E8F7B2FBCA
:10F31000002802D1009801B018E00098009801B0D0
:10F320000498406901B40298032124F09BFB01B4C6
:10F3300023F00CFC6F467760E7F726FE02B001B4BD
:10F3400036496F467760E8F7B9FA01B001B46F4605
:10F350007760E8F78FFB002802D1009801B010E039
:10F360000098009801B00198032124F07BFB01B4C0
:10F37000019801B4019800996F467760E8F750FC56
:10F3800002B06F467760E8F7ABFB002807D0019822
:10F39000052124F067FB01904220029000E000E08C
:10F3A00081E702986F467760E8F79AFB002804D05F
:10F3B0000198032124F046FB00E0019803B000BD52
:10F3C000022C0BDA00B523F0B8FB00F007F802B00E
:10F3D00000BD7746009823F094FBBE4600B5019827
:10F3E00001B4039801B4009907200002D1306F46A0
:10F3F0007760E8F729F901B001B4019800994160FC
:10F4000002B0002000BD0000022C10DA00B523F08D
:10F4100094FB00F00CF802B000BD00006CB10400D9
:10F4200084B104007746009823F06BFBBE4600B51C
:10F43000019802994161002000BD000000B50198CB
:10F44000029924F0C0FB01D0019800E0029800BDB1
:10F45000012C0BDA00B523F0B7FA00F007F801B081
:10F4600000BD7746009823F04CFBBE4600B5002057
:10F4700001B40298806A01B40398406A01B400F0B4
:10F480003CF801B001B423F08FFA6F467760E7F7DC
:10F49000CBFD02B024F063FB032124F0D3FA0090EB
:10F4A0000298406A23F03BFB406801B423F0CAF99C
:10F4B0006F467760E7F7C6FD01B024F050FB0321EB
:10F4C00024F0C0FA01B4019801B4019800996F4684
:10F4D0007760E8F7B9F802B001B46F467760E8F7F3
:10F4E0007FF901B001B000BD012C0BDA00B523F0AB
:10F4F0006BFA00F007F801B000BD7746009823F0E2
:10F500000EFBBE4600B50198806801B47A2123F055
:10F51000B5F901B000BD00007746009823F0F1FA7C
:10F52000BE4600B501980299416201980399816233
:10F5300001980121816001980121494201610198EE
:10F540000121C16007200002D13001B4029801B44A
:10F55000FFF76DFF02B03D2001B4029801B4FFF740
:10F560003DFF02B0002000BD7746009823F0D7FA97
:10F57000BE4600B5019802994161019801B4039813
:10F5800001B400F029FB01B001B401980099816039
:10F5900002B0039801B4029801B400F011F802B06F
:10F5A000002000BD022C0BDA00B523F0C6FA00F0F3
:10F5B00007F802B000BD7746009823F0B0FABE46C7
:10F5C00000B5002001B46F467760E7F731FD01B464
:10F5D00001B4059801B40598806801B47B2123F03B
:10F5E0004DF901B001B423F0DFF96F467760E7F71A
:10F5F0001BFD02B024F0B3FA01B4019800996F46E4
:10F600007760E7F725FD02B0039801B404984069DC
:10F610000346019801B408B400F0A0F802B0002736
:10F62000019701B401980099416003B0029801B4B8
:10F630000398406801B423F005F96F467760E7F757
:10F6400001FD01B024F08BFA032124F0FBF901B491
:10F650000498806801B47A2123F010F901B001B454
:10F66000019800996F467760E7F7C2FF02B001B4D6
:10F6700001980099C16002B0029801210161012046
:10F680000090009801B40398406801B423F0DAF8C0
:10F690006F467760E7F7D6FC01B024F060FA0321EB
:10F6A00024F0D0F901B40198009924F064FA02B072
:10F6B0002BD0029801B4019801B4049801B4FFF76B
:10F6C000A9FD02B001B4029801B4059801B4FFF796
:10F6D000E1FC02B001B40198009924F0C3F902B032
:10F6E00001B40498006901B406BC02B404B400F08B
:10F6F0002BF802B001B401980099016102B00098A2
:10F70000032124F09FF90090BBE7029801B401B4F3
:10F710000198006901B40598806801B47B2123F049
:10F72000ADF801B00027029701B4019800996F4627
:10F730007760E7F75DFF02B001B4019800990161BD
:10F7400003B0002001B000BD00B50198029924F07B
:10F750004EFA01D0019800E0029800BD00B50020EB
:10F7600001B401B401B401B401B401B401B46F46F1
:10F770007760E7F75DFC0090012001900120029086
:10F780006F467760E7F7CCFC0390039801216F4642
:10F790007760E7F7C3FC6F467760E7F7C1FC04903A
:10F7A000049801B40A9801B405986F467760E7F7AA
:10F7B000B3FC01B40198009922F0EDFD02B001B450
:10F7C000019800996F467760E7F7A8FC02B0032024
:10F7D000C2496F467760E9F779FA01B40021049ACB
:10F7E0006F467760E7F7A6FC00980121059A6F46FF
:10F7F0007760E7F79FFC009802210A9A6F467760CE
:10F80000E7F798FC01BC059001200690069801B42A
:10F81000099801B423F08EF86F467760E7F734FA61
:10F8200001B024F09CF901B40198009924F0A3F9E7
:10F8300002B000D1F4E0089801B4079801B423F0B5
:10F8400085F96F467760E7F79FFB02B0A44924F083
:10F85000F6F917D0009801B4079801B423F090F896
:10F860006F467760E7F7F4FB02B00698032124F0B7
:10F87000E9F8069006980290059801B423F03CF848
:10F8800001B068E0089801B4079801B423F05EF96C
:10F890006F467760E7F778FB02B001B491496F4695
:10F8A0007760E8F70BF801B001B46F467760E8F7CE
:10F8B000E1F8002802D1009801B017E00098009804
:10F8C00001B0089801B40798032124F0BBF801B4F3
:10F8D00023F03CF96F467760E7F756FB02B001B4BE
:10F8E00081496F467760E7F7E9FF01B06F467760BF
:10F8F000E8F7F6F8002817D0009801B4079801B48B
:10F9000023F03EF86F467760E7F7A2FB02B0069857
:10F9100002900698052124F095F80690059801B408
:10F9200022F0EAFF01B016E0089801B4079801B48C
:10F9300023F00CF96F467760E7F720FB02B001B4C3
:10F9400000F0B8F801B06F467760E8F7C9F8002812
:10F9500001D0069801900698029924F083F801B42A
:10F9600005986F467760E7F7D7FB01B401980099D7
:10F9700024F065F902B04DD0019801B4079801B4A4
:10F98000019800996F467760E7F798FF02B001B4DD
:10F990006F467760E8F76EF8002802D0009801B053
:10F9A0000DE00098009801B0019801B4039801B4EB
:10F9B000019800996F467760E8F7FEF802B06F464D
:10F9C0007760E8F78DF8002812D0009801B4079806
:10F9D00001B422F0D5FF6F467760E7F739FB02B03C
:10F9E00006980290059801B422F086FF01B011E05C
:10F9F000009801B4029801B422F0C2FF6F4677600C
:10FA0000E7F726FB02B001980290059801B422F0B6
:10FA100073FF01B00698032124F014F80690F5E670
:10FA2000009807B000BD0000D4B001000000000045
:10FA300035FA010000B5E86801B4E8686F46776000
:10FA4000E7F76AFB032123F0FDFF01B40198009959
:10FA50006F467760E7F762FB02B0286901B4686916
:10FA600001B4E8686F467760E7F756FB01B4686950
:10FA700001B422F0E7FE6F467760E7F7E3FA01B0E2
:10FA800024F06DF801B4019800996F467760E7F7AC
:10FA9000F1FD02B001B40198009922F07CFC02B0A3
:10FAA00001B4019800996F467760E7F737FB02B021
:10FAB000002000BD00B5019801B441216F46776078
:10FAC000E8F77AF801B001B46F467760E7F7D2FF44
:10FAD00000280BD0009801B028E0000028FA0100AF
:10FAE000B8B004006CB1040084B104000098009820
:10FAF00001B0019801B475216F467760E8F780F88E
:10FB000001B001B46F467760E7F7B4FF002802D177
:10FB1000009801B00AE00098009801B0019801B483
:10FB200081216F467760E8F747F801B001B46F466E
:10FB30007760E7F79FFF002802D0009801B01FE030
:10FB40000098009801B0019801B4B7216F46776022
:10FB5000E8F756F801B001B46F467760E7F78AFF1F
:10FB6000002802D1009801B00AE00098009801B086
:10FB7000019801B4C1216F467760E8F71DF801B024
:10FB800001B46F467760E7F775FF002802D0009850
:10FB900001B01FE00098009801B0019801B4F7216E
:10FBA0006F467760E8F72CF801B001B46F467760D4
:10FBB000E7F760FF002802D1009801B00AE0009842
:10FBC000009801B0019801B4FD216F467760E7F716
:10FBD000F3FF01B000BD000000B5002001B401201A
:10FBE0000090009801B4039801B422F0A3FE6F4680
:10FBF0007760E7F749F801B023F0B1FF01B401984D
:10FC0000009923F0B8FF02B01BD0029801B401980C
:10FC100001B422F09BFF6F467760E7F7AFF902B0BF
:10FC200040210902013123F0BAFF04D02720C0008F
:10FC30003768385809E00098032123F003FF00904B
:10FC4000CFE74F2080003768385801B000BD000072
:10FC50007746009822F088FFBE4600B501980299C9
:10FC6000416001980399816001980499C160002066
:10FC700000BD000000B5002001B401B401B401B41E
:10FC8000059801B46F467760E8F75CF801B0BE49AB
:10FC900023F0C1FF02D005981BE119E1059801B4DA
:10FCA0006F467760E8F74EF801B0B84923F0B3FF2C
:10FCB0000FD06F467760E6F7DDFE01B4069801B419
:10FCC00022F062FF6F467760E6F714FF02B000E1B2
:10FCD000FEE0059801B46F467760E9F75BFA01B082
:10FCE0006F467760E7F78EF96F467760E7F7F8FEC3
:10FCF000002841D005980090009801B422F0A2FDA0
:10FD00006F467760E7F79EF901B023F028FF069968
:10FD100023F059FF08D09E4801B4019801B400F0C7
:10FD2000DFF902B0D5E026E06F467760E6F7A2FE85
:10FD300001B4079801B4012001B4039801B400F0A4
:10FD40005DF903B00346924801B408B400F0C8F965
:10FD500002B001B422F018FF6F467760E6F7CAFEE2
:10FD600002B001B422F0E6FD8A496F467760E6F7FB
:10FD7000C1FE01B0ADE0ABE0059801B46F4677601D
:10FD8000E6F778FE01B422F0F4FD6F467760E6F7FF
:10FD9000B1FE02B00190019801B47F496F467760CF
:10FDA000E7F73AFE01B001B46F467760E7F762FE0D
:10FDB000002802D1009801B00AE00098009801B034
:10FDC000019801B475496F467760E7F725FE01B0E9
:10FDD0006F467760E7F784FE002801D0019878E04D
:10FDE000059801B46F467760E9F7EAF901B002902F
:10FDF000029801B422F026FD6F467760E7F722F9FA
:10FE000001B023F0ACFE01B4079801B40198009949
:10FE10006F467760E7F704FF02B0039003986F46E0
:10FE20007760E7F75DFE002809D0069801B401204D
:10FE300001B4049801B400F0E1F803B0029001208D
:10FE400057496F467760E8F741FF01B40021069AF1
:10FE50006F467760E7F76EF904986F467760E7F7CB
:10FE60003FFE002801D04F4803E06F467760E6F779
:10FE700001FE01B4049801B46F467760E6F7FAFD1D
:10FE800001B406BC02B4029801B404B400F064F8F2
:10FE900003B00027019701B4019801B422F07CFE61
:10FEA0006F467760E6F726FE04B001B422F05AFDF3
:10FEB0003D486F467760E6F71DFE01B001B422F0C1
:10FEC00039FD3A496F467760E6F714FE01B000E06D
:10FED000002004B000BD0000D4B00100000000000C
:10FEE000E5FE0100022C06DA00B522F026FE00F045
:10FEF00002F802B000BD00B5019801B4039801B446
:10FF000022F030FD2A486F467760E6F7F3FD01B036
:10FF100001B422F00FFD27496F467760E6F7EAFD4E
:10FF200001B001B4E86801B4059801B422F02CFED8
:10FF300022F0A2FA02B001B422F02EFE6F467760E2
:10FF4000E6F7D8FD02B001B422F026FE6F467760D6
:10FF5000E6F7D0FD02B000BD00B5002001B401B449
:10FF6000039801B422F06EFC6F467760E7F76AF8F9
:10FF700001B023F0F4FD0090012001900198009958
:10FF800023F0F9FD18D136E0C0B00400D0B0040071
:10FF9000B0B00400E0B00400ECB0040004B1040010
:10FFA000D8FE010034B1040014B1040044B10400CF
:10FFB0001CB1040028B10400049801B4069801B4EF
:10FFC000059801B4049801B40198009922F0E3F96E
:10FFD00002B001B40EBC08B4029801B402B404B477
:10FFE000039822F0E5FD04B005900198032123F069
:10FFF00029FD0190C2E7059802B000BD00B50020C0
:020000040002F8
:1000000001B401B401B46F467760E7F711F80090CE
:10001000049801B422F016FC6F467760E7F712F8F7
:1000200001B023F09CFD01900598002123F007FE0C
:1000300002D00120059010E00598012123F09BFDDE
:100040000BD00198059923F0FDFC0346012001B473
:1000500008B4FFF779FB02B005900598019923F0E9
:100060009EFD01D0009839E00698002123F0E7FDBD
:1000700002D00198069009E00698012123F07BFD4B
:1000800004D00198069923F0DDFC069006980199AA
:1000900023F085FD01D00198069005980290029802
:1000A000069923F068FD18D0009801B4059801B4B2
:1000B000049801B40198009922F06DF902B001B4DE
:1000C00022F05EFC6F467760E6F7C2FF02B002984E
:1000D000032123F0B7FC0290E1E7009803B000BDD4
:1000E00000B5002001B401B401B4059801B40021A9
:1000F0006F467760E7F7E2FB01B001B46F467760C7
:10010000E7F7B8FC002802D0009801B00AE0009898
:10011000009801B0059801B406216F467760E7F7B3
:10012000CDFB01B06F467760E7F7DAFC002801D01D
:10013000BF4805906F467760E6F79CFC00900498F6
:1001400001B422F07FFB6F467760E6F77BFF01B0DA
:1001500023F005FD0190012002900298019923F0FF
:100160000AFD7BD0029801B401216F467760E7F762
:1001700057FD01B001B46F467760E7F77BFC0028BC
:1001800002D1009801B003E00098009801B00598F2
:100190006F467760E7F7A4FC00280BD0009801B405
:1001A000069801B422F0F8FC6F467760E6F7A2FCEF
:1001B00002B00090049801B4039801B4019800992A
:1001C00022F0E9F802B001B400216F467760E7F74A
:1001D00075FB01B001B46F467760E7F74BFC002870
:1001E00002D0009801B012E00098009801B0049885
:1001F00001B4039801B40198009922F0CCF802B040
:1002000001B406216F467760E7F758FB01B06F46EF
:100210007760E7F765FC002804D06F467760E6F763
:1002200029FC08E0049801B4039801B401980099EE
:1002300022F0B1F802B001B4019801B4019801B400
:1002400022F0AAFC6F467760E6F754FC03B00090FA
:100250000298032123F0F6FB02907EE7009803B09A
:1002600000BD0000012C0BDA00B522F0ADFB00F060
:1002700007F801B000BD7746009822F075FCBE4635
:1002800000B5002000BD000000B5019801B400F0E9
:1002900003F801B0002000BD00B5052080013768DB
:1002A00038586F467760E7F71BFC6F467760E6F7D4
:1002B00087FD6F467760E6F7A5FE6F467760E7F744
:1002C0000FFC00280DD042200521890137687850A5
:1002D000584801B422F088FA6F467760E5F7BEFE11
:1002E00001B055486F467760E8F71EFD01B40298EB
:1002F00001B4019801B400F08FF802B014F0FAFFD5
:1003000022F044FB406C01B4019801B422F038FBA8
:100310006F467760E6F79CFE03B0002000BD00004A
:10032000D4B00100000000002D03020000B5002041
:1003300001B403206F467760E7F7D2FB002812D0A4
:1003400014F0D8FF22F022FB406C00903B4801B42F
:10035000019801B400F076F802B0292001B415F03C
:10036000E3F801B0E5E7002001B000BDD4B0010022
:100370000000000079030200012C06DA00B522F02B
:1003800023FB00F002F801B000BD00B5019822F097
:1003900039FC40686F467760E7F7A2FB6F467760ED
:1003A000E6F70EFD6F467760E6F72CFE6F46776046
:1003B000E7F796FB002819D00198422122F022FC91
:1003C000416001201E496F467760E8F77FFC01B469
:1003D0000021029A6F467760E6F7ACFE009822F0A3
:1003E00003FA6F467760E5F739FE01B0002000BDE3
:1003F000D4B0010000000000FD03020000B5E86871
:1004000001B4DC2122F00CFC01B0E8680A2122F0E2
:10041000F9FB4160002000BD7746009822F0F2FB16
:10042000BE4600B5019802998160002000BD000021
:10043000B0B0040020030200C45A04006C030200A0
:10044000F003020000B5002001B401B4039801B428
:1004500022F0F8F96F467760E6F7F4FD01B023F07B
:100460007EFB0090012001900198009923F083FB0E
:100470001AD0049801B4049801B4039801B4019807
:10048000009921F088FF02B001B406BC04B40298C0
:1004900001B402B4029822F01DFC03B001980321BC
:1004A00023F0D0FA0190DFE7002002B000BD000089
:1004B00000B5002001B401B401B4D0203768385829
:1004C00001B4059801B422F041FB6F467760E6F76E
:1004D0005BFD02B00346152001B408B40AF036F8FB
:1004E00002B0032123F0AEFA009001200190C94828
:1004F00002900498032123F08EFB27D00520019061
:100500006F467760E6F794FD01B4C3496F467760A4
:10051000E6F79EFD0098C1496F467760E6F798FDC3
:100520000098BF496F467760E6F792FD0098BA4998
:100530006F467760E6F78CFD0098019801B401984A
:10054000009921F028FF02B0029090E00498052164
:1005500023F061FB27D0052001906F467760E6F716
:1005600067FD01B4AF496F467760E6F771FD00980B
:10057000AD496F467760E6F76BFD0098AB496F4673
:100580007760E6F765FD0098A6496F467760E6F765
:100590005FFD0098019801B40198009921F0FBFEDD
:1005A00002B0029063E00498072123F034FB27D0C7
:1005B000052001906F467760E6F73AFD01B49C494B
:1005C0006F467760E6F744FD00989A496F4677607A
:1005D000E6F73EFD009898496F467760E6F738FDEC
:1005E000009893496F467760E6F732FD00980198CE
:1005F00001B40198009921F0CEFE02B0029036E0DD
:100600000498092123F007FB31D0132001900098B2
:1006100001B46F467760E7F713FB01B001B422F035
:10062000A1F986486F467760E6F764FA01B0029058
:10063000D0203768385801B422F07CF904216F4685
:100640007760E6F7A1FC01B00346002001B408B4CE
:1006500009F07CFF02B00146E32023F0F3F901B476
:1006600022F0C7F86F467760EAF7BCFD01B000984A
:10067000019923F094FA01D001200090049801B46C
:10068000012001B4D0203768385801B400F052F886
:1006900003B001B4019801B46F467760E7F7D0FA70
:1006A00001B001B422F078FA6F467760E6F722FADB
:1006B00002B001B4D0203768385801B4069803213D
:1006C00023F0C0F901B406BC002001B402B404B4A4
:1006D00000F030F803B001B422F05EFA6F467760A4
:1006E000E6F708FA02B0D02137687850F020376872
:1006F000385801B40598032123F0B4F901B400205F
:1007000001B4059801B40BF043FC02B001B40298A7
:100710000199009A21F08AFE03B0D020376838583A
:1007200001B4474801B40AF0FBF902B0002003B05D
:1007300000BD000000B5002001B4029801B422F011
:10074000F9F86F467760E6F79FFA01B023F007FAF1
:1007500000900398012123F00EFA0BD00098039922
:1007600023F070F90346012001B408B4FEF7ECFF52
:1007700002B003900498002123F061FA02D000989F
:10078000049006E00498062123F059FA01D00120D4
:1007900004900498012123F0EEF904D00098049904
:1007A00023F050F90490029801B4049801B406981B
:1007B000059923F057F901B422F0B2FA6F46776039
:1007C000E6F766FA03B001B000BD000000B501987D
:1007D0001C4923F034FA00D1B1E002982521C90068
:1007E0003768795823F02EF9032123F014FA04D046
:1007F00006F062FE06F0DAFBA0E002982521C900AF
:100800003768795823F01EF9052123F004FA1BD12B
:100810001DE00000ECBA04002CB9040048B9040043
:1008200014B9040078B904008CB9040064B9040058
:10083000C4B90400E0B90400A8B9040000BA040077
:10084000ECB7040040BA040000F0A2F876E0029889
:100850002521C9003768795823F0F4F8072123F0DF
:10086000DAF900D06AE002982521C9003768795882
:1008700023F0E8F8092123F0CEF904D006F01CFE9D
:1008800006F094FB5AE002982521C9003768795890
:1008900023F0D8F80B2123F0BEF90AD006F00CFEA5
:1008A0006F467760E6F7E6F801B406F01FFD01B089
:1008B00044E002982521C9003768795823F0C2F82E
:1008C0000D2123F0A8F90AD006F0F6FD6F467760F7
:1008D000E6F7D0F801B406F089FD01B02EE00298E9
:1008E0002521C9003768795823F0ACF80F2123F08F
:1008F00092F904D006F0E0FD06F00CFC1EE0029830
:100900002521C9003768795823F09CF8112123F07C
:1009100082F904D006F0D0FD06F08AFC0EE00298C1
:100920002521C9003768795823F08CF8132123F06A
:1009300072F903D006F0C0FD06F01CFA26E001981B
:10094000CF4923F07CF921D002982521C9003768CE
:10095000795823F077F8032123F05DF904D006F0ED
:10096000ABFD06F023FB11E002982521C900376892
:10097000795823F067F8052123F04DF906D006F0E9
:100980009BFDC04801B406F0B1FC01B0002000BDE1
:1009900000B56F467760E5F75BFB002000BD000007
:1009A000032C0BDA00B522F0D1F900F007F803B000
:1009B00000BD7746009822F0D7F9BE4600B50298F0
:1009C00001B4012001B4039801B400F01BF803B096
:1009D000039801B4032001B4039801B400F012F8A5
:1009E00003B0002000BD0000032C0BDA00B522F09C
:1009F000ADF900F007F803B000BD7746009822F08B
:100A0000B3F9BE4600B501988423C0580346039845
:100A100001B4039801B408B403F035FC03B00298A4
:100A2000152123F00CF900D1BAE003986F467760E6
:100A3000E7F756F8002874D001988423C05801B411
:100A400002F05AF822F09EF9406801B406BC02B4E4
:100A500004B403F0ACF902B0019801B402F04CF810
:100A600022F090F9406801B4019800998423C150A4
:100A700002B001988C23C05801B402F03DF822F076
:100A800081F9806801B406BC02B404B401F097FD9A
:100A900002B0019801B402F02FF822F073F98068D7
:100AA00001B4019800998C23C15002B001988823A9
:100AB000C05801B402F020F822F064F9006901B4D2
:100AC00006BC02B404B401F07AFD02B0019801B48E
:100AD00002F012F822F056F9006901B40198009969
:100AE0008823C15002B001989023C05801B402F08D
:100AF00003F822F047F9C06801B406BC02B404B49C
:100B000001F05DFD02B0019801B401F0F5FF22F0A3
:100B100039F9C06801B4019800999023C15002B01E
:100B20003EE059486F467760E8F7FEF801B401F0FF
:100B3000E3FF22F027F9806801B4019801B401F0C5
:100B4000FBFC02B0029802BC8C23C1504E486F4699
:100B50007760E8F7E9F801B401F0CEFF22F012F96E
:100B6000006901B4019801B401F0E6FC02B00298FA
:100B700002BC8823C15044486F467760E8F7D4F838
:100B800001B401F0B9FF22F0FDF8C06801B401988A
:100B900001B401F0D1FC02B0029802BC9023C15014
:100BA000019801B400F012F801B0002000BD00006F
:100BB000012C0BDA00B521F007FF00F007F801B0B7
:100BC00000BD7746009822F0CFF8BE4600B50198E8
:100BD00001B4029801B400F0A7FD01B001B403987C
:100BE00001B400F019F801B001B40EBC02B404B4B1
:100BF00008B401F01CF903B0002000BD012C0BDA91
:100C000000B521F0E1FE00F007F801B000BD774625
:100C1000009822F0A9F8BE4600B5002001B401B446
:100C200001B401B401B401B407988423C05801B4DD
:100C300000F03DFD01B0002123F029F807D007980E
:100C40008423C05801B400F032FD01B0F7E1012067
:100C5000009007988423C05801B400F0F0FC01B064
:100C600001B403216F467760E6F7A6FF01B001B437
:100C70006F467760E6F7FEFE002807D009E0000027
:100C80005CBA0400D0BA0400C85C0400009801B04B
:100C900010E00098009801B007988423C05801B470
:100CA00000F095FC01B001B401216F467760E6F7D2
:100CB00005FE01B06F467760E6F712FF002849D0C5
:100CC00001200390039801B408988023C05801B410
:100CD00021F0B8FD6F467760E6F7B4F901B022F075
:100CE0003EFF01B40198009922F045FF02B030D0D8
:100CF00007988023C05801B4049801B40198009962
:100D000021F049FB02B0019007989423C058039941
:100D100022F095FF03D007989023C05802E007986F
:100D20008C23C0580290009801B4039801B4039832
:100D300001B400F0EEFA02B001B40198009922F07B
:100D400081FE02B000900398032122F07BFE039005
:100D5000B8E7D1E007988423C05801B400F06FFCD5
:100D600001B001B401216F467760E6F7A7FD01B03D
:100D700001B46F467760E6F77DFE002802D1009847
:100D800001B010E00098009801B007988423C05883
:100D900001B400F01CFC01B001B403216F46776080
:100DA000E6F78CFD01B06F467760E6F799FE002804
:100DB00048D001200490049801B408988023C058BA
:100DC00001B421F03FFD6F467760E6F73BF901B0D3
:100DD00022F0C5FE01B40198009922F0CCFE02B0C9
:100DE0002FD007988023C05801B4059801B401980A
:100DF000009921F0D0FA02B0019007989423C058CE
:100E0000049922F01CFF03D007989023C05802E0F9
:100E100007988C23C0580290029801B4029801B43C
:100E200000F077FA02B00346009801B408B4FEF768
:100E30008BFC02B000900498032122F003FE049082
:100E4000B9E759E001200590059801B4089880237E
:100E5000C05801B421F0F6FC6F467760E6F7F2F86F
:100E600001B022F07CFE01B40198009922F083FECB
:100E700002B02FD007988023C05801B4069801B45F
:100E80000198009921F087FA02B001900798942305
:100E9000C058059922F0D3FE03D007989023C0587C
:100EA00002E007988C23C0580290029801B402987F
:100EB00001B400F02EFA02B00346009801B408B461
:100EC000FEF742FC02B000900598032122F0BAFD23
:100ED0000590B9E7009801B408988423C05801B47C
:100EE00000F075FB01B001B4019800996F4677607E
:100EF000E6F77EFB02B000900798BC23C0586F460F
:100F00007760E6F7EDFD00281DD00798BC23C05898
:100F100001B421F0AAFC6F467760EAF7EBFB01B061
:100F200022F01DFE01B421F064FC03216F467760BE
:100F3000E6F77AF801B022F012FE01B4032122F0A4
:100F4000C9FD01B000E0012001B408988423C05815
:100F500001B400F0C6F801B06F467760E6F7C0FD57
:100F600000280ED0089801B400F07AF801B06F465E
:100F70007760E6F7B5FD002801D0012000E01120E0
:100F800000E0012001B4029801B40A988423C058FB
:100F900001B400F016F901B00346012001B408B411
:100FA00000F03EF902B001B40198009922F04AFD28
:100FB00002B001B40A988423C05801B400F001F9CA
:100FC00001B00346032001B408B400F029F902B0CF
:100FD00001B40198009922F035FD02B001B40A98DD
:100FE0008423C05801B400F0B4F801B003460120D6
:100FF00001B408B400F014F902B001B401980099EA
:1010000022F020FD02B001B40A988423C05801B434
:1010100000F09FF801B00346032001B408B400F0CB
:10102000FFF802B001B40198009922F00BFD02B064
:10103000019922F007FD02BC01B022F003FD06B0C9
:1010400000BD0000012C0BDA00B521F0BDFC00F062
:1010500007F801B000BD7746009821F085FEBE4636
:1010600000B501988423C05801B400F0E8FA01B03B
:1010700001B401216F467760E6F720FC01B001B4AE
:101080006F467760E6F7F6FC002802D1009801B0C1
:1010900010E00098009801B001988423C05801B472
:1010A00000F095FA01B001B403216F467760E6F7CE
:1010B00005FC01B06F467760E6F712FD6F4677607A
:1010C000E5F77EFE6F467760E5F79CFF00BD000008
:1010D000012C0BDA00B521F077FC00F007F801B025
:1010E00000BD7746009821F05BFEBE4600B5019832
:1010F000C06A01B46F467760E6F7BCFC002802D1F5
:10110000009801B00BE00098009801B00198806A47
:1011100001B400216F467760E6F7D0FB01B06F465F
:101120007760E6F7DDFC002806D00198C06A01B4BC
:10113000FFF7D7FF01B001E00198806A00BD000011
:10114000012C0BDA00B521F03FFC00F007F801B0EC
:1011500000BD7746009821F023FEBE4600B50198F9
:10116000C06A01B46F467760E6F784FC002802D1BC
:10117000009801B00BE00098009801B00198006A57
:1011800001B400216F467760E6F798FB01B06F4627
:101190007760E6F7A5FC002806D00198C06A01B484
:1011A000FFF7D7FF01B001E00198006A00BD000021
:1011B000012C0BDA00B521F007FC00F007F801B0B4
:1011C00000BD7746009821F0EBFDBE4600B50198C2
:1011D000C06A01B46F467760E6F74CFC002802D184
:1011E000009801B00BE00098009801B00198806968
:1011F00001B400216F467760E6F760FB01B06F46EF
:101200007760E6F76DFC002806D00198C06A01B44B
:10121000FFF7D7FF01B001E00198806900BD000031
:1012200000B5019801210902FF3122F0A4FC01D090
:10123000019863E0029801B4014601206F4677608F
:10124000E6F7E0FB002801D001B01FE0072000997D
:101250006F467760E6F7D6FB002801D001B01FE0AB
:10126000032000996F467760E6F7CCFB002801D099
:1012700001B024E0052000996F467760E6F7C2FBD5
:10128000002801D001B029E001BC36E0019801211D
:101290000902FF3122F0F6FB032122F0E3FB2DE0EF
:1012A000019801B4112122F03FFC01B00121090293
:1012B000FF3122F0E7FB032122F0D4FB1EE001986E
:1012C00001B4212122F030FC01B001210902FF31DB
:1012D00022F0D8FB032122F0C5FB0FE0019801B4F6
:1012E000312122F021FC01B001210902FF3122F05D
:1012F000C9FB032122F0B6FB00E0019800BD00000D
:10130000022C0BDA00B521F018FC00F007F802B04F
:1013100000BD7746009821F051FDBE4600B5002083
:1013200001B4039801B400F032F901B00346012082
:1013300001B408B4FFF774FF02B001B4049801B41B
:1013400000F025F901B00346032001B408B4FFF70B
:1013500067FF02B001B40198009922F073FB02B05C
:1013600001B4049801B400F0F2F801B00346012082
:1013700001B408B4FFF754FF02B001B4019800991A
:1013800022F060FB02B001B4049801B400F0DFF871
:1013900001B00346032001B408B4FFF741FF02B0D7
:1013A00001B40198009922F04DFB02B001B40498F9
:1013B00001B400F0ACF801B00346012001B408B458
:1013C000FFF72EFF02B001B40198009922F03AFB1A
:1013D00002B001B4049801B400F099F801B00346DA
:1013E000032001B408B4FFF71BFF02B001B4019859
:1013F000009922F027FB02B00090039801B400F09E
:1014000066F801B001B46F467760E6F733FB002859
:1014100002D1009801B004E00098009801B0029851
:10142000C0686F467760E6F75BFB002810D0029833
:10143000C06801B421F019FA6F467760EAF75EF9E7
:1014400001B022F08CFB009922F0FCFA34E032E08B
:101450000298C0686F467760E6F742FB00281FD00D
:101460000298C06801B421F000FA6F467760EAF78D
:1014700045F901B022F073FB01B40398406801B450
:101480007A2121F0FBF901B001B406BC02B404B426
:10149000FEF75AF902B0009922F0D4FA0CE00AE003
:1014A0000298406801B47A2121F0E8F901B000996E
:1014B00022F0C8FA00E0002001B000BD012C0BDAD8
:1014C00000B521F081FA00F007F801B000BD7746C1
:1014D000009821F081FCBE4600B50198006A002109
:1014E00022F0ADFB06D00198806A01B4FFF7EFFF50
:1014F00001B001E00198006A00BD0000012C0BDA88
:1015000000B521F061FA00F007F801B000BD7746A0
:10151000009821F061FCBE4600B5019840690021A9
:1015200022F08DFB06D00198806A01B4FFF7EFFF2F
:1015300001B001E00198406900BD0000012C0BDA08
:1015400000B521F041FA00F007F801B000BD774680
:10155000009821F041FCBE4600B501988069002149
:1015600022F06DFB06D00198806A01B4FFF7EFFF0F
:1015700001B001E00198806900BD0000012C0BDA88
:1015800000B521F021FA00F007F801B000BD774660
:10159000009821F021FCBE4600B50198406800216A
:1015A00022F04DFB06D00198806A01B4FFF7EFFFEF
:1015B00001B001E00198406800BD0000012C0BDA89
:1015C00000B521F001FA00F007F801B000BD774640
:1015D000009821F0E5FBBE4600B50198C06A01B451
:1015E0006F467760E6F746FA002802D1009801B00E
:1015F0000BE00098009801B00198406901B4002107
:101600006F467760E6F75AF901B06F467760E6F704
:1016100067FA002806D00198C06A01B4FFF7D7FF27
:1016200001B001E00198406900BD0000012C0BDA17
:1016300000B521F0C9F900F007F801B000BD774608
:10164000009821F0ADFBBE4600B50198C06A01B418
:101650006F467760E6F70EFA002802D1009801B0D5
:101660000BE00098009801B00198006901B40021D6
:101670006F467760E6F722F901B06F467760E6F7CC
:101680002FFA002806D00198C06A01B4FFF7D7FFEF
:1016900001B001E00198006900BD0000012C0BDAE7
:1016A00000B521F091F900F007F801B000BD7746D0
:1016B000009821F075FBBE4600B50198C06A01B4E0
:1016C0006F467760E6F7D6F9002802D1009801B09E
:1016D0000BE00098009801B00198806801B40021E7
:1016E0006F467760E6F7EAF801B06F467760E6F795
:1016F000F7F9002806D00198C06A01B4FFF7D7FFB8
:1017000001B001E00198806800BD0000012C0BDAF7
:1017100000B521F059F900F007F801B000BD774697
:10172000009821F021FBBE4600B5002001B401B4B1
:1017300001B401B401B401B407988423C05801B4C2
:1017400000F03DFB01B0002122F0A1FA07D007987C
:101750008423C05801B400F032FB01B0EFE1012056
:10176000009007988423C05801B4FFF768FF01B0C8
:1017700001B403216F467760E6F71EFA01B001B4A9
:101780006F467760E6F776F9002802D1009801B03D
:1017900010E00098009801B007988423C05801B465
:1017A000FFF715FF01B001B401216F467760E6F73E
:1017B00085F801B06F467760E6F792F9002848D0C7
:1017C00001200390039801B408988023C05801B405
:1017D00021F038F86F467760E5F734FC01B022F06D
:1017E000BEF901B40198009922F0C5F902B02FD0DA
:1017F00007988023C05801B4049801B40198009957
:1018000020F0C9FD02B0019007989423C0580399B5
:1018100022F015FA03D007989023C05802E00798E9
:101820008C23C0580290029801B4029801B400F0D1
:1018300092F902B00346009801B408B4FDF784FFA2
:1018400002B000900398032122F0FCF80390B9E75E
:10185000D2E007988423C05801B4FFF7F0FE01B02E
:1018600001B401216F467760E6F728F801B001B4B2
:101870006F467760E6F7FEF8002802D1009801B0C5
:1018800010E00098009801B007988423C05801B474
:10189000FFF79DFE01B001B403216F467760E6F7C4
:1018A0000DF801B06F467760E6F71AF9002849D0C5
:1018B00001200490049801B408988023C05801B412
:1018C00020F0C0FF6F467760E5F7BCFB01B022F067
:1018D00046F901B40198009922F04DF902B030D0D8
:1018E00007988023C05801B4059801B40198009965
:1018F00020F051FD02B0019007989423C05804993C
:1019000022F09DF903D007989023C05802E0079871
:101910008C23C0580290009801B4039801B4039836
:1019200001B400F018F902B001B40198009922F056
:1019300089F802B000900498032122F083F8049003
:10194000B8E759E001200590059801B40898802374
:10195000C05801B420F076FF6F467760E5F772FB60
:1019600001B022F0FCF801B40198009922F003F9CB
:1019700002B02FD007988023C05801B4069801B454
:101980000198009920F007FD02B001900798942378
:10199000C058059922F053F903D007989023C058F6
:1019A00002E007988C23C0580290029801B4029874
:1019B00001B400F0D0F802B00346009801B408B4B6
:1019C000FDF7C2FE02B000900598032122F03AF81C
:1019D0000590B9E7009801B408988423C05801B471
:1019E000FFF72DFE01B001B4019800996F467760B2
:1019F000E5F7FEFD02B000900798BC23C0586F4683
:101A00007760E6F76DF800281DD00798BC23C05812
:101A100001B420F02AFF6F467760E9F76BFE01B052
:101A200022F09DF801B420F0E4FE03216F467760B8
:101A3000E5F7FAFA01B022F092F801B4032122F09E
:101A400049F801B000E0012001B408988423C0588F
:101A500001B4FFF746FB01B06F467760E6F740F848
:101A600000280ED0089801B4FFF7FAFA01B06F46CB
:101A70007760E6F735F8002801D0112000E001205A
:101A800000E0012001B4029801B40A988423C058F0
:101A900001B4FFF796FB01B00346052001B408B47A
:101AA000FFF7BEFB02B001B40198009921F0CAFF14
:101AB00002B001B40A988423C05801B4FFF781FB37
:101AC00001B00346072001B408B4FFF7A9FB02B038
:101AD00001B40198009921F0B5FF02B001B40A9851
:101AE0008423C05801B4FFF734FB01B0034605203E
:101AF00001B408B4FFF794FB02B001B40198009957
:101B000021F0A0FF02B001B40A988423C05801B4A8
:101B1000FFF71FFB01B00346072001B408B4FFF72D
:101B20007FFB02B001B40198009921F08BFF02B055
:101B3000019921F087FF02BC01B021F083FF06B0BC
:101B400000BD0000022C0BDA00B520F0F6FF00F01B
:101B500007F802B000BD7746009821F02FF9BE4685
:101B600000B5002001B4039801B4FFF710FD01B0E7
:101B70000346052001B408B4FFF752FB02B001B4DC
:101B8000049801B4FFF703FD01B00346072001B438
:101B900008B4FFF745FB02B001B40198009921F0A9
:101BA00051FF02B001B4049801B4FFF7D0FC01B0BA
:101BB0000346052001B408B4FFF732FB02B001B4BC
:101BC0000198009921F03EFF02B001B4049801B4DD
:101BD000FFF7BDFC01B00346072001B408B4FFF7CE
:101BE0001FFB02B001B40198009921F02BFF02B055
:101BF00001B4049801B4FFF78AFC01B00346052044
:101C000001B408B4FFF70CFB02B001B401980099CD
:101C100021F018FF02B001B4049801B4FFF777FC7B
:101C200001B00346072001B408B4FFF7F9FA02B087
:101C300001B40198009921F005FF02B000900398CB
:101C400001B4FFF744FC01B001B46F467760E5F7DB
:101C500011FF002802D1009801B004E0009800981C
:101C600001B00298C0686F467760E5F739FF002839
:101C700010D00298C06801B420F0F7FD6F4677607D
:101C8000E9F738FD01B021F06AFF009921F0DAFE92
:101C900069E067E00298C0686F467760E5F720FF6B
:101CA00000283FD00298C06801B420F0DEFD6F46E6
:101CB0007760E9F71FFD01B021F051FF01B40498EE
:101CC00001B400F05CF801B001B40198009921F072
:101CD000B9FE02B001B40398806801B420F02AFE76
:101CE0006F467760E4F7D0FF01B021F038FF01B410
:101CF0000498406801B47B2120F0C0FD01B001B41C
:101D0000019800996F467760E5F772FC02B001B464
:101D10000198009921F096FE02B0009921F092FE00
:101D200021E01FE00298806801B420F003FE6F46B6
:101D30007760E4F7A9FF01B021F011FF01B4039827
:101D4000406801B47B2120F099FD01B001B40198F5
:101D500000996F467760E5F74BFC02B0009921F0DF
:101D600071FE00E0002001B000BD0000012C0BDA84
:101D700000B520F029FE00F007F801B000BD77465D
:101D8000009821F029F8BE4600B50198C0690021ED
:101D900021F055FF06D00198806A01B4FFF7EFFFEC
:101DA00001B001E00198C06900BD0000012C0BDA10
:101DB00000B520F009FE00F007F801B000BD77463D
:101DC000009820F0EDFFBE4600B50198C06A01B44E
:101DD0006F467760E5F74EFE002802D1009801B00B
:101DE0000BE00098009801B00198406801B4002110
:101DF0006F467760E5F762FD01B06F467760E5F703
:101E00006FFE002806D00198C06A01B4FFF7D7FF23
:101E100001B001E00198406800BD0000032C0BDA1E
:101E200000B520F093FF00F007F803B000BD77463F
:101E3000009820F0DFFFBE4600B5019801B403987A
:101E400001B413F081F801B001B401980099416325
:101E500002B0019801B4049801B413F075F801B010
:101E600001B401980099816302B001984221C167D1
:101E7000019801B400F012F801B0002000BD00008C
:101E8000012C0BDA00B520F09FFD00F007F801B03F
:101E900000BD7746009820F004FEBE4600B50198CC
:101EA00006218166019801B4342120F0B3FF01B00E
:101EB000002000BD012C0BDA00B520F085FD00F0FC
:101EC00007F801B000BD7746009820F0EAFDBE4655
:101ED00000B50198806E6F467760E5F701FE002837
:101EE00006D00198806E01B400F04FFA01B00BE00B
:101EF000019801B4029801B400F008F801B001B4EF
:101F000001980099816602B0002000BD00B5002054
:101F100001B401B401B401B401B401B401B401B419
:101F200001B401B401B40C9820F0BBFD806E01B483
:101F30006F467760E5F79EFD002802D1009801B05A
:101F40000AE00098009801B00C9820F0AAFD806E7D
:101F500001B400F0F8F901B06F467760E5F7C0FD15
:101F6000002804D00C9820F09CFD806E2DE10C9888
:101F7000806D0090009801B420F077FC6F46776088
:101F8000E9F7B8FB01B021F0EAFD01B412F0DCFF83
:101F900001B00190009801B420F067FC6F467760B3
:101FA000E9F7ACFB01B021F0DAFD01B412F0CCFF8F
:101FB00001B00290012003900120049001200590BF
:101FC00001200690059801B4019801B420F04DFC61
:101FD0006F467760E9F78EFB01B021F0C0FD01B4D8
:101FE0000198009921F0C7FD02B06AD00120079046
:101FF00001200890079801B4019801B420F035FC45
:102000006F467760E9F77AFB01B021F0A8FD01B4D3
:102010000198009921F0AFFD02B043D0009801B4BF
:10202000069801B4099801B420F001FF6F4677606B
:10203000E9F7A0FB03B021F092FD6F467760E5F76A
:102040004FFD00281FD0069801B4029801B400F09B
:1020500051F902B00190089801B4039801B400F05E
:1020600049F902B00290069801B4049801B400F056
:1020700033F902B00390089801B4059801B400F058
:102080002BF902B004900798032121F0DBFC0790A4
:10209000089802210902013121F0D4FC01B4099011
:1020A00001BCA7E70598032121F0CCFC0590069818
:1020B00002210902013121F0C5FC01B4079001BCE5
:1020C00080E7019801B40D9820F0EBFCC06A01B4E0
:1020D00006BC02B404B400F0EBF802B00190029820
:1020E00001B40D9820F0DDFC006B01B406BC02B415
:1020F00004B400F0DDF802B00290039801B40D982A
:1021000020F0CFFCC06A01B406BC02B404B400F0F5
:10211000CFF802B00390049801B40D9820F0C1FCF0
:10212000006B01B406BC02B404B400F0C1F802B004
:1021300004900398019921F095FC01B40D9820F0CA
:10214000B0FCC06A01B4019802BC01B021F07AFC75
:1021500009900498029921F085FC01B40D9820F0B3
:10216000A0FC006B01B4019802BC01B021F06AFC34
:102170000A9095486F467760E6F7D6FD01B40D9852
:1021800001B40B9801B40D9801B405988F4921F062
:1021900079FC01B407988D4921F074FC01B4002743
:1021A000009801B40197029801B40397049801B410
:1021B0000597069801B40797089801B409970A98FB
:1021C00001B400F005F80BB001BC0BB000BD00007D
:1021D0007746009820F040FEBE4600B5019801B455
:1021E000039801B400F021F801B001B401980099FE
:1021F000416002B0019802998160019803994161A0
:1022000001980499816101980599C1600198069926
:102210000161002000BD0000012C0BDA00B520F0A8
:10222000D3FB00F007F801B000BD7746009820F01E
:1022300038FCBE4600B50198806D01B420F015FB56
:102240006F467760E9F772FA01B06F467760E4F79E
:10225000D9FE01B40298406B0346112001B408B4C2
:1022600000F018F802B001B40198009921F0EAFBDF
:1022700002B001B40298806B0346212001B408B477
:1022800000F008F802B001B40198009921F0DAFBDF
:1022900002B000BD00B5019801B40398112121F0EE
:1022A000D1FB01B40198009921F03EFC02B000BDC1
:1022B00000B5019801B4039801B420F075FB6F4696
:1022C0007760E4F7ADFE02B021F049FC01B41121C2
:1022D00021F02AFC01B000BD00B50198029921F05F
:1022E0005EFC02D0019803E001E0029800E00020CB
:1022F00000BD000000B50198029921F03CFC02D01D
:10230000019803E001E0029800E0002000BD000019
:10231000012C0BDA00B520F057FB00F007F801B0F4
:1023200000BD7746009820F0BCFBBE4600B5019882
:10233000806D00BD012C0BDA00B520F045FB00F0EC
:1023400007F801B000BD7746009820F085FDBE4635
:1023500000B50198406801B40298806801B4FFF7A5
:1023600064FF01B001B4019800996F467760E5F70A
:10237000A5FA02B000BD0000012C0BDA00B520F078
:1023800023FB00F007F801B000BD7746009820F06D
:1023900063FDBE4600B5002001B401B401B401B430
:1023A00001B401B401B401B401B401B401B40C9896
:1023B00001B4FFF7CDFF01B06F467760E5F790FB02
:1023C000002805D0A4E003E0605F040001FEFFFFE9
:1023D0000C98806801B4FFF799FD01B000900C984B
:1023E000C06801900C98006902900C98406901B493
:1023F000029802BC21F026FB03900C98806901B47E
:10240000039802BC21F01EFB0490009820F024FDEC
:10241000C0680590009820F01FFD006906900098A4
:1024200020F01AFD406901B4069802BC21F00AFBB5
:102430000790009820F010FD806901B4079802BC55
:1024400021F000FB08900198059921F00BFB01B4E5
:1024500000F062F801B001B40498089921F002FB81
:1024600001B400F059F801B001B4019802BC01B008
:1024700021F0E8FA09900298069921F0F3FA01B4E4
:1024800000F04AF801B001B40598099921F0EAFA80
:1024900001B400F041F801B001B4019802BC01B0F0
:1024A00021F0D0FA0A90099804210902013121F0A3
:1024B00076FB0DD00C980599C1600C9801B4019879
:1024C00020F0CAFC406901B401980099416102B052
:1024D0000A9804210902013121F061FB0DD00C980A
:1024E000069901610C9801B4019820F0B5FC80694F
:1024F00001B401980099816102B00C9801B401986F
:1025000020F0AAFC406801B401980099416002B033
:1025100000200BB000BD000000B50198012121F0A2
:102520002AFB05D00120019921F09CFA03E001E08B
:10253000019800E0002000BD7746009820F04CFC98
:10254000BE4600B501980299816202986F46776095
:10255000E5F7C6FA6F467760E4F732FC6F467760BE
:10256000E4F750FD6F467760E5F7BAFA00281AD015
:1025700001980121416001980321816001981F2188
:10258000C160019803210161019801214161019815
:102590000121816101980121C1610198012101623C
:1025A000019801214162002000BD0000022C0BDADD
:1025B00000B520F0C2FA00F007F802B000BD77467F
:1025C000009820F009FCBE4600B5029801B40298BC
:1025D00001B4FEF7E1FF01B001B406BC02B404B4DB
:1025E00000F075FA02B0029801B4029801B400F04C
:1025F00053FA01B001B406BC02B404B400F033FADB
:1026000002B0029801B4029801B400F011FA01B0CE
:1026100001B406BC02B404B400F0F1F902B00298AF
:1026200001B4029801B400F0CFF901B001B406BCC6
:1026300002B404B400F0AFF902B0029801B40298F9
:1026400001B4FEF769FF01B001B406BC02B404B4E2
:1026500000F083F902B0029801B4029801B4FEF7C9
:102660007BFF01B001B406BC02B404B400F057F91A
:1026700002B0029801B4029801B4FEF72DFF01B038
:1026800001B406BC02B404B400F02BF902B0029805
:1026900001B4029801B4FFF777FB01B001B406BCA6
:1026A00002B404B400F0FFF802B0029801B402983A
:1026B00001B400F0DDF801B001B406BC02B404B40A
:1026C00000F00DF802B0002000BD0000022C0BDA73
:1026D00000B520F032FA00F007F802B000BD7746EE
:1026E000009820F079FBBE4600B50198029941623E
:1026F00000F002FA0346019801B408B400F00DF8A6
:1027000002B0002000BD0000022C0BDA00B520F062
:1027100014FA00F007F802B000BD7746009820F0E8
:1027200031FBBE4600B5029801B40298806801B43E
:10273000019800996F467760E5F7C0F802B001B4E0
:102740006F467760E5F796F9002802D0009801B04F
:102750000EE00098009801B0029801B40298006958
:1027600001B4019800996F467760E5F7A7F802B0C9
:1027700001B46F467760E5F77DF9002802D0009834
:1027800001B00EE00098009801B0029801B40298E0
:10279000C06801B4019800996F467760E5F78EF83C
:1027A00002B06F467760E5F79BF9002804D00198E6
:1027B00001B400F011F801B0002000BD012C0BDACB
:1027C00000B520F001F900F007F801B000BD774630
:1027D000009820F0D7FABE4600B5002001B401B43D
:1027E00001B40020009004984069019001200290FB
:1027F000029801B402986F467760E4F723FC21F059
:10280000AEF901B4019800996F467760E5F7C0F919
:1028100002B0002818D0019801B4039821F095F96E
:1028200001B4019800996F467760E4F71BFC02B091
:102830000090009801B4FEF7C4F901B0029803219A
:1028400021F000F90290D3E700200190002003B0AE
:1028500000BD0000012C0BDA00B520F0B5F800F047
:1028600007F801B000BD7746009820F0B5FABE46E3
:1028700000B50198406A002121F0E1F906D00198E5
:10288000806A01B4FFF7EFFF01B001E00198406AF0
:1028900000BD0000022C0BDA00B520F04EF900F06C
:1028A00007F802B000BD7746009820F095FABE46C2
:1028B00000B501980299C16100F01EF90346019824
:1028C00001B408B4FFF729FF02B0002000BD0000EA
:1028D000022C0BDA00B520F030F900F007F802B056
:1028E00000BD7746009820F077FABE4600B5019803
:1028F0000299016200F000F90346019801B408B49E
:10290000FFF70BFF02B0002000BD0000022C0BDA25
:1029100000B520F012F900F007F802B000BD7746CC
:10292000009820F059FABE4600B5019802998161DD
:1029300000F0E2F80346019801B408B4FFF7EDFE99
:1029400002B0002000BD0000022C0BDA00B520F020
:10295000F4F800F007F802B000BD7746009820F0C8
:102960003BFABE4600B501980299416100F0C4F8F7
:102970000346019801B408B4FFF7CFFE02B000206F
:1029800000BD0000022C0BDA00B520F0D6F800F0F4
:1029900007F802B000BD7746009820F01DFABE4649
:1029A00000B5019802990161002000BD012C0BDAED
:1029B00000B520F009F800F007F801B000BD774637
:1029C000009820F009FABE4600B501980069002180
:1029D00021F035F906D00198806A01B4FFF7EFFFC6
:1029E00001B001E00198006900BD0000022C0BDA83
:1029F00000B520F0A2F800F007F802B000BD77465D
:102A0000009820F0E9F9BE4600B501980299C1602E
:102A1000002000BD012C0BDA00B51FF0D5FF00F03F
:102A200007F801B000BD7746009820F0D5F9BE4602
:102A300000B50198C068002121F001F906D0019885
:102A4000806A01B4FFF7EFFF01B001E00198C068B0
:102A500000BD0000022C0BDA00B520F06EF800F08B
:102A600007F802B000BD7746009820F0B5F9BE46E1
:102A700000B5019802998160002000BD012C0BDA9D
:102A800000B51FF0A1FF00F007F801B000BD7746C8
:102A9000009820F0A1F9BE4600B501988068002199
:102AA00021F0CDF806D00198806A01B4FFF7EFFF5E
:102AB00001B001E00198806800BD0000022C0BDA33
:102AC00000B520F03AF800F007F802B000BD7746F4
:102AD000009820F081F9BE4600B501980299416046
:102AE00000F00AF80346019801B408B4FFF715FE98
:102AF00002B0002000BD000000B500F01DF851201C
:102B000080003768385801B4512080003768385841
:102B100001B41FF097FE6F467760E4F793FA01B0B7
:102B200021F01DF8032120F09DFF01B401980099C8
:102B30001FF031FC02B000BD00B5512080003768A5
:102B400038586F467760E4F7CBFF002800D034E0B8
:102B5000C5486F467760E6F7E7F801B401B400F0C6
:102B600091F801B06F467760E4F762FA01B401B4FE
:102B7000029801B4019800996F467760E4F768FA0B
:102B800002B00027019701BC01B0512189003768CC
:102B900078500C200C216F467760EAF7ADF82921B8
:102BA000C90037687850B14801B412F03BFB01B05E
:102BB000AF4801B412F0AAFB01B0002000BD000034
:102BC000D4B0010000000000CD2B020000B5A648E3
:102BD0006F467760E6F7A8F801B401B400F052F848
:102BE00001B0512080003768385801B4019801B411
:102BF0001FF0C6FE6F467760E4F72AFA03B00020A4
:102C000000BD0000D4B0010000000000112C020043
:102C100000B5512080003768385801B41FF012FE0B
:102C20006F467760E4F71AFA01B0512080003768E8
:102C3000385801B41FF006FE6F467760E4F702FAD9
:102C400001B020F08CFF012120F0F9FF17D0864859
:102C50006F467760E6F768F801B401B400F012F847
:102C600001B0512080003768385801B4019801B490
:102C70001FF086FE6F467760E4F7EAF903B00020A4
:102C800000BD00007746009820F07CF8BE4600B5F5
:102C9000002001B401B401B4049801B46F46776018
:102CA000E4F7C6F901B401980099416102B0714896
:102CB0006F467760E6F738F801B4002001B4019858
:102CC00001B401F035F802B0059802BC41606A48D1
:102CD0006F467760E6F728F801B4002001B4019848
:102CE00001B4FFF729FC02B0059802BC816004988A
:102CF0008068112120F070F8C16104988068052176
:102D000020F06AF84160049880681F2120F064F880
:102D1000816004988068032120F05EF8C160049807
:102D200001B40598806803460A2001B408B400F095
:102D3000E8FE02B001B401980099C16002B00498A5
:102D4000C068032120F048F881600498C06807211A
:102D500020F042F8C160049801B4059880680346E9
:102D60000A2001B408B400F0CCFE02B001B401980E
:102D70000099016102B004980069012120F02CF84B
:102D8000C160002000906F467760E4F751F901B40C
:102D900001B4EC203768385801B4019800996F46A7
:102DA0007760E4F755F902B053208000376838584F
:102DB00001B4009901986F467760E4F749F901B0D2
:102DC000152000013768385801B4009901986F4602
:102DD0007760E4F73DF901B04D208000376838583E
:102DE00001B4009901986F467760E4F731F901B0BA
:102DF000552080003768385801B4009901986F4613
:102E00007760E4F725F901B00120000237683858EF
:102E100001B4009901986F467760E4F719F901B0A1
:102E2000E8203768385801B4009901986F467760F8
:102E3000E4F70EF901B001BC019001200290029864
:102E400001B402986F467760E4F7FCF820F087FE43
:102E500001B4019800996F467760E4F799FE02B0DB
:102E600000280BD13CE0000024600400C02B0200CD
:102E7000042C02000C5B0400C85C0400019801B43F
:102E8000039820F062FE01B4019800996F467760C4
:102E9000E4F7E8F802B000900220BE496F46776080
:102EA000E5F714FF01B40021059A6F467760E4F757
:102EB00041F900980121019A6F467760E4F73AF9E9
:102EC000009810200002033001B4029801B400F011
:102ED000BAF903B00298032120F0B4FD0290AEE7E6
:102EE00000200190002003B000BD0000D4B001001C
:102EF00000000000F92E020000B5002001B401B46A
:102F000001B400200090E86840690346A24801B47B
:102F100008B400F043F902B0019001200290029839
:102F200001B402986F467760E4F78CF820F017FE42
:102F300001B4019800996F467760E4F729FE02B06A
:102F400000281AD0019801B4039820F0FEFD01B4C6
:102F5000019800996F467760E4F784F802B000901A
:102F6000286901B4019801B400F015F802B0029884
:102F7000032120F067FD0290D1E70020019000209E
:102F800003B000BD022C0BDA00B51FF0D6FD00F037
:102F900007F802B000BD774600981FF0E5FEBE4678
:102FA00000B5002001B401B401B404989823C058BE
:102FB0006F467760E4F794FD6F467760E3F700FFB4
:102FC0006F467760E4F71EF801B46F467760E4F768
:102FD00051FD002802D0009801B01BE00098009835
:102FE00001B004988023C05801B41FF02BFC6F4639
:102FF0007760E4F727F801B020F0B1FD6F46776005
:10300000E4F76EFD6F467760E3F7DAFE6F467760B0
:10301000E3F7F8FF6F467760E4F762FD002800D021
:1030200057E0002000900498C023C0580190012070
:103030000290029801B402986F467760E4F702F8B4
:1030400020F08DFD01B4019800996F467760E4F798
:103050009FFD02B000283AD0019801B4039820F0F7
:1030600074FD01B4019800996F467760E3F7FAFFA9
:1030700002B0009000981FF0FDFE8068059920F0D6
:10308000DEFD1ED0009801B405988023C05801B41D
:1030900006989423C05801B4019800991FF07BF959
:1030A00002B01FF08BFE806801B406989423C058CC
:1030B00001B40EBC02B404B408B400F016F803B0B6
:1030C00005E00298032120F0BDFC0290B1E700204A
:1030D0000190002003B000BD032C0BDA00B51FF0F7
:1030E00035FE00F007F803B000BD774600981FF0EA
:1030F000C1FEBE4600B5019840686F467760E4F7B0
:10310000EFFC6F467760E3F75BFE6F467760E3F7AF
:1031100079FF6F467760E4F7E3FC002800D009E010
:10312000039801B4039801B4039801B4DC211FF0A3
:10313000AFFE03B0002000BDD4B0010000000000CD
:1031400045310200012C06DA00B51FF03DFC00F00D
:1031500002F801B000BD00B501981FF005FE9823EC
:10316000C0586F467760E4F7BBFC6F467760E3F7C3
:1031700027FE6F467760E3F745FF6F467760E4F719
:10318000AFFC6F467760E3F71BFE6F467760E3F7AF
:1031900039FF00BDEC2E02003831020000B50020DE
:1031A00001B401B401B401B46F467760E3F740FFA6
:1031B0000090059801B41FF045FB6F467760E3F778
:1031C00041FF01B020F0CBFC019001200290029859
:1031D000019920F0D0FC2AD0059801B4039801B4DD
:1031E000019800991FF0D7F802B00390069801B437
:1031F000039801B4059801B402981FF06BFD03B069
:103200006F467760E4F76CFC00280AD0009801B4A0
:10321000049801B41FF0B4FB6F467760E3F718FF22
:1032200002B00298032120F00DFC0290CFE7009835
:1032300004B000BD032C0BDA00B51FF087FD00F0D1
:1032400007F803B000BD774600981FF087FEBE4622
:1032500000B5002001B401B401B401B4069801B472
:10326000069801B400F022F902B0059801B400F00C
:10327000C3F801B0009000981FF080FEC0686F4650
:103280007760E4F72DFC6F467760E3F799FD6F46B2
:103290007760E3F7B7FE6F467760E4F721FC00281C
:1032A0000CD0009801B46F467760E3F7C1FE01B41B
:1032B000019800991FF062FEC16002B000200190E9
:1032C00000981FF05BFEC0680290012003900398F5
:1032D00001B403986F467760E3F7B4FE20F03FFC3B
:1032E00001B4019800996F467760E4F751FC02B091
:1032F000002843D0029801B4049820F026FC01B4C1
:10330000019800996F467760E3F7ACFE02B0019038
:1033100001981FF041FE406801B4079801B401987C
:1033200000996F467760E4F7C9FA02B001B46F46BE
:103330007760E4F79FFB002802D1009801B010E00D
:103340000098009801B001981FF026FE806801B433
:10335000089801B4019800996F467760E4F7AEFAD7
:1033600002B06F467760E4F7BBFB002800D024E092
:103370000398032120F066FB0390A8E70020029049
:10338000CA486F467760E5F7CFFC01B4089801B4EE
:10339000089801B4029801B400F012F803B0019843
:1033A0001FF0ECFDC06801B4019801B41FF0E8FA09
:1033B0006F467760E3F74CFE03B0002004B000BD19
:1033C000774600981FF0E8FDBE4600B501980299C7
:1033D0004160019803998160002000BD012C0BDA47
:1033E00000B51FF0F1FA00F007F801B000BD774614
:1033F00000981FF0B3FDBE4600B5002001B401B433
:1034000001B40020009011F075FF1FF0BFFA806D2D
:10341000019001200290029801B402986F467760F3
:10342000E3F710FE20F09BFB01B4019800996F4672
:103430007760E4F7ADFB02B0002823D0019801B417
:10344000039820F082FB01B4019800996F467760E1
:10345000E3F708FE02B0009000981FF08FFD40686F
:1034600001B40598806801B40198009920F0E7FB49
:1034700002B001D0009808E00298032120F0E2FA9F
:103480000290C8E700200190002003B000BD0000BA
:10349000022C0BDA00B51FF050FB00F007F802B069
:1034A00000BD774600981FF059FDBE4600B50020CC
:1034B00001B401B401B401B401B4069801B4FFF73A
:1034C0009BFF01B06F467760E4F70AFB6F467760B9
:1034D000E3F776FC6F467760E3F794FD6F4677601D
:1034E000E4F7FEFA00281CD071486F467760E5F7D4
:1034F0001BFC01B40798806801B4019801B400F086
:10350000EBFA02B011F0F6FE1FF040FA806D01B444
:10351000019801B41FF034FA6F467760E3F798FD25
:1035200003B0069801B4FFF767FF01B00090009860
:103530001FF024FD80686F467760E4F7D1FA6F468C
:103540007760E3F73DFC6F467760E3F75BFD6F461E
:103550007760E4F7C5FA00280CD0009801B46F46F4
:103560007760E3F765FD01B4019800991FF006FD4F
:10357000816002B00020019000981FF0FFFC80687D
:10358000029001200390039801B403986F4677607E
:10359000E3F758FD20F0E3FA01B4019800996F4673
:1035A0007760E4F7F5FA02B000281DD0029801B464
:1035B000049820F0CAFA01B4019800996F46776028
:1035C000E3F750FD02B0019001981FF0E5FC406860
:1035D000079920F034FB01D001984AE003980321B9
:1035E00020F030FA0390CEE700200290022031490B
:1035F0006F467760E5F76AFB01B40021079A6F46D2
:103600007760E3F797FD00980121089A6F4677608D
:10361000E3F790FD089801B40898806801B406BCEF
:10362000212001B4019801B402B404B400F0ECF814
:1036300005B01E486F467760E5F776FB01B40020C1
:1036400001B4099801B4029801B4FFF7B9FE03B0C0
:1036500001BC049000981FF091FC806801B40598AB
:1036600001B41FF08DF96F467760E3F7F1FC02B00B
:10367000049805B000BD0000D4B0010000000000B7
:103680008536020000B5286901B4E86801B400F08D
:1036900018F802B0002000BD022C12DA00B51FF0AD
:1036A0004CFA00F00EF802B000BD00004C610400BE
:1036B0009461040078360200774600981FF04EFCB3
:1036C000BE4600B5002001B401B401B401B401B498
:1036D000069801B4FFF790FE01B0009000986F4685
:1036E0007760E4F7FDF96F467760E3F769FB6F46B3
:1036F0007760E3F787FC6F467760E4F7F1F900281D
:1037000000D07EE0079801B4079801B4FFF7CEFE21
:1037100002B0019001981FF03FFC80686F4677600F
:10372000E4F7DEF9002805D0019801B46F211FF0FD
:1037300077FA01B000981FF021FCC0686F467760EF
:10374000E4F7CEF900285CD00020029000981FF02A
:1037500015FCC068039001200490049801B40498FB
:103760006F467760E3F76EFC20F0F9F901B4019839
:1037700000996F467760E4F70BFA02B000283ED05C
:10378000039801B4059820F0E0F901B4019800997C
:103790006F467760E3F766FC02B0029002981FF074
:1037A000FBFB406801B4089801B4019800996F468A
:1037B0007760E4F783F802B001B46F467760E4F70E
:1037C00059F9002802D1009801B006E0009800984D
:1037D00001B002981FF0E0FB80686F467760E4F765
:1037E0007FF9002805D0029801B46F211FF018FA64
:1037F00001B00498032120F025F90490ADE70020E2
:103800000390002005B000BD00B5002001B400F019
:1038100039F9009000986F467760E4F761F96F46D8
:103820007760E3F7CDFA6F467760E3F7EBFB6F461F
:103830007760E4F755F900280FD0029801B4049896
:1038400001B4069801B4089801B41FF0B3FB6F46A9
:103850007760E2F7FBFB04B00CE0059801B4059833
:1038600001B4059801B4059801B4049801B400F0BE
:103870000EF805B0002001B000BD0000052C0BDAE9
:1038800000B51FF0B4FB00F007F805B000BD7746A7
:1038900000981FF0C4FBBE4600B5002001B401B47F
:1038A00001B401B400200090059840680190012007
:1038B0000290029801B402986F467760E3F7C2FB6A
:1038C00020F04DF901B4019800996F467760E4F754
:1038D0005FF902B000284DD0019801B4039820F0A0
:1038E00034F901B4019800996F467760E3F7BAFBA9
:1038F00002B0009000981FF0A0FB406801B4079848
:1039000001B4019800996F467760E4F77DF802B042
:1039100001B46F467760E4F7ADF8002802D1009853
:1039200001B010E00098009801B000981FF085FBEE
:10393000806801B4089801B4019800996F467760D7
:10394000E4F762F802B06F467760E4F7C9F8002840
:103950000AD0009809991FF070FB0161009808993E
:103960001FF06BFBC1602DE00298032120F06AF884
:1039700002909EE700200190B1486F467760E5F71E
:10398000D3F901B40A9801B40A9801B40A9801B4B1
:103990000A9801B4049801B400F060F805B001BCC5
:1039A00003900598406801B4049801B41EF0E8FF44
:1039B0006F467760E3F74CFB02B0039801B400F068
:1039C0000EF801B0002004B000BD0000012C0BDA9D
:1039D00000B51EF0F9FF00F007F801B000BD774612
:1039E00000981FF02AFBBE4600B5012095496F469E
:1039F0007760E5F76BF901B40021029A6F467760B2
:103A0000E3F798FB0298406801B40398806801B41A
:103A1000029801B40598006901B41FF0CBFA6F4613
:103A20007760E2F713FB05B0002000BDD4B00100C1
:103A300000000000393A020000B5E868C0686F462F
:103A40007760E4F74DF8002805D0E86801B4DC2180
:103A50001FF0E6F801B0002000BD00007746009896
:103A60001FF0EBFABE4600B501980299416001983B
:103A70000399816001980499C160019805990161D9
:103A8000002000BD00B52B20C000376838586F46B5
:103A90007760E4F725F800281CD02B20C000376899
:103AA000385801B42B20C0003768385801B41EF0D4
:103AB000C9FE6F467760E3F7C5FA01B020F04FF812
:103AC00003211FF0CFFF01B4019800991EF063FCA1
:103AD00002B000E0002000BD774600981FF04EFACB
:103AE000BE4600B5019802994160002000BD00006B
:103AF000022C0BDA00B51FF020F800F007F802B036
:103B000000BD774600981FF067F9BE4600B500205B
:103B100001B44D486F467760E5F706F901B400201F
:103B200001B4019801B4FEF707FD02B001BC00909A
:103B300003986F467760E3F7D3FF002800D185E054
:103B4000009801B4039801B4FDF726FD01B001B45B
:103B500006BC02B404B4FEF7BAFF02B0009801B488
:103B6000039801B4FEF798FF01B001B406BC02B49B
:103B700004B4FEF778FF02B0009801B4039801B4D2
:103B8000FEF756FF01B001B406BC02B404B4FEF760
:103B900036FF02B0009801B4039801B4FEF714FF99
:103BA00001B001B406BC02B404B4FEF7F4FE02B0E6
:103BB000009801B4039801B4FDF7AEFC01B001B464
:103BC00006BC02B404B4FEF7C8FE02B0009801B40B
:103BD000039801B4FDF7C0FC01B001B406BC02B407
:103BE00004B4FEF79CFE02B0009801B4039801B43F
:103BF000FDF772FC01B001B406BC02B404B4FEF7D8
:103C000070FE02B0009801B4039801B4FEF7BCF84E
:103C100001B001B406BC02B404B4FEF744FE02B025
:103C2000009801B4039801B4FEF722FE01B001B47C
:103C300006BC02B404B4FEF752FD02B074E000000A
:103C4000E46204002C3A0200C85C0400009801B44D
:103C50000398406801B4019800991FF0BDF84160D5
:103C600002B0009801B40398806801B401980099EB
:103C70001FF0B2F8816002B0009801B40398C068E8
:103C800001B4019800991FF0A7F8C16002B0009834
:103C900001B40398006901B4019800991FF09CF8E1
:103CA000016102B0009801B40398406901B4019821
:103CB00000991FF091F8416102B0009801B4039897
:103CC000806901B4019800991FF086F8816102B003
:103CD000009801B40398006A01B4019800991FF09C
:103CE0007BF8016202B0009801B40398C06901B486
:103CF000019800991FF070F8C16102B0009801B4FA
:103D00000398406A01B4019800991FF065F8416278
:103D100002B0009801B40398806A01B40198009938
:103D20001FF05AF8816202B0009801B000BD000097
:103D3000774600981FF034F8BE4600B50198029906
:103D4000C16202986F467760E3F7CAFE6F467760FC
:103D5000E3F736F86F467760E3F754F96F4677601C
:103D6000E3F7BEFE002816D00198012109022D318B
:103D7000C16001980121016101980121416101980F
:103D800001214162019801218161019801210162B3
:103D900001980121C161002000BD0000022C0BDA56
:103DA00000B51EF0CAFE00F007F802B000BD77466D
:103DB00000981EF0F5FFBE4600B5029801B40298C7
:103DC00001B4FEF701F801B001B406BC02B404B4BA
:103DD00000F03BFA02B0029801B4029801B4FDF77A
:103DE0006BFC01B001B406BC02B404B400F00FFADD
:103DF00002B0029801B4029801B400F0D5F901B004
:103E000001B406BC02B404B400F0B5F902B00298E3
:103E100001B4029801B4FDF717FC01B001B406BC6F
:103E200002B404B400F089F902B0029801B4029817
:103E300001B4FDF7D1FB01B001B406BC02B404B477
:103E400000F05DF902B0029801B4029801B4FDF7E8
:103E5000BDF901B001B406BC02B404B400F031F9FC
:103E600002B0029801B4029801B400F0F7F801B072
:103E700001B406BC02B404B400F0D7F802B0029852
:103E800001B4029801B4FDF769F901B001B406BCB0
:103E900002B404B400F089F802B0029801B40298A8
:103EA00001B400F04FF801B001B406BC02B404B490
:103EB00000F02FF802B0029801B4029801B4FDF7A7
:103EC00015F901B001B406BC02B404B400F00DF859
:103ED00002B0002000BD0000022C0BDA00B51EF07D
:103EE0002CFE00F007F802B000BD774600981EF0E7
:103EF00057FFBE4600B5019802998162002000BDBF
:103F0000022C0BDA00B51EF018FE00F007F802B024
:103F100000BD774600981EF043FFBE4600B50198ED
:103F200002994162002000BD012C0BDA00B51EF0A1
:103F30004BFD00F007F801B000BD774600981EF079
:103F40002FFFBE4600B50198C06A01B46F46776086
:103F5000E3F790FD002802D1009801B00BE0009833
:103F6000009801B00198406A01B400216F46776063
:103F7000E3F7A4FC01B06F467760E3F7B1FD0028DA
:103F800006D00198C06A01B4FFF7D7FF01B001E085
:103F90000198406A00BD0000022C0BDA00B51EF04B
:103FA000CCFD00F007F802B000BD774600981EF087
:103FB000F7FEBE4600B5019802990162FEF79CFD2E
:103FC0000346019801B408B400F00DF802B00020D7
:103FD00000BD0000022C0BDA00B51EF0AEFD00F0B3
:103FE00007F802B000BD774600981EF0CBFEBE4633
:103FF00000B5029801B40298406801B40198009994
:104000001FF01DFE02B004D0019801B4FEF7E4FBDE
:1040100001B0002000BD0000022C0BDA00B51EF03C
:104020008CFD00F007F802B000BD774600981EF046
:10403000B7FEBE4600B501980299C161002000BDDF
:10404000012C0BDA00B51EF0BFFC00F007F801B040
:1040500000BD774600981EF0A3FEBE4600B501984D
:10406000C06A01B46F467760E3F704FD002802D10F
:10407000009801B00BE00098009801B00198C06969
:1040800001B400216F467760E3F718FC01B06F467A
:104090007760E3F725FD002806D00198C06A01B4D7
:1040A000FFF7D7FF01B001E00198C06900BD000033
:1040B000022C0BDA00B51EF040FD00F007F802B04C
:1040C00000BD774600981EF06BFEBE4600B5019815
:1040D00002998161FEF710FD0346019801B408B40E
:1040E000FFF781FF02B0002000BD0000022C0BDAB8
:1040F00000B51EF022FD00F007F802B000BD7746C3
:1041000000981EF04DFEBE4600B50198029941612F
:10411000FEF7F2FC0346019801B408B4FFF763FF11
:1041200002B0002000BD0000022C0BDA00B51EF02A
:1041300004FD00F007F802B000BD774600981EF0BD
:104140002FFEBE4600B5019802990161FEF7D4FC2E
:104150000346019801B408B4FFF745FF02B0002000
:1041600000BD0000022C0BDA00B51EF0E6FC00F0EA
:1041700007F802B000BD774600981EF011FEBE465B
:1041800000B501980299C160002000BD012C0BDA36
:1041900000B51EF019FC00F007F801B000BD77462D
:1041A00000981EF0FDFDBE4600B50198C06A01B43E
:1041B0006F467760E3F75EFC002802D1009801B0FB
:1041C0000BE00098009801B00198C06801B400218C
:1041D0006F467760E3F772FB01B06F467760E3F7F5
:1041E0007FFC002806D00198C06A01B4FFF7D7FF12
:1041F00001B001E00198C06800BD0000022C0BDA9C
:1042000000B51EF09AFC00F007F802B000BD77463A
:1042100000981EF0C5FDBE4600B501980299816068
:10422000FEF76AFC0346019801B408B4FFF7DBFE11
:1042300002B0002000BD0000022C0BDA00B51EF019
:104240007CFC00F007F802B000BD774600981EF035
:10425000A7FDBE4600B5019802994160FEF74CFCEF
:104260000346019801B408B4FFF7BDFE02B0002078
:1042700000BD0000032C0BDA00B51EF067FD00F056
:1042800007F803B000BD774600981EF089FDBE46D2
:1042900000B5029801B4014601206F467760E3F74C
:1042A000B1FB002801D001B05BE0032000996F460C
:1042B0007760E3F7A7FB002801D001B059E00D209B
:1042C00000996F467760E3F79DFB002801D001B0AD
:1042D00057E0112000996F467760E3F793FB0028C1
:1042E00001D001B055E00F2000996F467760E3F7E9
:1042F00089FB002801D001B060E0052000996F46DD
:104300007760E3F77FFB002801D001B06BE0092064
:1043100000996F467760E3F775FB002801D001B084
:104320006FE0072000996F467760E3F76BFB00288A
:1043300001D001B073E00B2000996F467760E3F77E
:1043400061FB002801D001B077E0132000996F468F
:104350007760E3F757FB002801D001B07BE001BC98
:1043600086E0039801B4029801B4FFF773FF02B02E
:104370007EE0039801B4029801B4FFF74DFF02B04C
:1043800076E0039801B4029801B4FFF7F9FE02B099
:104390006EE0019801B4049801211FF080FB0346F0
:1043A000012001B408B4FBF7CFF902B001B406BC98
:1043B00002B404B4FFF7C6FE02B059E0019801B49C
:1043C000049801211FF06BFB0346012001B408B4DF
:1043D000FBF7BAF902B001B406BC02B404B4FFF7AB
:1043E00093FE02B044E0019801B4049801211FF04B
:1043F00056FB01B406BC02B404B4FFF767FE02B07A
:1044000036E0019801B4049801211FF048FB01B483
:1044100006BC02B404B4FFF7CDFD02B028E0019859
:1044200001B4049801211FF03AFB01B406BC02B4A8
:1044300004B4FFF7FFFD02B01AE0019801B404983C
:1044400001211FF02CFB01B406BC02B404B4FFF739
:1044500065FD02B00CE0019801B4049801211FF041
:104460001EFB01B406BC02B404B4FFF743FD02B066
:10447000002000BD022C0BDA00B51EF05EFB00F040
:1044800007F802B000BD774600981EF06DFCBE46EE
:1044900000B5019802999823C150002000BD00008A
:1044A00000B5002001B4FEF747FBC9486F467760AE
:1044B000E4F73AFC01B401B400F08CF901B001BC9E
:1044C0000090029801B4019801B400F070F902B0B4
:1044D000422001B4019801B4FFF7D5FF02B0A1203A
:1044E00001B4019801B400F0C4F802B0792001B41D
:1044F000019801B400F00DF802B0009801B000BDC1
:10450000022C0BDA00B51EF018FB00F007F802B021
:1045100000BD774600981EF0C4FABE4600B501986B
:1045200001B4039801B4039801B400F025F801B078
:1045300001B405216F467760E3F786F801B001B456
:10454000019800991FF08EFA02B001B406BC02B4C3
:1045500004B400F02DF802B0002000BD012C0BDAED
:1045600000B51EF031FA00F007F801B000BD774643
:1045700000981EF096FABE4600B50198806B01B413
:104580000221090201316F467760E3F75DF801B05F
:1045900000BD0000022C0BDA00B51EF0CEFA00F0D0
:1045A00007F802B000BD774600981EF07AFABE46C2
:1045B00000B5002001B410F09DFE1EF0E7F9C069BF
:1045C0000090009801B4039801B4059801B410F06C
:1045D000BBFC01B001B40598006901B4019802BCAC
:1045E00001B01FF03FFA01B40EBC02B4012001B4C7
:1045F00004B408B42C211EF02EFD04B0002001B03C
:1046000000BD0000042C0BDA00B51EF036FD00F0F2
:1046100007F804B000BD774600981EF041FDBE4685
:1046200000B5002000BD0000012C0BDA00B51EF023
:10463000CBF900F007F801B000BD774600981EF0F6
:1046400030FABE4600B50198006901B402210902A2
:1046500001316F467760E2F7F7FF01B000BD00005F
:10466000022C0BDA00B51EF068FA00F007F802B071
:1046700000BD774600981EF014FABE4600B50198BA
:1046800001B4039801B4039801B400F025F801B017
:1046900001B405216F467760E2F7D6FF01B001B49F
:1046A000019800991FF0DEF902B001B406BC02B413
:1046B00004B400F02DF802B0002000BD012C0BDA8C
:1046C00000B51EF081F900F007F801B000BD774693
:1046D00000981EF0E6F9BE4600B50198406B01B4A3
:1046E0000221090201316F467760E2F7ADFF01B0A8
:1046F00000BD0000022C0BDA00B51EF01EFA00F01F
:1047000007F802B000BD774600981EF0CAF9BE4611
:1047100000B5002001B410F0EDFD1EF037F9C069BE
:104720000090009801B4039801B4059801B410F00A
:104730000BFC01B001B40598C06801B4019802BC3B
:1047400001B01FF08FF901B40EBC012001B402B416
:1047500004B408B42C211EF07EFC04B0002001B08B
:1047600000BD0000012C0BDA00B51EF02DF900F0A1
:1047700007F801B000BD774600981EF092F9BE46DA
:1047800000B50198C06801B40221090201316F46E9
:104790007760E2F759FF01B000BD0000022C0BDA90
:1047A00000B51EF0CAF900F007F802B000BD774668
:1047B00000981EF0D9FABE4600B5019802998023F0
:1047C000C150019801B4FCF701FA01B0002000BD0E
:1047D000CC4E0400774600981EF0C6FABE4600B5DF
:1047E000019801B4C7486F467760E9F79BFC01B4B4
:1047F00006BC90203768385801B402B404B400F005
:1048000099FE03B0FEF798F9BF486F467760E4F76A
:104810008BFA01B4FEF770F91EF0B4FA406801B4E7
:10482000019801B4FFF784FA02B0029802BC842315
:10483000C150B6486F467760E4F776FA01B4FEF7E8
:104840005BF91EF09FFA006901B4019801B4FDF70D
:1048500073FE02B0029802BC8823C150AB486F4679
:104860007760E4F761FA01B4FEF746F91EF08AFAC0
:10487000806801B4019801B4FDF75EFE02B00298B1
:1048800002BC8C23C150A1486F467760E4F74CFA14
:1048900001B4FEF731F91EF075FAC06801B4019851
:1048A00001B4FDF749FE02B0029802BC9023C1504A
:1048B000019801219423C150019801B46F4677609B
:1048C000E2F7B6FB01B4019800998023C15002B011
:1048D000019801B46F467760E2F7AAFB01B4019832
:1048E0000099C023C15002B001980A219823C150F9
:1048F000012087496F467760E4F7E8F901B40021A9
:10490000029A6F467760E2F715FC0098EC20376852
:10491000385801B4039801B400F05EFC03B00120E4
:104920007C496F467760E4F7D1F901B40021029A1F
:104930006F467760E2F7FEFB0098152000013768AC
:10494000385801B4039801B400F046FC03B00120CC
:1049500071496F467760E4F7B9F901B40021029A12
:104960006F467760E2F7E6FB0098552080003768D5
:10497000385801B4039801B400F02EFC03B00120B4
:1049800066496F467760E4F7A1F901B40021029A05
:104990006F467760E2F7CEFB0098532080003768BF
:1049A000385801B4039801B400F016FC03B0019824
:1049B00001219C23C15001980121A023C1500198DD
:1049C0000121A423C15001980121A823C1500198BD
:1049D00001214942AC23C15001980121B023C150AB
:1049E000FEF78AF80346019801B408B400F04DF8C8
:1049F00002B0002000BD0000D4B0010000000000A3
:104A0000054A020000B5012001B4E86801B400F0D5
:104A10005FF802B0002000BDD4B00100000000002B
:104A2000254A020000B5032001B4E86801B400F093
:104A30004FF802B0002000BDD4B00100000000001B
:104A4000454A020000B5052001B4E86801B400F051
:104A50003FF802B0002000BDD4B00100000000000B
:104A6000654A020000B5072001B4E86801B400F00F
:104A70002FF802B0002000BD022C0BDA00B51EF0AA
:104A80005CF800F007F802B000BD774600981EF011
:104A900079F9BE4600B50198406901B4039801B4A4
:104AA0001DF06EFF6F467760E2F7D2FA02B0002089
:104AB00000BD0000022C0BDA00B51EF03EF800F03D
:104AC00007F802B000BD774600981EF04DF9BE46CB
:104AD00000B5002001B401B401B401B405988023ED
:104AE000C05801B41DF0AEFE6F467760E2F7AAFA37
:104AF00001B01FF034F801211FF0A1F810D059E3E4
:104B00000EE0000070F804000C5B0400C85C0400B8
:104B1000F8490200184A0200384A0200584A0200C6
:104B200005989423C058009005988423C05801B478
:104B3000FCF785FD01B001B403216F467760E3F710
:104B40003BF801B001B46F467760E2F793FF0028AD
:104B500002D1009801B010E00098009801B00598CB
:104B60008423C05801B4FCF732FD01B001B4012127
:104B70006F467760E2F7A2FE01B06F467760E2F71A
:104B8000AFFF00286DD0069801211FF058F838D0EB
:104B9000059801B406989423C05801B4079880235F
:104BA000C05801B41DF04EFE6F467760E2F74AFA36
:104BB00001B01EF0D4FF01B4019800991EF042FF2D
:104BC00002B003211EF04EFF01B407988023C058A5
:104BD00001B41DF037FE6F467760E2F733FA01B09B
:104BE0001EF0BDFF01B4019800996F467760E2F7AF
:104BF00041FD02B001B4019800999423C15002B064
:104C00002AE0069803211FF01AF824D0059801B471
:104C100006989423C05803211EF014FF01B407988E
:104C20008023C05801B41DF00DFE6F467760E2F797
:104C300009FA01B01EF093FF01B4019800996F4684
:104C40007760E2F717FD02B001B401980099942350
:104C5000C15002B000E0ADE205980121AC23C15083
:104C600061E205988423C05801B4FCF7E8FC01B068
:104C700001B401216F467760E2F720FE01B001B474
:104C80006F467760E2F7F6FE002802D1009801B087
:104C900010E00098009801B005988423C05801B432
:104CA000FCF795FC01B001B403216F467760E2F791
:104CB00005FE01B06F467760E2F712FF00286DD065
:104CC000069805211EF0BBFF38D0059801B4069860
:104CD0009423C05801B407988023C05801B41DF034
:104CE000B1FD6F467760E2F7ADF901B01EF037FF16
:104CF00001B4019800991EF0A5FE02B003211EF038
:104D0000B1FE01B407988023C05801B41DF09AFD8C
:104D10006F467760E2F796F901B01EF020FF01B40C
:104D2000019800996F467760E2F7A4FC02B001B4E5
:104D3000019800999423C15002B02AE006980721F7
:104D40001EF07DFF24D0059801B406989423C05826
:104D500003211EF077FE01B407988023C05801B4E8
:104D60001DF070FD6F467760E2F76CF901B01EF040
:104D7000F6FE01B4019800996F467760E2F77AFC7D
:104D800002B001B4019800999423C15002B000E030
:104D900010E205980121AC23C150C4E10598942389
:104DA000C05801B406988423C05801B4FCF747FCEE
:104DB00001B001B4019800996F467760E2F75AFCA0
:104DC00002B0019005989423C05801B4069884233A
:104DD000C05801B4FCF733FC01B001B41DF0E4FD90
:104DE0006F467760E2F720F902B01EF0B8FE02903D
:104DF00005988023C05801B41DF024FD6F467760EC
:104E0000E2F720F901B01EF0AAFE01B4069884234F
:104E1000C05801B4FCF713FC01B001B4019800992B
:104E20006F467760E2F710FC02B001B46F4677601E
:104E3000E2F7E0FC01B00390069801211EF0FFFEAE
:104E400045D0029803991EF0FDFD03211EF00AFED5
:104E500001B4049801B4019800996F467760E2F7B5
:104E600009FC02B00290019801B4039801B40798BC
:104E70008423C05801B4FCF7E2FB01B001B40198EF
:104E800000996F467760E2F7B3FB02B001B4019876
:104E900000991EF0D7FD02B001B406988023C058D7
:104EA00001B41DF0CFFC6F467760E2F7CBF801B09C
:104EB0001EF055FE01B4019800991EF098FE02B054
:104EC00004D0039805211EF0CDFD029006E106985E
:104ED00003211EF0B4FE3FD0029803211EF0B2FD64
:104EE00001B4049801B4019800996F467760E2F725
:104EF000C1FB02B00290019801B4039801B4079875
:104F00008423C05801B4FCF79AFB01B001B40198A6
:104F100000996F467760E2F76BFB02B001B401982D
:104F200000991EF08FFD02B001B406988023C0588E
:104F300001B41DF087FC6F467760E2F783F801B09B
:104F40001EF00DFE01B4019800991EF050FE02B053
:104F500001D001200290C1E0069805211EF06FFEED
:104F600072D0019801B406988423C05801B4FCF7AC
:104F700066FB01B001B4019800991EF063FD02B018
:104F800003211EF06FFD01B406988423C05801B4BC
:104F9000FCF755FB01B001B4019800996F467760AA
:104FA000E2F768FB02B00190019801B4039801B4E4
:104FB00007988423C05801B4FCF741FB01B001B449
:104FC000019800996F467760E2F712FB02B001B4D6
:104FD000019800991EF036FD02B001B406988023B6
:104FE000C05801B41DF02EFC6F467760E2F72AF836
:104FF00001B01EF0B4FD01B4019800991EF0F7FD58
:1050000002B020D005988023C05801B41DF01AFCCE
:105010006F467760E2F716F801B01EF0A0FD03219D
:105020001EF020FD01B406988423C05801B4FCF79B
:1050300006FB01B001B4019800996F467760E2F772
:1050400019FB02B0019049E0069807211EF0F7FD18
:1050500044D0019803211EF0F5FC01B40698842386
:10506000C05801B4FCF7EBFA01B001B40198009903
:105070006F467760E2F7FEFA02B00190019801B442
:10508000039801B407988423C05801B4FCF7D7FAF9
:1050900001B001B4019800996F467760E2F7A8FA71
:1050A00002B001B4019800991EF0CCFC02B001B42A
:1050B00006988023C05801B41DF0C4FB6F4677608A
:1050C000E1F7C0FF01B01EF04AFD01B4019800995C
:1050D0001EF08DFD02B001D001200190059801B4B1
:1050E000029801B4049801B408988423C05801B40C
:1050F000FCF7A5FA01B001B4019800996F467760FA
:10510000E2F776FA02B001B4019800991EF09AFC19
:1051100002B001B4019800999423C15002B00598DF
:105120000121AC23C150059801B4FBF74FFD01B03C
:105130000598C423C05801B46F467760E2F79AFC23
:10514000002802D1009801B00FE00098009801B04B
:10515000009801B406989423C05801B401980099AE
:105160006F467760E2F7B2FB02B06F467760E2F716
:10517000B7FC00281ED0059801B406988023C058BB
:1051800001B407989423C05801B4019800991DF008
:1051900002F902B01DF012FE806801B40798942352
:1051A000C05801B40EBC02B404B408B4FF211DF011
:1051B0006FFE03B0002004B000BD0000032C0BDA2A
:1051C00000B51DF0C3FD00F007F803B000BD774641
:1051D00000981DF0C9FDBE4600B5002001B401B421
:1051E00001B4002000900498C023C0580190012011
:1051F0000290029801B402986F467760E1F722FFAF
:105200001EF0ADFC01B4019800996F467760E2F79B
:10521000BFFC02B0002821D0019801B403981EF011
:1052200094FC01B4019800996F467760E1F71AFF8A
:1052300002B0009000981DF01DFE806805991EF0D8
:10524000FEFC05D0009806991DF014FEC16023E015
:10525000029803211EF0F6FB0290CAE7002001909D
:10526000B2486F467760E3F75FFD01B4079801B479
:10527000079801B4029801B400F012F803B0059841
:10528000C023C05801B4019801B41DF079FB6F46EA
:105290007760E1F7DDFE03B0002003B000BD000041
:1052A000774600981DF0E6FDBE4600B5002001B42B
:1052B00002980399816002980499C160039801B42F
:1052C00024211DF03DFB01B06F467760E2F708FC3A
:1052D00000282BD002980A214160032094496F4690
:1052E0007760E3F7F3FC01B40021039A6F4677601F
:1052F000E1F720FF00980121049A6F467760E1F7FB
:1053000019FF00980221019A6F467760E1F712FFBA
:1053100001BC0090009801B410200002013001B4DB
:10532000059801B4FDF78FFF03B002E00298422117
:105330004160002001B000BDD4B0010000000000B9
:105340004553020000B5E86842214160686901B434
:1053500010200002013001B4286901B400F00DF8FA
:1053600003B0002000BD0000032C0BDA00B51DF0D7
:10537000EDFC00F007F803B000BD774600981DF083
:10538000EDFDBE4600B5002001B401B4039801B4A0
:10539000FEF732F801B0009000986F467760E2F7B0
:1053A0009FFB6F467760E1F70BFD6F467760E1F793
:1053B00029FE01B46F467760E2F75CFB002802D05B
:1053C000009801B012E00098009801B000981DF01C
:1053D000D5FDC0686F467760E2F782FB6F46776065
:1053E000E1F7EEFC6F467760E1F70CFE6F46776001
:1053F000E2F776FB002800D071E0012001900198CF
:1054000001B401981DF0BAFDC06801B41DF01AFA8C
:105410006F467760E1F716FE01B01EF0A0FB01B405
:10542000019800991EF0A7FB02B058D000981DF01B
:10543000A5FDC06801B4029801B4019800991CF060
:10544000AAFF02B01DF0A8FD406801B4059801B4A0
:10545000019800996F467760E2F730FA02B001B424
:105460006F467760E2F706FB002802D1009801B092
:105470001BE00098009801B000981DF07FFDC06807
:1054800001B4029801B4019800991CF084FF02B0A5
:105490001DF082FD806801B4069801B4019800995E
:1054A0006F467760E2F70AFA02B06F467760E2F77C
:1054B00017FB00280DD000981DF060FDC068034662
:1054C000032001B4029801B408B400F00BF803B053
:1054D00005E0019803211EF0B5FA01908FE7002046
:1054E00002B000BD00B5002001B4039801211EF0F8
:1054F00042FB00D017E001200090009804991EF0B4
:105500003AFB10D0029801B4049801B41DF0D8FD04
:105510006F467760E1F7B2FD02B0009803211EF0FC
:1055200091FA0090E9E7002001B000BDE8600400B6
:1055300038530200774600981DF05CFCBE4600B56B
:10554000002001B4039801B4039801B400F056FAA6
:1055500002B00FF0CFFE0090049801B4039801B49C
:1055600000F09CF802B000981DF010FAC0690346E4
:10557000029801B408B424211DF06DFD02B0012091
:10558000C5496F467760E3F7A1FB01B40021059A96
:105590006F467760E1F7CEFD0120C0496F46776026
:1055A000E3F794FB01B40021049A6F467760E1F7BA
:1055B000C1FD02981DF0EAF9C06A0346019801B4E2
:1055C00008B4FDF7EBFD02B000270197034601BCCC
:1055D00001B001B408B4FAF735FF02B002980A210D
:1055E000C167002001B000BDD4B001000000000080
:1055F000F5550200012C06DA00B51DF0E5F900F0C2
:1056000002F801B000BD00B501981DF066FD4068CC
:1056100001B4E86801B4019800996F467760E2F739
:10562000F3F902B000BD0000D4B00100000000009A
:1056300035560200012C06DA00B51DF0C5F900F060
:1056400002F801B000BD00B5E86801B4029801B4E9
:10565000DC211DF04EFD02B0002000BD022C0BDA53
:1056600000B51DF06AFA00F007F802B000BD7746F9
:1056700000981DF015FDBE4600B5002000BD0000DD
:10568000022C0BDA00B51DF058FA00F007F802B052
:1056900000BD774600981DF004FABE4600B5002014
:1056A00001B401B4049801B400216F467760E2F7B9
:1056B000ABF901B001B46F467760E2F7DBF900287F
:1056C00002D0009801B00EE00098009801B0039855
:1056D000006C01B4059801B4019800996F46776099
:1056E000E2F7ECF802B06F467760E2F7F9F90028CC
:1056F00000D0C3E00FF0FEFD1DF048F98069009076
:105700000398006C01B401216F467760E2F778FAE4
:1057100001B001B46F467760E2F7ACF9002802D11E
:10572000009801B00CE00098009801B0009801B416
:105730000498006C01B41DF027FA1CF09DFE02B025
:105740006F467760E2F7CCF9002810D0009801B4DA
:105750000498006C01B41DF017FA1CF08DFE02B025
:105760000346039801B408B400F019F902B0049894
:1057700001211EF03CFA3FD0009801B4059801B415
:105780001DF002FA1CF078FE02B06F467760E2F777
:10579000A7F96F467760E1F713FB6F467760E1F793
:1057A00031FC6F467760E2F79BF9002814D03C4843
:1057B0006F467760E3F7B8FA01B401B400F0D2F8AD
:1057C00001B0019801B4069801B4029801B41DF02B
:1057D000F0FC1CF09AFE04B0009801B4059801B4E6
:1057E0001DF0D2F91CF048FE02B00346039801B444
:1057F00008B400F057F802B00FF07CFD1DF0C6F8B9
:10580000406B0190019801B4059801B41DF0BCF9FA
:105810001CF032FE02B06F467760E2F761F96F4626
:105820007760E1F7CDFA6F467760E1F7EBFB6F4603
:105830007760E2F755F900280DD0019801B405987A
:1058400001B46F467760E1F7F3FB01B41DF0B1FCE2
:105850001CF05BFE03B0039801B4029801B40698F3
:1058600001B41DF091F91CF007FE02B001B40198DB
:105870000099016702B0039804990164002002B006
:1058800000BD0000022C12DA00B51DF056F900F040
:105890000EF802B000BD0000E855020028560200D4
:1058A000D8630400774600981DF08CFCBE4600B516
:1058B00002986F467760E2F713F96F467760E1F779
:1058C0007FFA6F467760E1F79DFB6F467760E2F7FE
:1058D00007F9002801D00A201BE0029801B40298C1
:1058E00001B400F025F802B06F467760E2F7F8F8EF
:1058F000002801D00A200CE00198406801B4039808
:1059000001B41DF03DF86F467760E1F7A1FB02B0EE
:10591000422000BD022C0BDA00B51DF00EF900F09C
:1059200007F802B000BD774600981DF04BFCBE465C
:1059300000B50198406801B4039801B41DF020F847
:1059400000226F467760E2F76FF802B01EF007F9A9
:1059500001B4012149426F467760E2F761F901B075
:1059600000BD0000774600981DF02CFCBE4600B537
:10597000019801B46F467760E1F75AFB01B40198D2
:105980000099416002B0002000BD0000022C0BDA3B
:1059900000B51DF0D2F800F007F802B000BD774660
:1059A00000981DF00FFCBE4600B5002001B402981F
:1059B000406801B4049801B41CF0E2FF00226F4675
:1059C0007760E2F731F802B01EF0C9F80090009855
:1059D000012149421EF0E3F80CD0029840680346CA
:1059E000032001B4019801B408B4FFF77BFD03B0B4
:1059F000422000E00A2001B000BD00007746009878
:105A00001DF04FF8BE4600B5012001B4029801B464
:105A100000F01EFB02B0019801B4842037683858AA
:105A200001B41CF022FF6F467760E5F763FE01B01A
:105A30001EF095F801B4049801B41CF016FF6F46EF
:105A40007760E5F757FE01B01EF089F801B40198C0
:105A500000991EF007F802B001B403211EF064F8AB
:105A600001B001B40FF070FA01B001B401980099CF
:105A7000C16002B0019801B484203768385801B47D
:105A80001CF0F3FE6F467760E5F738FE01B01EF0BC
:105A900066F801B4049801B41CF0E7FE6F46776025
:105AA000E5F72CFE01B01EF05AF801B401980099F8
:105AB0001DF0D8FF02B001B403211EF035F801B08B
:105AC00001B40FF041FA01B001B4019800990161ED
:105AD00002B0019801B40298C06801B4019800991D
:105AE000816402B0019801B40298006901B4019880
:105AF0000099C16402B0012001B4029801B400F021
:105B00007BFA02B0012001B4029801B400F03AFA25
:105B100002B0012001B4029801B400F0F9F902B01A
:105B2000012001B4029801B400F0B8F902B00120DC
:105B300001B4029801B400F071F902B0012001B47F
:105B4000029801B400F02AF902B00198022109027A
:105B50000131C162019802210902013101630198FA
:105B600001214167029801B4029801B400F036F8AF
:105B700002B00120404201B4029801B4FFF78EFD4B
:105B800002B0019803214164019800214165019808
:105B900001B46F467760E1F74BFA01B401980099C0
:105BA000C16602B0019801B46F467760E1F740FA30
:105BB00001B401980099C16502B0002000BD000049
:105BC000022C0BDA00B51CF0B8FF00F007F802B0A9
:105BD00000BD774600981CF064FFBE4600B50298F1
:105BE0006F467760E1F77CFF6F467760E1F7E8F892
:105BF0006F467760E1F706FA01B46F467760E1F728
:105C000039FF002802D0009801B00EE000980098FB
:105C100001B0029801B40298806D01B40198009916
:105C20006F467760E1F74AFE02B06F467760E1F7B2
:105C300057FF002800D008E001980299816501987B
:105C400001B438211DF0E6F801B0002000BD0000CD
:105C5000012C0BDA00B51CF0B7FE00F007F801B01C
:105C600000BD774600981CF01CFFBE4600B50198A9
:105C700001B40298806D01B41CF0F7FD6F467760A7
:105C8000E5F738FD01B01DF06AFF01B4039801B4D7
:105C900000F068F801B001B4019800996F46776090
:105CA000E1F7A6FC02B001B40FF04EF901B001B467
:105CB00001980099416302B0019801B40298806D87
:105CC00001B41CF0D2FD6F467760E5F717FD01B017
:105CD0001DF045FF01B4039801B400F027F801B0AE
:105CE00001B4019800996F467760E1F781FC02B03A
:105CF00001B40FF029F901B001B401980099816352
:105D000002B0019801B4FCF7C9F801B0002000BD51
:105D1000012C0BDA00B51CF057FE00F007F801B0BB
:105D200000BD774600981CF0BCFEBE4600B5019849
:105D3000006B01B40221090201316F467760E1F77F
:105D400083FC01B000BD0000012C0BDA00B51CF093
:105D50003BFE00F007F801B000BD774600981CF04C
:105D6000A0FEBE4600B50198C06A01B40221090236
:105D700001316F467760E1F767FC01B000BD0000BC
:105D8000022C0BDA00B51CF0D8FE00F007F802B0C8
:105D900000BD774600981CF084FEBE4600B5019811
:105DA00001B4039801B4012001B4F9F7CDFC02B0AD
:105DB00001B40FF0C9F801B001B4019800998162F3
:105DC00002B0002000BD0000012C0BDA00B51CF071
:105DD000FBFD00F007F801B000BD774600981CF00D
:105DE00060FEBE4600B50198806A01B40221090236
:105DF00001316F467760E1F727FC01B000BD00007C
:105E0000022C0BDA00B51CF098FE00F007F802B087
:105E100000BD774600981CF044FEBE4600B50198D0
:105E200001B4039801B4012001B4F9F78DFC02B06C
:105E300001B40FF089F801B001B4019800994162F2
:105E400002B0002000BD0000012C0BDA00B51CF0F0
:105E5000BBFD00F007F801B000BD774600981CF0CC
:105E600020FEBE4600B50198406A01B40221090235
:105E700001316F467760E1F7E7FB01B000BD00003C
:105E8000022C0BDA00B51CF058FE00F007F802B047
:105E900000BD774600981CF004FEBE4600B5019890
:105EA00001B4039801B40FF04FF801B001B40198A8
:105EB0000099016202B0002000BD0000012C0BDA45
:105EC00000B51CF081FD00F007F801B000BD774679
:105ED00000981CF0E6FDBE4600B50198006A01B4CA
:105EE0000221090201316F467760E1F7ADFB01B095
:105EF00000BD0000022C0BDA00B51CF01EFE00F005
:105F000007F802B000BD774600981CF0CAFDBE46F7
:105F100000B5019801B4039801B40FF015F801B071
:105F200001B401980099C16102B0002000BD0000D9
:105F3000012C0BDA00B51CF047FD00F007F801B0AA
:105F400000BD774600981CF0ACFDBE4600B5019838
:105F5000C06901B40221090201316F467760E1F79F
:105F600073FB01B000BD0000022C0BDA00B51CF081
:105F7000E4FD00F007F802B000BD774600981CF081
:105F800090FDBE4600B5019801B4039801B40EF02F
:105F9000DBFF01B001B401980099816102B00020DB
:105FA00000BD0000012C0BDA00B51CF00DFD00F067
:105FB00007F801B000BD774600981CF072FDBE46A0
:105FC00000B50198806901B40221090201316F46D0
:105FD0007760E1F739FB01B000BD0000022C0BDA5D
:105FE00000B51CF0AAFD00F007F802B000BD77462E
:105FF00000981CF056FDBE4600B5019801B4039808
:1060000001B40EF0A1FF01B001B401980099416103
:1060100002B0002000BD0000012C0BDA00B51CF01E
:10602000D3FC00F007F801B000BD774600981CF0E3
:1060300038FDBE4600B50198406901B4022109024D
:1060400001316F467760E1F7FFFA01B000BD000053
:10605000774600981DF0C4F8BE4600B5029801B41A
:10606000029801B400F052F802B00FF043F9034671
:10607000019801B408B400F00CF802B0002000BD93
:10608000022C0BDA00B51CF058FD00F007F802B046
:1060900000BD774600981CF079FCBE4600B501981B
:1060A000006901B4039801B41CF06AFC6F46776084
:1060B000E0F7CEFF02B0019801B401B40198406945
:1060C00001B403211DF0BEFC01B4029800994161A6
:1060D00001B000270197029701BC02B001B40398F8
:1060E00001B4E9211CF084FC02B0002000BD0000D6
:1060F000022C0BDA00B51CF020FD00F007F802B00E
:1061000000BD774600981DF06BF8BE4600B50198BB
:10611000406802991DF0BBFD14D0019802994160BE
:106120000FF0E8F801B401B401981CF02FFC406AAC
:1061300003211DF0B4FC01B4019800991CF026FC69
:10614000416203B0002000BD012C0BDA00B51CF049
:106150003BFC00F007F801B000BD774600981DF049
:106160003FF8BE4600B50198406800BD012C0BDA2F
:1061700000B51CF029FC00F007F801B000BD77461F
:1061800000981CF0F1FDBE4600B5002001B40020CF
:1061900001B4039801B400F011F803B0002000BD71
:1061A000032C0BDA00B51CF0D1FD00F007F803B0AA
:1061B00000BD774600981CF074FCBE4600B50198FF
:1061C000406F05211DF05EFC6F467760E1F788FCAB
:1061D000002800D025E0019801B401B40198406F77
:1061E00005211DF05CFC01B401980099416703B0E2
:1061F00002986F467760E1F773FC00280BD000200F
:1062000001B4049801B4039801B4059801B400F0F6
:106210002EF904B005E0019801B43C211CF0FAFD10
:1062200001B0002000BD0000012C0BDA00B51CF00D
:10623000CBFB00F007F801B000BD774600981CF0DA
:1062400030FCBE4600B5002001B4029801B401B490
:106250000198406F05211DF022FC01B401980099BE
:10626000416703B00FF046F8009000981CF08EFBD9
:10627000006901B4039801B41CF082FB6F4677609B
:10628000E1F7EAFB02B06F467760E0F7BBFE0298E9
:10629000006C01B401216F467760E1F7B1FC01B0F9
:1062A00001B46F467760E1F7E5FB002802D1009862
:1062B00001B00FE00098009801B000981CF066FB58
:1062C000806901B40398006C01B41CF05DFC1CF003
:1062D000D3F802B06F467760E1F702FC002813D0D4
:1062E00000981CF053FB806901B40398006C01B462
:1062F0001CF04AFC1CF0C0F802B00346029801B43E
:1063000008B4FFF74CFB02B000981CF03FFBC069DB
:106310000346029801B408B428211CF09CFE02B088
:106320000298806F6F467760E1F7DAFB002805D0AE
:10633000029801B49D211CF073FC01B00120CB49EF
:106340006F467760E2F7C2FC01B40021039A6F4602
:106350007760E0F7EFFE0120C5496F467760E2F70E
:10636000B5FC01B40021049A6F467760E0F7E2FEC5
:1063700002981CF00BFB806A0346019801B408B434
:10638000FCF70CFF02B000270197034601BC01B0E7
:1063900001B408B4FAF756F802B0002001B000BD0D
:1063A000D4B0010000000000AD630200012C06DA49
:1063B00000B51CF009FB00F002F801B000BD00B50B
:1063C00001981CF08AFE406801B4E868006C01B4D2
:1063D000019800996F467760E1F716FB02B000BDA7
:1063E000D4B0010000000000ED630200012C06DAC9
:1063F00000B51CF0E9FA00F002F801B000BD00B5EC
:10640000E86801B4029801B4DC211CF072FE02B00D
:10641000002000BD022C0BDA00B51CF08EFB00F052
:1064200007F802B000BD774600981CF039FEBE4662
:1064300000B5002000BD0000012C0BDA00B51CF0F7
:10644000C3FA00F007F801B000BD774600981CF0D1
:1064500028FBBE4600B50198006C00BD042C0BDA89
:1064600000B51CF00AFE00F007F804B000BD774646
:1064700000981CF0C5FEBE4600B5422001B438208D
:106480000002013001B4049801B400F0CEFB03B067
:10649000019801B4039801B4069801B405981CF062
:1064A00000FB406F0421090201311DF0EBFA6F4639
:1064B0007760E1F715FB6F467760E0F781FC6F4688
:1064C0007760E0F79FFD6F467760E1F709FB6F4665
:1064D0007760E0F775FC6F467760E0F793FD01B4F5
:1064E0001EBC02B4062001B404B408B410B400F019
:1064F000E3FA05B003986F467760E1F7F1FA0028F8
:1065000001D0039806E00198C06801B405211DF090
:106510000BFB01B001B4039802BC1CF0C2FA416548
:10652000029801B4572080003768385801B400F051
:1065300042FA02B0002000BDD4B00100000000000B
:1065400045650200022C06DA00B51CF0F6FA00F0F0
:1065500002F802B000BD00B5002001B401B401B4DE
:1065600001B401B4069801B41CF07FF96F4677605E
:10657000E5F7C0F801B01DF0F2FA01B4079801B4D4
:106580001CF073F96F467760E5F7B8F801B01DF0BD
:10659000E6FA01B4019800996F467760E1F728F8B0
:1065A00002B001B40B211DF0BFFA01B000900098B9
:1065B00001211DF0F4FA56D0079801B4079801B4F0
:1065C0001CF053F96F467760E5F794F801B01DF0C1
:1065D000C6FA01B406BC02B4012001B404B400F050
:1065E00060F903B00190079801B4079801B41CF05A
:1065F0003CF96F467760E5F781F801B01DF0AFFA1E
:1066000001B406BC02B4012001B404B400F049F99D
:1066100003B00290072001B4032001B4099801B42B
:1066200000F03FF903B00390072001B4032001B448
:10663000099801B400F035F903B00490012001B4C9
:10664000059801B4059801B4059801B4059801B402
:106650000B9801B400F00EF806B0009803211DF06D
:1066600001FA0090A3E7002005B000BDA06302007E
:10667000E063020000B5049801B401216F46776021
:10668000E1F7C2F901B001B46F467760E1F7F2F9C2
:10669000002802D0009801B00AE00098009801B0EC
:1066A000059801B401216F467760E1F7ADF901B0BB
:1066B0006F467760E1F714FA002800D087E004986D
:1066C00003211DF0CFF90490059803211DF0CAF9AC
:1066D0000590019801B4039801B4059801B4059898
:1066E00007991DF0AFF901B41EBC069801B40498D7
:1066F00001B402B404B408B410B400F06BF806B0EE
:10670000019801B4039801B4059801B4059801B447
:10671000079809991DF096F901B400270B9801B468
:10672000019801B40297039801B40497059801B445
:106730000697079801B40897099801B40A9700F0E2
:1067400049F80BB0019801B4039805991DF07AF946
:1067500001B4059807991DF075F901B405980799DA
:106760001DF070F901B41EBC069801B4049801B480
:1067700002B404B408B410B400F02CF806B00198C8
:1067800001B4039805991DF05DF901B405980799C6
:106790001DF058F901B4059801B4079809991DF046
:1067A00051F901B400270B9801B4019801B4029784
:1067B000039801B40497059801B40697079801B4AB
:1067C0000897099801B40A9700F004F80BB000206C
:1067D00000BD000000B5019801B4049801B404980C
:1067E00001B400F015F802B001B4079801B407989D
:1067F00001B400F00DF802B001B4099801B41CF026
:106800000FFD6F467760E5F7ADFC04B0002000BDDA
:1068100000B5019801211DF042F901B4EA200002FF
:10682000613001B4B64801B400F020F803B0B549B6
:106830001DF028F901B4039801211DF030F901B4CD
:10684000EA200002613001B4AD4801B400F00EF856
:1068500003B001B421211DF03DF901B001B401984C
:1068600000991DF01CF902B000BD000000B50298AF
:1068700001B4049801B4039801B4F8F765FF02B0BD
:1068800001B406BC02B404B4F8F7D8FD02B000BDF0
:10689000032C0BDA00B51CF059FA00F007F803B02E
:1068A00000BD774600981CF0D8FCBE4600B50398A2
:1068B00002991DF074F915D0019801B400F028F880
:1068C00001B001B4049803991DF0CCF803211DF028
:1068D000B9F801B4019800996F467760E0F7CAFEF5
:1068E00002B000E0012001B4039802BC1DF0AAF838
:1068F00000BD0000012C0BDA00B51CF065F800F0BB
:1069000007F801B000BD774600981CF0A6FCBE4613
:1069100000B5019801B40298406801B403211DF04C
:1069200003F901B001B40398406803211DF0AAF8EF
:10693000014601201DF096F873491DF0A3F801B43B
:10694000019800991DF0B8F802B001B401B40298A2
:106950000099416001B00027019701BC01B000BD62
:10696000774600981CF087FCBE4600B50198039955
:10697000816066486F467760E2F7D6F901B400207F
:1069800001B4019801B409F0EBFA02B0029802BC1C
:10699000C1600198029941600198002101610020C5
:1069A00000BD0000022C0BDA00B51CF0C6F800F0A8
:1069B00007F802B000BD774600981CF05CFCBE46AC
:1069C00000B5002001B403986F467760E1F788F8BE
:1069D0006F467760E0F7F4F96F467760E0F712FBF7
:1069E00001B46F467760E1F745F8002802D00098BF
:1069F00001B010E00098009801B00398806D6F46D8
:106A00007760E1F76DF86F467760E0F7D9F96F4688
:106A10007760E0F7F7FA6F467760E1F761F80028F2
:106A200000D018E00398806D01B41BF01EFF6F4684
:106A30007760E5F7A3F901B00090009801B40398DE
:106A400001B400F019F802B0009801B4049801B440
:106A5000FFF7BFF802B0002001B000BD022C0BDA36
:106A600000B51CF06AF800F007F802B000BD7746E8
:106A700000981CF000FCBE4600B5019801B40398D4
:106A800001B40398C06801B40EBC02B404B408B4E5
:106A9000B8211CF0FDF903B0002000BD052C0BDA75
:106AA00000B51CF0A4FA00F007F805B000BD774669
:106AB00000981CF0A5FBBE4600B5002001B402986A
:106AC00040686F467760E1F70BF86F467760E0F754
:106AD00077F96F467760E0F795FA6F467760E0F7F1
:106AE000FFFF002800D056E005986F467760E0F77A
:106AF000F7FF002801D005980AE00298806807E0B7
:106B0000A115FFFFFFFF01000168010048410400DB
:106B100001B4049801B4049801B43521C9001CF0F3
:106B2000B7F903B00090009801B407986F467760FA
:106B3000E0F7D6FF6F467760E0F742F96F4677607F
:106B4000E0F760FA6F467760E0F7CAFF6F4677605C
:106B5000E0F736F96F467760E0F754FA01B406BC07
:106B600002B404B400F023F802B004986F467760D2
:106B7000E0F7B6FF00280ED0049801211DF00FF8B1
:106B800001D0049801E00298C06801B4019802BCE9
:106B90001CF07FFB8161002001B000BD022C0BDAEC
:106BA00000B51BF0CAFF00F007F802B000BD774641
:106BB00000981CF06EFBBE4600B502986F467760E9
:106BC000E0F78EFF00280DD0019801B401B40198C0
:106BD000C06909211CF063FF01B401980099C161EB
:106BE00003B017E0019801B40298C06901B46F4680
:106BF0007760E0F773FC01B009211CF050FF01B48D
:106C00006F467760E0F76AFC01B001B40198009923
:106C1000C16102B0002000BD032C0BDA00B51CF0EE
:106C200095F800F007F803B000BD774600981BF018
:106C300038FFBE4600B503986F467760E0F750FF17
:106C400000280DD0019801B401B40198406F049957
:106C50001CF025FF01B401980099416703B017E0CB
:106C6000019801B40298406F01B46F467760E0F775
:106C700035FC01B003991CF012FF01B46F46776038
:106C8000E0F72CFC01B001B401980099416702B013
:106C9000002000BD012C0BDA00B51BF095FE00F0C2
:106CA00007F801B000BD774600981BF0FAFEBE461B
:106CB00000B50198C06801B40298406B03460420F7
:106CC0000002013001B408B400F012F802B001B4BF
:106CD000019802BC01B01CF0B5FE01B4022109020A
:106CE00001316F467760E0F7AFFC01B000BD0000F6
:106CF00000B5019801B411211CF0ECFE01B001B403
:106D0000039801B41BF050FE6F467760E0F78CF9F2
:106D100002B01CF024FF00BD012C0BDA00B51BF003
:106D200053FE00F007F801B000BD774600981BF055
:106D3000B8FEBE4600B50198006901B40298806BA8
:106D4000034604200002013001B408B4FFF7D0FF6D
:106D500002B001B4019802BC01B01CF073FE01B492
:106D60000221090201316F467760E0F76DFC01B046
:106D700000BD000000B58648492189003768785079
:106D8000844801B401F05CFF01B001B401F0C4FF1C
:106D900001B01F2001B400F0E9F801B0192001B4DE
:106DA000012001B47C4801B403F058FF03B0E42192
:106DB00037687850792001B4A12001B4E420376805
:106DC000385801B403F007FF03B0744801B401F070
:106DD00037FF01B00346CC203768385801B408B4F7
:106DE00000F02EF802B009214901376878500B20D5
:106DF00001B401200002393001B409204001376894
:106E0000385801B403F0E7FE03B0192001B40120A3
:106E100001B45F4801B403F021FF03B00B21490125
:106E200037687850092001B42F2001B40B204001AD
:106E30003768385801B403F0CEFE03B0002000BD1F
:106E400000B5002001B401B40EF054FA009054488B
:106E50006F467760E1F768FF01B4049801B40198C8
:106E600001B4FEF7CBFD02B001BC0190049801B45F
:106E7000029801B4FEF70DFC02B000981BF086FDED
:106E8000C0690346019801B408B424211CF0E3F85A
:106E900002B0012043496F467760E1F717FF01B464
:106EA0000021059A6F467760E0F744F901203E49DA
:106EB0006F467760E1F70AFF01B40021039A6F463D
:106EC0007760E0F737F902981BF060FDC06A03466F
:106ED000019801B408B4FCF761F902B000270197EA
:106EE000034601BC01B001B408B4F9F7ABFA02B033
:106EF000019802B000BD0000D4B001000000000005
:106F0000056F0200012C06DA00B51BF05DFD00F0F4
:106F100002F801B000BD00B501981CF0DEF8406831
:106F200001B4E86801B4019800996F467760E0F712
:106F30006BFD02B000BD0000D4B0010000000000F5
:106F4000456F0200012C06DA00B51BF03DFD00F094
:106F500002F801B000BD00B5E86801B4029801B4C0
:106F6000DC211CF0C6F802B0002000BD00B50020F6
:106F700001B40EF0BFF9009000981BF007FD806887
:106F800002991CF094F94160002001B000BD00009E
:106F900090B6040070B7040088BA040014B7040067
:106FA00058420400F86E0200386F020000B5C8486D
:106FB000492189003768785001202521C9003768A8
:106FC0007850C44801B401F03BFE01B001B401F0B7
:106FD000A3FE01B0192001B4FFF7C8FF01B0BE48FD
:106FE00001B401F02DFE01B00346CC2037683858BB
:106FF00001B408B4FFF724FF02B009214901376842
:1070000078500B2001B401200002393001B409206E
:1070100040013768385801B403F0DDFD03B0192092
:1070200001B4012001B4AA4801B403F017FE03B073
:107030000B21490137687850092001B44B2001B475
:107040000B2040013768385801B403F0C4FD03B089
:107050006F467760DFF7ECFF01B401B4002001B4A4
:107060009E4801B404F094FF02B001B40198009965
:107070006F467760DFF7ECFF02B0002001B498485C
:1070800001B404F085FF02B001B4009901986F4685
:107090007760DFF7DDFF01B00098FDF701FA01B07E
:1070A0004B21890037687850C32001B401200002C9
:1070B0002F3001B44B2080003768385801B44C2180
:1070C0001BF086FC03B00A2001B44B208000376817
:1070D000385801B4FDF7D7F902B0752001B49920F2
:1070E00001B44B2080003768385801B403F073FDB9
:1070F00003B03B20404201B44B2080003768385831
:1071000001B401210902ED311BF072FC02B0002034
:1071100000BD000000B573484921890037687850E8
:107120006C4801B401F08CFD01B001B401F0F4FD34
:1071300001B0192001B4FFF719FF01B0664801B48E
:1071400001F07EFD01B00346CC203768385801B409
:1071500008B4FFF775FE02B009214901376878507D
:107160000B2001B401200002393001B40920400194
:107170003768385801B403F02EFD03B0192001B46C
:10718000012001B4574801B403F068FD03B00B219E
:10719000490137687850092001B4332001B40B202D
:1071A00040013768385801B403F015FD03B0F020F2
:1071B0003768385801B4FDF773F901B059218900D7
:1071C00037687850C32001B401200002413001B477
:1071D000592080003768385801B44C211BF0F8FB67
:1071E00003B00A2001B4592080003768385801B430
:1071F000FDF749F902B0752001B4A12001B459206E
:1072000080003768385801B403F0E5FC03B03B2038
:10721000404201B4592080003768385801B4012138
:107220000902ED311BF0E4FB02B0002000BD0000BC
:1072300000B52D484921890037687850254801B4A8
:1072400001F0FEFC01B001B401F066FD01B01920AF
:1072500001B4FFF78BFE01B01F4801B401F0F0FC50
:1072600001B00346CC203768385801B408B4FFF7A2
:10727000E7FD02B009214901376878500B2001B4BD
:1072800001200002393001B4092040013768385824
:1072900001B403F0A0FC03B0192001B4012001B433
:1072A000114801B403F0DAFC03B00B21490137683F
:1072B0007850092001B4352001B40B204001376813
:1072C000385801B403F087FC03B0002000BD000073
:1072D000D0B6040070B7040014B70400ACBA0400C0
:1072E000BCBA0400B0B604008CB7040000B500209E
:1072F00001B401B4D1484921890037687850D04899
:1073000001B401F09DFC01B001B401F005FD01B034
:10731000192001B4FFF72AFE01B0CA4801B401F0F8
:107320008FFC01B00346CC203768385801B408B44C
:10733000FFF786FD02B009214901376878500B201C
:1073400001B401200002393001B40920400137683E
:10735000385801B403F03FFC03B0192001B40120F8
:1073600001B4B64801B403F079FC03B00B21490124
:1073700037687850092001B4232001B40B20400164
:107380003768385801B403F026FC03B01F2001B45D
:10739000012001B4AC4801B403F060FC03B0E42167
:1073A00037687850792001B4A12001B4E42037680F
:1073B000385801B403F00FFC03B0039801B46F46D2
:1073C0007760DFF757FB01B4019800991CF037FC98
:1073D00002B005D06F467760DFF74CFB009001E00C
:1073E00003980190002002B000BD000000B597484E
:1073F0004921890037687850914801B401F020FC98
:1074000001B001B401F088FC01B0192001B4FFF70C
:10741000ADFD01B08B4801B401F012FC01B0034690
:10742000CC203768385801B408B4FFF709FD02B022
:1074300009214901376878500B2001B4012000026E
:10744000393001B4092040013768385801B403F0DD
:10745000C2FB03B0192001B4012001B47B4801B480
:1074600003F0FCFB03B00B21490137687850092079
:1074700001B4212001B40B2040013768385801B411
:1074800003F0A9FB03B01F2001B4012001B46E4832
:1074900001B403F0E3FB03B0E421376878507920AE
:1074A00001B4A12001B4E4203768385801B403F0D6
:1074B00092FB03B0002000BD00B56548492189005A
:1074C00037687850634801B401F0BAFB01B001B4E9
:1074D00001F022FC01B0002001B4002001B494208E
:1074E0003768385801B400F019F803B0002001B42F
:1074F000002001B4CC203768385801B400F00EF8F1
:1075000003B0002001B4002001B49020376838583F
:1075100001B400F003F803B0002000BD00B5002066
:1075200001B401B401B400200090049801B400F04B
:1075300039F801B0019001200290029801B402983C
:107540006F467760DFF77EFD1CF009FB01B4019800
:1075500000996F467760E0F71BFB02B000281CD053
:10756000019801B403981CF0F0FA01B40198009955
:107570006F467760DFF776FD02B00090069801B4A1
:10758000069801B4029801B4FEF713FE03B0029806
:1075900003211CF057FA0290CFE700200190002051
:1075A00003B000BD00B5002001B40DF0A3FE1BF038
:1075B000EDF980690090029801B401216F4677606F
:1075C000E0F71EFB01B06F467760E0F789FA6F467F
:1075D0007760DFF7F5FB6F467760DFF713FD01B4E7
:1075E0006F467760E0F746FA002802D0009801B0B5
:1075F00017E00098009801B0009801B4039801B416
:107600001BF0C2FA1AF038FF02B06F467760E0F75D
:1076100067FA6F467760DFF7D3FB6F467760DFF777
:10762000F1FC6F467760E0F75BFA002814D06F46F4
:107630007760DFF7FDFC1EE01CE0000074B604007C
:1076400070B7040014B7040074BA040058B60400FC
:1076500044B2040030B70400009801B4039801B4A8
:107660001BF092FA1AF008FF02B001B400F00FF814
:1076700001B000E0002001B000BD0000012C0BDAD9
:1076800000B51BF0A1F900F007F801B000BD774686
:1076900000981BF097FDBE4600B501984068034670
:1076A000B74801B408B4FBF779FD02B000BD000093
:1076B000D4B0010000000000BD760200012C06DA03
:1076C00000B51BF081F900F002F801B000BD00B573
:1076D00001981BF0E6F9406F05211CF0D3F96F46C5
:1076E0007760E0F7FDF96F467760DFF769FB6F467B
:1076F0007760DFF787FC00BD022C0BDA00B51BF0CA
:107700001CFA00F007F802B000BD774600981BF0A5
:10771000C8F9BE4600B5002001B401B4049803992D
:107720001CF079FA01D00A2028E20398406F242146
:10773000090205311CF0A6F96F467760E0F7D0F931
:10774000002801D00A2019E204981BF0AAF9406F22
:107750002421090205311CF095F96F467760E0F7A6
:10776000BFF9002801D00A2008E20398406F4021A9
:10777000090201311CF086F901B46F467760E0F729
:1077800079F9002802D0009801B00BE00098009829
:1077900001B004981BF085F9406F402109020131C6
:1077A0001CF070F96F467760E0F79AF900280ED068
:1077B00004981BF076F9806E01B40498806E01B4D1
:1077C00006BC02B404B400F0F8FA02B0D6E10498A2
:1077D0001BF067F9806E01B40498806E01B406BC9A
:1077E00002B404B400F0E9FA02B06F467760E0F743
:1077F00077F96F467760DFF7E3FA6F467760DFF778
:1078000001FC6F467760E0F76BF9002801D00A2091
:10781000B4E1039801B400F0A1FA01B06F467760BB
:10782000E0F75EF96F467760DFF7CAFA6F46776078
:10783000DFF7E8FB01B46F467760E0F71BF900283B
:1078400002D1009801B013E00098009801B00498AC
:1078500001B400F07EFA01B06F467760E0F740F9BE
:107860006F467760DFF7ACFA6F467760DFF7CAFBE9
:107870006F467760E0F734F9002838D004981BF0A1
:1078800010F9806D01B40498806D01B4059801B4BD
:10789000FCF776FF01B001B4079801B4FCF76BFF69
:1078A00001B001B4019800991CF0DCF802B001B4F9
:1078B000069801B4FCF7C6FE01B001B4089801B403
:1078C000FCF7BBFE01B001B4019800991CF0CAF8A6
:1078D00002B001B41BF0F9FC6F467760E6F7C0F91F
:1078E00004B06F467760DFF78DFB47E145E1039811
:1078F00001B4FEF737FA01B001B401216F46776099
:10790000E0F782F801B001B46F467760E0F7B2F8B3
:10791000002802D0009801B00EE00098009801B055
:10792000039801B4FEF702FA01B001B401216F46D9
:107930007760E0F769F801B001B46F467760E0F76F
:1079400099F8002802D0009801B00EE00098009845
:1079500001B0049801B4FEF700FA01B001B40121AE
:107960006F467760E0F750F801B001B46F4677607A
:10797000E0F780F8002805D0009801B011E0000081
:10798000B07602000098009801B0049801B4FEF7A8
:10799000C8F901B001B401216F467760E0F734F80F
:1079A00001B06F467760E0F79BF8002801D00A200D
:1079B000E4E0039801B4FEF7D5F901B001B40498EE
:1079C00001B4FEF7B3F901B001B4019800996F4614
:1079D0007760DFF70DFE02B001B4059801B4FEF741
:1079E000BCF901B001B4069801B4FEF79AF901B0F0
:1079F00001B4019800996F467760DFF7F9FD02B096
:107A000001B4019800991CF0B6F802B004D00398B4
:107A100000900498019003E004980090039801906E
:107A20000098806D01B4029801B4FCF7A4FE01B087
:107A300001B4029801B4FCF79EFE01B001B40198B4
:107A400000991CF00FF802B001B4029801B4FEF7DF
:107A500084F901B001B4019800996F467760DFF7AF
:107A6000F3FD02B001B4039801B4FCF7E6FD01B0E8
:107A700001B4039801B4FCF7E0FD01B001B4019832
:107A800000991BF0EFFF02B001B4039801B4FEF7B8
:107A900048F901B001B4019800996F467760DFF7AB
:107AA000D3FD02B001B4049801B4FCF710FE01B09C
:107AB00001B4049801B4FEF750F901B001B4019883
:107AC00000996F467760DFF7BFFD02B001B40598FB
:107AD00001B4FCF74CFD01B001B4059801B4FEF708
:107AE00020F901B001B4019800996F467760DFF783
:107AF000ABFD02B001B40698806D01B40798806DAB
:107B000001B41AF0B2FE6F467760E3F7F3FD01B0FF
:107B10001CF025F801B40898806D01B41AF0A5FE98
:107B20006F467760E3F7EAFD01B01CF018F801B486
:107B30000027422001B4422001B4029801B4039707
:107B4000049801B40597012001B4012001B40898FC
:107B500001B409970A9801B40B970C9801B40D97DA
:107B60000E9801B40F97109801B41197129801B4B0
:107B7000139700F005F814B000E0002002B000BD3B
:107B800000B52D20C0003768385801B46F467760C3
:107B9000DFF770FF002802D0009801B006E00098DF
:107BA000009801B06F467760DFF742FA2D21C900D7
:107BB000376878502D20C0003768385801B40398D2
:107BC00001211BF06CFF01B40198009A01211AF009
:107BD0002DFC02B02D20C0003768385801B404983D
:107BE00001211BF05CFF01B40198009A03211AF0F7
:107BF0001DFC02B02D20C0003768385801B405982C
:107C000001211BF04CFF01B40198009A05211AF0E4
:107C10000DFC02B02D20C0003768385801B406981A
:107C200001211BF03CFF01B40198009A07211AF0D2
:107C3000FDFB02B02D20C0003768385801B4089809
:107C400001211BF02CFF01B40198009A09211AF0C0
:107C5000EDFB02B02D20C0003768385801B40998F8
:107C600001211BF01CFF01B40198009A0B211AF0AE
:107C7000DDFB02B02D20C0003768385801B40A98E7
:107C800001211BF00CFF01B40198009A0D211AF09C
:107C9000CDFB02B02D20C0003768385801B40B98D6
:107CA00001211BF0FCFE01B40198009A0F211AF08B
:107CB000BDFB02B00B986F467760DFF711FF00281D
:107CC00001D0032000E0012001B42D20C00037685E
:107CD000385801B4019801B40198009A11211AF0A2
:107CE000A5FB03B00C986F467760DFF7F9FE00281C
:107CF00001D0032000E0012001B42D20C00037682E
:107D0000385801B4019801B40198009A13211AF06F
:107D10008DFB03B0019801B4079801B42D20C00079
:107D20003768385801B41BF0EAFA6F467760E4F719
:107D3000FBFB03B06F467760DFF764F900BD00001E
:107D4000012C0BDA00B51AF03FFE00F007F801B085
:107D500000BD774600981AF0A4FEBE4600B5019813
:107D6000C06A01B40221090201316F467760DFF772
:107D7000ADFD01B001B46F467760DFF77BFE0028F0
:107D800002D0009801B00DE00098009801B0019871
:107D9000006B01B40221090201316F467760DFF701
:107DA00095FD01B000BD0000022C0BDA00B51AF001
:107DB000C4FE00F007F802B000BD774600981BF043
:107DC0004BF8BE4600B5019801B4FAF7E3FA01B0EA
:107DD000029801B4FAF7D9FA01B0019801B40398F6
:107DE00001B400F054F901B001B4049801B400F0FA
:107DF00030F901B001B40EBC02B404B408B400F010
:107E000069F903B06F467760DFF76AFE002801D09A
:107E10004220CBE0019801B4039801B400F037F997
:107E200001B001B4049801B400F0EFF801B001B45E
:107E30000EBC02B404B408B400F04CF903B06F46B1
:107E40007760DFF74DFE002801D04220AEE00198B8
:107E500001B4039801B400F0B4F801B001B404987F
:107E600001B400F0F6F801B001B40EBC02B404B4E1
:107E700008B400F02FF903B06F467760DFF730FEEB
:107E8000002801D0422091E0019801B4039801B488
:107E900000F097F801B001B4049801B400F0B5F80F
:107EA00001B001B40EBC02B404B408B400F012F97D
:107EB00003B06F467760DFF713FE002801D0422041
:107EC00074E0029801B4029801B400F0E5F801B042
:107ED00001B4039801B400F0C1F801B001B40EBCC4
:107EE00002B404B408B400F0F0F803B06F46776051
:107EF000DFF7F6FD002801D0422057E0029801B4D8
:107F0000029801B400F0C8F801B001B4039801B4BC
:107F100000F080F801B001B40EBC02B404B408B49F
:107F200000F0D3F803B06F467760DFF7D9FD002883
:107F300001D042203AE0029801B4029801B400F066
:107F400045F801B001B4039801B400F087F801B01E
:107F500001B40EBC02B404B408B400F0B6F803B027
:107F60006F467760DFF7BCFD002801D042201DE09E
:107F7000029801B4029801B400F028F801B001B4ED
:107F8000039801B400F046F801B001B40EBC02B48D
:107F900004B408B400F099F803B06F467760DFF7D7
:107FA0009FFD002801D0422000E00A2000BD000013
:107FB000012C0BDA00B51AF007FD00F007F801B04C
:107FC00000BD774600981AF047FFBE4600B50198FD
:107FD000406901B4029801B400F05EF801B001B448
:107FE000019802BC01B01BF02DFD022109020131F4
:107FF0001BF038FD00BD0000012C0BDA00B51AF0B3
:10800000E3FC00F007F801B000BD774600981AF0D5
:1080100023FFBE4600B50198806901B4029801B4FF
:1080200000F01CF801B001B4019802BC01B01BF0D3
:1080300009FD0221090201311BF014FD00BD000001
:10804000012C0BDA00B51AF0BFFC00F007F801B004
:1080500000BD774600981AF0FFFEBE4600B50198B5
:10806000006901B4029880681AF01BFD006901B430
:10807000019802BC01B01BF0E5FC00BD012C0BDA3D
:1080800000B51AF0A1FC00F007F801B000BD77467A
:1080900000981AF0E1FEBE4600B50198C06801B430
:1080A000029880681AF0FDFCC06801B4019802BC17
:1080B00001B01BF0C7FC00BD032C0BDA00B51AF0B1
:1080C00045FE00F007F803B000BD774600981AF0AF
:1080D000C3FEBE4600B5029801B4029801B4FFF792
:1080E000DBFF01B001B4019800996F467760DFF7BC
:1080F00087FD02B001B46F467760DFF7BBFC002854
:1081000002D1009801B011E00098009801B00298E7
:1081100001B4029801B4FFF759FF01B001B401980E
:1081200000996F467760DFF747FD02B001B46F46F4
:108130007760DFF79FFC002802D1009801B011E0C2
:108140000098009801B0039801B4029801B4FFF7B9
:1081500085FF01B001B4019800996F467760DFF7A1
:108160004FFD02B001B46F467760DFF783FC002853
:1081700002D1009801B011E00098009801B0039876
:1081800001B4029801B4FFF745FF01B001B40198B2
:1081900000996F467760DFF70FFD02B000BD000069
:1081A00000B501986F467760DFF79AFC6F467760FD
:1081B000DEF706FE6F467760DEF724FF01B46F46F8
:1081C0007760DFF757FC002802D0009801B021E06B
:1081D0000098009801B001981AF063FC406F0521E7
:1081E0001BF050FC6F467760DFF77AFC6F467760D4
:1081F000DEF7E6FD6F467760DEF704FF6F467760D7
:10820000DFF76EFC6F467760DEF7DAFD6F4677606A
:10821000DEF7F8FE00BD0000032C0BDA00B51AF003
:1082200095FD00F007F803B000BD774600981AF0FE
:1082300095FEBE4600B5002001B4039801B4039832
:1082400001B4FBF733F902B00090009804991AF0DA
:10825000A3FE8160002001B000BD000000B5D3483E
:108260004921890037687850D14801B400F0E8FC12
:1082700001B00346C4203768385801B408B4FEF78B
:10828000DFFD02B05B21890037687850792001B4A6
:10829000A12001B45B2080003768385801B402F097
:1082A0009AFC03B0C34801B400F0CAFC01B0034615
:1082B000C4203768385801B408B4FEF7C1FD02B0D5
:1082C0002121C90037687850E12001B4132001B49E
:1082D0002120C0003768385801B402F07CFC03B09C
:1082E000B54801B400F0ACFC01B00346C4203768C7
:1082F000385801B408B4FEF7A3FD02B04321890049
:1083000037687850E12001B4272001B44320800071
:108310003768385801B402F05EFC03B0A74801B4D6
:1083200000F08EFC01B00346C4203768385801B411
:1083300008B4FEF785FD02B0472189003768785000
:10834000E12001B43B2001B4472080003768385851
:1083500001B402F040FC03B0994801B400F070FC95
:1083600001B00346C4203768385801B408B4FEF79A
:1083700067FD02B01121090137687850E12001B48E
:108380004F2001B4112000013768385801B402F0C1
:1083900022FC03B08B4801B400F052FC01B003464C
:1083A000C4203768385801B408B4FEF749FD02B05C
:1083B0004521890037687850E12001B4632001B479
:1083C000452080003768385801B402F004FC03B03F
:1083D0007D4801B400F034FC01B00346C420376886
:1083E000385801B408B4FEF72BFD02B02321C900B0
:1083F00037687850E12001B4772001B42320C00011
:108400003768385801B402F0E6FB03B06F4801B496
:1084100000F016FC01B00346C8203768385801B494
:1084200008B4FEF70DFD02B041218900376878508D
:10843000792001B4A12001B4412080003768385868
:1084400001B402F0C8FB03B0422001B44120800017
:108450003768385801B400F0DEFB02B0652001B483
:10846000652001B4412080003768385801B400F01D
:1084700073F803B0564801B441208000376838587B
:1084800001B401210902ED311AF0B2FA02B05148EB
:1084900001B400F0D5FB01B00346CC203768385852
:1084A00001B408B4FEF7CCFC02B0092149013768D9
:1084B0007850192001B4012001B43F4801B402F002
:1084C000CDFB03B00B214901376878506F467760C8
:1084D000DEF7AEFD01B401B46F467760DEF7CAFA8D
:1084E0000346002001B408B403F052FD02B001B409
:1084F000019800996F467760DEF7AAFD02B00098F8
:10850000FBF7CEFF01B04B2189003768785000207F
:1085100001B4002001B490203768385801B4FEF748
:10852000FDFF03B0002001B4002001B4942037689F
:10853000385801B4FEF7F2FF03B0002001B4002068
:1085400001B4092040013768385801B400F05CFCE0
:1085500003B0002000BD000000B500F00DF8034698
:10856000039801B4039801B4039801B408B400F06F
:108570009EF904B0002000BD00B5376878696F46E9
:108580007760DFF7ADFA6F467760DEF719FC6F466C
:108590007760DEF737FD01B46F467760DFF76AFA80
:1085A000002819D0009801B02CE0000044B204006B
:1085B00050B7040058B6040074B6040090B6040026
:1085C0008CB70400B0B60400D0B60400F4B60400C2
:1085D00060BB040014B704000098009801B037682D
:1085E000786901B4012119F0D6FE01B06F467760B9
:1085F000DFF776FA6F467760DEF7E2FB6F4677606B
:10860000DEF700FD6F467760DFF76AFA002865D075
:10861000C7486F467760E0F787FB01B46F46776025
:10862000DEF706FD01B401B45520800037683858E4
:1086300001B4019800996F467760DEF709FD02B03A
:10864000EC203768385801B4009901986F4677607C
:10865000DEF7FEFC01B0532080003768385801B4C3
:10866000009901986F467760DEF7F2FC01B01520A3
:1086700000013768385801B4009901986F46776057
:10868000DEF7E6FC01B0012000023768385801B47B
:10869000009901986F467760DEF7DAFC01B0E820B8
:1086A0003768385801B4009901986F467760DEF753
:1086B000CFFC01B04D2080003768385801B40099D4
:1086C00001986F467760DEF7C3FC01B00098032085
:1086D00001B4029801B400F009F804B03768786971
:1086E00001B4012119F057FE01B000BD7746009892
:1086F0001AF011FEBE4600B5002001B401B401B469
:10870000049801B46F467760E1F750F81BF027FA40
:1087100001B401980099016102B004980A214161F5
:1087200004980599416004980A21C16006986F4633
:108730007760DFF7D5F9002803D0049806998160A7
:1087400048E0049801B46F467760DEF771FC01B42D
:1087500001980099816002B00498406803211BF0E1
:1087600081F901B40F216F467760DEF741FF01B058
:10877000014603201BF066F900900120019001984A
:108780000F211BF0F8F925D06A486F467760E0F7B3
:10879000CBFA01B4019802991BF054F90346012069
:1087A000404201B408B4029801B40CF0FBFB03B0E2
:1087B0000598806801B4019801B41AF0E1F86F4699
:1087C0007760DEF745FC03B0019803211BF03AF90E
:1087D0000190D4E701200290029801B405988068C6
:1087E00001B41AF02FF86F467760DEF72BFC01B06A
:1087F0001BF0B5F901B4019800991BF0BCF902B067
:1088000013D00498806801B4039801B401980099CA
:1088100019F0C1FD02B004991AF0A0FB4160029862
:1088200003211BF00FF90290D6E7049801B400F081
:1088300005F801B0002003B000BD000000B53768A6
:1088400078696F467760DFF74BF96F467760DEF740
:10885000B7FA6F467760DEF7D5FB6F467760DFF7D4
:108860003FF9002805D06F467760DEF7E1FB3768F7
:1088700078613768786901B402981AF04CFD406855
:1088800003211BF0EFF801B4039801B40298019999
:10889000009A19F0CBFD03B0002000BD042C0BDAC8
:1088A00000B51AF0EAFB00F007F804B000BD774607
:1088B00000981AF030FDBE4600B5002001B40398C0
:1088C0006F467760DFF70CF96F467760DEF778FA6E
:1088D0006F467760DEF796FB6F467760DFF700F94B
:1088E000002800D0D4E0029801B400F07BF901B078
:1088F0006F467760DFF7F4F86F467760DEF760FA6F
:108900006F467760DEF77EFB6F467760DFF7E8F84B
:10891000002811D0029801B46F467760DEF788FB1B
:1089200001B406BC02B404B400F03AF902B003E0AA
:10893000B83C0400BC3D04000120BF496F4677608D
:10894000E0F7C4F901B40021049A6F467760DEF7BE
:10895000F1FB039801B400F045F901B0034600981B
:1089600008B400F0D1F802B0009000986F4677602C
:10897000DFF7B6F86F467760DEF722FA6F4677606A
:10898000DEF740FB6F467760DFF7AAF8002821D0BA
:10899000AA486F467760E0F7C7F901B4069801B4BA
:1089A000069801B4069801B4039801B400F09AF84F
:1089B00004B001BC0090029801B400F013F901B0BA
:1089C00001B4019801B419F0DBFF6F467760DEF760
:1089D0003FFB02B000981AF0ACFCC06801B46F46CF
:1089E0007760DFF747F8002802D1009801B00AE06D
:1089F0000098009801B0049801B401216F46776097
:108A0000DFF702F801B06F467760DFF769F80028FA
:108A10000AD000981AF08DFC80680346012001B44A
:108A200008B4FDF7E4FA02B000981AF082FC00697D
:108A300001B46F467760DFF71DF8002802D1009877
:108A400001B00AE00098009801B0059801B4012136
:108A50006F467760DEF7D8FF01B06F467760DFF7CB
:108A60003FF800280AD000981AF063FC806803469B
:108A7000012001B408B4FDF780FA02B0009804990F
:108A80001AF057FCC160009805991AF052FC016178
:108A9000002001B000BD0000D4B0010000000000C3
:108AA000A58A0200012C06DA00B519F08DFF00F04E
:108AB00002F801B000BD00B501981AF03AFC8068D8
:108AC00019F0EFFF806801B4E86819F0EAFF8068E8
:108AD00001B4019800996F467760DEF795FF02B008
:108AE00000BD0000774600981AF023FCBE4600B592
:108AF00001980299816001980399C16001980499D5
:108B00000161002000BD000000B5002001B401B4E7
:108B100001B4049801B419F095FE6F467760DEF752
:108B200091FA01B01BF01BF8009001200190019810
:108B300000991BF020F821D0049801B4029801B4E8
:108B40000198009919F027FC02B00290059801B431
:108B5000029801B4049801B402981AF0BBF803B06B
:108B60006F467760DEF7BCFF002801D0029806E070
:108B7000019803211AF066FF0190D8E7002003B0A6
:108B800000BD0000022C0BDA00B519F0D6FF00F092
:108B900007F802B000BD774600981AF0BCFBBE464D
:108BA00000B50CF0A7FB19F0F1FEC06C01B40298FF
:108BB000406801B4049801B402980199009A19F030
:108BC00035FC03B0002000BD012C0BDA00B519F014
:108BD000FBFE00F007F801B000BD774600981AF0E0
:108BE0009AFBBE4600B50CF085FB19F0CFFEC06CB9
:108BF00001B40298406801B40198009919F0CBFBC8
:108C000002B000BD022C0BDA00B519F096FF00F09F
:108C100007F802B000BD7746009819F042FFBE4643
:108C200000B5029801B4112001B4039801B4FEF715
:108C300001F803B0002000BD988A0200A869040072
:108C400000B5019801B4C04801B400F003F802B0C7
:108C500000BD000000B5002001B401B401B401B4AE
:108C600017200001376838586F467760DEF738FF05
:108C700000284ED000200090172000013768385897
:108C8000019001200290029801B402986F4677602B
:108C9000DEF7D8F91AF063FF01B4019800996F4626
:108CA0007760DEF775FF02B0002830D0019801B47C
:108CB00003981AF04AFF01B4019800996F46776053
:108CC000DEF7D0F902B00090009801B4812149008C
:108CD00019F0D4FD01B005991AF0B1FF11D0069832
:108CE00001B4019801B4C0211AF003FA02B0039054
:108CF00003986F467760DEF7F3FE002801D00398F3
:108D000008E0029803211AF09DFE0290BBE70020C4
:108D10000190062004B000BD00B5002001B40CF0A5
:108D2000E9FA0090009819F031FE80680346029835
:108D300001B408B400F00DF802B0002001B000BD8D
:108D4000022C0BDA00B519F0F8FE00F007F802B0BB
:108D500000BD774600981AF0AAFABE4600B5019801
:108D600002998160002000BD012C0BDA00B519F0DA
:108D70002BFE00F007F801B000BD774600981AF00E
:108D800096FABE4600B5019880686F467760DEF7B8
:108D9000A7FE6F467760DEF713F86F467760DEF761
:108DA00031F96F467760DEF79BFE002829D00198E5
:108DB00001B484203768385801B419F056FD6F4665
:108DC0007760E2F797FC01B01AF0C9FE01B4842085
:108DD0003768385801B419F048FD6F467760E2F7FC
:108DE0008DFC01B01AF0BBFE01B419F0DDFD6F4639
:108DF0007760E3F781FF02B001B4019800998160C8
:108E000002B00198806800BD00B501986F46776098
:108E1000DEF766FE6F467760DDF7D2FF6F4677605C
:108E2000DEF7F0F86F467760DEF75AFE002800D0D4
:108E300008E0039801B4039801B4039801B4FDF766
:108E4000B8F903B0002000BD00B5002001B43F48D0
:108E50006F467760DFF768FF0090009801B46F46B7
:108E60007760DDF707FE01B4019800991AF06FFAF8
:108E7000416002B0049801211AF011FE0490049898
:108E800001211AF078FE01D00120049004981521E8
:108E90001AF085FE01D015200490009801B46F46A9
:108EA0007760DDF7E7FD01B4019800991AF04FFAF9
:108EB000816002B0009801B46F467760DDF7DAFD9B
:108EC00001B4019800991AF042FA416002B000988A
:108ED00004991AF03CFAC160049801B403211AF015
:108EE000C1FD059001BC01211AF059FE19D000986E
:108EF00001B401B401981AF02AFA806801B419F09B
:108F000019FD13496F467760DDF7F4FD01B00027C6
:108F1000019701B4019800991AF019FA816003B021
:108F2000DAE7029801B4019801B400F013F802B036
:108F300001B000BD022C12DA00B519F0FEFD00F000
:108F40000EF802B000BD0000349E0400806A0400E8
:108F5000F8B20400774600981AF0F9F9BE4600B559
:108F6000002001B401B401B401B401B401B401B4EE
:108F700001B40A9801B46F467760DEF7E3FE01B0F2
:108F800000900098BC491AF046FE08D00A9801B437
:108F90000A9801B400F0A2FA02B08EE28CE20098C6
:108FA00001B4B6496F467760DEF72EFD01B001B41B
:108FB0006F467760DEF75EFD002802D0009801B0B2
:108FC0000AE00098009801B0009801B4AC496F46DF
:108FD0007760DEF719FD01B001B46F467760DEF708
:108FE00049FD002802D0009801B00AE000980098DE
:108FF00001B00A9801B406216F467760DEF704FDE0
:1090000001B06F467760DEF76BFD00280FD06F462A
:109010007760DDF72FFD01B40B9801B419F0B4FDB2
:109020006F467760DDF766FD02B046E244E20A98DB
:1090300001B46F467760E0F7ADF801B06F46776036
:10904000DDF7E0FF6F467760DEF74AFD002800D1CC
:10905000EEE00A980190019801B419F0F3FB6F4615
:109060007760DDF7EFFF01B01AF079FD01211AF00A
:10907000D2FD02D0834820E2D9E0834802900998CB
:10908000C0686F467760DEF72BFD002821D0099875
:1090900001B401B40198406801B40C98806801B42F
:1090A00019F07AFD6F467760DDF724FD02B00027E6
:1090B000019701B401980099416003B0029801B48E
:1090C00019F038FC71496F467760DDF713FD01B088
:1090D000029001200390039801B4029801B419F0A2
:1090E000B1FB6F467760DDF7ADFF01B01AF037FDD9
:1090F00001B4019800991AF03EFD02B062D00298C6
:1091000001B40A98406801B40B9801B4049801B402
:10911000079801B40198009919F03DF902B001B423
:1091200006BC02B404B4FFF71AFF02B001B419F090
:1091300033FD6F467760DDF7DDFC02B001B419F056
:109140002BFD6F467760DDF7D5FC02B002900398E7
:1091500001B4029801B419F075FB6F467760DDF732
:1091600071FF01B01AF0FBFC03211AF07BFC01B483
:10917000019800991AF077FD02B00AD0029801B464
:1091800019F0D8FB42496F467760DDF7B3FC01B0B8
:1091900002900998C0686F467760DEF7A1FC00284E
:1091A0000AD0029801B419F0C5FB38496F467760C0
:1091B000DDF7A0FC01B00290039803211AF042FCF5
:1091C000039088E70998C0686F467760DEF788FCEF
:1091D000002814D0099801B40A98406801B40B988B
:1091E000C06801B406BC002001B402B404B4F7F7AF
:1091F000A1FA03B001B401980099416002B002984D
:1092000001B40A98406801B419F094FB21496F46F3
:109210007760DDF76FFC01B001B419F0BDFC6F465B
:109220007760DDF767FC02B00290029845E143E108
:109230000A9801B46F467760DFF7C2FF01B004906F
:10924000049801B419F0FEFA6F467760DDF7FAFE74
:1092500001B01AF084FC01211AF0DDFC01D00E48A7
:109260002BE10E4805900998C0686F467760DEF7DD
:1092700037FC002814D135E0C0B00400B0B20400BF
:10928000D0B00400C0B20400CCB20400B8B00400F6
:10929000B0B00400D4B20400DCB2040014B1040085
:1092A000099801B401B40198406801B40C98806831
:1092B00001B419F071FC6F467760DDF71BFC02B05A
:1092C0000027019701B401980099416003B0059807
:1092D00001B419F02FFBBC496F467760DDF70AFC3B
:1092E00001B0059001200690069801B4059801B4DC
:1092F00019F0A8FA6F467760DDF7A4FE01B01AF006
:109300002EFC01B4019800991AF035FC02B000D18E
:109310009DE0049801B4079801B40198009919F0F0
:109320003AF802B00790059801B40A98406801B471
:10933000099801B40C9801B400F0D0F802B001B45F
:1093400019F02AFC6F467760DDF7D4FB02B001B458
:1093500019F022FC6F467760DDF7CCFB02B0059078
:109360000998C0686F467760DEF7BAFB00280BD01B
:10937000059801B419F0DEFA94496F467760DDF77D
:10938000B9FB01B005900AE0059801B419F0D2FAD2
:109390008F496F467760DDF7ADFB01B0059005980A
:1093A00001B40A9801B40C9801B40A9801B419F0F8
:1093B000EBFB19F061F802B001B406BC02B404B4CE
:1093C000FFF7CDFD02B001B419F0E6FB6F46776000
:1093D000DDF790FB02B00590069801B4059801B442
:1093E00019F030FA6F467760DDF72CFE01B01AF005
:1093F000B6FB03211AF036FB01B4019800991AF06C
:1094000032FC02B00AD0059801B419F093FA714900
:109410006F467760DDF76EFB01B005900998C06874
:109420006F467760DEF75CFB00280AD0059801B430
:1094300019F080FA64496F467760DDF75BFB01B095
:109440000590069803211AF0FDFA06904CE709985A
:10945000C0686F467760DEF743FB002814D0099898
:1094600001B40A98406801B40B98C06801B406BC06
:10947000002001B402B404B4F7F75CF903B001B4FE
:1094800001980099416002B0059801B40A984068BB
:1094900001B419F04FFA50496F467760DDF72AFBA7
:1094A00001B001B419F078FB6F467760DDF722FB5D
:1094B00002B00590059800E0002008B000BD000053
:1094C000022C0BDA00B519F038FB00F007F802B0F7
:1094D00000BD7746009819F03AFFBE4600B500205F
:1094E00001B401B401B43D480090012001900198FD
:1094F00001B4069801B419F01DFA6F467760DDF7E4
:10950000C3FB01B01AF02BFB01B4019800991AF0CB
:1095100032FB02B04CD0059801B4029801B419F0A6
:1095200015FB6F467760DDF72FFD02B002900298C1
:1095300025491AF070FB02D02948029026E00298D3
:1095400028491AF068FB02D0274802901EE00298D2
:1095500026491AF060FB02D02548029016E00298D6
:1095600024491AF058FB02D0234802900EE00298DA
:1095700022491AF050FB02D02148029006E00298DE
:1095800016491AF048FB01D01E480290009801B419
:10959000039801B419F000FB6F467760DDF7AAFA73
:1095A00002B00090019803211AF04CFA01909EE756
:1095B000009801B419F0BEF908496F467760DDF7ED
:1095C00099FA01B003B000BDB8B0040028B104009E
:1095D000E8B20400B0B00400F0B2040064B10400CA
:1095E00068B2040094B1040074B20400A4B1040091
:1095F00080B204007CB104008CB204006CB10400A1
:1096000098B20400A4B2040000B5002001B401B473
:10961000BC486F467760DFF787FB00900098012118
:1096200019F0A3FE41600098039919F09EFE816035
:10963000009801B400F053F901B00190009801B412
:1096400000F08FF801B06F467760DEF749FA002826
:1096500006D0AD4801B4019801B400F02EF802B074
:10966000009819F082FEC0686F467760DEF738FA1E
:10967000002816D0009819F078FEC06801B419F0DF
:1096800071F9A2486F467760DDF734FA01B001B492
:1096900019F050F96F467760E0F78CF801B00020C0
:1096A00000E0019802B000BD022C0BDA00B519F001
:1096B00044FA00F007F802B000BD7746009819F0B0
:1096C00054FEBE4600B50198C0686F467760DEF76D
:1096D00007FA6F467760DDF773FB6F467760DDF75B
:1096E00091FC6F467760DEF7FBF900282ED00198D9
:1096F00001B4039801B419F01DF985496F467760EC
:10970000DDF7F8F901B001B40398406801B419F02D
:1097100043FA6F467760DDF7EDF902B001B40198C6
:109720000099C16002B0019801B40298806801B448
:1097300019F000F96F467760DDF7A6FA01B01AF06C
:109740000EFA01B401980099416002B0002000BDFA
:10975000012C0BDA00B519F037F900F007F801B069
:1097600000BD7746009819F000FEBE4600B5002007
:1097700001B4029801B400F071F801B000900098B3
:1097800001B441216F467760DEF73EF901B001B4C4
:109790006F467760DEF76EF9002802D0009801B0BE
:1097A0000AE00098009801B0009801B415216F46B6
:1097B0007760DEF729F901B001B46F467760DEF714
:1097C00059F9002802D0009801B00AE000980098EA
:1097D00001B0009801B41B216F467760DEF714F9E1
:1097E00001B001B46F467760DEF744F9002802D07B
:1097F000009801B00AE00098009801B0009801B408
:1098000013216F467760DEF7FFF801B06F4677608F
:10981000DEF766F9002800D00EE0029801B401B42A
:109820000198406803211AF01DF901B401980099CC
:10983000416003B0009801E09BE7002001B000BD4B
:10984000012C0BDA00B519F0BFF800F007F801B0F1
:1098500000BD7746009819F088FDBE4600B5019816
:10986000406801B40298806801B419F063F86F464B
:109870007760DDF709FA01B01AF071F901B40198C7
:1098800000991AF078F902B01DD0019801B401B422
:109890000198406801B403211AF0D4F801B4029889
:1098A0000099416001B000270197029704988068F1
:1098B00001B4019801B419F049F96F467760DDF7FA
:1098C0005DFB05B000E0012000BD0000012C0BDABB
:1098D00000B519F079F800F007F801B000BD77463F
:1098E000009819F042FDBE4600B5002001B4029870
:1098F000C0686F467760DEF7F3F800280AD00620CC
:10990000E8E007E0EC6A040000B3040018B30400C8
:1099100050B10400029801B4FFF728FF01B0009095
:109920000098F7211AF077F906D0029801B400F0F8
:1099300043FD01B0CEE0C5E00098B7211AF06BF905
:1099400006D0029801B400F0B3FC01B0C2E0B9E067
:10995000009801B4009961206F467760DEF72CF91A
:1099600001B001B46F467760DEF784F8002802D1B9
:10997000009801B00AE00098009801B0009801B486
:1099800073216F467760DEF717F901B001B46F46B7
:109990007760DEF76FF8002802D0009801B00AE087
:1099A0000098009801B0009801B45B216F46776081
:1099B000DEF72AF801B06F467760DEF791F80028ED
:1099C00006D0029801B400F087FB01B082E079E094
:1099D000009845211AF01FF906D0029801B400F052
:1099E000E1F801B076E06DE0009801B4E9216F463E
:1099F0007760DEF709F801B001B46F467760DEF7F3
:109A000039F8002802D1009801B009E000980098C8
:109A100001B0BF4801B4039801B400F06BF802B084
:109A20006F467760DEF75CF8002802D0422051E0F4
:109A300048E0009801B4CD216F467760DDF7E4FF80
:109A400001B001B46F467760DEF714F8002802D148
:109A5000009801B009E00098009801B0AD4801B449
:109A6000039801B400F046F802B06F467760DEF765
:109A700037F8002802D00A202CE023E0009801B437
:109A8000DD216F467760DDF7BFFF01B001B46F469F
:109A90007760DDF7EFFF002802D1009801B009E000
:109AA0000098009801B09C4801B4039801B400F0FC
:109AB00021F802B06F467760DEF712F8002801D077
:109AC000062007E0954801B4039801B4FFF7FAFDBA
:109AD00002B0062001B000BD022C0BDA00B519F06F
:109AE0002CF800F007F802B000BD7746009819F096
:109AF0003CFCBE4600B50198806801B402984068FD
:109B000001B40398406801B4059801B418F012FF3D
:109B10006F467760DDF7B8F801B01AF020F801B4AD
:109B20000198009919F08EFF02B001B40EBC02B486
:109B300004B408B4F6F7FEFD03B002991AF06BF80E
:109B40001FD0019801B401B40198406801B4059890
:109B500001B418F0EFFE6F467760DDF795F801B0BD
:109B60000027029719F0FBFF01B40198009919F042
:109B700069FF02B001B401980099416003B042202E
:109B800000E00A2000BD0000012C0BDA00B518F03F
:109B90001BFF00F007F801B000BD7746009819F0F0
:109BA000E4FBBE4600B5002001B401B401B46F4629
:109BB0007760DCF75FFF0090049801B401B401986E
:109BC0004068032119F03EFF01B4019800994160FB
:109BD00003B0049801B401B40198406801B40321B2
:109BE00019F030FF01B402980099416001B00027DC
:109BF000019702970798806801B4019801B418F0A2
:109C0000A5FF6F467760DDF7BFF905B001900198B9
:109C100043491AF000F801D00098B2E00198414998
:109C200019F0F9FF00D19EE0049801B401B4019845
:109C3000406801B4032119F005FF01B402980099AE
:109C4000416001B00027019702970798806801B42E
:109C5000019801B418F07AFF6F467760DDF794F948
:109C600005B002900298304919F0D5FF02D02F4874
:109C700002906BE002982E4919F0CDFF02D02D48DA
:109C8000029063E002982C4919F0C5FF02D02B48DE
:109C900002905BE002982A4919F0BDFF02D02948E2
:109CA000029053E00298284919F0B5FF4ED004986D
:109CB000806801B40598406801B40698406809219D
:109CC00019F0C0FE01B40EBC02B404B408B4F6F737
:109CD00031FD03B00346212001B408B400F054F86C
:109CE00002B001B418F085FD6F467760DCF7C6FE60
:109CF00001B00290049801B401B4019840680921B0
:109D000019F0A0FE01B401980099416003B01DE074
:109D10002CB2040038B2040044B2040050B2040073
:109D200064B104006CB1040074B104007CB104009F
:109D300084B10400B8B004008CB1040094B10400F4
:109D40009CB10400A4B10400ACB10400009801B4BB
:109D5000039801B418F020FF6F467760DCF7CAFE65
:109D600002B000900BE0009801B4029801B418F022
:109D700013FF6F467760DCF7BDFE02B0009028E766
:109D8000002003B000BD000000B5002001B401B404
:109D900001B401B401B4079801B406216F4677609D
:109DA000DDF732FE01B001B46F467760DDF762FE89
:109DB000002802D0009801B00AE00098009801B095
:109DC000079801B415216F467760DDF71DFE01B0DD
:109DD0006F467760DDF784FE00280CD0069801B44A
:109DE00018F0A8FD6F467760DDF744F801B0012157
:109DF00019F055FE60E10A20009001200190012039
:109E00000290029801B4079801B418F093FD6F46D0
:109E10007760DCF739FF01B019F0A1FE01B40198B9
:109E2000009919F0A8FE02B000D138E1069801B4FB
:109E3000039801B418F08AFE6F467760DDF79EF84C
:109E400002B00390039801B441216F467760DDF7BB
:109E5000DBFD01B001B46F467760DDF70BFE002833
:109E600002D0009801B00AE00098009801B0039871
:109E700001B415216F467760DDF7C6FD01B001B46E
:109E80006F467760DDF7F6FD002802D0009801B03C
:109E90000AE00098009801B0039801B41B216F46B6
:109EA0007760DDF7B1FD01B001B46F467760DDF793
:109EB000E1FD002802D0009801B00AE00098009867
:109EC00001B0039801B413216F467760DDF79CFD64
:109ED00001B06F467760DDF703FE002800D0D8E0C0
:109EE000019801B401216F467760DDF78DFD01B067
:109EF00001B46F467760DDF7BDFD002802D1009800
:109F000001B00FE00098009801B000986F467760AC
:109F1000DDF7E6FD6F467760DCF752FF6F4677604E
:109F2000DDF770F801B46F467760DDF7A3FD002818
:109F300002D1009801B00AE00098009801B003989F
:109F400001B45B216F467760DDF75EFD01B06F46BF
:109F50007760DDF7C5FD002802D04220009098E030
:109F6000012040420490039801B4009961206F469B
:109F70007760DDF721FE01B001B46F467760DDF751
:109F800079FD002802D1009801B00AE000980098FD
:109F900001B0039801B473216F467760DDF70CFEC2
:109FA00001B06F467760DDF79BFD002805D0039870
:109FB000612119F057FD049030E00398412119F018
:109FC0006EFD0390039801B40099C3206F4677603B
:109FD000DDF7F2FD01B001B46F467760DDF74AFDB1
:109FE000002802D1009801B00AE00098009801B062
:109FF000039801B4F5216F467760DDF7DDFD01B010
:10A000006F467760DDF76CFD002807D00398C32109
:10A0100019F028FD152119F015FD0490049801B4DC
:10A02000009901206F467760DDF7C6FD01B001B4ED
:10A030006F467760DDF71EFD002802D1009801B061
:10A040000DE00098009801B0049801B4089801B49C
:10A05000019800996F467760DDF7C0FD02B06F464A
:10A060007760DDF73DFD002811D0019801B4089814
:10A0700001B4019800996F467760DDF7B9FA02B034
:10A0800001900198049919F0DDFC019001E0002095
:10A0900012E00298032119F0D5FC0290B1E6009875
:10A0A0006F467760DDF71CFD002804D00120019980
:10A0B00019F0D8FC00E0019805B000BD012C0BDAC6
:10A0C00000B518F081FC00F007F801B000BD77463C
:10A0D000009819F04AF9BE4600B5002001B401B459
:10A0E00001B4049840680090049801B4FFF7B6FBEF
:10A0F00001B00190019801B4009961206F4677602A
:10A10000DDF75AFD01B001B46F467760DDF7B2FCB0
:10A11000002802D1009801B00AE00098009801B030
:10A12000019801B473216F467760DDF745FD01B0FA
:10A1300001B46F467760DDF79DFC002802D00098DF
:10A1400001B00AE00098009801B0019801B45721CD
:10A150006F467760DDF758FC01B001B46F46776059
:10A16000DDF788FC002802D0009801B00AE00098D2
:10A17000009801B0019801B45B216F467760DDF76C
:10A1800043FC01B001B46F467760DDF773FC002833
:10A1900002D0009801B00AE00098009801B0019840
:10A1A00001B45D216F467760DDF72EFC01B001B48C
:10A1B0006F467760DDF75EFC002802D0009801B0A2
:10A1C0000AE00098009801B0019801B48B216F4615
:10A1D0007760DDF719FC01B001B46F467760DDF7F9
:10A1E00049FC002802D0009801B00AE000980098CD
:10A1F00001B0019801B4CB216F467760DDF704FC14
:10A2000001B06F467760DDF76BFC002800D00DE0F1
:10A21000049801B401B401984068032119F022FCAC
:10A2200001B401980099416003B000E05CE7049834
:10A23000806801B4019801B40698406801B40EBC6E
:10A2400002B404B408B4F6F775FA03B002900298A9
:10A2500001B418F06FFB6F467760DCF715FD01B0B5
:10A2600019F07DFC012119F0D6FC08D0B24801B4E8
:10A27000059801B4FFF726FA02B0012008E0029821
:10A2800001B418F057FB6F467760DCF7F3FD01B0BF
:10A2900003B000BD012C0BDA00B518F095FB00F0FF
:10A2A00007F801B000BD7746009819F05EF8BE4689
:10A2B00000B5002001B401B401B46F467760DCF74B
:10A2C000B7FE0090049801B401B4019840680321DE
:10A2D00019F0B8FB01B401980099416003B00498EB
:10A2E00001B4FFF743FA01B001900198BB2119F0C6
:10A2F00092FC0ED0049801B401B401984068032187
:10A3000019F0A0FB01B401980099416003B00098D6
:10A3100042E0049801B4FFF7E7FA01B00290049814
:10A32000C0686F467760DDF7DBFB002801D00620B0
:10A3300032E0009801B4039801B418F021FB6F4695
:10A340007760DCF785FE02B0049801B4FFF70EFADF
:10A3500001B001900198592119F05DFC0DD00498CD
:10A3600001B401B401984068032119F06BFB01B4FA
:10A3700001980099416003B00CE00198BB2119F0ED
:10A380004AFC00D006E06D4801B4059801B4FFF71F
:10A3900099F902B0A3E7002003B000BD012C0BDA4D
:10A3A00000B518F011FB00F007F801B000BD7746CA
:10A3B000009818F0DAFFBE4600B5002001B401B4E1
:10A3C00001B401B46F467760DCF7DCFE00900598BD
:10A3D00001B401B401984068032119F033FB01B4C2
:10A3E00001980099416003B0059801B4FFF7BEF9E8
:10A3F00001B001900198FB2119F00DFC0ED00598D9
:10A4000001B401B401984068032119F01BFB01B4A9
:10A4100001980099416003B000988BE001984521B4
:10A4200019F021FC08D0464801B4069801B4FFF7A2
:10A4300049F902B000987DE0059801B4FFF7B2FB3E
:10A4400001B00290059801B4FFF790F901B00190B6
:10A450000198752119F007FC08D03A4801B4069814
:10A4600001B4FFF72FF902B0009863E0059801B43A
:10A4700001B401984068032119F0E4FA01B401988D
:10A480000099416003B0059801B4FFF72DFA01B0BF
:10A4900003900598C0686F467760DDF721FB0028C0
:10A4A00001D0062046E0009801B4039801B4059855
:10A4B00001B418F07EFE18F028F803B0059801B436
:10A4C000FFF754F901B001900198592119F0A3FB4D
:10A4D0000DD0059801B401B401984068032119F02A
:10A4E000B1FA01B401980099416003B020E00198ED
:10A4F000FB2119F090FB00D01AE0059801B40298F6
:10A5000001B418F076F96F467760DCF7B7FA01B05E
:10A5100001B418F027FA0C486F467760DCF7EAFAC6
:10A5200001B001B406BC02B404B4FFF7CBF802B02A
:10A530005AE7002004B000BD14B20400B4B1040016
:10A54000CCB10400E0B10400F8B1040000B5002073
:10A5500001B401B401B401B401B401B401B4089868
:10A560006F467760DDF7BCFA6F467760DCF728FC52
:10A570006F467760DCF746FD01B46F467760DDF724
:10A5800079FA002802D0009801B034E000980098D1
:10A5900001B0099801B406216F467760DDF73CFAF7
:10A5A00001B001B46F467760DDF764FA002802D18C
:10A5B000009801B01FE00098009801B0099801B41C
:10A5C00005216F467760DDF709FB01B001B46F46E6
:10A5D0007760DDF74FFA002802D0009801B00AE05A
:10A5E0000098009801B0099801B449216F4677603E
:10A5F000DDF716FB01B06F467760DDF771FA0028D2
:10A6000001D00E2014E201200090009801B40998B6
:10A6100001B418F08FF96F467760DCF735FB01B0B5
:10A6200019F09DFA01B4019800996F467760DDF743
:10A63000D5FA02B001B46F467760DDF71BFA002847
:10A6400002D1009801B011E00098009801B008987C
:10A6500001B4019801B418F079FA6F467760DCF71D
:10A660008DFC02B001B400F0E5F901B06F467760EF
:10A67000DDF736FA002805D00098032119F0E2F939
:10A680000090C2E7009801B4099801B418F052F99B
:10A690006F467760DCF7F8FA01B019F060FA01B4A0
:10A6A0000198009919F0CBFA02B001D00E20BFE159
:10A6B00003200190089801B4019801B418F046FAFB
:10A6C0006F467760DCF760FC02B001B40146B74822
:10A6D0006F467760DDF796F9002801D001B00BE0F6
:10A6E000B34800996F467760DDF78CF9002801D0F8
:10A6F00001B004E001BC07E0012040420190009855
:10A70000032119F09FF9009009986F467760DDF7F3
:10A71000E7F96F467760DCF753FB6F467760DCF74D
:10A7200071FC01B46F467760DDF7A4F9002802D010
:10A73000009801B00AE00098009801B0099801B4AF
:10A7400021216F467760DDF75FF901B001B46F46F4
:10A750007760DDF78FF9002802D1009801B015E08D
:10A760000098009801B0089801B4019801B418F05D
:10A77000EDF96F467760DCF707FC02B001B4009991
:10A780008C486F467760DDF799F801B001B46F46E9
:10A790007760DDF76FF9002802D1009801B03BE047
:10A7A0000098009801B0089801B40198032119F0AD
:10A7B00049F901B418F0CAF96F467760DCF7E4FB99
:10A7C00002B001B400997C486F467760DDF776F8F7
:10A7D00001B001B46F467760DDF74CF9002802D074
:10A7E000009801B018E00098009801B0089801B4F2
:10A7F0000198032119F026F901B418F0A7F96F4662
:10A800007760DCF7C1FB02B001B400996B486F467A
:10A810007760DDF753F801B06F467760DDF760F9D8
:10A82000002807D0212009900098052119F00AF985
:10A83000009014E009986F467760DDF751F96F4694
:10A840007760DCF7BDFA6F467760DCF7DBFB6F46BD
:10A850007760DDF745F9002801D015200990012027
:10A8600002900A20039000980490049801B409987B
:10A8700001B418F05FF86F467760DCF705FA01B0B5
:10A8800019F06DF901B40198009919F074F902B04A
:10A8900000D1C2E0089801B4059801B418F056F947
:10A8A0006F467760DCF76AFB02B0412119F0F7F8D8
:10A8B000059000200690059801B461216F467760ED
:10A8C000DDF79EF901B001B46F467760DDF7D2F88D
:10A8D000002802D1009801B00AE00098009801B069
:10A8E000059801B475216F467760DDF777F901B0FF
:10A8F0006F467760DDF7F4F8002805D005986121F0
:10A9000019F0B0F806902AE0059801B4C3216F460B
:10A910007760DDF775F901B001B46F467760DDF758
:10A92000A9F8002802D1009801B00AE00098009828
:10A9300001B0059801B4F7216F467760DDF74EF955
:10A9400001B06F467760DDF7CBF8002807D01520FF
:10A95000059919F077F8C32119F084F80690069844
:10A9600001B400216F467760DDF74EF801B001B405
:10A970006F467760DDF77EF8002802D0009801B0BE
:10A980000DE00098009801B0069801B40A9801B44F
:10A99000019800996F467760DDF732F902B06F4693
:10A9A0007760DDF79DF800280AD11FE098B0040019
:10A9B000A0B0040084B00400F4AF0400A8B0040008
:10A9C00003986F467760DDF78BF86F467760DCF7AA
:10A9D000F7F96F467760DCF715FB6F467760DDF7B8
:10A9E0007FF8002801D00E2022E016E042200390DC
:10A9F000029801B40A9801B4019800996F467760F3
:10AA0000DCF7F6FD02B0069919F01CF802900498E4
:10AA1000032119F017F8049027E7019801B403986F
:10AA200001B4019800996F467760DCF7E1FD02B050
:10AA300007B000BD00B5019801B4014613206F4670
:10AA40007760DCF7DFFF002801D001B061E017205C
:10AA500000996F467760DCF7D5FF002801D001B080
:10AA600057E0192000996F467760DCF7CBFF00288C
:10AA700001D001B04DE0412000996F467760DCF7CE
:10AA8000C1FF002801D001B043E0012000024130A5
:10AA900000996F467760DCF7B5FF002801D001B060
:10AAA00037E0B94800996F467760DCF7ABFF0028C4
:10AAB00001D001B02DE0152000996F467760DCF7DA
:10AAC000A1FF002801D001B023E01B2000996F46B0
:10AAD0007760DCF797FF002801D001B019E0402033
:10AAE0000002513000996F467760DCF78BFF002839
:10AAF00001D001B00DE040200002533000996F46B4
:10AB00007760DCF77FFF002801D001B001E001BCD5
:10AB100001E0422002E00A2000E0002000BD000029
:10AB200000B5029801B4029801B400F003F802B035
:10AB3000002000BD00B5019801B4039801B417F0DE
:10AB4000F9FE6F467760DBF715F901B001B406BC7A
:10AB500002B404B400F004F802B0002000BD00000C
:10AB600000B5019801B4039801B418F00CFC6F46CD
:10AB70007760E5F735FB02B018F0F1FF6F467760BC
:10AB8000DCF7AEFF002809D06F467760E5F784FB5D
:10AB90007320C0006F467760DCF7E6FA002000BD46
:10ABA000012C0BDA00B517F00FFF00F007F801B029
:10ABB00000BD7746009818F0D1F9BE4600B501985F
:10ABC000406900BD032C0BDA00B518F0BFF800F0A7
:10ABD00007F803B000BD7746009817F062FFBE4645
:10ABE00000B5002001B40AF085FB17F0CFFEC06964
:10ABF0000090009801B4039801B4059801B4059839
:10AC000001B4FCF755F801B001B40198009918F0AF
:10AC100029FF02B001B40AF097F901B001B4079816
:10AC200001B4069801B4FCF785F801B001B40198AD
:10AC3000009918F017FF02B001B40AF085F901B0CD
:10AC400001B41EBC02B404B408B410B42C2118F032
:10AC500002FA04B0002001B000BD000000B50020E1
:10AC600001B44A486F467760DEF75EF801B406200B
:10AC700001B4012001B4012001B4012001B401207C
:10AC800001B4012001B4112001B40C9801B40C9856
:10AC900001B40C9801B40A9801B400F013F80BB099
:10ACA00001BC00900AF026FB17F070FEC069034655
:10ACB000009801B408B4242118F0CDF902B000982E
:10ACC00001B000BD7746009818F068FBBE4600B59D
:10ACD00001980299C167019803998023C150019896
:10ACE00004998423C150019805998823C150019883
:10ACF00006998C23C150019807999023C15001985F
:10AD000008999423C150019809999823C15001983A
:10AD10000A999C23C15001980B99A023C150019816
:10AD200001B4002000216F467760E1F7E5FF01B430
:10AD300006BC02B404B4FAF761FE02B0942037688E
:10AD4000385801B4029801B4FAF7A8FC02B04220C6
:10AD500001B438200002013001B4039801B4FBF7BC
:10AD600069FF03B0019801B400F017F801B00020AA
:10AD700000BD0000012C10DA00B517F025FE00F030
:10AD80000CF801B000BD0000FFFD0100A06B040045
:10AD90007746009818F002FBBE4600B5002001B4CB
:10ADA00001B401B401B401B401B401B401B401B4FB
:10ADB0000A988C23C05801B40B989423C05801B44E
:10ADC0000198009918F03EFE02B001B40B98982348
:10ADD000C05801B40198009918F034FE02B00090F8
:10ADE0000A98A023C0586F467760DCF779FE0028E8
:10ADF00021D00A98A023C05801B417F036FD6F4641
:10AE00007760E0F777FC01B018F0A9FE01B40B9869
:10AE10009423C05801B40198009918F013FE02B0B1
:10AE200001B40B989823C05801B40198009918F008
:10AE300009FE02B000E0012001900A98A023C0584A
:10AE40006F467760DCF74CFE00280DD00A98A023EF
:10AE5000C05801B417F009FD6F467760E0F74EFC6B
:10AE600001B018F07CFE00E0012002900A98C06F4B
:10AE700001B40B988823C05801B406BC02B404B4D2
:10AE800000F0DCFE02B00390019801B4049801B414
:10AE90007B2117F0F3FC01B001B40C98C06F01B432
:10AEA00017F048FD6F467760DBF7EEFE01B018F053
:10AEB00056FE01B4019800996F467760DCF798FB65
:10AEC00002B001B40198009918F0BCFD02B001B4C1
:10AED000019801B4009905206F467760DCF788FB84
:10AEE00001B001B40198009918F0ACFD02B00490D3
:10AEF000029801B4049801B47A2117F0BFFC01B0A4
:10AF000001B406BC02B404B4F4F71EFC02B001B4F0
:10AF1000019801B4009905206F467760DCF768FB63
:10AF200001B001B40198009918F08CFD02B00590B1
:10AF3000049801B4069801B417F036FD6F467760A7
:10AF4000E1F7DAFE02B00690069801B40B98902360
:10AF5000C05801B418F030FA6F467760E0F7D4FDBE
:10AF600002B0069801B40B988C23C05801B40C9819
:10AF70008C23C05801B4079801B40E988C23C05894
:10AF800001B405216F467760DCF732FB01B001B4F4
:10AF90000198009918F066FD02B001B4099801B457
:10AFA0000F988C23C05801B405216F467760DCF7F9
:10AFB0001FFB01B001B40198009918F053FD02B0D5
:10AFC00001B40F988023C05801B40027009801B441
:10AFD0000197029801B40397049801B40597069865
:10AFE00001B40797089801B409970A9801B40B9720
:10AFF00000F006FE0CB00A98A023C0586F46776098
:10B00000DCF76EFD00281BD00598029918F02AFD88
:10B0100001B405216F467760DCF716FB01B007909D
:10B020000A98A023C0580346012001B4089801B42F
:10B03000029801B4099801B408B400F035FD05B0D8
:10B04000059801B4049801B47A2117F017FC01B0F7
:10B0500001B40198009918F005FD02B001B4052172
:10B060006F467760DCF7F0FA01B00890069801B4FB
:10B070000B98C06F01B40398029918F0E3FC01B477
:10B080000B9801B40E988423C05801B40027002007
:10B0900001B4099801B4029801B40397049801B46B
:10B0A0000597069801B40797089801B409970A987C
:10B0B00001B40B9700F0B2F90CB00A989823C0586D
:10B0C000012118F06CFD15D0069801B40B9884236B
:10B0D000C05801B40C989823C05801B40D989C2313
:10B0E000C05801B41EBC02B404B408B410B400F0DB
:10B0F0000BF804B0069801B40B9801B4FAF76EFD92
:10B1000002B0002009B000BD00B5002001B401B4B8
:10B1100001B401B401B401B401B401B401B46F4687
:10B120007760DBF785FF00906F467760DBF780FF85
:10B13000019001200290029801B40B9801B417F01D
:10B1400094FB6F467760E0F7D5FA01B018F007FD81
:10B1500001B40198009918F00EFD02B000D11AE177
:10B1600001200390039801B40B9801B417F07DFB04
:10B170006F467760E0F7C2FA01B018F0F0FC01B456
:10B180000198009918F0F7FC02B000D1FDE0012011
:10B19000049004980C9918F016FD00D1EFE00120FE
:10B1A000059005980C9918F00EFD00D1E1E0049887
:10B1B000059918F047FC012118F041FD00D0D2E0BC
:10B1C0000A9801B4039801B4059801B417F02FFE52
:10B1D0006F467760E0F7CEFA03B018F0C0FC0B9929
:10B1E00018F02DFD00D0BEE00A9801B4039805992F
:10B1F00018F028FC01B40598079918F023FC01B455
:10B2000017F015FE6F467760E0F7B4FA03B018F058
:10B21000A6FC01B40C9801B4019800996F467760C0
:10B22000DCF74CFB02B001B46F467760DCF722FC20
:10B23000002802D0009801B021E00098009801B0E9
:10B240000A9801B40398059918F00CFC01B405980C
:10B25000079918F0F7FB01B417F0E9FD6F46776026
:10B26000E0F788FA03B018F07AFC01B40C9801B446
:10B27000019800996F467760DCF720FB02B001B4BB
:10B280006F467760DCF7F6FB002802D0009801B02B
:10B2900021E00098009801B00A9801B4039805993C
:10B2A00018F0D0FB01B40598079918F0DBFB01B446
:10B2B00017F0BDFD6F467760E0F75CFA03B018F059
:10B2C0004EFC01B40C9801B4019800996F46776068
:10B2D000DCF7F4FA02B001B46F467760DCF7CAFB22
:10B2E000002802D0009801B021E00098009801B039
:10B2F0000A9801B40398059918F0B4FB01B40598B5
:10B30000079918F0AFFB01B417F091FD6F46776015
:10B31000E0F730FA03B018F022FC01B40C9801B445
:10B32000019800996F467760DCF7C8FA02B06F4663
:10B330007760DCF7D5FB002815D0009801B403989E
:10B3400001B417F01DFB6F467760DBF781FE02B09A
:10B35000019801B4049801B417F012FB6F467760AE
:10B36000DBF776FE02B00598032118F06BFB059021
:10B3700017E70498032118F065FB049009E7039888
:10B38000032118F05FFB0390ECE60298032118F00C
:10B3900059FB0290CFE601200690069801B401986F
:10B3A00001B417F04FFA6F467760DBF74BFE01B040
:10B3B00018F0D5FB01B40198009918F0DCFB02B03D
:10B3C00028D0009801B4079801B40198009916F0AC
:10B3D000E2FF02B00790019801B4079801B4019808
:10B3E000009916F0D8FF02B008900A9801B40898A6
:10B3F00001B40A9801B4109801B417F011FF6F4618
:10B400007760E0F799F904B00698032118F01AFB69
:10B410000690C2E7002009B000BD000000B5002082
:10B4200001B401B401B401B401B401B401B401B474
:10B4300001B401B401B401B401B401B401B401B464
:10B4400001B401B401B401B401B401B401B401B454
:10B4500001B41C98012118F022FB1C901D980121B9
:10B4600018F01DFB1D901F986F467760DCF738FBC6
:10B470006F467760DBF7A4FC6F467760DBF7C2FDB1
:10B480006F467760DCF72CFB002805D01B9801B4D1
:10B49000F4F7A2FB01B01F901E986F467760DCF7AF
:10B4A0001FFB6F467760DBF78BFC6F467760DBF73F
:10B4B000A9FD6F467760DCF713FB002801D003205D
:10B4C0001E901C980090012001901F9801B401214A
:10B4D0000902293117F0D2F901B06F467760DCF725
:10B4E000FFFA002808D01F9801B401210902293170
:10B4F00017F0C4F901B000E0032002901F9801B4D6
:10B500007B2117F0BBF901B001B4039801B417F027
:10B510004BFA6F467760DBF787FD02B018F01FFB30
:10B5200003901F9801B47A2117F0A8F901B001B473
:10B53000039801B417F038FA6F467760DBF774FDB3
:10B5400002B018F00CFB049004980F2118F07AFA5E
:10B5500001B4072118F0E8FA01B00590059801B48C
:10B56000049801B4019800996F467760DCF740F8C1
:10B5700002B006900520069918F064FA07901F980B
:10B5800001B4962117F07AF901B00890089801B437
:10B5900017F045F96F467760DAF7F8FA01B018F05E
:10B5A000DEFA01B4089801B417F0FEF96F4677602F
:10B5B000DBF73AFD02B018F0D2FA032118F052FA84
:10B5C00009900298032118F026FB2ED0112006992D
:10B5D00018F038FA01B417F00CF96F467760DAF713
:10B5E000C5FB01B00A900A9801B40121872216F028
:10B5F000F8FE01B00A9801B40321012216F0F1FE11
:10B6000001B00A9801B4049801B417F0E2FE0521D4
:10B6100016F0E7FE02B00A9801B4059801B417F0DD
:10B62000D8FE092116F0DDFE02B0019801B41C9885
:10B6300001B417F07FF96F467760DBF725FB01B0A7
:10B6400018F08DFA01B40198009918F094FA02B03C
:10B6500000D10EE201200B9001200C90209801B443
:10B660006F467760DCF706FA002802D1009801B037
:10B6700017E00098009801B0019801B4219801B436
:10B6800017F0E0F86F467760DBF7DCFC01B018F0EC
:10B6900066FA01B4019800996F467760DCF79EFA6C
:10B6A00002B06F467760DCF71BFA002820D02098A4
:10B6B00001B4029801B40198009916F06CFE02B032
:10B6C00001B47921890017F0D9F801B00B902098C6
:10B6D00001B4029801B40198009916F05CFE02B022
:10B6E00001B401210902E93117F0C8F801B00C904A
:10B6F000019801B4032118F0A5F902901C9801B437
:10B70000019801B417F022FA6F467760DBF736FC38
:10B7100003B00D900D98152118F07DFA13D01D98E7
:10B7200001B4209801B47A2117F0A8F801B00521DE
:10B7300018F088F901B40198009918F083F902B063
:10B740001D9000981C900D98412118F014FA00D01B
:10B750006BE701200E9009980F90012010900D9832
:10B76000412118F07FF901B4089801B401980099BB
:10B770006F467760DBF73CFF02B01190089801B488
:10B78000129801B417F02FFE04216F467760DAF7A4
:10B7900045FC02B00D9918F03EFA02D011981090B5
:10B7A00050E00E980F9918F00EFA4BD00E9801B495
:10B7B00010980F9918F056F901B4032118F0B4F954
:10B7C00001B001B40198009918F03CF902B0129050
:10B7D000089801B4139801B4099801B4019800992C
:10B7E0006F467760DBF704FF02B001B417F0FBFD92
:10B7F00004216F467760DAF711FC02B013901398BA
:10B800000D9918F008FA0CD0129801B4089801B4F8
:10B81000019800996F467760DBF7EAFE02B010905E
:10B8200010E013980D9918F0A6F905D0129803218D
:10B8300018F008F90E9004E01298032118F012F99C
:10B840000F90AEE70298032118F0E5F942D00A986C
:10B8500001B4099801B41298052118F0F3F801B465
:10B86000099801B417F0CCFD6F467760DAF7A8F9B4
:10B8700003B001B417F0D9FD08216F467760DAF7FD
:10B8800055FA02B01A9801B40B9801B41E980D999C
:10B8900018F0D8F801B420980F9918F0D3F801B433
:10B8A0001EBC1E9801B402B404B408B410B400F075
:10B8B000E3F805B01C9801B4209801B47B2116F080
:10B8C000DDFF01B001B40198009918F0BBF802B097
:10B8D0001C90CDE01098052118F0B4F810900120CC
:10B8E00014901498039918F046F900D1C0E0012093
:10B8F000159003201690109801B4032118F0A2F8B7
:10B900001190099801B4019801B40198009916F0BA
:10B9100019FD03B017901598049918F02CF900D16F
:10B920009BE0169802210902013118F074F911D038
:10B93000109801B4032118F085F81190099801B40A
:10B94000019801B40198009916F0FCFC03B017901F
:10B9500003201690012018901798169918F092F865
:10B960006F467760DCF7BCF800280CD018980321EC
:10B9700018F068F81890169801B4032118F0AAF886
:10B9800001B01690E8E718986F467760DCF7A8F8E2
:10B99000002855D01A9801B41D9801B40D9801B42F
:10B9A000059801B4019800996F467760DBF720FE97
:10B9B00002B001B40198009918F044F802B001B443
:10B9C0001F9801B418980F9918F03CF801B4069824
:10B9D00001B4019800996F467760DBF709FE02B069
:10B9E00001B40198009918F02DF802B001B405983F
:10B9F00001B4069801B41D9801B4019800996F46EE
:10BA00007760DBF7F5FD02B001B40027239801B49D
:10BA1000019801B40297039801B40497059801B402
:10BA20000697079801B40897099801B40A9700F09F
:10BA3000E7F80BB01598189918F004F815900BE07A
:10BA4000169801B4032118F045F801B01690159826
:10BA5000032117F0F7FF15905DE71C98029917F086
:10BA6000F1FF1C901498032117F0ECFF149038E7B5
:10BA7000DBE5002019B000BD00B5019801B40398C2
:10BA800001B4069801B4069801B4FAF7C1FE02B0F9
:10BA900001B4089801B417F0D2FC6F467760E2F762
:10BAA00027FB04B0002000BD00B5002001B401B4A4
:10BAB00001B401B40998009005980190012002900A
:10BAC000029801B4069801B416F0CFFE6F46776075
:10BAD000DFF710FE01B018F042F801B401980099A8
:10BAE00018F049F802B000D187E0012003900398D4
:10BAF00001B4069801B416F0B8FE6F467760DFF720
:10BB0000FDFD01B018F02BF801B40198009918F070
:10BB100032F802B060D0059801B4039801B40598DA
:10BB200001B417F084F96F467760DFF723FE03B0A6
:10BB300018F015F8012118F096F83CD0069801B4D9
:10BB4000089801B4049801B4039801B401980099CD
:10BB500017F0EAFF02B001B40198009917F072FFE4
:10BB600002B001B40A9801B4069801B4049801B473
:10BB70000198009917F0D8FF02B001B4019800991C
:10BB800017F060FF02B001B4089801B4069801B440
:10BB9000089801B417F04BF96F467760DFF7EAFDBC
:10BBA00003B017F0DCFF01B417F03AFB6F46776083
:10BBB000DFF7C2FD04B0039801B4019801B4009905
:10BBC000032017F087FF01B001B40198009917F026
:10BBD00039FF02B003908AE7029801B4019801B4DA
:10BBE0000099032017F076FF01B001B40198009985
:10BBF00017F028FF02B0029062E7002004B000BDF9
:10BC000000B5019801B4049801B4049801B4FAF79E
:10BC1000FFFD02B001B4079801B4079801B4FAF728
:10BC2000F7FD02B001B4099801B417F0F9FA6F46B4
:10BC30007760DFF7ADFF04B0002000BD00B5002045
:10BC400001B401B401B401B401B401B4079801B462
:10BC5000F3F7C2FF01B00090009801B47A2116F00A
:10BC60000DFE01B001B419216F467760DBF726FEA7
:10BC700001B0019001986F467760DBF731FF002833
:10BC800010D06F467760DBF7D3F901B401B40298A6
:10BC900001B4019800996F467760DBF7D9F902B0DB
:10BCA00001BC1CE06F467760DBF7C2F901B401B458
:10BCB0004F2080003768385801B4019800996F46CA
:10BCC0007760DBF7C5F902B03768F86F01B4009907
:10BCD00001986F467760DBF7BBF901B001BC0290B9
:10BCE0000120C6496F467760DCF7F0FF01B4002100
:10BCF000099A6F467760DBF71DFA0098039801B444
:10BD000000F000F902B003900120BD496F46776052
:10BD1000DCF7DCFF01B40021049A6F467760DBF7A3
:10BD200009FAC72001B4019801B4069801B4F4F7E8
:10BD300013F904B00490029801B4059801B4019875
:10BD4000009916F028FB02B00590059801B40998F7
:10BD500001B4079801B47A2116F090FD01B001B446
:10BD6000019800996F467760DBF76EFC02B001B472
:10BD700006BC02B404B400F047F802B006B000BD3F
:10BD8000D4B00100000000008DBD0200012C06DAD5
:10BD900000B516F019FE00F002F801B000BD00B5C4
:10BDA000E86801B4029801B47A2116F067FD01B089
:10BDB00001B4019800996F467760DBF75BFC02B035
:10BDC00000BD0000D4B0010000000000D1BD0200A1
:10BDD000032C06DA00B516F0B9FF00F002F803B044
:10BDE00000BD00B5E86801B4029801B4019800995B
:10BDF00016F0D1FA02B0029917F0E5FE01D00198D1
:10BE000000E0039800BD000000B50298012117F082
:10BE100046FE02900298052117F0ADFE01D0019870
:10BE20006FE06F467760DBF7ADF901B401B40398BA
:10BE300001B47B2116F022FD01B001B4059801B4D4
:10BE4000019800996F467760DBF7D2FB02B001B42E
:10BE50000198009A7B216F467760DBF719FA02B0F0
:10BE6000029801B47A2116F009FD01B001B40498DA
:10BE700001B4019800996F467760DBF7B9FB02B017
:10BE8000024600987A216F467760DBF701FA029844
:10BE900001B4962116F0F2FC01B0024600989621FA
:10BEA0006F467760DBF7F4F9029801B401210902CB
:10BEB000293116F0E3FC01B06F467760DBF710FE26
:10BEC000002812D0039801B4039801B4012109029B
:10BED000293116F0D3FC01B001B4019800996F46E6
:10BEE0007760DBF785FB02B000E0039801B40198AE
:10BEF00001210902293104BC6F467760DBF7C8F9DC
:10BF000001BC00BD00B5002001B401B401B46F460E
:10BF10007760DBF78DF80090049801B416F092FC7E
:10BF20006F467760DBF78EF801B017F018FE0190CE
:10BF3000012002900298019917F01DFE24D000986C
:10BF400001B4069801B4069801B4059801B40198AB
:10BF5000009916F020FA02B001B406BC04B40498AB
:10BF600001B402B4029816F0B5FE03B001B416F0A5
:10BF700007FD6F467760DBF76BF802B0029803218C
:10BF800017F060FD0290D5E7009803B000BD0000F7
:10BF900000B5F6F7D1FD1B486F467760DCF7C4FEAD
:10BFA00001B4039801B4039801B4029801B400F0FD
:10BFB00003F803B001BC00BD7746009816F0FEFE02
:10BFC000BE4600B501980299816001980399C1604D
:10BFD000019801B4039801B4F3F7FEFD01B001B478
:10BFE00001980099416002B0002000BD00B50198A1
:10BFF00001B400F009F801B000BD000080BD0200EE
:10C00000C4BD0200EC5E040000B5002001B402983B
:10C0100001B416F08FFC6F467760E4F717F901B0B2
:10C02000009000986F467760DBF75AFD6F467760A7
:10C03000DAF7C6FE6F467760DAF7E4FF6F4677609F
:10C04000DBF74EFD002802D000200BE009E000984D
:10C0500001B416F0E4FB6F467760D9F707FE01B034
:10C0600000E0002001B000BD00B5002001B401B423
:10C0700001200090039801B416F05CFC6F467760D5
:10C08000DAF702FE01B017F06AFD032117F0EAFCAF
:10C090000190009801B4029801B4019800996F468C
:10C0A0007760DBF789FD02B001B46F467760DBF79C
:10C0B000E1FC002802D1009801B011E0009800983E
:10C0C00001B0039801B4019801B416F03FFD6F462A
:10C0D0007760DAF753FF02B001B4FEF7ABFC01B0B2
:10C0E0006F467760DBF7FCFC002805D00098032141
:10C0F00017F0A8FC0090CCE7019801B4019801B4B6
:10C10000019800996F467760DBF78AFD02B001B4B1
:10C110006F467760DBF7AEFC002802D1009801B0D3
:10C1200011E00098009801B0039801B4029801B49E
:10C1300016F00CFD6F467760DAF720FF02B001B40D
:10C14000FEF778FC01B06F467760DBF7C9FC00288A
:10C1500005D00198032117F085FC0190CCE70398E6
:10C1600001B4019801B40398032117F06BFC01B4EA
:10C170000EBC02B404B408B4F4F7DCFA03B002B0A5
:10C1800000BD000000B517200001376838586F4621
:10C190007760DBF7A5FC6F467760DAF711FE6F4634
:10C1A0007760DAF72FFF6F467760DBF799FC00289E
:10C1B00007D06F467760DAF73BFF17210901376830
:10C1C00078506F467760DAF7DDFF01B481214900CE
:10C1D000029A6F467760DBF75BF80098C021039AFC
:10C1E0006F467760DBF754F817200001376838583E
:10C1F00001B4019801B416F0C3FB6F467760DAF71B
:10C2000027FF03B0002000BD00B55D208000376827
:10C210003858002117F013FD04D003205D21890058
:10C22000376878505D2080003768385801B40321A2
:10C2300017F008FC5D2189003768785001BC00BD0B
:10C2400000B5002001B400F009F801B02F20C000B3
:10C250003768385816F09AFB406800BD00B52F20AB
:10C26000C000376838586F467760DBF739FC6F4697
:10C270007760DAF7A5FD6F467760DAF7C3FE01B4A1
:10C280006F467760DBF7F6FB002802D0009801B01C
:10C2900003E00098009801B001986F467760DBF7E3
:10C2A0001FFC002818D0D0486F467760DCF73CFDB3
:10C2B00001B403F01FFB03462F20C0003768385835
:10C2C00001B408B4029801B403F02CFC03B001BC23
:10C2D0002F21C900376878502F20C00037683858A0
:10C2E00001B400F00CF801B0002000BD012C0BDA05
:10C2F00000B516F069FB00F007F801B000BD774605
:10C30000009816F043FBBE4600B5019800696F46E1
:10C310007760DBF7E5FB002800D0B4E003F0DAFA41
:10C32000019801B46F467760DAF782FE01B4019894
:10C330000099016102B00198012141610120AB49DE
:10C340006F467760DCF7C2FC01B40021029A6F46A9
:10C350007760DAF7EFFE02984068034600981120F4
:10C3600001B408B402F0C9FD03B001984068034667
:10C370009F4801B41B2001B408B402F0BEFD03B015
:10C3800001209C496F467760DCF7A0FC01B40021D6
:10C39000029A6F467760DAF7CDFE0298406803464E
:10C3A00000981F2001B408B402F0A7FD03B00120DB
:10C3B00091496F467760DCF789FC01B40021029A4D
:10C3C0006F467760DAF7B6FE029840680346009839
:10C3D0006F2001B408B402F090FD03B0012087493A
:10C3E0006F467760DCF772FC01B40021029A6F4659
:10C3F0007760DAF79FFE0298406803460098B52000
:10C4000001B408B402F079FD03B001207C496F4605
:10C410007760DCF75BFC01B40021029A6F4677601D
:10C42000DAF788FE0298406803460098012000026F
:10C430002D3001B408B402F060FD03B001984068EB
:10C440000346704801B401200002913001B408B4E1
:10C4500002F053FD03B000F06FFA00F06DF9012017
:10C4600069496F467760DCF731FC01B40021029A1C
:10C470006F467760DAF75EFE00983768B86C01B4F3
:10C48000F3F7E0FF02B0002000BD0000D4B00100CF
:10C490000000000099C4020000B5E86801B401B4CE
:10C4A0000198C06D01B4E868406816F0B8FDC06935
:10C4B00001B40198009917F0C5FA02B0002701975E
:10C4C00001B401980099C16503B0E8684068C0698B
:10C4D00001B407210902D1316F467760DBF7B4F868
:10C4E00001B001B402F08EFB01B0002000BD0000DD
:10C4F000D4B0010000000000FDC4020000B5E868EF
:10C50000C06901B4E8684068C06901B40721090244
:10C51000D1316F467760DBF797F801B001B406BC04
:10C5200002B404B4342116F096FD02B0002000BD20
:10C53000D4B00100000000003DC5020000B500209D
:10C5400001B401B401B401B4E8684068C06901B441
:10C5500007210902D1316F467760DBF775F801B02A
:10C560000090E868006A01B401F06DFB01B00020A2
:10C570000190E8680069029001200390039801B4DB
:10C5800003986F467760DAF75DFD17F0E8FA01B4BB
:10C59000019800996F467760DBF7FAFA02B000283D
:10C5A00034D0029801B4049817F0CFFA01B401987E
:10C5B00000996F467760DAF755FD02B00190019857
:10C5C00001B4E868006A01B406BC009801B402B482
:10C5D00004B4042116F05CFC03B00398032117F0A7
:10C5E00031FA0390CAE70000546404008CC40200CE
:10C5F000C0E20200F0C4020030C5020018C602000A
:10C6000034C60200EC54030004C70200002002906C
:10C61000002004B000BD0000D4B001000000000004
:10C6200025C6020000B5E86801B400F0ADFD01B018
:10C63000002000BDD4B001000000000041C602008F
:10C6400000B55F2080003768385801B46F467760C6
:10C65000DBF710FA002802D1009801B006E000983C
:10C66000009801B00320C001376838586F467760E2
:10C67000DBF736FA00282ED00320C001376838587F
:10C6800001B4612080003768385801B4E868006957
:10C6900001B416F0D7F86F467760DAF7D3FC01B033
:10C6A00017F05DFA01B416F05DF9BD486F4677608A
:10C6B000DAF720FA01B001B416F06EFA6F4677602F
:10C6C000DAF718FA02B001B406BC04B402B4019857
:10C6D00016F0CFFE02B03120C000376838586F46E0
:10C6E0007760DBF7FDF9002806D0E868C06901B47F
:10C6F000302116F0B0FC01B000F02EFA00F05AF92B
:10C70000002000BDD4B001000000000011C70200ED
:10C71000012C06DA00B516F057F900F002F801B066
:10C7200000BD00B5019801B4E86801B4019816F0A5
:10C73000A0FE02B0002000BD00B5002001B403201F
:10C7400000900098092117F03EFA0AD0009801B431
:10C7500000F00AF801B00098032117F073F9009077
:10C76000EFE7002001B000BD00B501208D496F4604
:10C770007760DCF7ABFA01B40021029A6F4677606C
:10C78000DAF7D8FC212001B4019801B4049801B46F
:10C7900019200002533001B4F7F736F805B0012034
:10C7A00081496F467760DCF791FA01B40021029A63
:10C7B0006F467760DAF7BEFC212001B4019801B41E
:10C7C000049801B419200002553001B4F7F71CF8A1
:10C7D00005B0002000BD0000D4B001000000000042
:10C7E000E5C7020000B5422001B4E86801B400F0DA
:10C7F00013F802B0002000BDD4B00100000000001A
:10C8000005C8020000B50A2001B4E86801B400F0D0
:10C8100003F802B0002000BD00B5002001B402986A
:10C8200001B4014603206F467760DBF7EBF8002880
:10C8300001D001B01FE0052000996F467760DBF75B
:10C84000E1F8002801D001B01BE0072000996F46F5
:10C850007760DBF7D7F8002801D001B017E0092096
:10C8600000996F467760DBF7CDF8002801D001B062
:10C8700013E001BC16E06320800037683858009050
:10C8800010E0192000013768385800900AE0652050
:10C89000800037683858009004E03320C0003768C3
:10C8A0003858009000986F467760DBF719F9002838
:10C8B00006D0039801B4019801B400F00EF802B05C
:10C8C000002001B000BD0000022C0BDA00B516F00C
:10C8D00034F900F007F802B000BD7746009816F072
:10C8E0001AFDBE4600B5029801B40298406901B431
:10C8F0000198009917F0B7F902B01AD0019802997F
:10C900004161019840696F467760DBF7E9F80028DC
:10C9100001D0032000E0052001B40298006901B4B1
:10C92000019801B416F040F86F467760DCF72AFFF3
:10C9300003B0002000BD000000B56F467760DDF752
:10C94000FDFE1A4917F07BF90CD0FFF779FC03467E
:10C95000174801B401200002A53001B408B402F068
:10C96000CCFA03B0002000BDD4B0010000000000EC
:10C9700075C9020000B56F467760DDF7DFFE0B4931
:10C9800017F05DF90AD084203768385801B415F0E3
:10C990006CFF6F467760DDF7C9FE01B0002000BD77
:10C9A0005CB40400D8C70200F8C70200A8B50400B0
:10C9B00068C9020000B5002001B401B400F07CF8A1
:10C9C000672080003768385801B46F467760DBF71E
:10C9D00051F8002802D0009801B003E000980098B8
:10C9E00001B0012000900D2040013768385801B493
:10C9F0006F467760DBF73EF8002802D0009801B060
:10CA000003E00098009801B001200190019801B462
:10CA100001216F467760DBF703F901B001B46F467F
:10CA20007760DBF727F8002802D1009801B015E005
:10CA30000098009801B06F467760D9F7FFFA17F0B9
:10CA40008EF8009917F00EF801B4029801B401981D
:10CA500000996F467760DBF7E3F802B001B46F46E8
:10CA60007760DBF707F8002802D1009801B016E0E4
:10CA70000098009801B06F467760DDF77FFC6F4645
:10CA80007760DAF7BFFA6F467760DBF729F86F4611
:10CA90007760DAF795F96F467760DAF7B3FA6F46A1
:10CAA0007760DBF71DF8002803D06F467760DDF76D
:10CAB00099FB002002B000BD00B50D204001376891
:10CAC0003858002117F0E3F800D043E0D4200121CA
:10CAD00049426F467760DAF7E1FA17F040F801B49F
:10CAE00007210902D1316F467760DAF781FD01B085
:10CAF0000D214901376878500D20400137683858BA
:10CB000001B401216F467760DBF78AF801B001B408
:10CB10006F467760DAF7AEFF002802D1009801B0C7
:10CB20000DE00098009801B00D204001376838589A
:10CB300001B4B3496F467760DBF750F801B06F4638
:10CB40007760DAF7CDFF002804D0AD480D21490108
:10CB500037687850002000BD00B5002001B401B452
:10CB600001B401B401B401B401B401B401B4692049
:10CB70008000376838586F467760DAF7B1FF6F4644
:10CB80007760DAF71DF96F467760DAF73BFA01B4A0
:10CB90006F467760DAF76EFF002802D0009801B088
:10CBA00004E00098009801B000F0B0FA6F4677609A
:10CBB000DAF796FF002800D064E13768B86F01B457
:10CBC0007A2115F05BFE01B0052116F03BFF0090C5
:10CBD0005F208000376838586F467760DAF780FF4B
:10CBE000002801D0009800E0012001B4052002BC1B
:10CBF00016F028FF019001200290029801B46920EC
:10CC000080003768385801B415F01CFE6F46776015
:10CC1000DAF718FA01B016F0A2FF01B401980099F2
:10CC200016F0A9FF02B000D12CE16920800037681E
:10CC3000385801B4039801B40198009915F0ABFB82
:10CC400002B001B415F076FE6E4900226F4677609F
:10CC5000DAF74EF801B016F082FF012116F0C7FF97
:10CC600000D1D1E0692080003768385801B40398BA
:10CC700001B40198009915F08EFB02B00346002024
:10CC800001B4604801B408B400F000F903B00390A7
:10CC90000120049000200590039806900120079041
:10CCA000079801B407986F467760DAF7CBF916F06A
:10CCB00056FF01B4019800996F467760DAF768FF74
:10CCC00002B0002800D198E0069801B4089816F048
:10CCD0003CFF01B4019800996F467760DAF7C2F91A
:10CCE00002B005903520C0003768385801B4059867
:10CCF00001B4079801B415F01DFE6F467760D9F7AF
:10CD0000C3FF01B016F02BFF01B40198009916F093
:10CD100099FE02B001B43520C0003768385801B41C
:10CD2000019800996F467760DAF7A4FC02B001B46D
:10CD30000198009916F096FE02B00890842037689A
:10CD4000385801B4069801B4069801B43768B86F32
:10CD500001B47B2115F092FD01B001B40198009956
:10CD60006F467760DAF744FC02B00146092016F0FE
:10CD700069FE01B4049801B4069801B4059801B4A1
:10CD8000019800996F467760DAF732FC02B001B47F
:10CD90000198009916F056FE02B001B41EBC0020A6
:10CDA00001B43768B86F01B46B2080003768385819
:10CDB00001B402B404B408B410B4FEF72FFB07B0FA
:10CDC000049801B4069801B415F0B4FD6F4677607D
:10CDD000D9F75AFF01B016F0C2FE099916F032FEDB
:10CDE00001B40198009916F02DFE02B00490079846
:10CDF000032116F027FE079052E7002006903BE043
:10CE0000C1270900A4B1040084203768385801B450
:10CE1000692080003768385801B4049801B401983B
:10CE2000009915F0B8FA02B001B4039801B405985E
:10CE300001B4049801B4019800996F467760DAF75D
:10CE4000D7FB02B001B40198009916F0FBFD02B0C7
:10CE500001B40EBC002001B43768B86F01B46B2078
:10CE600080003768385801B402B4092001B404B412
:10CE700008B4FEF7D3FA07B00298032116F0E2FDDA
:10CE80000290BAE6002009B000BD000000B5002005
:10CE900001B401B401B401B401B401B401B401B4EA
:10CEA00001B46F467760DAF7C3F800900120019073
:10CEB0000C98002116F0C3FE05D0BC48032116F0E3
:10CEC000D1FD01900CE00C98012116F054FE02D027
:10CED0000120019004E00C98012116F0E0FD019082
:10CEE0000A9801B415F026FD6F467760D9F7CCFE9D
:10CEF00001B016F034FE0290012003900B980490CC
:10CF00000198012116F087FE01D000989BE00B9854
:10CF1000002116F094FE0BD0009801B40B9801B4D8
:10CF20000198009A012115F081FA02B000988AE078
:10CF30000298012116F06FFE1DD0049801B4012063
:10CF400001B40C9801B400F081F803B00590059885
:10CF50000121494216F023FE01D0009873E00098A9
:10CF600001B40B9801B40198009A012115F05EFA02
:10CF700002B0009867E0039807900798029916F0AE
:10CF800072FE4AD0049801B4089801B40C9801B418
:10CF900000F05CF803B008900898012116F0EBFD52
:10CFA00005D00798032116F04DFD079034E008984E
:10CFB000039916F030FE05D00798032116F042FDC4
:10CFC000079029E0079801B4049801B40C9801B4C3
:10CFD000F3F7B0FB03B00690009801B4079801B4D2
:10CFE00015F0CEFC6F467760DAF732F802B00098A1
:10CFF00001B415F027FC6F467760DAF723F801B02B
:10D0000016F0ADFD019916F006FE01D000981AE069
:10D010000898039003980790AFE7079801B4049825
:10D0200001B40C9801B4F3F785FB03B006900098A7
:10D0300001B4079801B415F0A3FC6F467760DAF7E6
:10D0400007F802B0009809B000BD000000B500204C
:10D0500001B401B401B4069801B415F06BFC6F463D
:10D060007760D9F711FE01B016F079FD00900498B1
:10D0700001B415F05FFC6F467760D9F705FE01B08B
:10D0800016F06DFD01900598009916F0DBFC0199F2
:10D0900016F085FD02D00120404234E001200290CC
:10D0A0000298009916F067FD29D0049801B40698FB
:10D0B000039916F0C7FC01B415F048FD6F46776080
:10D0C000D9F762FF02B001B4079801B4049801B423
:10D0D00015F03CFD6F467760D9F756FF02B001B4FA
:10D0E0000198009916F0BFFD02B002D00120404225
:10D0F00009E00298032116F0A5FC0290D0E70598FC
:10D10000009916F09FFC03B000BD000000B51B2085
:10D110000001376838586F467760DAF7E1FC6F46F0
:10D120007760D9F74DFE6F467760D9F76BFF6F4692
:10D130007760DAF7D5FC6F467760D9F741FE6F4626
:10D140007760D9F75FFF00BD012C0BDA00B515F051
:10D150003BFC00F007F801B000BD7746009815F0E1
:10D160009FFFBE4600B5002000BD0000012C0BDA79
:10D1700000B515F029FC00F007F801B000BD7746B6
:10D18000009815F003FCBE4600B5002001B401B4C0
:10D1900001B40498406A092116F074FC6F46776068
:10D1A000DAF79EFC002803D0A2E001E00100004075
:10D1B000049801B401B40198406A092116F06FFC8B
:10D1C00001B401980099416203B00498406A0521B6
:10D1D00016F058FC01B46F467760DAF74BFC002874
:10D1E00002D1009801B004E00098009801B00498C2
:10D1F000406E6F467760DAF773FC002806D004981B
:10D20000406E01B4FFF7BBFF01B005E004988068F1
:10D2100001B400F088FA01B00498406A032116F0C6
:10D2200031FC6F467760DAF75BFC002816D0049873
:10D2300000690346BB4801B408B400F0A5F802B089
:10D24000049801B401B40198406A0321494216F0E0
:10D2500019FC01B401980099416203B000200090CC
:10D2600004980069019001200290029801B402988C
:10D270006F467760D9F7E6FE16F071FC01B40198AD
:10D2800000996F467760DAF783FC02B000281FD060
:10D29000019801B4039816F058FC01B40198009964
:10D2A0006F467760D9F7DEFE02B00090009801B4B7
:10D2B0000598006A01B406BC02B404B4012115F05B
:10D2C00018FF02B00298032116F0BCFB0290CCE7D5
:10D2D00000200190049801B401B40198406A09212A
:10D2E000494216F0CFFB01B401980099416203B0A6
:10D2F000002003B000BD0000D4B001000000000019
:10D3000005D30200022C06DA00B515F016FC00F079
:10D3100002F802B000BD00B5019801B40121090274
:10D32000ED3115F0ABFA01B001B4039801B401215D
:10D330000902ED3115F0A2FA01B001B4019800998B
:10D3400016F090FB02B001B46F467760DAF792FBFB
:10D35000002802D0009801B015E00098009801B0B4
:10D36000019801B4E92115F089FA01B001B40398DC
:10D3700001B4E92115F082FA01B001B401980099D5
:10D3800016F070FB02B000BD00B502986F467760E2
:10D39000DAF7A6FB6F467760D9F712FD6F46776024
:10D3A000D9F730FE01B46F467760DAF763FB0028E7
:10D3B00002D1009801B014E00098009801B00198E3
:10D3C00001B415F03FFA6F467760D9F73BFE01B024
:10D3D00016F0C5FB01B403216F467760DAF720FC35
:10D3E00001B06F467760DAF77BFB002801D04E482A
:10D3F0000290029801B4029801B400F0C3F802B0A0
:10D4000000BD0000D4B001000000000011D40200F3
:10D41000022C06DA00B515F090FB00F002F802B01D
:10D4200000BD00B5002001B401B401B401B40598F9
:10D4300001B400216F467760DAF740FA01B000903E
:10D44000069801B400216F467760DAF737FA01B029
:10D450000190009801B46F467760DAF70BFB002863
:10D4600002D1009801B003E00098009801B0019843
:10D470006F467760DAF734FB002802D001207FE0A6
:10D4800013E000986F467760DAF72AFB002802D095
:10D49000032075E009E001986F467760DAF720FB1A
:10D4A000002802D0012040426AE0059801B406211C
:10D4B0006F467760DAF702FA01B00290069801B47D
:10D4C00006216F467760DAF7F9F901B00390029808
:10D4D00001B46F467760DAF7CDFA002802D10098E0
:10D4E00001B003E00098009801B003986F467760A0
:10D4F000DAF7F6FA002802D0012041E019E002989C
:10D500006F467760DAF7ECFA002802D0032037E0A4
:10D510000FE003986F467760DAF7E2FA002805D14A
:10D5200007E00000F8D2020004D4020001204042CB
:10D5300026E0059801B46F467760D9F79BFA01B4ED
:10D5400015F017FA6F467760D9F7D4FA02B001B434
:10D55000079801B46F467760D9F78CFA01B415F0DB
:10D5600008FA6F467760D9F7C5FA02B001B415F032
:10D5700013FB6F467760D9F757FB02B016F0EFFA4E
:10D5800004B000BD00B5002001B401B401B404989A
:10D5900001B415F057F96F467760D9F753FD01B024
:10D5A00016F0DDFA01B401216F467760DAF704FB6B
:10D5B00001B001B46F467760DAF75CFA002802D058
:10D5C000009801B00FE00098009801B005986F46F0
:10D5D0007760DAF785FA6F467760D9F7F1FB6F4627
:10D5E0007760D9F70FFD6F467760DAF779FA002890
:10D5F00001D004985CE0049801B415F023F96F465B
:10D600007760D9F71FFD01B016F0A9FA009001204C
:10D610000190019801B40198032116F023FA01B496
:10D620000198009916F0A7FA02B040D001980321A2
:10D6300016F008FA02900298009916F09CFA30D081
:10D64000059801B4059801B4039801B401980099B4
:10D6500014F0A1FE02B001B4069801B4059801B41B
:10D660000198009914F097FE02B001B40EBC08B402
:10D6700002B404B4029815F02DFB03B0012116F09A
:10D680008EFA08D0029801B4029801B4069801B449
:10D6900000F010F803B00298032116F0D3F90290BD
:10D6A000C9E70198032116F0CDF90190B1E704987C
:10D6B00003B000BD00B5002001B4029801B4049885
:10D6C00001B40198009914F066FE02B0009002982F
:10D6D00001B4049801B4049801B4079801B4019806
:10D6E000009914F058FE02B001B402980199009A12
:10D6F00014F09CFE03B0029801B4059801B402989E
:10D7000001B402980199009A14F090FE03B0002031
:10D7100001B000BD012C0BDA00B515F055F900F091
:10D7200007F801B000BD7746009815F0C0FDBE4671
:10D7300000B584203768385801B40298406801B4B5
:10D7400015F03AFE6F467760DEF7DEF902B0019819
:10D7500080686F467760DAF7C3F900280FD084201D
:10D760003768385801B40298806801B415F0A3FEF8
:10D77000002200236F467760E0F75EFA02B001985E
:10D7800000696F467760DAF7ABF9002814D0012002
:10D79000CA496F467760DBF799FA01B40021029A13
:10D7A0006F467760D9F7C6FC029800690346009877
:10D7B00008B4F2F747FE02B0002000BDD4B001006B
:10D7C00000000000C9D70200012C06DA00B515F0F0
:10D7D000FBF800F002F801B000BD00B5002001B474
:10D7E00001B4E868C06815F070FEC06801B4049820
:10D7F00015F079FE40680146032016F023F901B4C4
:10D80000019800996F467760D9F71EFF02B001B406
:10D810006F467760DAF702F801B00090E868C068F8
:10D8200015F053FE006901B4049815F05CFE4068E1
:10D830000146032016F006F901B4019800996F46DD
:10D840007760D9F701FF02B001B46F467760D9F76E
:10D85000E5FF01B00190019801B4019801B4059869
:10D8600001B400F00EF803B0002002B000BD0000CB
:10D87000032C0BDA00B515F069FA00F007F803B0D5
:10D8800000BD7746009815F02EFEBE4600B500207C
:10D8900001B401B401B401B401B401B401B401B4E0
:10D8A00001B401B401B401B401B48420376838581C
:10D8B00001B414F0DAFF6F467760DDF71BFF01B0AB
:10D8C00016F04DF9009084203768385801B414F0F0
:10D8D000CCFF6F467760DDF711FF01B016F03FF91E
:10D8E00001900E98806801B414F0BFFF6F46776016
:10D8F000DDF700FF01B016F032F902900E98806853
:10D9000001B414F0B2FF6F467760DDF7F7FE01B0A7
:10D9100016F025F9039002986F467760DAF7E0F881
:10D920006F467760D9F74CFA6F467760D9F76AFB94
:10D9300001B46F467760DAF79DF8002802D00098AE
:10D9400001B00FE00098009801B003986F4677602F
:10D95000DAF7C6F86F467760D9F732FA6F46776024
:10D96000D9F750FB6F467760DAF7BAF8002800D095
:10D970005CE101200F9916F075F8049001201099D0
:10D9800016F070F805900E98406901B40146052024
:10D990006F467760DAF736F8002801D001B00BE067
:10D9A0000B2000996F467760DAF72CF8002801D039
:10D9B00001B00FE001BC1FE0049801B40198039985
:10D9C00016F040F801B40198009916F04BF802B037
:10D9D000049011E0049801B40198039916F032F80C
:10D9E00001B4032116F0A0F801B001B40198009928
:10D9F00016F038F802B004900E98806901B4014620
:10DA000009206F467760D9F7FDFF002801D001B0EB
:10DA10000BE00B2000996F467760D9F7F3FF0028E1
:10DA200001D001B00FE001BC1FE0059801B40298DD
:10DA3000049916F007F801B40198009916F012F84D
:10DA400002B0059011E0059801B40298049915F010
:10DA5000F9FF01B4032116F067F801B001B4019891
:10DA6000009915F0FFFF02B00590049801B40198E9
:10DA700001B4019800996F467760D9F7FBFD02B0B9
:10DA800004900498012116F076F804D004980099C7
:10DA900015F0D8FF0490059801B4029801B40198DC
:10DAA00000996F467760D9F7E5FD02B005900598BB
:10DAB000012116F060F803D107E00000BCD7020096
:10DAC0000598019915F0BEFF0590049801B46F46C2
:10DAD0007760D9F785FE01B00490059801B46F46D0
:10DAE0007760D9F77DFE01B00590012006900120F6
:10DAF00007900698019916F03EF800D196E0069836
:10DB000001B4049801B4019800996F467760D9F781
:10DB1000B1FD02B007900398079915F0A3FF01B477
:10DB20000298069915F09EFF01B406BC02B404B435
:10DB3000F1F784FC02B008900120099004980A9043
:10DB40000998009916F017F84FD0099801B4039876
:10DB500001B4019800996F467760D9F78BFD02B048
:10DB60000B9002980B9915F07DFF01B401980B9969
:10DB700015F078FF01B406BC02B404B4F1F75EFC02
:10DB800002B00C9084203768385801B40F98806830
:10DB900001B40C9801B4089801B415F096FB6F46D7
:10DBA0007760E0F767F804B00A980C9915F04AFF1F
:10DBB00001B4019801B4019800996F467760D9F7D4
:10DBC00059FD02B00A900E98C0686F467760D9F789
:10DBD00087FF002801D00C9800E0009801B40A9853
:10DBE00002BC15F02FFF0990AAE70598089915F0D7
:10DBF00029FF01B4029801B4019800996F4677603B
:10DC0000D9F738FD02B005900E9800696F4677602D
:10DC1000D9F766FF002801D0089800E0019801B408
:10DC2000079802BC15F00EFF069062E700200DB0C9
:10DC300000BD0000012C0BDA00B514F0C5FE00F0A9
:10DC400007F801B000BD7746009815F03EFCBE46CF
:10DC500000B5002001B401B401B401B401B401B4B1
:10DC6000079840696F467760D9F73AFF002869D076
:10DC7000079801B40898406901B4F9F714F801B0A5
:10DC800001B401980099816102B0079801B4089825
:10DC9000406901B4F9F749F801B001B4019800995D
:10DCA000C16102B0079801B40898406901B4F8F75F
:10DCB000FAFF01B001B484203768385801B414F079
:10DCC000D4FD6F467760DDF715FD01B015F047FF15
:10DCD00001B4032115F028FF01B001B401980099A7
:10DCE00015F0C0FE02B001B406BC02B404B400F0EA
:10DCF00002FA02B0079801B40898406901B4F9F734
:10DD000014F801B001B484203768385801B414F015
:10DD1000ACFD6F467760DDF7F1FC01B015F01FFF39
:10DD200001B4032115F000FF01B001B4019800997E
:10DD300015F098FE02B001B406BC02B404B400F0C1
:10DD4000B9F802B0079801B40898406801B4019886
:10DD50000099C16002B0079801B40898806801B4C6
:10DD600001980099016102B00798006A002115F03E
:10DD70008EFF00D18CE06F467760D8F75FF915F021
:10DD8000EEFE01B40898006A01B40198009915F0FC
:10DD900069FE02B00090009801B40898406A01B48E
:10DDA0000198009915F023FF02B003D007980021D5
:10DDB00001626DE0009801B40898406A01B40198CE
:10DDC00000996F467760D9F73FFC02B001900320BD
:10DDD00002900198C44915F00AFF0AD00320019966
:10DDE00015F040FE01B4012001B4F1F7ADFC02B022
:10DDF00002900798806A01B4039801B401980099D1
:10DE00006F467760D9F7F4FB02B003906F467760F6
:10DE1000D9F7FEF801B4049801B4019800996F464F
:10DE20007760D9F7E5FB02B001B4012115F07CFE63
:10DE300001B004906F467760D9F7EAF801B404980E
:10DE400001B4019800996F467760D9F7D1FB02B011
:10DE500001B4012115F068FE01B00590079801B4E6
:10DE600001B40198C068069915F0ECFD01B4019861
:10DE70000099C16003B0079801B401B4019800692A
:10DE8000079915F0DFFD01B401980099016103B015
:10DE9000002006B000BD0000022C0BDA00B514F023
:10DEA0004CFE00F007F802B000BD7746009815F070
:10DEB0000CFBBE4600B5002001B407F01BFA009031
:10DEC000009814F063FDC06801B46F467760D9F71D
:10DED000D1FD002802D1009801B00AE00098009816
:10DEE00001B0009814F052FDC06801B400F0BFF812
:10DEF00001B06F467760D9F7F3FD002818D002987B
:10DF000001B4019814F042FDC0680346049801B4BE
:10DF100008B400F028F802B001B46F467760D9F772
:10DF20005FFC01B001B401980099816002B00DE07E
:10DF3000029801B4049801B46F467760D9F750FC99
:10DF400001B001B401980099816002B0002001B0D5
:10DF500000BD0000022C0BDA00B514F0EEFD00F05D
:10DF600007F802B000BD7746009815F0CAFABE4621
:10DF700000B5019801B400F035F801B001B4842077
:10DF80003768385801B414F070FC6F467760DDF7DD
:10DF9000B5FB01B015F0E3FD01B40198009915F04F
:10DFA00061FD02B00346012001B408B4F1F7CCFBD7
:10DFB00002B00346029801B408B4012001B4F8F796
:10DFC00055FC03B000BD0000012C0BDA00B514F0C5
:10DFD000FBFC00F007F801B000BD7746009815F093
:10DFE00090FABE4600B50198C0686F467760D9F7D1
:10DFF00077FD00280CD00198C068C06901B4029870
:10E00000406801B40198009915F064FD02B000E089
:10E01000012000BD012C0BDA00B514F0D5FC00F096
:10E0200007F801B000BD7746009815F06AFABE46C1
:10E0300000B50198406800BD012C0BDA00B514F062
:10E04000C3FC00F007F801B000BD7746009815F05A
:10E0500066FABE4600B50198C06900BD012C0BDA16
:10E0600000B514F0B1FC00F007F801B000BD774630
:10E07000009815F046FABE4600B50198C0686F4694
:10E080007760D9F72DFD6F467760D8F799FE6F4618
:10E090007760D8F7B7FF6F467760D9F721FD6F46F5
:10E0A0007760D8F78DFE6F467760D8F7ABFF00BD7D
:10E0B000012C0BDA00B514F087FC00F007F801B072
:10E0C00000BD7746009815F000FABE4600B50198ED
:10E0D000806800BD022C0EDA00B514F02EFD00F0B1
:10E0E0000AF802B000BD000024BB04007746009887
:10E0F00015F0EBF9BE4600B5002001B407F0FAF8C0
:10E100000090009814F042FCC06801B46F4677603C
:10E11000D9F7B0FC002802D1009801B00AE00098BD
:10E12000009801B0009814F031FCC06801B4FFF70A
:10E130009EFF01B06F467760D9F7D2FC002818D057
:10E14000029801B4019814F021FCC06803460498B9
:10E1500001B408B400F027F802B001B46F4677604C
:10E16000D9F73EFB01B001B401980099416002B0BB
:10E170000DE0029801B4049801B46F467760D9F7B6
:10E180002FFB01B001B401980099416002B000205A
:10E1900001B000BD022C0BDA00B514F0CEFC00F08B
:10E1A00007F802B000BD7746009815F0AAF9BE4600
:10E1B00000B5019801B400F035F801B001B4842035
:10E1C0003768385801B414F050FB6F467760DDF7BC
:10E1D00091FA01B015F0C3FC01B40198009915F053
:10E1E00041FC02B00346012001B408B4F1F7ACFAD7
:10E1F00002B00346029801B408B4012001B4F8F754
:10E2000035FB03B000BD0000012C0BDA00B514F0A3
:10E21000DBFB00F007F801B000BD7746009815F071
:10E2200070F9BE4600B50198C0686F467760D9F7AF
:10E2300057FC00280CD00198C068806901B402988E
:10E24000406801B40198009915F044FC02B000E068
:10E25000012000BD012C0BDA00B514F0B5FB00F075
:10E2600007F801B000BD7746009815F058F9BE4692
:10E2700000B50198806900BD012C0BDA00B514F0DF
:10E28000A3FB00F007F801B000BD7746009815F039
:10E290001CF9BE4600B50198406800BD022C0BDA9F
:10E2A00000B514F04AFC00F007F802B000BD774654
:10E2B000009814F0F5FEBE4600B5002000BD000039
:10E2C000D4B0010000000000CDE2020000B500F073
:10E2D00047FC0346CF4801B408B4F2F7B3F802B0E4
:10E2E000002000BDD4B0010000000000F1E20200F7
:10E2F000012C06DA00B514F067FB00F002F801B05B
:10E3000000BD00B5019801B400F00DF801B0002087
:10E3100000BD0000012C0BDA00B514F055FB00F035
:10E3200007F801B000BD7746009814F0F4FFBE4630
:10E3300000B5002001B401B401B401B401B401B4CA
:10E3400001B4089801B4FAF74DFC01B06F4677604C
:10E35000D9F7C6FB6F467760D8F732FD6F46776016
:10E36000D8F750FE6F467760D9F7BAFB002800D087
:10E37000F0E16F467760D8F7D3FE009000980A214D
:10E380006F467760D8F7CAFE6F467760D8F7C8FE49
:10E390000190019801216F467760D8F7BFFE6F4664
:10E3A0007760D8F7BDFE0290029801216F46776032
:10E3B000D8F7B4FE0898C0686F467760D9F790FB2D
:10E3C000002850D0019801B4099801B400F082FBF4
:10E3D00001B001B400F091FB01B001B40A9801B49E
:10E3E00000F060FB01B001B400F087FB01B001B4A4
:10E3F0000198009915F036FB02B001B4032115F025
:10E4000093FB01B001B4019800996F467760D8F78B
:10E4100085FE02B0029801B4099801B400F02AFB0D
:10E4200001B001B400F069FB01B001B40A9801B475
:10E4300000F0EAFA01B001B400F05FFB01B001B4F2
:10E440000198009915F00EFB02B001B4032115F0FC
:10E450006BFB01B001B4019800996F467760D8F763
:10E460005DFE02B079E0089801B400F033FB01B022
:10E4700001B4242114F064FA01B06F467760D9F733
:10E480002FFB002803D002200002013000E0012011
:10E4900001B4099801B400F005FB01B001B42421D6
:10E4A00014F04EFA01B06F467760D9F719FB0028D7
:10E4B00003D002200002013000E0012001B40398E3
:10E4C00001B40298019915F0CDFA0027019702973F
:10E4D00001B4019800996F467760D8F71FFE04B029
:10E4E000089801B400F0C6FA01B001B4242114F078
:10E4F00027FA01B06F467760D9F7F2FA002803D007
:10E5000002200002013000E0012001B4099801B4AA
:10E5100000F07AFA01B001B4242114F011FA01B02C
:10E520006F467760D9F7DCFA002803D0022000029A
:10E53000013000E0012001B4049801B4029801996F
:10E5400015F090FA00270197029701B401980099FD
:10E550006F467760D8F7E2FD04B06F467760D8F772
:10E56000DFFD0390039801B402986F467760D8F7F7
:10E57000D3FD01B4019800996F467760D8F7CEFDBE
:10E5800002B06F467760D8F7CBFD0490049801B4D1
:10E5900003986F467760D8F7BFFD01B401980099E2
:10E5A0006F467760D8F7BAFD02B001986F46776082
:10E5B000D8F7B2FD01B402986F467760D8F7ACFD8A
:10E5C00001B4019800996F467760D9F711F802B04D
:10E5D00001B403986F467760D8F79EFD01B40498A4
:10E5E0006F467760D8F798FD01B4019800996F469F
:10E5F0007760D8F7FDFF02B001B40198009915F0DB
:10E6000021FA02B005900598034915F0C8FA05D122
:10E610004CE00000E4E2020001000200059801B4B1
:10E620000099C1486F467760D9F70EF801B001B480
:10E630006F467760DAF774FE01B00690039801B474
:10E64000079801B403986F467760D8F765FD01B469
:10E65000019800996F467760D8F7CAFF02B0012190
:10E6600015F01DFA01B4019800996F467760D8F74C
:10E6700055FD02B0049801B4079801B404986F46A0
:10E680007760D8F749FD01B4019800996F4677602B
:10E69000D8F7AEFF02B0012115F001FA01B40198DC
:10E6A00000996F467760D8F739FD02B005209F4981
:10E6B0006F467760DAF70AFB01B40021019A6F46D2
:10E6C0007760D8F737FD00980121029A6F4677608E
:10E6D000D8F730FD00980221039A6F467760D8F78B
:10E6E00029FD00980321049A6F467760D8F722FD30
:10E6F00000980421059A6F467760D8F71BFD0998AA
:10E7000001B4FAF76FFA01B00346009808B4F1F7C4
:10E7100099FE02B000986F467760D8F7FDFC6F460F
:10E720007760D9F7DDF9002814D0089801B409986A
:10E7300001B4FAF757FA01B003467D4801B408B4B2
:10E74000F4F72CFD02B001B406BC02B404B4FAF72D
:10E7500027FA02B0002007B000BD0000D4B00100CD
:10E760000000000069E70200012C06DA00B514F091
:10E770002BF900F002F801B000BD00B5002001B493
:10E7800001B401B4049801B401B4B921490014F0F2
:10E7900075F801B00190009801B43B21C90014F054
:10E7A0006DF801B00290009801210902D93114F0EE
:10E7B00065F801B00290009814F073F9406F0521DC
:10E7C00015F060F96F467760D9F78AF9002806D00E
:10E7D000E86842216F467760D8F7A0FCCAE0049849
:10E7E00014F0A7FD40686F467760D9F779F90028E3
:10E7F00017D001986F467760D9F772F9002804D0D6
:10E800000098012114F04DF9416102986F4677603C
:10E81000D9F766F9002804D00098012114F041F9D5
:10E82000816128696F467760D8F776FC01B46F463E
:10E830007760D9F71FF9002802D0009801B007E0EF
:10E840000098009801B068696F467760D8F764FC5B
:10E850006F467760D9F744F9002800D185E0019828
:10E8600001B46F467760D9F705F9002802D1009806
:10E8700001B003E00098009801B002986F467760FD
:10E88000D9F72EF900282AD0009801B4A8696F465C
:10E890007760D8F741FC0346029801B408B400F051
:10E8A00095F802B001B40198009914F0FAF84161AA
:10E8B00002B0009801B4E8696F467760D8F72CFC85
:10E8C0000346039801B408B400F080F802B001B424
:10E8D0000198009914F0E5F8816102B03FE00198D9
:10E8E0006F467760D9F7FCF8002815D0009801B47E
:10E8F00028696F467760D8F70FFC0346029801B489
:10E9000008B400F063F802B001B40198009914F063
:10E91000C8F8416102B022E002986F467760D9F7EB
:10E92000DFF8002806D11AE0010002005CE70200CF
:10E930007CE90200009801B468696F467760D8F7F7
:10E94000EBFB0346039801B408B400F03FF802B0B3
:10E9500001B40198009914F0A4F8816102B0049800
:10E96000422114F0E6FC416004E004980A2114F00E
:10E97000E0FC4160002003B000BD0000D4B0010005
:10E980000000000089E90200012C06DA00B514F04D
:10E990001BF800F002F801B000BD00B5019814F0BA
:10E9A000C8FC806814F07DF8406F052115F06AF806
:10E9B0006F467760D9F794F86F467760D8F700FA1A
:10E9C0006F467760D8F71EFB00BD000000B50198C8
:10E9D00001B4039801B413F0E7FF6F467760D8F7EE
:10E9E0001FFB02B015F0BBF800BD0000012C0BDAD4
:10E9F00000B513F0E9FF00F007F801B000BD77465D
:10EA0000009814F088FCBE4600B5052001B40298B9
:10EA100001B400F011F802B000BD0000022C0BDAC6
:10EA200000B514F08AF800F007F802B000BD774690
:10EA3000009814F070FCBE4600B50198806801B4DF
:10EA40000398032115F00EF801B40198009913F012
:10EA5000A2FC02B000BD0000012C0BDA00B513F0DF
:10EA6000B3FF00F007F801B000BD7746009814F03E
:10EA700052FCBE4600B5092001B4029801B4FFF76C
:10EA8000DBFF02B000BD0000012C0BDA00B513F073
:10EA90009BFF00F007F801B000BD7746009814F026
:10EAA0003AFCBE4600B5032001B4029801B4FFF75A
:10EAB000C3FF02B000BD0000012C0BDA00B513F05B
:10EAC00083FF00F007F801B000BD7746009814F00E
:10EAD00022FCBE4600B5072001B4029801B4FFF73E
:10EAE000ABFF02B000BD0000012C0BDA00B513F043
:10EAF0006BFF00F007F801B000BD7746009814F0F6
:10EB00002DFABE4600B56F467760DAF747FEBF497B
:10EB100015F081F812D0019801B4242114F07AF98B
:10EB200001B06F467760D8F7DBFF002803D00420E0
:10EB30000002013000E0012010E00EE00198806842
:10EB400001B413F056FE012149426F467760DBF7AE
:10EB50000BFD01B015F003F800E0002000BD00003F
:10EB600000B5F9F709FDAA4801B43768786901B41E
:10EB7000F4F714FB02B000BDD4B0010000000000A7
:10EB800085EB0200012C06DA00B513F01DFF00F042
:10EB900002F801B000BD00B501986F467760D8F764
:10EBA0009FFF6F467760D8F70BF96F467760D8F70D
:10EBB00029FA6F467760D8F793FF6F467760D8F7EA
:10EBC000FFF86F467760D8F71DFA00BD012C0BDA0D
:10EBD00000B513F0F9FE00F007F801B000BD77466C
:10EBE000009814F01CFABE4600B50198C06901B443
:10EBF00007210902D1316F467760D8F725FD01B0B2
:10EC000000BD000000B5002001B4029801B4072146
:10EC10000902D1316F467760D8F7EAFC01B00121D3
:10EC200014F03DFF009001207A496F467760DAF7D3
:10EC30004DF801B40021019A6F467760D8F77AFA4F
:10EC4000FFF78EFF0346009808B4F1F7FBFB02B014
:10EC5000002001B000BD0000D4B0010000000000A1
:10EC600065EC0200012C06DA00B513F0ADFE00F0F1
:10EC700002F801B000BD00B5E86801B4029801B423
:10EC800000F00DF802B0002000BD0000022C0BDAED
:10EC900000B513F052FF00F007F802B000BD774650
:10ECA000009814F038FBBE4600B56F467760D8F781
:10ECB00037FA01B401B404996F467760D8F72EFA99
:10ECC00001B001BC0290029801B403986F467760CE
:10ECD000D8F722FA012114F0E2FE01B4019800995C
:10ECE0006F467760D8F71AFA02B001204A496F469A
:10ECF0007760D9F7EBFF01B40021039A6F46776084
:10ED0000D8F718FA029880680346009808B4F1F71B
:10ED100099FB02B0002000BDD4B00100000000004B
:10ED200025ED0200012C06DA00B513F04DFE00F0CF
:10ED300002F801B000BD00B5019801B4E8686F4663
:10ED40007760D8F7E9F901B406BC02B404B400F066
:10ED50000CF802B0002000BD022C0BDA00B513F055
:10ED6000ECFE00F007F802B000BD7746009814F002
:10ED7000F5F8BE4600B5002001B401B401B4049812
:10ED800040696F467760D8F7ABFE6F467760D8F77B
:10ED900017F86F467760D8F735F96F467760D8F780
:10EDA0009FFE002800D065E0049801B401B40198EA
:10EDB0008069079914F046FE01B4019800998161B9
:10EDC00003B00498C068002114F039FF04D06D200E
:10EDD00080003768385801E00498C06800900498B3
:10EDE0000069002114F02BFF04D03720C0003768E1
:10EDF000385801E0049800690190049880690099EE
:10EE000014F0B9FE0AD035E008E00000F0B30400C9
:10EE100078EB020058EC020018ED020004988069BB
:10EE2000009914F01FFE019914F01CFE01B4029821
:10EE300001B4019800996F467760D8F705FC02B0DD
:10EE400001B46F467760D8F7CBFC01B0029002980E
:10EE500001B40598C06901B40198009914F003FF4A
:10EE600002B007D0049801B400F016F801B004987D
:10EE70000299C161002003B000BD0000012C0BDA33
:10EE800000B513F0A1FD00F007F801B000BD774612
:10EE9000009814F063F8BE4600B56F208000376814
:10EEA00038586F467760D8F71BFE00280DD00198C0
:10EEB000806801B414F041FB0820000206306F4660
:10EEC0007760DAF75FFC01B00CE00198806801B46C
:10EED00014F033FB0820000207306F467760DAF742
:10EEE00051FC01B0002000BD032C0BDA00B513F07B
:10EEF0002DFF00F007F803B000BD7746009814F02E
:10EF00008EF8BE4600B5002001B401B403988068B5
:10EF10006F467760D8F7E4FD6F467760D7F750FF0C
:10EF20006F467760D8F76EF86F467760D8F7D8FDF0
:10EF300000280FD0039801B46F467760D8F778F8AF
:10EF400001B401980099816002B0039801B400F007
:10EF50006DF801B0BF486F467760D9F7E5FE0090C5
:10EF60000098049914F0F2FA41600098059914F0A1
:10EF7000EDFA816001200190019801B40498806845
:10EF800001B413F05FFC6F467760D8F75BF801B00F
:10EF900014F0E5FD01B40198009914F0ECFD02B005
:10EFA00026D00398806801B4029801B401980099B2
:10EFB00013F0F1F902B014F0C9FA4068049914F0A2
:10EFC000EEFD0FD00398806801B4029801B4029856
:10EFD00001B414F0C9FA6F467760D8F753F803B05C
:10EFE000009812E00198032114F02CFD0190C3E772
:10EFF0000398806801B4019801B413F0C1FC6F4616
:10F000007760D8F725F802B0009802B000BD000084
:10F01000012C0BDA00B513F0D7FC00F007F801B0B3
:10F0200000BD7746009813F0FAFFBE4600B50020F9
:10F0300001B4029880686F467760D8F751FD6F463B
:10F040007760D7F7BDFE6F467760D7F7DBFF6F4677
:10F050007760D8F745FD002800D01EE00298C06810
:10F06000009002207C496F467760D9F72FFE01B4EB
:10F070000021039A6F467760D8F75CF80098012169
:10F08000019A6F467760D8F755F8009813F0ACFBFB
:10F090006F467760D6F7E2FF01B0002001B000BDF7
:10F0A000D4B0010000000000ADF0020000B5002067
:10F0B00001B4E868806A6F467760D8F711FD0028D0
:10F0C00013D0012065496F467760D9F7FFFD01B481
:10F0D0000021EA686F467760D8F72CF8002001B469
:10F0E000019801B400F008FA03B0E8684221816297
:10F0F000E86801210161E86801214161E8680121B6
:10F10000C161E86801B46F467760D6F797FF14F0E5
:10F1100026FD01B401980099016202B0286901B48A
:10F12000E868C06801B40198009914F074FD02B059
:10F130000BD0E86801B400F033F801B000900098FB
:10F1400001B406F0F1F901B0E8E7E8680A2181624C
:10F15000002001B000BD0000D4B00100000000009C
:10F1600065F1020000B5E868806A6F467760D8F7FD
:10F17000B7FC6F467760D7F723FE6F467760D7F707
:10F1800041FF00BD012C0BDA00B513F01DFC00F0AF
:10F1900007F801B000BD7746009813F040FFBE4667
:10F1A00000B5002001B401B401B401B401B401B44C
:10F1B00001B401B401B46F467760D6F73FFF14F095
:10F1C000CEFC00900A9801B4019801B40C98006A32
:10F1D00001B40198009914F045FC02B001B4019803
:10F1E0000099C16102B00A98009901620020019063
:10F1F0000A988068029001200390039801B4039854
:10F200006F467760D7F71EFF14F0A9FC01B4019890
:10F2100000996F467760D8F7BBFC02B000281FD07A
:10F22000029801B4049814F090FC01B4019800997C
:10F230006F467760D7F716FF02B00190019801B4CE
:10F24000DC2113F0EDFC01B00398032114F0FAFB6C
:10F250000390D2E774770400A0F0020058F1020096
:10F26000002002906F467760D6F7E8FE14F077FC36
:10F2700004900498009914F0F5FB05900A9801B4E5
:10F2800001B401984069079914F0DCFB01B40198BE
:10F290000099416103B00A9801B401B40198006972
:10F2A000032114F0CFFB01B401980099016103B070
:10F2B0000A98406901B407210902D1316F4677608D
:10F2C000D8F7AEFC01B001B46F467760D8F7D2FB37
:10F2D000002802D0009801B00BE00098009801B01F
:10F2E0000A98006901B43D216F467760D8F798FC11
:10F2F00001B06F467760D8F7F3FB002800D1ECE04F
:10F30000049801B40B98806901B40198009914F035
:10F31000A9FB02B006900A98049981610A980069D5
:10F3200001B40B98406901B407210902D1316F463D
:10F330007760D8F789F901B001B4019800996F4658
:10F340007760D8F781F902B00790079801B46F464B
:10F350007760D8F763FA01B001B413F003FBC44837
:10F360006F467760D7F7C6FB01B061218900376827
:10F3700078500798C72114F0FEFB2ED06120800042
:10F380003768385801B4089801B415216F46776082
:10F39000D8F72EF901B001B46F467760D8F73EFA7E
:10F3A00001B001B415216F467760D8F763F901B059
:10F3B00001B413F0D7FAAF486F467760D7F79AFBDE
:10F3C00001B001B413F0E8FB6F467760D7F792FB0A
:10F3D00002B061218900376878506F467760D6F7B0
:10F3E0008BFE6F467760D7F70DFE6F467760D8F7D4
:10F3F00077FB00286BD06F467760D7F73BFB01B4F3
:10F40000089801B4C9216F467760D8F7F1F801B0C8
:10F41000012114F044FB01B413F0B6FB6F46776092
:10F42000D7F768FB02B001B413F084FA92496F4633
:10F430007760D7F75FFB01B001B40B98006901B4A6
:10F4400013F0AAFB6F467760D7F754FB02B001B404
:10F4500013F070FA89496F467760D7F74BFB01B01C
:10F4600001B40B98406901B413F096FB6F467760C6
:10F47000D7F740FB02B001B413F05CFA80496F4645
:10F480007760D7F737FB01B001B4079801B413F0E8
:10F4900083FB6F467760D7F72DFB02B001B413F002
:10F4A00049FA78496F467760D7F724FB01B001B479
:10F4B00013F040FA6F467760DAF77CF901B06F46D7
:10F4C0007760D6F703FE6F467760DBF7A1FD0A98F9
:10F4D000012141610A98012101612920059914F057
:10F4E000C1FA01B4032001B4F0F72EF902B008907C
:10F4F000089809B000BD000000B501986F4677601C
:10F50000D8F7EEFA6F467760D7F75AFC6F46776008
:10F51000D7F778FD01B46F467760D8F7ABFA0028CB
:10F5200002D0009801B007E00098009801B001985F
:10F5300001B413F0E1F901B06F467760D8F7D0FA63
:10F54000002800D01DE002986F467760D8F7C8FA0F
:10F550006F467760D7F734FC6F467760D7F752FD78
:10F560006F467760D8F7BCFA002801D001200290DE
:10F57000002001B4029801B4049801B400F004F82A
:10F5800003B0002000BD000000B5002001B43E48DB
:10F590006F467760D9F7C8FB01B46F467760DAF73A
:10F5A00005F914F0DCFA01B46F467760D6F746FD32
:10F5B00014F0D5FA01B4059801B4079801B409987C
:10F5C0006F467760D8F78CFA6F467760D7F7F8FB0D
:10F5D0006F467760D7F716FD01B40027009801B495
:10F5E0000197029801B40397049801B4059706980F
:10F5F00001B40797089801B4099707200002FF306B
:10F6000001B40B9801B400F04BF90CB001BC0090B0
:10F610003768B8686F467760D8F762FA6F467760E8
:10F62000D7F7CEFB6F467760D7F7ECFC6F46776075
:10F63000D8F756FA00282BD06F467760D7F7F8FC3A
:10F6400001B401B4029801B4019800996F46776043
:10F65000D7F7FEFC02B001BC3768B8600B4801B4B4
:10F6600013F0C2F86F467760D6F7F8FC01B01BE0E4
:10F6700030B304003CB3040044B3040058B30400A6
:10F6800068B3040074B30400BC77040008F70200F8
:10F690003768B86801B4019801B413F071F96F4686
:10F6A0007760D7F7D5FC02B004986F467760D8F73B
:10F6B00017FA002814D0009813F065FF406801B4D1
:10F6C000019813F060FF806801B406BC212001B4EA
:10F6D000059801B402B404B4F4F796F804B010E04D
:10F6E000009813F050FF406801B4019813F04BFFED
:10F6F000806801B413F058F96F467760D6F7B0FC14
:10F7000002B0002001B000BDD4B001000000000034
:10F7100015F7020000B5002001B401B401B4376848
:10F72000B86801B413F08EF86F467760D7F78AFC9B
:10F7300001B014F014FA012114F031FA00D1A9E05B
:10F740006F467760D6F77AFC14F009FA0090012032
:10F750000190019801B43768B86801B413F072F8E9
:10F760006F467760D7F76EFC01B014F0F8F901B47A
:10F770000198009914F0FFF902B000D184E03768D5
:10F78000B86801B4029801B40198009912F003FE20
:10F7900002B00290029801B4862113F041FA01B040
:10F7A00001B46F467760D8F765F9002802D0009859
:10F7B00001B033E00098009801B0029813F0E3FE26
:10F7C000006901B401216F467760D8F729FA01B0CA
:10F7D00001B46F467760D8F74DF9002802D1009840
:10F7E00001B01BE00098009801B0009801B40398A4
:10F7F00013F0C9FEC06801B40198009914F032F901
:10F8000002B001B4039813F0BEFE006901B4019880
:10F8100000996F467760D8F703FA02B06F467760B9
:10F82000D8F75EF9002829D0029813F0ACFE4068A2
:10F8300001B4039813F0A7FE806801B413F0B4F884
:10F840006F467760D9F79EFF02B0029813F09BFED7
:10F8500080696F467760D8F743F900280ED00320FF
:10F8600001B4029801B43768B86801B4F5F73AFEFC
:10F8700003B00198032114F0F5F8019001980321D9
:10F8800014F0E0F8019064E7652001B405F04CFE47
:10F8900001B044E700203768B860002003B000BD25
:10F8A0007746009813F06FFEBE4600B501980299A6
:10F8B000416001980399816001980499C1600198A1
:10F8C0000599016101980699416101980799816143
:10F8D000002000BD00B5FDF7EFF86F467760D6F762
:10F8E000ADFB14F03CF9672189003768785000209F
:10F8F00000BD000000B5002001B401B42B20C00001
:10F90000376838586F467760D8F7EAF86F467760FF
:10F91000D7F756FA6F467760D7F774FB6F46776074
:10F92000D8F7DEF8002807D06F467760D7F780FB5E
:10F930002B21C90037687850F4F7A4F8009000989C
:10F940006F467760D8F7CCF8002804D0009801B44F
:10F9500000F067F801B071486F467760D9F7E4F9B5
:10F9600001B401B400F014F801B001BC01902B20E7
:10F97000C0003768385801B4029801B413F000F899
:10F980006F467760D7F764FB02B0019802B000BD04
:10F990007746009813F043FBBE4600B5019801B4CA
:10F9A0006F467760D7F744FB01B401980099416036
:10F9B00002B0019801210161019801214161019882
:10F9C0000121C16101980121C160019800214162BA
:10F9D00061208000376838586F467760D8F780F824
:10F9E0006F467760D7F7ECF96F467760D7F70AFB79
:10F9F0006F467760D8F774F8002807D06F467760B5
:10FA0000D7F738F86121890037687850002000BDA9
:10FA1000012C0BDA00B512F0D7FF00F007F801B0A7
:10FA200000BD7746009813F0FAFABE4600B50020F4
:10FA300001B401B401B40020009004984068019022
:10FA400001200290029801B402986F467760D7F7C0
:10FA5000F9FA14F084F801B4019800996F467760C0
:10FA6000D8F796F802B0002818D0019801B403988E
:10FA700014F06BF801B4019800996F467760D7F7DE
:10FA8000F1FA02B00090009801B400F022F801B041
:10FA90000298032113F0D6FF0290D3E700200190D3
:10FAA000049801B401B40198C068032113F0CAFF9F
:10FAB00001B401980099C16003B0002003B000BDFB
:10FAC000012C0BDA00B512F07FFF00F007F801B04F
:10FAD00000BD7746009813F0B0FABE4600B5019815
:10FAE000406801B40298806801B40D4801B40498DC
:10FAF000006901B413F05EFA6F467760D6F7A6FA94
:10FB000004B0002000BD0000D4B0010000000000DF
:10FB100015FB020000B5002000BD0000E8610400F4
:10FB200008FB02007746009812F030FFBE4600B591
:10FB30000198039941660198029941600198012159
:10FB40004162CB486F467760D9F7EEF801B40920DF
:10FB500001B4052001B403200002E93001B4039888
:10FB600001B400F0D9F804B0029802BCC161C148E8
:10FB70006F467760D9F7D8F801B401B400F0B8F84F
:10FB800001B0029802BC0162BB486F467760D9F7AA
:10FB9000CBF801B40298006A01B4019801B400F0F6
:10FBA0008DF802B0029802BC8160019801B46F46E2
:10FBB0007760D7F73DFA01B401980099816202B0ED
:10FBC000019801B46F467760D7F732FA01B4019813
:10FBD0000099C16202B0019801B46F467760D7F70F
:10FBE00027FA01B401980099016302B0019801B4A9
:10FBF0006F467760D7F7C6FA01B401980099416360
:10FC000002B0019801B46F467760D7F711FA01B4DA
:10FC100001980099816302B0019801B46F46776042
:10FC2000D7F706FA01B401980099C16302B00198B0
:10FC300001B46F467760D7F7FBF901B401980099DA
:10FC4000016402B0019801B46F467760D7F7F0F90C
:10FC500001B401980099416402B0019801B46F4663
:10FC60007760D7F78FFA01B401980099816102B0EB
:10FC7000019801B46F467760D7F7DAF901B40198BB
:10FC80000099C16402B0019801B46F467760D7F75C
:10FC9000CFF901B401980099816502B0019801B4CF
:10FCA0006F467760D7F76EFA01B401980099016644
:10FCB00002B001980121C165002000BD774600987F
:10FCC00013F0F5FABE4600B5019801214160019894
:10FCD0000299C160019801B46F467760D7F7A8F91F
:10FCE00001B401980099016102B0002000BD00003C
:10FCF0007746009813F0E9FBBE4600B50198012154
:10FD0000416001980121816001980121C160019841
:10FD100001210161002000BD7746009813F041FCED
:10FD2000BE4600B50020019801B46F467760D7F752
:10FD30007FF901B401980099416002B04F486F46C5
:10FD40007760D8F7F1FF01B401B400F0DBF801B03F
:10FD5000029802BC8160029801B4029801B400F0DC
:10FD60009DF802B0049801B4029801B400F05AF86A
:10FD700002B0039801B4029801B400F011F802B087
:10FD8000002000BD022C0BDA00B512F0D6FE00F008
:10FD900007F802B000BD7746009813F002FCBE469B
:10FDA00000B5019801B4039801B405F0CDF801B095
:10FDB00001B401980099416102B0002000BD00002B
:10FDC000012C0BDA00B512F0FFFD00F007F801B0CE
:10FDD00000BD7746009813F0E4FBBE4600B50198DD
:10FDE000406901B400F002F801B000BD00B501980F
:10FDF00001210902013113F025FE01B4112113F094
:10FE000093FE01B000BD0000022C0BDA00B512F029
:10FE100094FE00F007F802B000BD7746009813F09A
:10FE2000C0FBBE4600B5019801B4039801B405F0CB
:10FE30008BF801B001B401980099816102B00020F3
:10FE400000BD0000012C0BDA00B512F0BDFD00F082
:10FE500007F801B000BD7746009813F0A2FBBE463C
:10FE600000B50198806901B4FFF7C0FF01B000BD83
:10FE7000407804001C730400046A0400C87904007C
:10FE8000022C0BDA00B512F058FE00F007F802B0B1
:10FE900000BD7746009813F084FBBE4600B501987C
:10FEA00001B4039801B405F04FF801B001B4019812
:10FEB0000099C16002B0019801B40298C06801B411
:10FEC000012002BC13F0CEFD01B40198009901613C
:10FED00002B0002000BD0000012C0BDA00B512F0CA
:10FEE00073FD00F007F801B000BD7746009813F0ED
:10FEF00058FBBE4600B50198C06801B4FFF776FF15
:10FF000001B000BD7746009813F059FBBE4600B51E
:10FF1000019801B46F467760D7F78AF801B4019869
:10FF20000099416102B0002000BD0000D4B0010082
:10FF30000000000039FF020000B508200002013077
:10FF400000216F467760D6F78BF8002000BD0000D7
:10FF500000B501980721890137687850002000BD5D
:10FF60007746009813F079F9BE4600B50298002153
:10FF700013F065FE06D00320C1496F467760D7F7BE
:10FF8000BDFB02900198029981600198029941603D
:10FF9000002000BDD4B0010000000000A1FF02005D
:10FFA000022C06DA00B512F0C8FD00F002F802B02B
:10FFB00000BD00B569208000376838586F4677600B
:10FFC000D7F78EFD6F467760D6F7FAFE6F467760FB
:10FFD000D7F718F801B46F467760D7F74BFD0028C4
:10FFE00002D0009801B00FE00098009801B002988C
:10FFF0006F467760D7F774FD6F467760D6F7E0FEFF
:020000040003F7
:100000006F467760D6F7FEFF6F467760D7F768FDDB
:10001000002800D04BE0002001B49A4801B40498B5
:1000200001B4FCF733FF03B00346974801B408B4AA
:10003000F3F7B4F802B00346944801B408B4F0F7FB
:1000400001FA02B0692080003768385801B412F014
:10005000F9FB6F467760D6F7F5FF01B013F07FFD2F
:1000600080213768795813F09AFD20D069208000EC
:100070003768385801B4692080003768385801B4AF
:1000800012F0E0FB6F467760D6F7DCFF01B013F0AB
:1000900066FD80213768795813F0E4FC01B406BC92
:1000A00002B4012001B404B4F5F71CFA03B0002037
:1000B00000BD0000D4B0010000000000C10003003A
:1000C000012C06DA00B512F07FFC00F002F801B056
:1000D00000BD00B501986F467760D7F701FD6F4608
:1000E0007760D6F76DFE6F467760D6F78BFF6F4669
:1000F0007760D7F7F5FC6F467760D6F761FE6F46FD
:100100007760D6F77FFF00BDD4B00100000000008B
:1001100015010300012C06DA00B512F055FC00F0C1
:1001200002F801B000BD00B5002001B4012000902C
:10013000009801B4039801B412F0FCFB6F4677609D
:10014000D6F7A2FD01B013F00AFD01B401980099A1
:1001500013F011FD02B026D06920800037683858AE
:1001600001B4039801B4029801B403988821376858
:10017000795813F067FC01B40EBC02B404B408B49F
:10018000F0F7D8FA03B001B412F0FAFB6F467760CB
:10019000D6F75EFF02B0009888213768795813F0CF
:1001A00051FC0090C4E7002001B000BD00B50198EB
:1001B0006F467760D7F794FC6F467760D6F700FEFE
:1001C0006F467760D6F71EFF01B46F467760D7F7AA
:1001D00051FC002802D0009801B01BE00098009864
:1001E00001B0712080003768385801B4029801B41A
:1001F00012F0C6FB00226F467760D7F715FC02B0FD
:1002000013F0ADFC01B4012149426F467760D7F786
:1002100007FD01B06F467760D7F762FC002800D079
:100220000DE0712080003768385801B4029801B49D
:1002300012F0A6FB6F467760D6F70AFF02B00020E7
:1002400000BD0000D4B00100000000005102030016
:10025000022C06DA00B512F070FC00F002F802B0D1
:1002600000BD00B5019801B4039801B413F0B5F9CD
:100270006F467760D5F714FF02B0002000BD000084
:10028000FFFF0100B8B00400B40003000801030040
:1002900000B5002001B401B4A02078216F4677603A
:1002A000DCF72AFD009008206F467760DFF79AF8A8
:1002B000A02008216F467760DCF71EFD01900198B1
:1002C00001B412F0D2FA6F467760DFF7B7F801B0E9
:1002D00001208A496F467760D8F7F8FC01B4002105
:1002E000019A6F467760D6F725FF009800F068F80E
:1002F00001B0012082496F467760D8F7E7FC01B46E
:100300000021029A6F467760D6F714FF01BC0321E3
:10031000C90137687850009802B000BDD4B0010020
:10032000000000002903030000B5E86801B412F0E2
:100330009CFA6F467760DFF789F801B0002000BDB6
:10034000D4B00100000000004D030300012C06DAC8
:1003500000B512F039FB00F002F801B000BD00B5A5
:10036000E86801B412F081FA00216F467760DBF78C
:10037000CBFB01B0002001B43768F86F01B4032053
:1003800001B4052001B4052001B4069801B4E86861
:1003900001B4FBF743F807B0E86801B412F065FA5E
:1003A0006F467760DFF74AF801B0019801B412F0A8
:1003B000C1FA6F467760DFF741F901B0002000BD58
:1003C00000B542203768F86001983921C9003768C4
:1003D0007850019801B412F08FFA01B0002000BDEE
:1003E000D4B0010000000000ED03030000B51B20A5
:1003F0000001376838586F467760D7F771FB0028DF
:1004000000D00DE03F4801B410200002033001B4D9
:100410004D2080003768385801B4F7F706FF03B065
:10042000002000BDD4B00100000000003104030032
:1004300000B51B200001376838586F467760D7F742
:100440004FFB002800D01DE003F0D4F82E486F4683
:100450007760D8F769FC01B4002001B42B4801B4DF
:10046000029801B402F072FF03B001BC1B21090124
:10047000376878501B2000013768385801B400F005
:100480000CF801B0002000BD012C0BDA00B512F011
:100490009BFA00F007F801B000BD7746009813F012
:1004A000AAF8BE4600B5002001B401B4039801B417
:1004B000049801B4D22112F0B3FB01B001B4019849
:1004C0000099416002B003980121C16001200190B0
:1004D000019801B40498406801B412F0B3F96F4672
:1004E0007760D6F7AFFD01B013F039FB01B4019886
:1004F000009913F040FB02B00AD1B3E01C030300E3
:100500004003030024040300B47A0400901F030096
:100510000398406801B4029801B40198009911F061
:100520003AFF02B00090009801B401F0DBFC01B08A
:10053000009801B40498806801B406BC02B404B405
:1005400001F0B3FC02B0009801B40498806801B4D3
:1005500001210902433112F091F901B001B403986D
:1005600001B40698806801B4752112F087F901B0D2
:1005700001B4019800996F467760D7F77BF802B015
:1005800001B40698806801B4742112F077F901B0C3
:1005900001B40798806801B4732112F06FF901B0BB
:1005A00001B40198009913F04DFA02B001B401981A
:1005B00000996F467760D7F71BF802B001B4019835
:1005C000009913F03FFA02B001B40598806801B4B5
:1005D000762112F053F901B001B4049801B40798E0
:1005E000806801B4752112F049F901B001B412F02C
:1005F000DBF96F467760D6F717FD02B013F0AFFA5C
:1006000001B40798806801B4742112F037F901B081
:1006100001B40898806801B4732112F02FF901B079
:1006200001B40198009913F00DFA02B001B40198D9
:1006300000996F467760D6F7DBFF02B001B40198EE
:10064000009913F0FFF902B001B40EBC02B404B477
:1006500008B401F0E4FB03B00198032113F0F2F9B0
:10066000019035E70A2001B401F0C8FB01B0012078
:10067000CC496F467760D8F729FB01B40021049A72
:100680006F467760D6F756FD0098102000020B30B9
:1006900001B4012000023768385801B4F7F7C5FDEE
:1006A00003B00120C0496F467760D8F70FFB01B453
:1006B0000021049A6F467760D6F73CFD0098102021
:1006C0000002093001B4012000023768385801B433
:1006D000F7F7ABFD03B0B54801B4102000020B30B2
:1006E00001B4E8203768385801B4F7F79EFD03B02D
:1006F000AF4801B4102000020B3001B44D2080003F
:100700003768385801B4F7F790FD03B00120A949C4
:100710006F467760D8F7DAFA01B40021049A6F4681
:100720007760D6F707FD0098102000020B3001B467
:10073000EC203768385801B4F7F777FD03B0012093
:100740009D496F467760D8F7C1FA01B40021049A39
:100750006F467760D6F7EEFC0098102000020B3051
:1007600001B4552080003768385801B4F7F75DFDB3
:1007700003B0012091496F467760D8F7A7FA01B41A
:100780000021049A6F467760D6F7D4FC00981020B9
:1007900000020B3001B4152000013768385801B44D
:1007A000F7F743FD03B0012085496F467760D8F71E
:1007B0008DFA01B40021049A6F467760D6F7BAFC2F
:1007C0000098102000020B3001B4532080003768DD
:1007D000385801B4F7F729FD03B0012079496F4675
:1007E0007760D8F773FA01B40021049A6F467760F6
:1007F000D6F7A0FC009800F0AFFC01B0012001B4D6
:10080000049801B400F026FD02B0002002B000BD43
:10081000D4B00100000000001D08030000B5E86826
:1008200040686F467760D7F75BF96F467760D6F719
:10083000C7FA6F467760D6F7E5FB01B46F4677607D
:10084000D7F718F9002802D0009801B019E00098F5
:10085000009801B0E868406801B4E868C06801B475
:100860000198009911F097FD02B06F467760D7F7B5
:1008700037F96F467760D6F7A3FA6F467760D6F7F9
:10088000C1FB6F467760D7F72BF9002800D011E045
:10089000E868406801B4E868C06801B4019800994C
:1008A00011F079FD02B00346032001B408B401F051
:1008B000EEF902B0002000BDD4B00100000000003D
:1008C000C508030000B5E86840686F467760D7F751
:1008D00007F96F467760D6F773FA6F467760D6F7F9
:1008E00091FB01B46F467760D7F7C4F8002802D0B7
:1008F000009801B019E00098009801B0E8684068DD
:1009000001B4E868C06801B40198009911F043FD92
:1009100002B06F467760D7F7E3F86F467760D6F797
:100920004FFA6F467760D6F76DFB6F467760D7F763
:10093000D7F8002800D027E0E868406801B4E868EC
:10094000C06801B40198009911F025FD02B003467A
:10095000012001B408B401F09AF902B0E8684068D7
:1009600001B4E868C06801B40198009911F013FD62
:1009700002B012F04EFE006A01B411F035FF6F466E
:100980007760D5F76BFB01B0002000BDD4B001004B
:10099000000000009909030000B500F085FD00206B
:1009A00012E0000010080300B80803008C090300DF
:1009B000CC090300E4090300340A0300700A0300B1
:1009C000E40A0300400B030000BD0000D4B00100A6
:1009D00000000000D909030000B500F065FD00200B
:1009E00000BD0000D4B0010000000000F1090300C8
:1009F00000B5E86801B4E868C06801B4E8688068D8
:100A000001B4752111F03AFF01B001B401980099C9
:100A100013F028F802B001B4012001B4EEF794FEFF
:100A200002B001B406BC02B404B400F013FC02B07E
:100A3000002000BDD4B0010000000000410A030006
:100A400000B5E86801B4E868C068032113F00AF84B
:100A500001B4012001B4EEF777FE02B001B406BC88
:100A600002B404B400F0F6FB02B0002000BD0000A8
:100A7000D4B00100000000007D0A030000B5E86862
:100A800001B4E868406801B411F0DCFE6F4677609D
:100A9000D6F7D8FA01B013F062F8032112F0E2FFA2
:100AA00001B4E868C06801B4E868806801B47521E1
:100AB00011F0E4FE01B001B40198009912F0C2FFF8
:100AC00002B001B406BC02B404B4EEF7B7FC02B045
:100AD00001B406BC02B404B400F0BCFB02B00020B8
:100AE00000BD0000D4B0010000000000F10A0300C6
:100AF00000B5E86801B4E868406801B411F0A2FEEE
:100B00006F467760D6F79EFA01B013F028F80321FC
:100B100012F0A8FF01B4E868C068032112F092FF48
:100B200001B406BC02B404B4EEF788FC02B001B410
:100B300006BC02B404B400F08DFB02B0002000BD7E
:100B4000D4B00100000000004D0B030000B5E868C0
:100B500001B400F0C1F901B0E86801B400F012F886
:100B600001B0002000BD0000012C0BDA00B511F02F
:100B70002BFF00F007F801B000BD7746009812F097
:100B80003AFDBE4600B5019840686F467760D6F7DB
:100B9000A7FF6F467760D6F713F96F467760D6F7F1
:100BA00031FA6F467760D6F79BFF002800D020E12E
:100BB00084203768385801B484203768385801B425
:100BC00011F053FE6F467760DAF794FD01B012F032
:100BD000C6FF01B40398806801B4762111F04EFE7F
:100BE00001B0052112F03EFF01B40EBC1F2001B47C
:100BF00002B404B4012001B4012001B408B4FAF72E
:100C0000FFFF06B084203768385801B40298806826
:100C100001B4E32111F032FE01B001B40398806801
:100C200001B4E22111F02AFE01B001B40EBC02B4FD
:100C3000032001B4052001B404B408B400F0DCF8CA
:100C400005B084203768385801B40298806801B430
:100C5000F02111F013FE01B0072112F003FF01B4DF
:100C600084203768385801B411F0FFFD6F46776073
:100C7000DAF740FD01B012F072FF01B4842037684A
:100C8000385801B411F0F1FD6F467760DAF736FDA0
:100C900001B012F064FF01B40598806801B4F0213E
:100CA00011F0ECFD01B001B40198009912F0DAFEE8
:100CB00002B00D2112F0C6FE01B41EBC1F2001B40B
:100CC00002B404B408B4012001B410B4FAF798FFD8
:100CD00006B084203768385801B40298806801B49F
:100CE00001210902433111F0C9FD01B001B403989B
:100CF000806801B4F02111F0C1FD01B001B484207D
:100D00003768385801B411F0B0FD6F467760DAF7F4
:100D1000F1FC01B012F023FF01B40598806801B422
:100D200001210902433111F0A9FD01B001B40321F1
:100D300012F0D0FE01B001B40198009912F092FEB9
:100D400002B001B40598806801B4EF2111F096FD5E
:100D500001B001B47A2111F091FD01B0032112F02C
:100D600071FE01B40027032001B4019801B4029779
:100D7000039801B40497059801B40697079801B445
:100D80000897099801B40A97FAF73AFF0BB0842044
:100D90003768385801B40298406801B40398C068B5
:100DA00001B40198009911F0F6FA02B001B4D6210D
:100DB00011F036FF01B001B40398806801B4F0214E
:100DC00011F05CFD01B0032112F03CFE01B4049867
:100DD000806801B4EF2111F051FD01B001B41EBCD7
:100DE00002B41F2001B404B408B410B400F004F835
:100DF00005B0002000BD000000B5002001B401B422
:100E000007986F467760D6F76BFE6F467760D5F729
:100E1000D7FF6F467760D6F7F5F86F467760D6F75D
:100E20005FFE002805D0049801B4EEF7D5FE01B0AE
:100E30000790049801B411F07DFD6F467760D5F7F7
:100E400023FF01B012F08BFE01B4089801B47B219E
:100E500011F014FD01B001B4019800996F4677605C
:100E6000D6F7C6FB02B00090039801B411F0FDFC68
:100E70006F467760DAF73EFC01B012F070FE009921
:100E800012F0F0FD01B405216F467760D6F7DCFB68
:100E900001B00190002001B4089801B4089801B491
:100EA000089801B4059801B4099801B4099801B4EF
:100EB000FAF7B4FA07B0002002B000BD012C0BDA3B
:100EC00000B511F081FD00F007F801B000BD7746D4
:100ED000009812F090FBBE4600B5002001B401B4AA
:100EE00001B46F467760D5F7A9F812F038FE01B467
:100EF00001210902F5316F467760D6F7A5FB01B0F5
:100F0000009001200190019801B40598406801B457
:100F100011F098FC6F467760D6F794F801B012F0A4
:100F20001EFE01B40198009912F025FE02B045D0D2
:100F30000498406801B4029801B40198009911F036
:100F40002AFA02B001B4019801B4039801B40798D9
:100F5000806801B4752111F091FC01B001B40198D1
:100F600000996F467760D6F785FB02B001B4C4499B
:100F70006F467760D6F73CFB01B001B40198009949
:100F800012F070FD02B001B46F467760D8F796F9A1
:100F900001B001B4009905206F467760D6F728FBB1
:100FA00001B001B406BC02B404B400F0AEF802B063
:100FB0000198032112F046FD0190A4E704F09AF98C
:100FC00011F0E4FC4068C06901B407210902D13185
:100FD0006F467760D6F738FB01B0029004988069BD
:100FE00001B40598406901B40198009912F0C3FD5D
:100FF00002B01BD0049801B401B40198806901B417
:10100000059801B4C9216F467760D6F7F1FA01B0AF
:101010000027029701B40198009912F013FD02B065
:1010200001B401980099816103B028E004988069B7
:1010300001B40598406901B40198009912F0AFFD20
:1010400002B01BD0049801B401B40198806901B4C6
:10105000059801B4C9216F467760D6F7C9FA01B087
:101060000027029701B40198009912F0FBFC02B02E
:1010700001B401980099816103B000E02AE004986E
:10108000806901B40598406901B40198009912F093
:10109000E9FC02B001B400F021F801B0052112F022
:1010A0006AFD08D0049801B40598406901B401981C
:1010B0000099816102B004F01DF911F067FC006A2B
:1010C00001B40598806901B406BC02B404B4FCF70D
:1010D000ECFE02B0002003B000BD000000B5019896
:1010E000012112F048FD04D00120019912F0BAFC50
:1010F00000E0019800BD0000022C0BDA00B511F0F1
:101100001CFD00F007F802B000BD7746009812F011
:1011100080FABE4600B50198406801B40298C068E4
:10112000039912F08FFC01B406BC02B404B4F3F7C7
:101130003AFA02B00198806801B40298406801B49C
:10114000F5F7F3FD01B001B406BC02B404B4F3F743
:10115000E0F902B0002000BD00B5002001B4FBF7AB
:101160007DF801B001986F467760D6F7B9FC6F46FD
:101170007760D5F725FE6F467760D5F743FF6F465A
:101180007760D6F7ADFC002800D008E0002001B45D
:10119000029801B4A12001B400F004F803B00020CB
:1011A00000BD000000B5002001B436486F467760EE
:1011B000D7F7BAFD01B4059801B46F467760D6F74A
:1011C00059FC002802D0009801B003E00098009874
:1011D00001B02D4801B4049801B4019801B40798F6
:1011E00001B4049801B400F011F805B001BC0090FE
:1011F000009801B000BD0000D4B001000000000064
:101200000512030000B5422000BD0000774600989B
:1012100012F00DFABE4600B501980299C16001981E
:1012200003990161049801B4029801B4F4F710FF26
:1012300002B0002000BD0000022C0BDA00B511F056
:101240007CFC00F007F802B000BD7746009812F071
:10125000D2F9BE4600B5019840686F467760D6F770
:101260003FFC6F467760D5F7ABFD6F467760D5F7EB
:10127000C9FE6F467760D6F733FC002806D065E0DC
:1012800030BB04005C7C0400F81103000198406846
:1012900001B40298C06801B40198009911F07BF87C
:1012A00002B06F467760D6F71BFC002811D001987A
:1012B000406801B40298C06801B40198009911F027
:1012C0006AF802B00346052001B408B400F0DFFC60
:1012D00002B001980299C1600198406801B4029877
:1012E000C06801B40198009911F055F802B06F463A
:1012F0007760D6F7F5FB002823D00120000237687D
:10130000385801B4242111F01BFB01B06F467760FF
:10131000D6F7E6FB002801D0032000E0012001B44D
:101320000298406801B40398C06801B4019800991C
:1013300011F031F802B00346009808B400F0A7FCA1
:1013400002B0019801B400F011F801B0002000BD16
:10135000012C0BDA00B511F037FB00F007F801B0F3
:1013600000BD7746009812F046F9BE4600B5002051
:1013700001B40298C06801B40398806801B4752173
:1013800011F07CFA01B001B411F00EFB6F467760EA
:10139000D5F74AFE02B012F0E2FB0090009801B4CB
:1013A0000398006901B4019800996F467760D6F7F9
:1013B00085FA02B001B46F467760D6F75BFB002870
:1013C00002D0009801B011E00098009801B0009898
:1013D000032112F047FB01B40398006901B401989E
:1013E00000996F467760D6F769FA02B06F4677606A
:1013F000D6F776FB002800D04CE0009801B40398A3
:10140000006901B40198009912F0C9FB02B00DD037
:10141000029801B401B401980069032112F012FB93
:1014200001B401980099016103B00CE0029801B485
:1014300001B401980069032112F014FB01B4019872
:101440000099016103B0029801B40398006901B4E6
:101450000498806801B4732111F010FA01B001B44E
:101460000598806801B4742111F008FA01B001B444
:101470000198009912F0E6FA02B001B401980099BF
:101480006F467760D6F7B4F802B001B401980099BE
:10149000416102B0002001B000BD0000D4B00100E5
:1014A00000000000A914030000B51B2000013768EC
:1014B00038586F467760D6F713FB002813D01B20EF
:1014C00000013768385801B400F06DFB01B000200E
:1014D0001B21090137687850422001B400F08EFCCE
:1014E00001B000F003F8002000BD000000B50020AE
:1014F00001B403F0FFFE0090732080003768385875
:1015000001B46F467760D6F7B5FA002802D100988B
:1015100001B010E00098009801B073208000376897
:10152000385801B411F08EF96F467760D5F78AFD0F
:1015300001B012F014FB6F467760D6F7D1FA00289D
:1015400012D0732080003768385801B411F07AF94E
:101550006F467760D5F782FD01B02F21C90037684B
:10156000785000F053FA10E02F20C0003768385848
:101570006F467760D6F7B4FA002806D000F046FA36
:1015800000202F21C900376878502F20C00037680D
:1015900038586F467760D6F7A3FA002801D000F0DC
:1015A0003DF81D200001376838586F467760D6F740
:1015B00097FA002815D00120BD496F467760D7F70C
:1015C00085FB01B40021019A6F467760D5F7B2FD23
:1015D00000981D2000013768385801B4EEF732FF3B
:1015E00002B0002001B000BDD4B001000000000036
:1015F000F5150300012C06DA00B511F0E5F900F04D
:1016000002F801B000BD00B5019801B4E86801B46A
:10161000019811F02EFF02B0002000BD00B500209F
:1016200001B400F0E7F9009000986F467760D6F7B4
:1016300057FA002808D09F4801B4019801B4EEF78A
:1016400001FF02B000F024F8002001B000BD00004E
:10165000D4B00100000000005D160300012C06DA82
:1016600000B511F0B1F900F002F801B000BD00B50D
:10167000422001B4029801B400F05FF902B04220A8
:1016800000BD0000D4B0010000000000911603006E
:1016900000B5002001B400F0ADF9009000986F464D
:1016A0007760D6F71DFA00281CD0009801B4019885
:1016B00001B411F0C7F86F467760D5F7C3FC01B0ED
:1016C00012F04DFA01B406BC02B4012001B404B416
:1016D000EEF794FC03B00346774801B408B4EEF784
:1016E000B1FE02B0002001B000BD0000D4B0010086
:1016F00000000000F9160300012C06DA00B511F015
:1017000063F900F002F801B000BD00B5019801B422
:1017100000F00DF801B0002000BD0000012C0BDA34
:1017200000B511F051F900F007F801B000BD77469F
:10173000009811F0AEFDBE4600B5002001B401B422
:1017400001B40498006A01B46F467760D6F792F945
:10175000002802D1009801B00EE00098009801B076
:101760000498006A11F071FF406901B401216F46CD
:101770007760D6F721FA01B06F467760D6F7B0F9F7
:1017800000280CD0049801B40598006A11F05DFFA0
:10179000806901B401980099016202B0D1E7049810
:1017A000C069052112F06EF901B46F467760D6F773
:1017B00061F9002802D1009801B010E0009800986B
:1017C00001B00498006A6F467760D6F789F96F46D2
:1017D0007760D5F7F5FA6F467760D5F713FC6F465B
:1017E0007760D6F77DF9002855D003F083FD00908F
:1017F00000986F467760D6F773F9002811D00098EB
:1018000011F0C4F8006901B4059801B411F0B8F8FA
:101810006F467760D6F720F902B06F467760D5F74C
:10182000F1FB00F0E7F80190019801B46F46776092
:10183000D6F720F9002802D1009801B00DE00098F9
:10184000009801B0019801B410F0FCFF6F4677607A
:10185000D5F7F8FB01B012F082F96F467760D6F742
:101860003FF900280ED0019801B4059801B411F099
:1018700087F86F467760D6F7EFF802B06F4677606B
:10188000D5F7C0FB0498406901B400216F4677602A
:10189000D6F7BAF801B00498006A0290029801B431
:1018A0006F467760D6F7E6F8002807D009E0000019
:1018B000E815030050160300EC160300009801B071
:1018C00006E00098009801B0029811F0BEFE806911
:1018D0006F467760D6F704F9002821D0029811F0FE
:1018E000B4FE806911F0B1FE4069012112F06BF97C
:1018F00010D0029801B4039811F0A7FE806911F08E
:10190000A4FE806901B40198009911F09EFE8161E6
:1019100002B004E0029811F098FE80690290BDE7E1
:10192000002003B000BD0000022C0BDA00B511F05E
:1019300004F900F007F802B000BD7746009811F0F6
:10194000A8FCBE4600B5029801B4029801B400F0AC
:1019500031F801B001B40198009912F098F902B081
:1019600018D002986F467760D6F7BAF8002805D0ED
:101970000198C069032112F092F804E00198C0694F
:10198000032112F099F801B4029802BCC1610198D8
:1019900001214162002000BD012C0BDA00B511F0DD
:1019A00013F800F007F801B000BD7746009811F079
:1019B00070FCBE4600B50198C069032112F062F8C0
:1019C0006F467760D6F78CF86F467760D5F7F8F9F1
:1019D0006F467760D5F716FB6F467760D6F780F8CD
:1019E0006F467760D5F7ECF96F467760D5F70AFB5D
:1019F00000BD000000B5002001B403F07BFC10F036
:101A0000C5FF806C0090009801B000BD00B50020BB
:101A100001B401B42B20C000376838586F46776096
:101A2000D6F75EF86F467760D5F7CAF96F467760EC
:101A3000D5F7E8FA6F467760D6F752F8002800D05D
:101A400054E02B20C0003768385801B410F0FAFE7B
:101A50006F467760D5F702FB01B0009000986F46A3
:101A60007760D6F73DF86F467760D5F7A9F96F46EE
:101A70007760D5F7C7FA6F467760D6F731F8002858
:101A800000D033E0009801B4FDF7CBFF01B02B206C
:101A9000C0003768385801B42B20C0003768385868
:101AA00001B410F0CFFE6F467760D5F7CBFA01B0E6
:101AB00012F055F8032111F0D5FF01B401980099F7
:101AC00010F069FC02B0019001986F467760D6F77C
:101AD00007F8002805D0019801B400F014F801B00F
:101AE00004E000202B21C90037687850002002B0A4
:101AF00000BD0000012C0BDA00B510F065FF00F00E
:101B000007F801B000BD7746009811F088FABE468C
:101B100000B5002001B401B401B400200090049885
:101B20004068019001200290029801B402986F462B
:101B30007760D5F787FA12F012F801B4019800998E
:101B40006F467760D6F724F802B0002818D00198C5
:101B500001B4039811F0F9FF01B4019800996F46A0
:101B60007760D5F77FFA02B00090009801B4F1F7E2
:101B700036FF01B00298032111F064FF0290D3E711
:101B800000200190049801B4FDF750FA01B0002044
:101B900003B000BD012C0BDA00B510F015FF00F00A
:101BA00007F801B000BD7746009811F024FDBE464D
:101BB00000B5019840686F467760D5F791FF00281F
:101BC0000BD0019840680346C54801B408B4EEF74D
:101BD00039FC02B0019800214160002000BD0000E6
:101BE000D4B0010000000000ED1B0300012C06DA58
:101BF00000B510F0E9FE00F002F801B000BD00B53C
:101C0000019801B400F00DF801B0002000BD000003
:101C1000012C0BDA00B510F0D7FE00F007F801B088
:101C200000BD7746009811F0F4FCBE4600B501985F
:101C300040686F467760D5F753FF00281BD00198A6
:101C400040680346002001B4002001B408B4F4F752
:101C5000B0FA03B0019880680346002001B4002068
:101C600001B408B4F4F7A5FA03B00198002141606B
:101C7000019800218160002000BD0000022C0BDAD9
:101C800000B510F05AFF00F007F802B000BD77462B
:101C9000009811F0BEFCBE4600B50198006902999B
:101CA00011F0CDFF00D007E0019802990161019881
:101CB00001B400F011F801B0002000BD012C0BDAD6
:101CC00000B510F081FE00F007F801B000BD7746C6
:101CD000009811F09EFCBE4600B5019840696F4621
:101CE0007760D5F7FDFE6F467760D5F769F86F46E8
:101CF0007760D5F787F96F467760D5F7F1FE002852
:101D000000D079E00198006901B4014605206F46D2
:101D10007760D5F777FE002801D001B015E00120EB
:101D200000996F467760D5F76DFE002801D001B0AD
:101D30001DE0032000996F467760D5F763FE002809
:101D400001D001B027E001BC36E00198406801B441
:101D50000298406901B45D2110F090FD01B001B41A
:101D600006BC02B404B4F3F734FF02B024E00198D7
:101D7000406801B40298406901B40121090283312D
:101D800010F07CFD01B001B406BC02B404B4F3F75A
:101D900020FF02B010E00198406801B40298406949
:101DA00001B44A2110F06AFD01B001B406BC02B4CE
:101DB00004B4F3F70EFF02B00198806801B40298F2
:101DC000406801B4F4F76FFF01B001B406BC02B47F
:101DD00004B4F2F74EFC02B00198806801B4029896
:101DE000406801B4F4F7A1FF01B001B406BC02B42D
:101DF00004B4F2F78EFB02B0002000BD00B50198DC
:101E00006F21890037687850002000BD032C0BDA61
:101E100000B510F09BFF00F007F803B000BD774657
:101E2000009811F0F6FBBE4600B501980399C16019
:101E3000019840680346029801B408B4F2F763FCC5
:101E400002B0019840680346039801B408B4F2F761
:101E5000AAFB02B00198806801B40298406801B4FE
:101E6000F4F721FF01B001B406BC02B404B4F2F7E8
:101E700000FC02B00198806801B40298406801B487
:101E8000F4F753FF01B001B406BC02B404B4F2F796
:101E900040FB02B0002000BD022C0BDA00B510F0B0
:101EA0004CFE00F007F802B000BD7746009811F034
:101EB000B0FBBE4600B5019802994161019801B49A
:101EC000FFF70AFF01B0002000BD0000012C0EDA70
:101ED00000B510F079FD00F00AF801B000BD000077
:101EE000E01B03007746009811F093FBBE4600B557
:101EF000019840696F467760D5F7F2FD002807D05A
:101F00000198406901B45D2110F0B8FC01B001E016
:101F10003768F86C01B4029801B4002001B402984B
:101F200001B4F4F78DFF02B00027019701B40198C6
:101F30000099416003B0019840680346032001B452
:101F400008B401210902ED3110F052FD02B00198F0
:101F500001B4029880690346002001B408B4F4F784
:101F60006FFF02B001B401980099816002B001983E
:101F700080680346052001B408B401210902ED314F
:101F800010F036FD02B0019805210161002000BD6E
:101F9000D4B00100000000009D1F030000B5002028
:101FA00001B46F467760D5F743F80090CA486F4692
:101FB0007760D6F7B9FE01B4C84801B4C84801B487
:101FC0003768786E01B4039801B401F0ADF904B03C
:101FD000019801B4019801B410F0D2FC6F4677600B
:101FE000D5F736F803B0BC486F467760D6F79CFE4D
:101FF00001B4BC4801B4BC4801B43768B86D01B441
:10200000039801B401F090F904B0019801B401986B
:1020100001B410F0B5FC6F467760D5F719F803B03E
:102020006F467760DDF764F911F099FD6F467760D0
:10203000D5F756FD002839D0A7486F467760D6F708
:1020400073FE01B4A94801B4A94801B43768F86D1A
:1020500001B4039801B401F067F904B0019801B428
:10206000019801B410F08CFC6F467760D4F7F0FF54
:1020700003B099486F467760D6F756FE01B49D4885
:1020800001B49D4801B43768386F01B4039801B4B6
:1020900001F04AF904B0019801B4019801B410F0BC
:1020A0006FFC6F467760D4F7D3FF03B08A486F4662
:1020B0007760D6F739FE01B4904801B4904801B476
:1020C0003768786F01B4039801B401F02DF904B0BA
:1020D000019801B4019801B410F052FC6F4677608A
:1020E000D4F7B6FF03B07C486F467760D6F71CFE86
:1020F00001B4844801B4844801B43768F86E01B46F
:10210000039801B401F010F904B0019801B40198EA
:1021100001B410F035FC6F467760D4F799FF03B037
:102120006D486F467760D6F7FFFD01B4774801B47C
:10213000774801B43768B86E01B4039801B401F070
:10214000F3F804B0019801B4019801B410F018FC40
:102150006F467760D4F77CFF03B075208000376846
:1021600038586F467760D5F7BBFC00280AD0752039
:1021700080003768385801B4019801B400F004F9C0
:1021800002B0009054486F467760D6F7CDFD01B499
:10219000604801B4604801B43768386E01B40398F0
:1021A00001B401F0C1F804B0019801B4019801B480
:1021B00010F0E6FB6F467760D4F74AFF03B0009853
:1021C00001B000BDD4B0010000000000D121030027
:1021D00000B501F085F801B410F0C4FB4F486F461C
:1021E0007760D4F787FC01B001B410F0A3FB4C4931
:1021F0006F467760D4F77EFC01B000BDD4B001001B
:10220000000000000922030000B501F069F801B4E4
:1022100010F0A8FB43486F467760D4F76BFC01B021
:1022200001B410F087FB3E496F467760D4F762FC3B
:1022300001B000BDD4B00100000000004122030045
:1022400000B5772080003768385801B410F08AFB59
:1022500035486F467760D4F74DFC01B001B410F0FB
:1022600069FB2F496F467760D4F744FC01B000BD8D
:10227000D4B00100000000007D22030000B57720EB
:1022800080003768385801B410F06CFB27486F465F
:102290007760D4F72FFC01B001B410F04BFB20495C
:1022A0006F467760D4F726FC01B000BDD4B00100C2
:1022B00000000000B922030000B55F2080003768ED
:1022C00038586F467760D5F70BFC002801D01848C6
:1022D00000E0184800BD0000707B0400803203005D
:1022E000C4210300A42D0300FC2103007C2D030066
:1022F0003422030048270300702203009C260300B9
:10230000AC220300B024030038230300942403000C
:10231000602303009C14030074230300D8B404005A
:1023200010B40400ECB4040000B5040018B50400B7
:1023300030B5040044B50400D4B001000000000032
:102340004523030000B500F08BF96F467760D5F7A1
:10235000C7FB002801D0BC4800E0BC4800BD00001D
:10236000D4B00100000000006D23030000B5B848A0
:1023700000BD0000D4B00100000000008123030074
:1023800000B5B44800BD000000B5002001B401B4A0
:1023900001B401B401B401B401B46F467760D4F75D
:1023A00047FE0090002001900898029001200390C1
:1023B000039801B403986F467760D4F743FE11F099
:1023C000CEFB01B4019800996F467760D5F7E0FB2A
:1023D00002B000281ED0029801B4049811F0B5FB99
:1023E00001B4019800996F467760D4F73BFE02B0C4
:1023F0000190009801B4029801B410F0C1FA6F4640
:102400007760D4F725FE02B00398032111F01AFB80
:102410000390CDE7002002900020049009980590D9
:1024200001200690069801B406986F467760D4F7AD
:1024300009FE11F094FB01B4019800996F46776092
:10244000D5F7A6FB02B000281ED0059801B4079866
:1024500011F07BFB01B4019800996F467760D4F7C7
:1024600001FE02B00490009801B4059801B410F088
:1024700087FA6F467760D4F7EBFD02B00698032128
:1024800011F0E0FA0690CDE700200590009807B023
:1024900000BD0000D4B0010000000000A124030032
:1024A00000B56F467760D7F79DFE002000BD0000A5
:1024B000D4B0010000000000BD24030000B500F00E
:1024C000CFF86F467760D5F70BFB002807D00020C8
:1024D00001B40A2001B400F073F802B00BE0002050
:1024E00001B4422001B400F06BF802B05A4801B4C4
:1024F00000F004F801B0002000BD000000B5019814
:1025000001B4032001B400F003F802B0002000BDC4
:1025100000B5002001B401B403983B21C90037681D
:10252000795811F028FB00D047E0292001B4059824
:1025300001B4EDF79FFB02B00090009801B410F0D9
:10254000F9F946496F467760D4F7D4FA01B00090A4
:1025500001200190019801B471208000376838583B
:1025600001B410F06FF96F467760D4F76BFD01B0DE
:1025700011F0F5FA01B40198009911F0FCFA02B0DB
:102580001BD0712080003768385801B4029801B41C
:10259000019800990FF0FFFE02B0034608B40198BD
:1025A00001B4059801B4029810F094FB03B00198AF
:1025B000032111F047FA0190CCE7002002B000BDE2
:1025C00000B5019801B469208000376838586F461B
:1025D0007760D5F785FA6F467760D4F7F1FB6F46E1
:1025E0007760D4F70FFD6F467760D5F779FA6F46BD
:1025F0007760D4F7E5FB6F467760D4F703FD01B44D
:102600000198009911F02FFB02B010D001986F468D
:102610007760D5F765FA002804D06F467760D4F765
:1026200007FD00E000206921890037687850029892
:10263000002111F02CFB04D002986B21890037682F
:102640007850002000BD000058B504006CB50400AF
:1026500080B504008CB50400C8B40400B8B0040010
:1026600000B569208000376838586F467760D5F725
:1026700037FA6F467760D4F7A3FB6F467760D4F7DD
:10268000C1FC6F467760D5F72BFA6F467760D4F7B9
:1026900097FB6F467760D4F7B5FC00BDD4B001005E
:1026A00000000000A926030000B55F208000376805
:1026B00038586F467760D5F713FA6F467760D4F7CE
:1026C0007FFB6F467760D4F79DFC5F2189003768F8
:1026D00078505F208000376838586F467760D5F7AC
:1026E000FFF96F467760D4F76BFB6F467760D4F7DE
:1026F00089FC01B46F467760D5F7BCF9002802D198
:10270000009801B006E00098009801B00320C001D5
:10271000376838586F467760D5F7E2F9002810D04F
:102720000320C0013768385801B46F467760D4F78A
:10273000A1F901B406BC04B402B4019810F099FEEA
:1027400002B0002000BD0000D4B001000000000075
:102750005527030000B577208000376838580B21D3
:1027600011F070F901B400F003F801B0002000BDD1
:1027700000B5019801B484203768385801B400F0DE
:10278000DBFA02B0772080003768385801B4C148BE
:1027900001B400F003F802B0002000BD00B56F46A0
:1027A0007760D4F745FC01B401B4049801B40198F2
:1027B00000996F467760D4F74BFC02B0029801B4E1
:1027C000019801B400F00CF801B00027019701B4A2
:1027D00006BC02B404B4F8F7C3F903B0002000BD8E
:1027E00000B5002001B401B401B401B401B401B4D6
:1027F00001B401B4012000900020019009980290DA
:1028000001200390039801B403986F467760D4F7D2
:1028100019FC11F0A4F901B4019800996F46776092
:10282000D5F7B6F902B0002825D0029801B4049873
:1028300011F08BF901B4019800996F467760D4F7D5
:1028400011FC02B00190009801B4029801B4029802
:1028500001B4062001B400F061F803B001B401989E
:10286000009911F0EFF802B000900398032111F0E5
:10287000E9F80390C6E700200290009801B40FF039
:10288000B8FF6F467760D3F771FA01B0049001206A
:102890000090002005900998069001200790079865
:1028A00001B407986F467760D4F7CCFB11F057F965
:1028B00001B4019800996F467760D5F769F902B0C5
:1028C000002825D0069801B4089811F03EF901B40B
:1028D000019800996F467760D4F7C4FB02B0059069
:1028E000009801B4069801B4029801B4079801B4A5
:1028F00000F014F803B001B40198009911F0A2F8A7
:1029000002B000900798032111F09CF80790C6E7E9
:1029100000200690049808B000BD000000B500201B
:1029200001B401B40120000297300090059801B471
:10293000069801B4012111F0CDF801B001B401985D
:1029400000996F467760D5F75FF802B001B46F4623
:102950007760D5F78FF8002802D0009801B012E018
:102960000098009801B0059801B4069801B40121BF
:1029700011F0C6F801B001B4019800996F46776074
:10298000D5F742F802B06F467760D5F7A9F800286E
:1029900072D0059801B400993D2040426F4677609F
:1029A000D5F70AF901B001B46F467760D5F762F840
:1029B000002802D1009801B00AE00098009801B008
:1029C000059801B4FF216F467760D5F7F5F801B09F
:1029D0006F467760D5F784F8002814D003986F46C7
:1029E0007760D5F77DF800280AD0039801B40598E0
:1029F00001B4079801B410F036FE0FF0F2FC03B0FA
:102A0000032072E038E00120059911F0DCF81AD0BB
:102A1000059801210902FF3111F0D5F804D00120F9
:102A20000002993000900DE005981B4911F0CBF899
:102A300004D0012000029B30009003E0012000023E
:102A40009D30009018E0FD204042059911F0BBF840
:102A500004D001200002A13000900DE00F4805993C
:102A600011F0B1F804D001200002A330009003E07F
:102A700001200002A5300090009801B400F0F0F8A9
:102A800001B0019003986F467760D5F729F80028C8
:102A900006D122E0B4B40400FFFF01000300FFFFF1
:102AA000039801B4059801B4029801B410F0DBFD5D
:102AB0000FF097FC03B0039801B4029801B4069894
:102AC000032110F0BFFF01B4089801B410F0D6FD47
:102AD0006F467760D3F704FA04B0019801B400F0B0
:102AE00007F801B0032110F0ADFF02B000BD0000F7
:102AF00000B5019801B400F003F801B000BD00007A
:102B000000B5019801B4014603206F467760D4F701
:102B100079FF002801D001B097E0052000996F46A9
:102B20007760D4F76FFF002801D001B08DE00D2051
:102B300000996F467760D4F765FF002801D001B097
:102B400083E00F2000996F467760D4F75BFF002881
:102B500001D001B079E0072000996F467760D4F783
:102B600051FF002801D001B071E0092000996F46A3
:102B70007760D4F747FF002801D001B067E011204B
:102B800000996F467760D4F73DFF002801D001B06F
:102B90005DE0132000996F467760D4F733FF00287B
:102BA00001D001B053E00B2000996F467760D4F755
:102BB00029FF002801D001B04BE0152000996F4695
:102BC0007760D4F71FFF002801D001B041E0192041
:102BD00000996F467760D4F715FF002801D001B047
:102BE00037E0172000996F467760D4F70BFF002875
:102BF00001D001B02DE01F2000996F467760D4F717
:102C000001FF002801D001B023E01B2000996F468E
:102C10007760D4F7F7FE002801D001B019E0212039
:102C200000996F467760D4F7EDFE002801D001B01F
:102C300011E01D2000996F467760D4F7E3FE00286D
:102C400001D001B007E001BC07E0032006E0052049
:102C500004E0092002E0112000E0012000BD000096
:102C600000B5019801B401460120000297306F467B
:102C70007760D4F7C7FE002801D001B049E00120F9
:102C80000002993000996F467760D4F7BBFE0028A8
:102C900001D001B03FE0012000029B3000996F4657
:102CA0007760D4F7AFFE002801D001B035E00120F5
:102CB00000029D3000996F467760D4F7A3FE00288C
:102CC00001D001B02BE001200002A13000996F4635
:102CD0007760D4F797FE002801D001B021E00120F1
:102CE0000002A33000996F467760D4F78BFE00286E
:102CF00001D001B017E001200002A53000996F4615
:102D00007760D4F77FFE002801D001B00DE001BC50
:102D10000DE021200EE00F200CE013200AE0192026
:102D200008E00D2006E0112004E0152002E0062056
:102D300000E0002000BD000000B50298012110F065
:102D4000AEFE01B4C92001B4152001B4F3F78EFD25
:102D500003B0029002987721890037687850772075
:102D600080003768385801B40FF043FD6F46776034
:102D7000DCF7D0FA01B0002000BD0000D4B00100A3
:102D800000000000892D030000B57720800037681F
:102D900038580B2110F066FE01B4FFF7E9FC01B0D2
:102DA000002000BDD4B0010000000000B12D0300E0
:102DB00000B5002001B401B401B400F091FA009014
:102DC000009801B441216F467760D4F753FC01B0FD
:102DD00001900098412110F035FE019910F042FE5B
:102DE0000290029801B400F005F801B0002003B091
:102DF00000BD000000B5019801B400F019FA01B05F
:102E000003200002E93001B403200002713001B454
:102E100000F00AF802B0019801B4AF4801B4FFF71E
:102E2000BDFC02B0002000BD00B5002001B46F461B
:102E30007760D4F775F901B401B405996F467760EE
:102E4000D4F76CF901B001BC039003986F4677602A
:102E5000D4F762F9012110F0DEFE05D003989F49F6
:102E60006F467760D4F75AF903986F467760D4F7C6
:102E700053F90F210902A13110F0A5FE19D00298D3
:102E800001B404986F467760D4F746F901B406BCE4
:102E900002B404B4012001B400F0E0F803B00398D8
:102EA0006F467760D4F738F901B402F03DFB01B00A
:102EB00030E00F20400137683858032110F0C2FD80
:102EC00001B40F2149013768785001BC00900320FC
:102ED00083496F467760D5F7F9FE01B40021019A66
:102EE0006F467760D4F726F900980121049A6F465F
:102EF0007760D4F71FF900980221039A6F46776034
:102F0000D4F718F900980FF06FFC6F467760D3F78D
:102F1000A5F801B0002001B000BD0000D4B0010050
:102F200000000000292F030000B5002001B401B407
:102F300001B401B46F467760D3F780F810F00FFE4C
:102F40000090E86801B40F2040013768385801B498
:102F5000019800996F467760D4F756FD02B001B42E
:102F60006F467760D4F786FD002802D1009801B043
:102F70000EE00098009801B028696F467760D4F79A
:102F8000CBF801B401216F467760D4F749FE01B058
:102F90006F467760D4F7A4FD00285CD06F46776059
:102FA000D3F74CF810F0DBFD01900098019910F078
:102FB00059FD029028696F467760D4F7ADF8034653
:102FC00003200002E93001B408B4ECF737FA02B08C
:102FD0000390286901B428696F467760D4F79CF89C
:102FE000049910F03FFD01B4019800996F46776095
:102FF000D4F794F802B00098039910F023FD0090E4
:103000000298032110F02EFD0346039801B468696D
:1030100001B408B400F022F803B028696F46776065
:10302000D4F77AF8012110F0F6FD08D00298039940
:1030300010F008FD01B402F077FA01B00AE002983E
:10304000039910F0FFFCC92110F00CFD01B402F04F
:103050006BFA01B075E7002004B000BD00B5002098
:1030600001B40C206F467760D2F780FE0090009884
:1030700001B4059801B4059801B400F031F901B428
:103080001EBC039801B402B404B4072001B40120AB
:103090000002FF3001B401200002FF3001B408B487
:1030A000012001B410B400F00FF809B0029801B487
:1030B000019801B410F0F9FA6F467760D7F702FF74
:1030C00002B0002001B000BD00B50398012110F04E
:1030D00066FD07D19CE00000A4B4040001B84C0ACE
:1030E0001C2F0300019801B4039801B4089801B49F
:1030F00010F0E8FA02216F467760D2F7F1FE03B0D4
:10310000019801B40398032110F09CFC01B410F065
:103110006AF9022101236F467760D2F7E1FE02B01F
:10312000019801B40398052110F08CFC01B40998B2
:1031300001B410F0C7FA04216F467760D2F7D0FED1
:1031400003B0019801B40398092110F07BFC01B48D
:10315000059801B410F0B6FA04216F467760D2F7F3
:10316000BFFE03B0019801B403980D2110F06AFC72
:1031700001B4069801B40B9801B4019800996F4608
:103180007760D4F735FA02B001B40D2110F0CCFC11
:1031900001B001B410F096FA04216F467760D2F7BF
:1031A0009FFE03B0019801B40398112110F04AFC6E
:1031B00001B4079801B40B9801B4019800996F46C7
:1031C0007760D4F715FA02B001B40D2110F0ACFC11
:1031D00001B001B410F076FA04216F467760D2F79F
:1031E0007FFE03B0019801B40398152110F02AFC6A
:1031F00001B40B9801B410F065FA04216F467760B2
:10320000D2F76EFE03B00298192110F01BFC029059
:10321000019801B4039801B410F0E5F802210123EC
:103220006F467760D2F75CFE02B0029800BD0000E6
:1032300000B50198012110F032FC01B40120000218
:10324000FF3001B4012001B4F3F710FB03B0792182
:103250008900376878507920800037683858012114
:1032600010F09DFC01D0032000E0012001B40FF01C
:10327000C0FA6F467760D7F7BBFD01B0002000BDF4
:10328000D4B00100000000008D32030000B5002022
:1032900001B401B401B400F023F80090009801B427
:1032A00041216F467760D4F7E5F901B001900198AC
:1032B0006F467760D4F714FC002801D0019800E035
:1032C000412001B4019802BC10F0CCFB029002989E
:1032D00001B4FFF78FFD01B0002003B000BD000076
:1032E00000B500F005F8792080003768385800BD37
:1032F00000B57920800037683858062110F09FFC0F
:1033000010D0012079218900376878503B20802136
:103310006F467760D3F7C2FE10F021FC01B4FFF7CF
:1033200087FF01B0002000BD7746009810F071F9CA
:10333000BE4600B501980299816101980399C16167
:10334000019804990162002000BD000077460098B2
:1033500010F051F9BE4600B501980299C161039879
:1033600001B46F467760D4F785FB002802D000983F
:1033700001B019E00098009801B03768F86C01B40A
:103380000FF073FA6F467760D8F7B4F901B010F018
:10339000E6FB0346002001B4002001B4072001B47D
:1033A00008B400F011F804B001B4029802BC8160C6
:1033B0000198012101610198012181610198012198
:1033C0004161002000BD000000B5002001B4842050
:1033D0003768385801B40FF048FA6F467760D8F76D
:1033E00089F901B010F0BBFB01B40398049910F007
:1033F00029FB01B40FF0D8FA6F467760D3F714FEBB
:1034000002B010F0ACFB0090049801B46F467760F6
:10341000D4F730FB002802D0009801B006E00098F5
:10342000009801B04F208000376838580490059804
:1034300001B46F467760D4F71DFB002802D00098D6
:1034400001B007E00098009801B0049801B400F0C2
:10345000C7F801B005906F467760D3F793FE01B4CB
:103460007321049A6F467760D3F712FF0098742196
:10347000039A6F467760D3F70BFF00987521019A86
:103480006F467760D3F704FF84203768385801B45B
:103490000FF0EBF96F467760D8F72CF901B010F018
:1034A0005EFB01B4029801B4059801B4019800993B
:1034B0006F467760D4F79CF802B001B403980321FB
:1034C00010F0D0FA01B4079801B4019800996F4642
:1034D0007760D4F78DF802B001B40198009910F02C
:1034E000B1FA02B001B40198009910F0BBFA02B031
:1034F00001B4032110F018FB01B00246009801212D
:10350000090243316F467760D3F7C2FE0098EF217E
:10351000059A6F467760D3F7BBFE0098E221069AC2
:103520006F467760D3F7B4FE069801B47A210FF0A6
:10353000A5F901B0052110F085FA049910F082FA7E
:103540000246009876216F467760D3F7A1FE84206B
:103550003768385801B40FF088F96F467760D8F7AC
:10356000CDF801B010F0FBFA01B4069801B47A214D
:103570000FF084F901B001B40198009910F072FACB
:1035800002B0052110F06EFA02460098F0216F4655
:103590007760D3F77DFE0098E321BA4A6F467760E3
:1035A000D3F776FE009801210902833137683A6D1E
:1035B0006F467760D3F76CFE00984A2137687A6DC2
:1035C0006F467760D3F764FE00985D213768FA6C28
:1035D0006F467760D3F75CFE01BC01B000BD000010
:1035E00000B5052001B4029801B4F8F70DFC02B053
:1035F00000BD000000B5002001B401F07BFE00908A
:1036000000F0A8F800F072F873208000376838588E
:103610006F467760D4F764FA6F467760D3F7D0FBD4
:103620006F467760D3F7EEFC6F467760D4F758FAB1
:10363000002807D06F467760D3F7FAFC7321890022
:1036400037687850732080003768385801B42F20CD
:10365000C0003768385801B40FF092F96F467760B0
:10366000D3F7F6FC02B0422001B4F8F7F7FD01B041
:103670003D20C000376838586F467760D4F730FA7D
:10368000002815D0012080496F467760D5F71EFBD2
:1036900001B40021019A6F467760D3F74BFD009883
:1036A0003D20C0003768385801B4ECF7CBFE02B0BB
:1036B000002001B000BD0000D4B0010000000000F7
:1036C000C5360300012C06DA00B50FF07DF900F0D5
:1036D00002F801B000BD00B5019801B4E86801B47A
:1036E00001980FF0C6FE02B0002000BD00B500201A
:1036F00001B4FEF77FF9009000986F467760D4F729
:10370000EFF9002808D0614801B4019801B4ECF742
:1037100099FE02B0FDF7BCFF002001B000BD000023
:10372000D4B00100000000002D370300012C06DAA0
:1037300000B50FF049F900F002F801B000BD00B586
:103740000A2001B4029801B4FEF7F7F802B00A208B
:1037500000BD000000B5002001B4FEF74BF9009059
:1037600000986F467760D4F7BBF9002808D0484826
:1037700001B4019801B4ECF765FE02B0FDF788FFD3
:10378000002001B000BD0000D4B001000000000026
:1037900095370300012C06DA00B50FF015F900F09B
:1037A00002F801B000BD00B5019801B400F00DF8B9
:1037B00001B0002000BD0000012C0BDA00B50FF0B5
:1037C00003F900F007F801B000BD774600980FF04C
:1037D00060FDBE4600B5019800210162002000BDD9
:1037E00000B5002001B42B4801B400F013F801B07B
:1037F00000900098002110F04AFA08D0009801B417
:1038000084203768385801B4FFF796FA02B00020D8
:1038100001B000BD00B5002001B401B4039801B4AB
:103820000FF088F86F467760DCF710FD01B000906C
:1038300000986F467760D4F753F96F467760D3F7F7
:10384000BFFA6F467760D3F7DDFB6F467760D4F73A
:1038500047F9002802D0002043E041E0012001B4F4
:10386000019801B400F040F802B00190019801B451
:103870006F467760D4F7FEF800280DD1009801B0AC
:103880001FE0000098B50400B8360300203703009D
:1038900088370300B4B404000098009801B0019880
:1038A00001B40EF0CFFF6F467760D3F7CBFB01B0CA
:1038B00010F055F901B403216F467760D4F7A0F9F1
:1038C00001B06F467760D4F70BF9002806D0019855
:1038D00001B401210EF05FFD01B002E0002000E024
:1038E000002002B000BD000000B5002001B401B40A
:1038F00001B46F467760D3F79BFB0090059801B445
:10390000059801B40EF08BFF6F467760D2F73EF951
:1039100001B010F024F901B40198009910F02BF9CE
:1039200002B000D197E0059801B4032110F08AF8A5
:103930000690059801B4019801B4019800990EF021
:1039400001FD03B001B4FFF78BF901B001900198BC
:10395000062110F074F943D0049801B406980321AD
:1039600010F080F801B40FF03EFD06216F4677603D
:10397000D2F754FB02B00290029801B400993D20A6
:1039800040426F467760D4F717F901B001B46F4633
:103990007760D4F76FF8002802D1009801B00AE0F0
:1039A0000098009801B0029801B4FF216F4677603B
:1039B000D4F702F901B06F467760D4F791F8002888
:1039C0000BD0009801B4039801B40EF0D9FF6F46F4
:1039D0007760D3F73DFB02B001E006203CE024E035
:1039E000009801B4059801B4039801B4089801B493
:1039F0000FF006FD6F467760D2F710FB03B001B4FD
:103A00000EF0BEFF6F467760D3F722FB02B0059839
:103A100001B4029801B4FFF76BF801B001B401984A
:103A2000009910F00FF802B00590049801B40698C0
:103A300001B4019800990EF085FC02B00121090241
:103A4000833110F0FCF805D0059803210FF0FAFF40
:103A50000590EAE752E7009803B000BD00B50020EA
:103A600001B4C44801B4FFF7D5FE01B0009000983E
:103A7000002110F00CF904D0009801B4FFF7D8FB36
:103A800001B0002001B000BD774600980FF029FE7C
:103A9000BE4600B5019801B400F012F801B0002054
:103AA00000BD0000012C0BDA00B50EF08DFF00F018
:103AB00007F801B000BD774600980FF012FEBE4631
:103AC00000B501980121416001987B218900376888
:103AD0007958816001981F21090137687958C160C0
:103AE000019801B47D2080003768385801B400F097
:103AF0003FF801B001B401980099416102B001980A
:103B000001B43F20C0003768385801B400F030F8E5
:103B100001B001B401980099016102B001980A2135
:103B2000C16101980A21816101989349016201985C
:103B30009249416201989249816201980A21C162C9
:103B400001980A21016301980A21416301980A2121
:103B50008163002000BD0000774600980FF0CFFD84
:103B6000BE4600B5019802994160002000BD0000EA
:103B700000B584486F467760D5F7D6F801B402984F
:103B800001B4019801B400F003F802B001BC00BD1B
:103B9000774600980FF0C1FDBE4600B50198029926
:103BA00081600020002000BDD4B0010000000000B2
:103BB000B53B0300022C06DA00B50EF0BEFF00F0A4
:103BC00002F802B000BD00B5002001B401B401B498
:103BD00001B401B4069801B40EF047FE6F46776059
:103BE000D7F788FD01B00FF0BAFF01B4079801B410
:103BF0000EF03BFE6F467760D7F780FD01B00FF007
:103C0000AEFF01B4019800996F467760D3F7F0FCDE
:103C100002B001B40B210FF087FF01B0009001202A
:103C20000190019800990FF0A6FF6DD0079801B49C
:103C3000079801B40EF019FE6F467760D7F75AFD6A
:103C400001B00FF08CFF03210FF00CFF01B406BC94
:103C500002B4012001B404B4F2F723FE03B00290D1
:103C6000079801B4079801B40EF0FFFD6F46776026
:103C7000D7F744FD01B00FF072FF07210FF0F2FEFD
:103C800001B406BC02B4012001B404B4F2F709FE89
:103C900003B00390069801B4039801B4059801B4E9
:103CA0000FF0C5F86F467760D7F764FD03B00FF0EB
:103CB00056FF0490069801B4039801B405980321B7
:103CC0000FF0C0FE01B4079801B40FF0A9FA6F46D7
:103CD0007760D7F731FD04B0069801B4039801B4BA
:103CE000059805210FF0AEFE01B4079801B40FF05E
:103CF00097FA6F467760D7F71FFD04B0019803214C
:103D00000FF0A0FE01908CE7002005B000BD000080
:103D1000D4B00100000000001D3D0300022C06DAB3
:103D200000B50EF00AFF00F002F802B000BD00B5C9
:103D3000002001B414486F467760D4F7F5FF01B452
:103D4000039801B401210902DB310EF097FD01B0A7
:103D50006F467760D3F7C4FE002808D0039801B4FB
:103D600001210902DB310EF089FD01B00EE02120B6
:103D70000CE00000A4B404006CB404007CB40400A3
:103D800094B40400C47D0400B481040001B4212073
:103D900001B4019801B4039801B400F033FF04B0FA
:103DA00001BC00903D2001B4019801B400F015FF62
:103DB00002B0C5486F467760D4F7B6FF01B40198EA
:103DC00001B4059801B4059801B4039801B400F05A
:103DD00005F804B001BC01B000BD000077460098B2
:103DE0000FF057FABE4600B5002001B401B401201F
:103DF00001B4049801B4F2F72BF902B000F020FBF3
:103E0000FDF7F8FD0090009801B40EF01BFD6F4621
:103E10007760D3F717F901B00FF0A1FE7F21890079
:103E2000376879580FF0E3FE14D0009801B400F021
:103E300079FA01B0009801B400F068FA01B001907D
:103E4000019801B4FFF7C1FC01B0019801B400F082
:103E50003CFA01B003980121C161059801B40498AE
:103E600001B400F00BFA02B0012001B4012001B44A
:103E7000059801B400F0D8F903B0049801B404988F
:103E800001B400F0BDF902B00398002181610398EC
:103E90000121016103980121C160069801B46F46B8
:103EA0007760D3F7E7FD002802D0009801B006E064
:103EB0000098009801B0012040023768385801B4DA
:103EC000049801B400F080F902B0009801B404989D
:103ED00001B40EF055FD6F467760D3F7B9F802B024
:103EE000422001B4049801B4FDF72CFD02B000207B
:103EF00002B000BD774600980FF01DFCBE4600B52D
:103F0000002000F099F8029801B4029801B400F082
:103F100069FE02B0049801B4049801B4039801B496
:103F200000F012F803B0002000BD0000032C0BDAF3
:103F300000B50EF00BFF00F007F803B000BD7746A8
:103F400000980FF0F8FBBE4600B5019801B4039845
:103F500001B4059801B403210FF0E6FD01B001B4EE
:103F6000019800990FF07EFD02B001B400F034F822
:103F700001B001B4812080003768385801B401983D
:103F800000996F467760D3F75FFB02B001210FF015
:103F900086FD01B401980099816002B0019801B4D6
:103FA000049801B400F018F801B001B48120800039
:103FB0003768385801B4019800996F467760D3F795
:103FC00043FB02B001210FF06AFD01B40198009992
:103FD000C16002B0002000BD00B5019801210FF0C2
:103FE000CAFD15D0019801B4FDF778F801B001B40D
:103FF00002210902D1316F467760D3F73BFB01B054
:10400000014602200002D1300FF02CFD01900AE0A1
:10401000019801B402210902D1316F467760D3F7CC
:1040200029FB01B00190019801B428496F467760DF
:10403000D3F7DEFA01B000BD00B54120C0003768FB
:1040400038586F467760D3F74BFD6F467760D2F7ED
:10405000B7FE6F467760D2F7D5FF6F467760D3F72C
:104060003FFD002811D0C92001B400F05BF801B079
:104070004121C90037687850C92001B400F008F820
:1040800001B08321890037687850002000BD00000E
:1040900000B5002001B401B401B46F467760D2F7D7
:1040A000C7FF0090049801B4009909486F467760F3
:1040B000D3F7CAFA01B00190012002900298049946
:1040C0000FF059FD06D12AE05867040054BB0400E4
:1040D00048BB0400009801B4039801B4039801B4EC
:1040E000019800996F467760D3F782FA02B001B465
:1040F0006F467760D5F7ECF801B001B400F024FF0B
:1041000001B001B40EF03CFC6F467760D2F7A0FF1F
:1041100002B0029803210FF095FC0290CEE70098C0
:1041200003B000BD00B5002001B401B401B46F4676
:104130007760D2F77DFF0090049801B40099BC48E5
:104140006F467760D3F780FA01B0019001200290AA
:10415000029804990FF00FFD24D0009801B4039841
:1041600001B4039801B4019800996F467760D3F7C2
:104170003FFA02B001B46F467760D5F79FF801B0FF
:1041800001B400F0E1FE01B001B40EF0F9FB6F469E
:104190007760D2F75DFF02B0029803210FF052FC66
:1041A0000290D5E7009803B000BD0000022C0BDAA6
:1041B00000B50EF0C2FC00F007F802B000BD774673
:1041C00000980FF066F8BE4600B502986F4677601B
:1041D000D3F786FC002802D001980299C162002022
:1041E00000BD0000022C0BDA00B50EF0A6FC00F0BA
:1041F00007F802B000BD774600980FF04AF8BE46B7
:1042000000B5019802994161002000BD032C0BDA32
:1042100000B50EF09BFD00F007F803B000BD774637
:1042200000980FF036F8BE4600B5019801B4039827
:1042300001B400F089FE01B001B401980099016356
:1042400002B0019801B4049801B400F07DFE01B001
:1042500001B401980099416302B0002000BD000044
:10426000022C0BDA00B50EF068FC00F007F802B083
:1042700000BD774600980FF00CF8BE4600B50198D7
:1042800001B4039801B4009907200002D1306F46B1
:104290007760D3F7D9F901B001B46F467760D3F7EF
:1042A000A9FA01B001B401980099816202B00198A5
:1042B00001214162002000BD012C0BDA00B50EF097
:1042C00083FB00F007F801B000BD774600980EF0C0
:1042D000E0FFBE4600B50A2001B4029801B4FDF724
:1042E00031FB02B0019801B401B40198C069052105
:1042F0000FF0D5FB01B401980099C16103B001989A
:1043000001B4FDF719FA01B0002000BD00B5019815
:1043100001B40EF097FA00216F467760D2F7AEFE37
:1043200001B000BD00B5434801B4029801B4F9F7EB
:104330002BF802B0002000BDD4B001000000000046
:1043400045430300022C06DA00B50EF0F6FB00F040
:1043500002F802B000BD00B501980EF09AFFC068E7
:1043600001B403980EF095FFC06801B4019800995C
:104370000FF078FB02B001B46F467760D3F77AFB99
:10438000002802D0009801B011E00098009801B018
:1043900001980EF07EFF806801B403980EF079FF5B
:1043A000806801B4019800990FF05CFB02B000BD79
:1043B000D4B0010000000000BD43030000B50020A0
:1043C00001B400F017F8009000981B490FF0FBFBB8
:1043D00002D011200BE009E0009818490FF0F3FB20
:1043E00002D0212003E001E0652000E0002001B0C0
:1043F00000BD000000B5CD2000216F467760D2F7E8
:104400004DFE0FF0ACFB01B46F467760D3F732FB83
:10441000002802D0009801B008E00098009801B090
:104420006F467760D5F7E0F90FF099FB00BD00000B
:1044300048BB04003843030001200300014006008C
:1044400000B5002001B400F055FF009000980EF078
:104450009DFA806C6F467760D3F742FB002800D04E
:1044600024E0009801B46F467760D2F7E1FD01B413
:10447000019800990EF08AFA816402B06F46776065
:10448000D1F7DCFD0FF06BFB212109013768785073
:10449000C24801B400F076FB01B0C14801B401206C
:1044A0000002F53001B400F005F802B0002001B0C0
:1044B00000BD000000B5002001B403986F4677608E
:1044C000D3F70EFB6F467760D2F77AFC6F467760C2
:1044D000D2F798FD01B46F467760D3F7CBFA002886
:1044E00002D0009801B00AE00098009801B002984C
:1044F00001B401216F467760D3F770FB01B06F46BE
:104500007760D3F7EDFA002800D02FE06F46776090
:10451000D2F706FE0090009801216F467760D2F72F
:10452000FDFD03209F496F467760D4F7CFFB01B4B0
:104530000021019A6F467760D2F7FCFD00980121B7
:10454000039A6F467760D2F7F5FD00980221049A2E
:104550006F467760D2F7EEFDF7F772FE03460098DC
:10456000272001B408B4FAF7C8FC03B0002001B05A
:1045700000BD0000D4B00100000000008145030030
:1045800000B5002001B400F0B5FEC06D0090E868F1
:104590006F467760D2F7C0FD00990FF014FB12D080
:1045A000E86801B4019829690FF04CFA01B4019848
:1045B00000996F467760D2F7B1FD02B0686901B427
:1045C0000EF09AF901B0002001B000BD012C0BDA09
:1045D00000B50EF0F9F900F007F801B000BD77461C
:1045E00000980EF0D3F9BE4600B50198C06D00BD2D
:1045F000D4B0010000000000FD45030000B500201C
:1046000001B401B401B401B4FDF7F4F900900098CD
:104610006F467760D3F764FA6F467760D2F7D0FBC6
:104620006F467760D2F7EEFC6F467760D3F758FAA3
:10463000002800D044E0009801B4FFF773FE01B0F9
:104640006F467760D1F7FAFC0FF089FA0190019874
:1046500021210901376879580FF004FA0290019876
:10466000212109013768785001200390039801B493
:10467000019801B40EF0E6F86F467760D2F7E2FCDD
:1046800001B00FF06CFA01B4019800990FF073FAC1
:1046900002B015D0009801B4049801B401980099B3
:1046A0000DF079FE02B00346029801B408B400F0A0
:1046B00014F802B0039803210FF0C4F90390D5E772
:1046C000002004B000BD0000022C0BDA00B50EF093
:1046D00034FA00F007F802B000BD774600980EF0FB
:1046E000D8FDBE4600B5002001B401B401B4049861
:1046F00001B401B40198406A07990FF0B3F901B40D
:1047000001980099416203B00498806900210FF07C
:10471000BEFA1BD0049801B401B4019880690799CE
:104720000FF0A0F901B401980099816103B00498D9
:10473000806901210FF047FA07D0049800218161B8
:10474000049801B4FFF7C6FD01B045E00498406944
:1047500001B46F467760D3F78DF9002802D1009835
:1047600001B010E00098009801B00498406901B4CD
:10477000C6210EF083F801B001B400216F467760C6
:10478000D3F7A4F801B001B46F467760D3F772F99C
:10479000002809D1009801B013E00000F0450300A3
:1047A00084160300744503000098009801B0049833
:1047B000406901B4C6210EF061F801B005210FF087
:1047C00061F96F467760D3F78BF9002804D004981D
:1047D00005210902DD3181610498406A01B401219B
:1047E0006F467760D3F7FAF901B001B46F4677608E
:1047F000D3F740F9002802D1009801B007E00098F3
:10480000009801B0049801B4FDF7D4F801B06F46E8
:104810007760D3F765F9002845D0049801B401B456
:104820000198406A01B40798806A01B40198009920
:104830000FF008F902B00027019701B40198009920
:10484000416203B00498C06A01B40598406901B49C
:1048500006BC02B404B424210EF07DFF02B0009027
:1048600000986F467760D3F73BF96F467760D2F7D1
:10487000A7FA6F467760D2F7C5FB6F467760D3F72C
:104880002FF9002800D0A7E7009801B40598006A26
:1048900001B4019800990EF0D8FE816102B004982D
:1048A0000099016298E70498006A6F467760D3F731
:1048B00017F96F467760D2F783FA6F467760D2F7C1
:1048C000A1FB6F467760D3F70BF9002800D071E0A9
:1048D0000498006A0190049801B401B40198006939
:1048E00007990FF0AFF801B401980099016103B086
:1048F0000498006901B400F027FB01B0029002980F
:104900006F467760D3F7ECF8002834D001980EF0AA
:104910009CFE406901210FF042F91AD0019801B4C0
:1049200001B401980EF091FE406907990FF09AF8D2
:1049300001B4019800990EF088FE416103B002981D
:1049400001B4029801B4069801B434210EF062FA61
:1049500003B001980EF079FE806901B4029001BCA9
:104960006F467760D3F7BCF8002800D0CEE70498F4
:10497000012101611EE0019801B401B401980EF01B
:1049800064FE406907990FF06DF801B40198009931
:104990000EF05BFE416103B001980EF056FE806997
:1049A00001B4029001BC6F467760D3F799F80028F4
:1049B00000D0E0E7002003B000BD0000032C0BDABC
:1049C00000B50EF0C3F900F007F803B000BD77465C
:1049D00000980EF05EFCBE4600B5039801B41521A8
:1049E0000FF0A2F801B00390029801B403980EF002
:1049F0002CFEC06801B40398006B0346059801B40F
:104A000008B4EDF755FC02B001B4019802BC01B046
:104A10000FF018F801B4019800990EF016FEC1606D
:104A200002B0029801B403980EF00FFE006901B4C1
:104A30000398406B0346059801B408B4EDF738FCC1
:104A400002B001B4019802BC01B00EF0FBFF01B44A
:104A5000019800990EF0F9FD016102B0029801B4CD
:104A600003980EF0F2FD406801B404980EF0EDFDDD
:104A7000C0680346059801B408B4EDF719FC02B00C
:104A800001B4019802BC01B00EF0DCFF01B4019842
:104A900000990EF0DAFD416002B0029801B403986B
:104AA0000EF0D3FD806801B404980EF0CEFD0069CD
:104AB0000346059801B408B4EDF7FAFB02B001B45F
:104AC000019802BC01B00EF0BDFF01B4019800993D
:104AD0000EF0BBFD816002B0002000BD022C0BDA9D
:104AE00000B50EF02AF800F007F802B000BD7746D6
:104AF00000980EF042FEBE4600B5002001B4A44866
:104B00006F467760D4F710F90090009801B40498CC
:104B100001B401210902E3310DF0B0FE01B001B48E
:104B200000F012FA01B001B4019800990EF08DFD69
:104B3000416002B0009801B4049801B43D21C9005D
:104B40000DF09CFE01B001B400F0FEF901B001B41B
:104B5000019800990EF079FD816002B00098012162
:104B60000EF073FDC160009801210EF06EFD016131
:104B7000009803210902E9310EF067FD41610098B8
:104B800001B000BD00B501986F467760D2F7A8FF6D
:104B90006F467760D2F714F96F467760D2F732FA32
:104BA0006F467760D2F79CFF002800D00AE0F7F745
:104BB00047FB0346019801B4292001B408B4FAF771
:104BC0009CF903B0002000BD022C0BDA00B50DF0FB
:104BD000B4FF00F007F802B000BD774600980EF071
:104BE000AAFDBE4600B5019801B4039801B400F0D7
:104BF000ABF901B001B401980099416002B0002006
:104C000000BD0000774600980EF0C7FDBE4600B517
:104C1000002001B401B46F467760D2F709FA01B4FD
:104C200001B45C486F467760D9F77CFA01B401980B
:104C300000996F467760D2F70BFA02B056486F467C
:104C40007760D9F76FFA01B4009901986F467760E1
:104C5000D2F7FEF901B051486F467760D9F762FA92
:104C600001B4009901986F467760D2F7F1F901B06D
:104C70004B486F467760D9F755FA01B4009901980F
:104C80006F467760D2F7E4F901B046486F46776027
:104C9000D9F748FA01B4009901986F467760D2F7C6
:104CA000D7F901B001BC0090039801B4059801B494
:104CB000079801B4039801B401210DF06CFB01B019
:104CC00001B41EBC02B404B408B410B400F06CF813
:104CD00004B003200190019801B4019801B40DF0D3
:104CE000B1FD6F467760D2F7ADF901B00EF037FF36
:104CF00001B4019800990EF03EFF02B017D003985E
:104D000001B4019801B4039801B4019800990DF021
:104D100042FB02B001B406BC02B404B400F022F8B5
:104D200002B0019803210EF08DFE0190D3E70398A5
:104D300007210902D1318161039823210902293118
:104D4000C161002002B000BD022C0BDA00B50DF0ED
:104D5000F4FE00F007F802B000BD774600980EF0B0
:104D60002AFDBE4600B502986F467760D2F7B8FEBE
:104D700000280BD00198406A01B4039801B40DF0EB
:104D8000FFFD6F467760D2F763F902B0002000BDE7
:104D9000F082040000F8040014F8040028F804006D
:104DA00040F8040058F80400774600980EF003FD20
:104DB000BE4600B5002001B4002001B4059801B43E
:104DC000059801B4059801B400F04CF805B06F46A1
:104DD0007760D2F72DF901B401B4069801B40198B7
:104DE00000996F467760D2F733F902B0029802BC9F
:104DF0004162019801B4059801B40DF036FD6F468B
:104E00007760D6F777FC01B00EF0A9FE01B403215C
:104E10000EF08AFE01B001B400F096F801B001B4C2
:104E200001980099816202B0019801B4059801B41B
:104E30000DF01BFD6F467760D6F760FC01B00EF0F9
:104E40008EFE01B403210EF06FFE01B001B400F03C
:104E50007BF801B001B401980099C16202B0002052
:104E600000BD0000774600980EF0B5FCBE4600B5C8
:104E7000B52001B4012001B4512001B4049801B45B
:104E8000FFF738F804B0019802990161019803997D
:104E9000416104986F467760D2F722FE002801D066
:104EA000049802E0012000022D3001B4029802BCF7
:104EB000816105986F467760D2F712FE002801D015
:104EC000059802E006200002A53001B4029802BC59
:104ED000C161C2486F467760D3F726FF01B4002056
:104EE00001B4019801B4FBF73BF802B0029802BC90
:104EF0000162002000BD0000774600980EF07BFCA8
:104F0000BE4600B5059801B4059801B4049801B4F3
:104F1000049801B400F006F804B0019803994161C7
:104F2000002000BD774600980EF06AF9BE4600B535
:104F30000198049941600198029981600198039950
:104F4000C160002000BD000000B5019801B402213D
:104F5000090201316F467760D2F74AFB01B00121A7
:104F60000EF09DFD00BD000000B585208000376873
:104F7000385800210EF063FE06D007200002D13021
:104F80008521890037687850852080003768385837
:104F900001B403210EF056FD852189003768785051
:104FA00001BC00BD774600980DF0D8FFBE4600B5A5
:104FB00001980299816001980A21416101980021BC
:104FC000C16001980021016101980121C16102982D
:104FD00001210EF0E4FD49D0012081496F46776040
:104FE000D3F774FE01B40021029A6F467760D2F7BE
:104FF000A1F80298806801B4019801B40EF009FC90
:1050000008200002023010236F467760D1F71EF8A7
:1050100003B0012073496F467760D3F757FE01B4A0
:105020000021029A6F467760D2F784F80298806870
:1050300001B4019801B40EF0ECFB0820000203302B
:1050400010236F467760D1F701F803B00398012170
:105050000EF0A5FD0AD0029801B4049801B40DF039
:10506000A3FC6F467760D5F797FA02B0002000BD29
:10507000D4B00100000000007D50030000B50A20FC
:1050800001B4E86801B400F021F802B0002000BDCE
:10509000D4B00100000000009D50030000B5422084
:1050A00001B4E86801B400F011F802B0002000BDBE
:1050B000022C0BDA00B50DF040FD00F007F802B04D
:1050C00000BD774600980DF049FFBE4600B5019837
:1050D000406902990EF0C7FD2ED0FAF7FBFB01984C
:1050E00040686F467760D2F7FBFC002808D0019833
:1050F00040680346422001B408B4F7F7EEFB02B063
:10510000019802994161019840696F467760D2F732
:10511000E7FC002808D0019801218161019801B4C1
:1051200000F050F801B007E001980121C161019839
:1051300001B400F011F801B0002000BD012C0BDA21
:1051400000B50DF041FC00F007F801B000BD774656
:1051500000980DF003FFBE4600B56F208000376851
:1051600038586F467760D2F7BBFC00280CD0019806
:10517000806801B40EF0E1F90120C0026F4677604B
:10518000D4F700FB01B00CE00198806801B40EF088
:10519000D4F90820000204306F467760D4F7F2FAA1
:1051A00001B0002000BD0000012C0BDA00B50DF0AD
:1051B0000BFC00F007F801B000BD774600980DF039
:1051C000CDFEBE4600B56F208000376838586F4668
:1051D0007760D2F785FC002806D113E0484104002F
:1051E00070500300905003000198806801B40EF0E5
:1051F000A4F90820000201306F467760D4F7C2FAA4
:1052000001B00CE00198806801B40EF096F9082016
:10521000000205306F467760D4F7B4FA01B0002081
:1052200000BD000000B53D20C000376838586F460B
:105230007760D2F755FC6F467760D1F7C1FD6F46B6
:105240007760D1F7DFFE6F467760D2F749FC002820
:1052500007D06F467760D1F7EBFE3D21C900376874
:1052600078503D20C0003768385801B4029801B426
:105270000DF086FB00226F467760D2F7D5FB02B0B7
:105280000EF06DFC01210EF076FC0DD03D20C0002B
:105290003768385801B4029801B40DF071FB6F46BD
:1052A0007760D1F7D5FE02B0002000BD012C0BDAEB
:1052B00000B50DF089FB00F007F801B000BD77469E
:1052C00000980EF028F8BE4600B50198006900BDB0
:1052D000012C0BDA00B50DF077FB00F007F801B0F8
:1052E00000BD774600980EF016F8BE4600B501984E
:1052F000406900BD00B5002001B4F6F7AFFF01B072
:105300002F20C0003768385800BD000000B51D20B0
:105310000001376838586F467760D2F7E1FB6F4677
:105320007760D1F74DFD6F467760D1F76BFE6F4622
:105330007760D2F7D5FB002807D06F467760D1F7AA
:1053400077FE1D210901376878501D20000137685C
:10535000385801B4029801B40DF012FB00226F46D8
:105360007760D2F761FB02B00EF0F9FB01210EF07D
:1053700002FC0DD01D2000013768385801B4029896
:1053800001B40DF0FDFA6F467760D1F761FE02B00F
:10539000002000BD00B5002001B400F08FF803210B
:1053A0000EF050FB0090009801B44320C000376815
:1053B000385801B4FDF7F2F902B06F467760D0F7C4
:1053C00051FE0EF0CCFBB5490EF05CFB01B40DF0C4
:1053D00010FA6F467760D1F721FB01B0009801B455
:1053E0000DF007FA6F467760D1F718FB01B06F46F2
:1053F0007760D3F779FE01B400F004F801B0002023
:1054000001B000BD00B5002001B402986F4677607E
:10541000D2F766FB6F467760D1F7D2FC6F467760B4
:10542000D1F7F0FD01B46F467760D2F723FB002877
:1054300002D0009801B014E00098009801B00298E2
:1054400001B40DF077FA6F467760D1F71DFC01B01B
:105450000EF085FB01B4C9216F467760D2F7E0FBFF
:1054600001B06F467760D2F73BFB002806D00320DF
:1054700000029A306F467760D1F776FE8720800071
:105480003768385801B4F6F7BFFD01B000900098B6
:1054900002990EF0E8FB0DD06F467760DAF7FCFE5C
:1054A000029801B4872080003768385801B4F5F7B6
:1054B00041FB02B0002001B000BD000000B5432058
:1054C000C0003768385801B4FEF7A4F901B001B440
:1054D0006F467760D2F7CEFA002802D0009801B06C
:1054E00003E00098009801B0012000BDD4B0010095
:1054F00000000000F954030000B53920C0003768EF
:1055000038586F467760D2F7EBFA002807D0392079
:10551000C0003768385801B40DF0EEF901B04220F0
:105520003768F860002000BD00B5019801B40DF0A7
:1055300060F96F467760D3F741FB01B0002000BDF2
:10554000022C0BDA00B50DF0F8FA00F007F802B003
:1055500000BD774600980EF02EF9BE4600B500203B
:1055600001B4039801B4039801B400F022F802B02A
:105570000090009801B40398006A03461D2001B40E
:10558000032001B408B4F1F78CF903B001B4019819
:1055900000990EF05AF8016202B0009801B000BD07
:1055A000022C0BDA00B50DF0C8FA00F007F802B0D3
:1055B00000BD774600980EF00EF9BE4600B50020FB
:1055C00001B4039801B4039801B400F0AAF802B042
:1055D0000090009801B40398006A01B404988069AF
:1055E00001B40598C06901B40EBC02B404B408B497
:1055F000F1F757F903B001B4019800990EF025F8BE
:10560000416102B0009801B40398006A01B40498A3
:10561000006901B406BC02B4012001B404B4F1F77E
:1056200040F903B001B40498006901B403210EF0FD
:105630007BFA01B001B4019800990EF013FA02B0A0
:1056400001B402980EF001F8406801B406BC02B43F
:1056500004B400F051F802B001B4019800990DF0C3
:10566000F4FF416002B0039801B4E4210DF006F9A3
:1056700001B06F467760D2F733FA00280BD0039859
:1056800001B4E4210DF0FAF801B001B403210EF0E9
:105690004BFA01B004E0012002E000000CBB040062
:1056A00001B4019801B40498006A01B405984069F6
:1056B00001B406BC02B4012001B404B4F1F7F1F85E
:1056C00003B001990EF0CEF901B403980DF0BDFFBF
:1056D000806801B406BC02B404B400F00DF802B056
:1056E0000027019701B4019800990DF0AEFF816089
:1056F00003B0009801B000BD00B5019801B41121BC
:105700000EF0E8F901B002990EF09CF900BD00001E
:10571000022C0BDA00B50DF010FA00F007F802B019
:1057200000BD774600980EF006F8BE4600B5002092
:1057300001B401B4049801B4049801B4FFF7D7F997
:1057400002B000900398806801B48C203768385804
:1057500001B40598C06801B406BC02B4012001B4CC
:1057600004B4F1F79EF803B001B4019800990EF06B
:1057700069F902B001B4C9216F467760D1F77AFFA9
:1057800001B00190009801B44120C000376838583A
:1057900001B4039801B4019800990CF0FCFD02B02B
:1057A00001B40598406801B406BC02B404B4ECF737
:1057B0007FFD02B001B4019800990DF046FFC16071
:1057C00002B0009801B4832080003768385801B4D3
:1057D000039801B4019800990CF0DDFD02B001B40A
:1057E0000598406801B406BC02B404B4ECF760FD4F
:1057F00002B001B4019800990DF027FF016102B0D9
:10580000009802B000BD0000012C0BDA00B50DF0CD
:10581000DBF800F007F801B000BD774600980DF006
:105820006EFFBE4600B50198406800BD012C0BDA42
:1058300000B50DF0C9F800F007F801B000BD7746DB
:1058400000980DF0BCFEBE4600B56F467760D1F7FC
:1058500011F901B40298406901B40CF0F3FF6F46EE
:105860007760D1F7EFFB01B00EF079F901B40DF0DC
:105870008BF96F467760D1F73DF902B001B40DF0B6
:1058800059F8CA496F467760D1F734F901B001B4CD
:10589000029840690346C64801B408B4EDF77EFC9F
:1058A00002B001B40CF0CEFF6F467760D1F7CAFBAF
:1058B00001B00EF054F901B40DF06EF96F46776047
:1058C000D1F718F902B001B40DF034F8B9496F46B8
:1058D0007760D1F70FF901B000BD0000D4B001002E
:1058E00000000000E9580300012C06DA00B50DF0B5
:1058F0006BF800F002F801B000BD00B501986F46EA
:105900007760D2F7EDF86F467760D1F759FA6F46B6
:105910007760D1F777FB6F467760D2F7E1F86F4693
:105920007760D1F74DFA6F467760D1F76BFB00BD1A
:10593000042C0BDA00B50DF0A0FB00F007F804B062
:1059400000BD774600980DF02CFEBE4600B5002045
:1059500001B401B401B4059801B406980DF0A1F8A2
:10596000C06801B4019800990DF09BF8816402B001
:10597000059801B406980DF094F8006901B40198F7
:1059800000990DF08EF8C16402B0059801B4069834
:105990000DF087F8C06807990EF054F801B401982B
:1059A00000990DF07EF8C16002B0059801B4069828
:1059B0000DF077F8006908990EF044F801B40198E9
:1059C00000990DF06EF8016102B0FFF793FC0CF046
:1059D000DDFFC0680090009801B46F467760D2F791
:1059E00049F8002802D1009801B007E0009800981B
:1059F00001B0009801B4F8F73AFB01B06F46776048
:105A0000D2F76EF8002800D1C2E00498806901B492
:105A1000FAF7ECF901B00190069801B4FAF7E6F94B
:105A200001B001B4FBF75AFB01B001B4029801B414
:105A3000019800996F467760D2F7BEF802B001B4C2
:105A40006F467760D2F716F8002802D1009801B0AF
:105A500015E00098009801B0079801B4FAF7C6F96C
:105A600001B001B4FBF73AFB01B001B4029801B4F4
:105A7000019800996F467760D2F79EF802B06F46A2
:105A80007760D2F72DF800282ED04B486F4677600C
:105A9000D3F74AF901B4069801B407980DF001F85C
:105AA000406901B408980CF0FCFF806901B40EBC99
:105AB000089801B4089801B40A9801B40A9801B48E
:105AC00002B404B408B4079801B402F01DF908B098
:105AD00001BC0290009801B4039801B4069801B487
:105AE00000F0CCFB03B053E0059801B4019801B479
:105AF00000F065FA02B001B46F467760D1F7BAFFE3
:105B0000002802D1009801B017E00098009801B079
:105B1000009801B4069801B4069801B400F055F855
:105B200003B06F467760D1F7DBFF6F467760D1F740
:105B300047F96F467760D1F765FA6F467760D1F71E
:105B4000CFFF002813D0059801B401B401980CF0E0
:105B5000A8FF406F0221090201310DF0A0FF01B43E
:105B6000019800990CF09DFF416703B010E0059883
:105B700001B401B401980CF094FF406F0F490DF08F
:105B800081FF01B4019800990CF08BFF416703B0CD
:105B9000002003B000BD0000032C16DA00B50DF0A4
:105BA000D5F800F012F803B000BD000028B40400DE
:105BB000DC5803003CB4040084830400FFFDFFFFB5
:105BC000774600980DF0EDFCBE4600B5002001B40C
:105BD00001B401B401B401B401B401B401B401B41D
:105BE00001B401B401B401B40F9801B400F0C9F9D3
:105BF00001B06F467760D1F773FF6F467760D1F7DA
:105C0000DFF86F467760D1F7FDF96F467760D1F71F
:105C100067FF002805D00F9801B434210DF006FE6F
:105C200001B00F980CF03DFF806E00901098406816
:105C300001B4009903200DF04DFF01B001900E98C2
:105C400001B4FAF70DF901B002900F980CF029FF9A
:105C5000006903900F980CF024FFC068049000982E
:105C600001B4F2F714FA01B001B4FAF7BFF801B0C9
:105C70000590009801B4F2F7A4F901B001B4FAF765
:105C8000B5F801B00690009801B4F2F7E2F901B05E
:105C900001B4FAF7ABF801B00790009801B4F2F73D
:105CA000B4F901B001B4FAF7A1F801B0089008986E
:105CB00003210DF0C7FE01B4029801B401980099C8
:105CC0006F467760D1F7D6FC02B009900998029927
:105CD0000DF079FF39D00F9801B410980CF0E1FE67
:105CE000006901B40B9801B4FFF72EF901B001B4BB
:105CF000019802BC01B00DF0B5FE01B40198009905
:105D00000CF0CFFE016102B00F9801B4119801B4FC
:105D100000F055F902B06F467760D1F7E1FE6F46AB
:105D20007760D1F74DF86F467760D1F76BF96F4622
:105D30007760D1F7D5FE002802D0422016E104E0BA
:105D40000F9803990CF0ADFE0161079801B4029819
:105D500001B4019800996F467760D1F775FC02B0E5
:105D600001B46F467760D1F73BFD01B003210DF020
:105D700069FE01B4029801B4019800996F467760FA
:105D8000D1F736FC02B007990DF06CFE0A900A9824
:105D900002990DF018FF39D00F9801B410980CF04B
:105DA00080FE006901B40C9801B4FFF7CDF801B092
:105DB00001B4019802BC01B00DF044FE01B4019899
:105DC00000990CF06EFE016102B00F9801B41198B9
:105DD00001B400F0F4F802B06F467760D1F780FEAE
:105DE0006F467760D0F7ECFF6F467760D1F70AF91E
:105DF0006F467760D1F774FE002802D04220B5E0EC
:105E000004E00F9803990CF04CFE01610698032101
:105E10000DF018FE01B4029801B4019800996F4684
:105E20007760D1F727FC02B00B900B9802990DF028
:105E3000CAFE39D00F9801B410980CF032FEC06839
:105E400001B40D9801B4FFF77FF801B001B40198D7
:105E500002BC01B00DF006FE01B4019800990CF0EF
:105E600020FEC16002B00F9801B4119801B400F097
:105E7000A6F802B06F467760D1F732FE6F467760C2
:105E8000D0F79EFF6F467760D1F7BCF86F4677601A
:105E9000D1F726FE002802D0422067E004E00F98E8
:105EA00004990CF0FEFDC160059801B4029801B49C
:105EB000019800996F467760D1F7C6FB02B001B434
:105EC0006F467760D1F78CFC01B003210DF0BAFD6D
:105ED00001B4029801B4019800996F467760D1F738
:105EE00087FB02B005990DF0BDFD0C900C9802994E
:105EF0000DF069FE39D00F9801B410980CF0D1FD67
:105F0000C06801B40E9801B4FFF71EF801B001B4E7
:105F1000019802BC01B00DF095FD01B40198009903
:105F20000CF0BFFDC16002B00F9801B4119801B42C
:105F300000F045F802B06F467760D1F7D1FD6F46AB
:105F40007760D0F73DFF6F467760D1F75BF86F461B
:105F50007760D1F7C5FD002802D0422006E004E0BA
:105F60000F9804990CF09DFDC1600A200DB000BD92
:105F7000012C0BDA00B50CF027FD00F007F801B09A
:105F800000BD774600980CF08CFDBE4600B5019828
:105F9000806D01B40CF069FC6F467760D5F7BAFBF1
:105FA00001B06F467760D1F72DF800BD022C0BDAF7
:105FB00000B50CF0C2FD00F007F802B000BD774656
:105FC00000980DF09EFABE4600B5002001B401B461
:105FD00001B401B401B401B401B409980CF061FD3D
:105FE000806E0090009801B4F2F751F801B001B44E
:105FF0000998406801B406BC02B404B4ECF74AF94D
:1060000002B00190009801B4F1F7DBFF01B001B4D8
:106010000998406801B406BC02B404B4ECF73AF93C
:1060200002B00290009801B4F2F713F801B001B485
:106030000998406801B406BC02B404B4ECF72AF92C
:1060400002B00390009801B4F1F7DFFF01B001B492
:106050000998406801B406BC02B404B4ECF71AF91C
:1060600002B0049001980590059802990DF0ABFDDF
:1060700023D003980690069804990DF0A4FD16D03D
:10608000069801B4069801B40A9801B400F026F805
:1060900003B06F467760D1F723FD002801D042207E
:1060A0000CE0069803210DF0CDFC0690E3E705987F
:1060B00003210DF0C7FC0590D6E70A2007B000BD0C
:1060C000032C0BDA00B50CF041FE00F007F803B02A
:1060D00000BD774600980DF014FABE4600B5019851
:1060E00001B4F7F7C9FF01B06F467760D1F7F8FC4C
:1060F0006F467760D0F764FE6F467760D0F782FF17
:106100006F467760D1F7ECFC002801D00A201DE033
:106110000198C0680346039801B4039801B408B419
:1061200000F047F803B06F467760D1F7D9FC00283C
:1061300001D042200AE00198C0680346039801B4E8
:10614000039801B408B400F00CF803B000BD0000DF
:10615000032C0BDA00B50CF0F9FD00F007F803B0E2
:1061600000BD774600980DF0DAF9BE4600B50198FB
:10617000806801B4039801B4059801B40CF057FE8F
:106180006F467760D5F7F6FA03B00DF0E8FC01B47E
:1061900005216F467760D1F791FB01B000BD00008B
:1061A000032C0BDA00B50CF0D1FD00F007F803B0BA
:1061B00000BD774600980DF0B2F9BE4600B50298D2
:1061C00001B401216F467760D1F708FD01B001B439
:1061D0006F467760D1F74EFC002802D0009801B0DE
:1061E0000EE00098009801B0029801B4029880690E
:1061F00001B4019800996F467760D1F701FD02B0B4
:1062000001B46F467760D1F735FC002802D00098C2
:1062100001B00AE00098009801B0039801B4012190
:106220006F467760D1F7DAFC01B001B46F46776052
:10623000D1F720FC002802D0009801B00EE00098B1
:10624000009801B0039801B40298C06901B40198A4
:1062500000996F467760D1F7D3FC02B000BD000013
:10626000032C0BDA00B50CF071FD00F007F803B059
:1062700000BD774600980DF094F9BE4600B50020A9
:1062800001B401B401B401B401B401B401B401B466
:1062900001B401B401B401B401B401B401B401B456
:1062A00001B401B401B401B401B401B401B401B446
:1062B00001B401B401B401B401B401B401B4219832
:1062C0000DF0C6FA4068009000980CF0EAFB406FB1
:1062D0000221090201310DF0D5FB6F467760D1F73D
:1062E000FFFB002829D0009801B4239801B4FFF7E0
:1062F00066FE02B06F467760D1F7F2FB6F467760BB
:10630000D0F75EFD6F467760D0F77CFE6F46776012
:10631000D1F7E6FB002810D0009801B401B4019831
:106320000CF0BFFB406FC0490DF0ACFB01B401980D
:1063300000990CF0B6FB416703B0009801B4FFF779
:1063400020FE01B06F467760D1F7CAFB6F467760D9
:10635000D0F736FD6F467760D0F754FE6F46776012
:10636000D1F7BEFB002805D0009801B434210DF010
:106370005DFA01B000980CF094FB806E01902298B9
:1063800040680290029801B4009903200DF0A2FB2E
:1063900001B0039000980CF084FBC06801B4019830
:1063A0000CF07FFB806C01B4019802BC01B00DF0D1
:1063B00059FB049000980CF074FB006901B401983B
:1063C0000CF06FFBC06C01B4019802BC01B00DF081
:1063D00049FB059000980CF064FB406F1621090200
:1063E00005310DF04FFB6F467760D1F779FB6F46B3
:1063F0007760D0F7E5FC6F467760D0F703FE6F4615
:106400007760D1F76DFB002801D100F03DFD0498C5
:1064100001210DF03CFC00D19DE2049801B4012162
:106420006F467760D1F7FCFB01B0069006986F4687
:106430007760D1F755FB00280AD0019801B4F1F735
:10644000C0FD01B00221090201310DF0FBFA09E0A3
:10645000019801B4F1F71BFE01B0022109020131DC
:106460000DF000FB0121090201310DF0EBFA0346AA
:10647000029801B408B4EBF70DFF02B007906F4625
:106480007760D0F7D5FD0890019801B4F1F7E1FDF0
:1064900001B005990DF0E6FA0990099801B4049845
:1064A00001B4039801B4F1F7B0FD01B007990DF004
:1064B000D9FA01B406BC02B404B4FFF71DF902B066
:1064C00001B4019800990DF056FB02B06FD0099805
:1064D00001B4029801B4F1F798FD01B006990DF0EE
:1064E000C1FA01B406BC02B404B4EBF703FF02B076
:1064F0000121090201310DF0A5FA0346029801B409
:1065000008B4EBF7C7FE02B00A900A9801B40898E5
:1065100001B4249801B4FFF7DCFD03B06F46776047
:10652000D1F7DEFA002839D00A9801B4089801B4EE
:10653000249801B401F05BFB03B00B9001203B49B0
:106540006F467760D2F7C2FB01B400210C9A6F4608
:106550007760D0F7EFFD0098099801B401F000FBD7
:1065600002B06F467760D1F7BBFA6F467760D0F71D
:1065700027FC6F467760D0F745FD6F467760D1F70F
:10658000AFFA00280AD0089801B40C9801B40CF0B6
:10659000F7F96F467760D0F75BFD02B0099801B458
:1065A000049801B4FFF7A8F802B0099075E70898BD
:1065B00001B40CF047F96F467760D0F743FD01B0A6
:1065C0000DF0CDFA6F467760D1F78AFA002800D136
:1065D000C1E106986F467760D1F782FA002801D0B2
:1065E000052000E001200C9006986F467760D1F7F7
:1065F00077FA00281CD0079801B4039801B40198D9
:1066000000990DF067FA02B001B4FEF79DFC01B0ED
:1066100001B402980CF020FC406901B4019802BC5E
:1066200001B00DF01FFA13E0FFFDFFFFC47003007F
:10663000079803210DF006FA01B4039801B40198FC
:1066400000990DF047FA02B001B4FEF77DFC01B0ED
:1066500001B4019801B403980CF0FEFBC06801B4CA
:10666000029802BC002701970DF0FCF901B40198D3
:1066700000990CF016FAC16003B000200D90089844
:106680000E9001200F900F9801B40F986F4677601D
:10669000D0F7D8FC0DF063FA01B4019800996F4669
:1066A0007760D1F775FA02B0002839D00E9801B49E
:1066B00010980DF04AFA01B4019800996F4677607E
:1066C000D0F7D0FC02B00D9000980CF0EAF9406FC2
:1066D0001621090205310DF0D5F96F467760D1F723
:1066E000FFF96F467760D0F76BFB6F467760D0F7A6
:1066F00089FC6F467760D1F7F3F900280AD0229819
:1067000001B40E9801B40E9801B4039801B401F0DD
:10671000B8F804B00F9803210DF094F90F90B2E788
:1067200000200E9000980CF0BCF9406F21210DF074
:10673000A9F96F467760D1F7D3F9002809D0002076
:1067400001B4002001B4029801B4EFF732FD03B0A8
:1067500001E100980CF0A5F9406901B422980DF010
:1067600077F8806801B4019800996F467760D1F797
:10677000A5F802B001B46F467760D1F77BF9002825
:1067800002D1009801B017E00098009801B000987D
:106790000CF087F9406F1621090205310DF072F9EE
:1067A0006F467760D1F79CF96F467760D0F708FBAA
:1067B0006F467760D0F726FC6F467760D1F790F987
:1067C000002800D1A2E000980CF06BF9406F412145
:1067D0000DF058F96F467760D1F782F9002800D1A3
:1067E00089E006986F467760D1F77AF96F4677604F
:1067F000D0F7E6FA6F467760D0F704FC01B46F4635
:106800007760D1F737F9002802D1009801B00EE087
:106810000098009801B0009801B4EFF706FC01B0B1
:1068200001B401216F467760D1F7D8F901B001B406
:106830006F467760D1F71EF9002802D0009801B0AA
:106840001CE00098009801B0069801B46F4677608C
:10685000D1F710F9002802D1009801B00EE000989D
:10686000009801B0009801B4EFF7DFFB01B001B46C
:1068700001216F467760D1F7D3F901B06F46776099
:10688000D1F72EF9002835D0009801B401980CF00A
:1068900008F9406901B4012002BC0DF0E3F801B42D
:1068A000019800990CF0FDF8416102B0219801B403
:1068B00022980CF0CDFF806901B4012002BC0DF0DC
:1068C000D1F801B4019800990CF0C2FF816102B0C7
:1068D000219801B422980CF0BBFF006901B401209B
:1068E00002BC0DF0BFF801B4019800990CF0B0FFA4
:1068F000016102B009E0219801210CF0A9FF0161BA
:10690000009801210CF0CDF8416124E000980CF0D2
:10691000C8F8406901B4F9F769FA01B001B400F0B0
:1069200095FF01B001B422980CF092FF806801B489
:10693000F9F75CFA01B001B400F088FF01B001B4CE
:10694000019800990DF07BF902B004D02198012143
:106950000CF07EFF0161059801210DF098F900D13E
:1069600092E2059801B401216F467760D1F758F99A
:1069700001B0109010986F467760D1F7B1F80028F9
:106980000AD0019801B4F1F740FB01B002210902DD
:1069900001310DF057F809E0019801B4F1F759FB06
:1069A00001B00221090201310DF05CF80121090258
:1069B00001310DF047F80346029801B408B4EBF733
:1069C00069FC02B011906F467760D0F731FB1290EE
:1069D000019801B4F1F75BFB01B01390139801B477
:1069E000049801B4039801B4F1F7EBFA01B001B4D3
:1069F00006BC02B404B4FEF77FFE02B001B40198F5
:106A000000990DF0B8F802B06CD0139801B4029858
:106A100001B4F1F7D6FA01B001B406BC02B404B473
:106A2000EBF768FC02B00121090201310DF00AF810
:106A30000346029801B408B4EBF72CFC02B01490A2
:106A4000119801B4159801B4249801B4FFF741FBE3
:106A500003B06F467760D1F743F8002839D011981A
:106A600001B4159801B4249801B401F0C0F803B042
:106A700015900120C5496F467760D2F727F901B418
:106A80000021169A6F467760D0F754FB0098139850
:106A900001B401F065F802B06F467760D1F720F8D5
:106AA0006F467760D0F78CF96F467760D0F7AAFA17
:106AB0006F467760D1F714F800280AD0129801B415
:106AC000169801B40BF05CFF6F467760D0F7C0FA00
:106AD00002B0139801B4049801B4FEF70DFE02B0A1
:106AE00013907BE7129801B40BF0ACFE6F46776011
:106AF000D0F7A8FA01B00DF032F86F467760D0F702
:106B0000EFFF002800D1BFE110986F467760D0F703
:106B1000E7FF002801D0072000E00320169010981E
:106B20006F467760D0F7DCFF002818D0119801B4C9
:106B3000039801B4019800990CF0CCFF02B001B4A5
:106B4000FEF702FA01B001B402980CF085F98069F1
:106B500001B4019802BC01B00CF084FF0FE0119861
:106B600003210CF06FFF01B4039801B40198009960
:106B70000CF0B0FF02B001B4FEF7E6F901B001B4C9
:106B8000019801B403980CF067F9006901B4029808
:106B900002BC002701970CF065FF01B40198009931
:106BA0000BF07FFF016103B000201790129818903E
:106BB00001201990199801B419986F467760D0F7A1
:106BC00041FA0CF0CCFF01B4019800996F46776050
:106BD000D0F7DEFF02B0002839D0189801B41A9817
:106BE0000CF0B3FF01B4019800996F467760D0F7BD
:106BF00039FA02B0179000980BF053FF406F16213E
:106C0000090205310CF03EFF6F467760D0F768FF50
:106C10006F467760D0F7D4F86F467760D0F7F2F917
:106C20006F467760D0F75CFF00280AD0229801B445
:106C3000189801B4189801B4039801B400F021FE2B
:106C400004B0199803210CF0FDFE1990B2E7002062
:106C5000189000980BF025FF406F21210CF012FFD7
:106C60006F467760D0F73CFF002809D0002001B4C0
:106C7000002001B4029801B4EFF79BFA03B003E1DE
:106C800000980BF00EFF806901B422980CF0E0FD33
:106C9000C06801B4019800996F467760D0F70EFE86
:106CA00002B001B46F467760D0F7E4FE002802D14D
:106CB000009801B017E00098009801B000980BF020
:106CC000F0FE406F1621090205310CF0DBFE6F4625
:106CD0007760D0F705FF6F467760D0F771F86F46A1
:106CE0007760D0F78FF96F467760D0F7F9FE00280C
:106CF00000D1A4E000980BF0D4FE406F41210CF0CD
:106D0000C1FE6F467760D0F7EBFE002800D18BE024
:106D100010986F467760D0F7E3FE6F467760D0F744
:106D20004FF86F467760D0F76DF901B46F46776022
:106D3000D0F7A0FE002802D1009801B00EE0009824
:106D4000009801B0009801B4EFF735F901B001B433
:106D500001216F467760D0F741FF01B001B46F4663
:106D60007760D0F787FE002802D0009801B01EE0BF
:106D70000098009801B0109801B46F467760D0F782
:106D800079FE002804D1009801B010E008710300DA
:106D90000098009801B0009801B4EFF70CF901B029
:106DA00001B401216F467760D0F73AFF01B06F461A
:106DB0007760D0F795FE002835D0009801B401988F
:106DC0000BF06FFE806901B4012002BC0CF04AFE9A
:106DD00001B4019800990BF064FE816102B0219822
:106DE00001B422980CF034FDC06901B4012002BC4A
:106DF0000CF038FE01B4019800990CF029FDC16136
:106E000002B0219801B422980CF022FD406901B42F
:106E1000012002BC0CF026FE01B4019800990CF090
:106E200017FD416102B009E0219801210CF010FD2D
:106E30004161009801210BF034FE816124E000984B
:106E40000BF02FFE806901B4F8F7D0FF01B001B458
:106E500000F0FCFC01B001B422980CF0F9FCC06811
:106E600001B4F8F7C3FF01B001B400F0EFFC01B0CA
:106E700001B4019800990CF0E2FE02B004D0219810
:106E800001210CF0E5FC416100980BF00AFE406F17
:106E90000C21090205310CF0F5FD6F467760D0F743
:106EA0001FFE6F467760CFF78BFF6F467760D0F796
:106EB000A9F86F467760D0F713FE002800D1FEE0F6
:106EC0006F467760D0F7B4F81A90019801B4F1F7E3
:106ED000DEF801B01B901B9801B4049801B403982C
:106EE00001B4F1F76EF801B001B406BC02B404B409
:106EF000FEF702FC02B001B4019800990CF03BFED1
:106F000002B000D1C1E01B9801B4029801B4F1F7BE
:106F100058F801B001B406BC02B404B4EBF7EAF9C6
:106F200002B00121090201310CF08CFD03460298E8
:106F300001B408B4EBF7AEF902B01C90019801B4AB
:106F4000F1F787F801B01D901D9801B4049801B4C1
:106F5000039801B4F1F759F801B001B406BC02B4CA
:106F600004B4FEF7C9FB02B001B4019800990CF01B
:106F700002FE02B000D17FE01D9801B4029801B476
:106F8000F1F743F801B001B406BC02B404B4EBF766
:106F9000B1F902B00121090201310CF053FD0346A1
:106FA000029801B408B4EBF775F902B01E901E9870
:106FB00001B41D9801B4249801B4FFF78AF803B016
:106FC0006F467760D0F78CFD6F467760CFF7F8FE9D
:106FD0006F467760D0F716F801B46F467760D0F748
:106FE00049FD002802D0009801B023E000980098E5
:106FF00001B000980BF055FD406F102109020131DE
:107000000CF040FD6F467760D0F76AFD6F46776001
:10701000CFF7D6FE6F467760CFF7F4FF6F46776005
:10702000D0F75EFD6F467760CFF7CAFE6F46776098
:10703000CFF7E8FF6F467760D0F752FD002812D0F7
:107040001A9801B41F9801B41E9801B4259801B490
:1070500000F0D5FB03B001B40BF092FC6F467760F3
:10706000CFF7F6FF02B01D9801B4049801B4FEF703
:1070700043FB02B01D9067E71B9801B4049801B46C
:10708000FEF73AFB02B01B9025E71A9801B40BF00B
:10709000D9FB6F467760CFF7D5FF01B00CF05FFDED
:1070A0006F467760D0F71CFD002808D01A9801B40D
:1070B000019801B4229801B400F056F803B0002002
:1070C0001FB000BDD4B0010000000000D17003006B
:1070D000012C06DA00B50BF077FC00F002F801B0E5
:1070E00000BD00B501980CF0C1FBC06801B4E868B0
:1070F0000CF0BCFBC06801B4019800996F46776042
:10710000D0F7DCFB02B000BDD4B0010000000000ED
:1071100015710300012C06DA00B50BF055FC00F0E8
:1071200002F801B000BD00B501980CF09FFBC068EB
:1071300001B4E8680CF09AFBC06801B401980099AA
:107140006F467760D0F7BAFB02B000BD032C0BDAB4
:1071500000B50BF0FBFD00F007F803B000BD77466B
:1071600000980CF01EFABE4600B5002001B401B430
:1071700001B401B401B46F467760CFF759FF0090B6
:10718000002001900898029001200390039801B418
:1071900003986F467760CFF755FF0CF0E0FC01B421
:1071A000019800996F467760D0F7F2FC02B0002892
:1071B00000D17EE0029801B404980CF0C6FC01B442
:1071C000019800996F467760CFF74CFF02B00190AD
:1071D0000120C0496F467760D1F778FD01B40021E6
:1071E000029A6F467760CFF7A5FF0098019801B427
:1071F00000F0B6FC02B06F467760D0F771FC002853
:1072000000D050E0009801B4029801B40BF0B8FB34
:107210006F467760CFF71CFF02B0FEF76BF80BF0FC
:10722000B5FB806B049004986F467760D0F758FCEC
:10723000002838D00220A8496F467760D1F746FD74
:1072400001B40021089A6F467760CFF773FF00986A
:107250000121029A6F467760CFF76CFF02209F49A9
:107260006F467760D1F732FD01B40021099A6F466D
:107270007760CFF75FFF00980121039A6F46776030
:10728000CFF758FF019801B4079801B4EBF786FFD8
:1072900002B000270197034601BC01B001B408B455
:1072A000E9F7D0F802B0039803210CF0CBFB039070
:1072B0006CE700200290002005B000BDD4B00100B2
:1072C00000000000C9720300012C06DA00B50BF0C3
:1072D0007BFB00F002F801B000BD00B501988068AA
:1072E00001B4E868806801B4019800996F4677603E
:1072F000D0F7E4FA02B001B46F467760D0F7BAFB7A
:10730000002802D1009801B00FE00098009801B069
:107310000198406801B4E868406801B40198009998
:107320006F467760D0F7CAFA02B000BDD4B0010052
:107330000000000039730300012C06DA00B50BF0E1
:1073400043FB00F002F801B000BD00B501980BF05E
:10735000C4FE406801B4E868006C01B4019800996B
:107360006F467760D0F750FB02B001B46F4677608C
:10737000D0F780FB002802D1009801B018E00098F7
:10738000009801B001980BF0A8FE806801B428694C
:1073900001B400F02BF801B001B40CF08CF86F468A
:1073A0007760D4F7D7FC02B06F467760CFF72AFE3C
:1073B00000BD0000D4B0010000000000C173030054
:1073C000012C06DA00B50BF0FFFA00F002F801B06C
:1073D00000BD00B5286901B4E86801B4039801B4A0
:1073E000DC210BF055FD03B0002000BD00B50020EE
:1073F00001B4FDF77FFF009002986F467760D0F7E9
:107400006FFB6F467760CFF7DBFC6F467760CFF797
:10741000F9FD01B46F467760D0F72CFB002802D04D
:10742000009801B012E00098009801B000980BF0AD
:10743000ADFAC0686F467760D0F752FB6F46776051
:10744000CFF7BEFC6F467760CFF7DCFD6F46776005
:10745000D0F746FB002805D021486F467760D6F765
:1074600061FE10E000980BF091FAC06801B4039837
:1074700001B400F014F801B001B406BC02B404B4C5
:1074800000F0B7F802B001B000BD0000012C0BDA2B
:1074900000B50BF099FA00F007F801B000BD77468F
:1074A00000980CF0F1F9BE4600B5019801B400F067
:1074B00027F801B001B40298806801B403984068CD
:1074C00001B40EBC02B404B408B400F02AF803B04E
:1074D00000BD0000BC7203002C730300B4730300F2
:1074E00084DD0400012C0BDA00B50BF06DFA00F01E
:1074F00007F801B000BD774600980CF0C5F9BE460C
:1075000000B5FDF7F7FE0BF041FAC06800BD0000C2
:10751000032C0BDA00B50BF019FC00F007F803B0F0
:1075200000BD774600980BF0ECFFBE4600B5019811
:10753000C0680346039801B4039801B408B400F08E
:107540000CF803B000BD0000032C0BDA00B50BF003
:10755000FDFB00F007F803B000BD774600980BF084
:10756000DEFFBE4600B5039801B4039801B403984A
:1075700001B4FEF723FE03B06F467760D0F7B0FA90
:10758000002801D001202AE00198406801B4039846
:1075900001210CF084FA014609200CF053FA01B4E1
:1075A000059801210CF07BFA01B40498806901B4BC
:1075B000019800996F467760D0F71AF802B001B4CD
:1075C000019800990CF03EFA02B001B40CF06AF98F
:1075D0006F467760CEF790FA02B00CF0C0FA00BDAB
:1075E000022C0BDA00B50BF0A8FA00F007F802B095
:1075F00000BD774600980BF084FFBE4600B50198A9
:10760000C0680346029801B408B400F00CF802B058
:1076100000BD0000022C0BDA00B50BF08EFA00F072
:1076200007F802B000BD774600980BF078FFBE4621
:1076300000B5002001B401B401B40498406901B45C
:10764000009903200CF046FA01B0009004980069FC
:1076500001B4069801B4019800990AF09CFE02B0AA
:10766000019001986F467760D0F73AFA6F467760DD
:10767000CFF7A6FB6F467760CFF7C4FC6F46776005
:10768000D0F72EFA002877D00498C06801B4069885
:1076900001B4019800990AF07EFE02B002900298AF
:1076A0006F467760D0F71CFA002865D0029801B4C5
:1076B0000BF0DBF86F467760D4F71CF801B00CF0E4
:1076C0004EFA01B4019801B4019800996F467760B1
:1076D000D0F772FA02B001B46F467760D0F7CAF9FA
:1076E000002802D1009801B017E00098009801B07E
:1076F000029801B40BF0B9F86F467760D3F7FEFF3C
:1077000001B00CF02CFA01B4019801B40198009971
:107710006F467760D0F750FA02B06F467760D0F7C7
:10772000DFF9002802D00298019018E0009801B417
:10773000019801B40BF038F96F467760D5F7DCFAA1
:1077400002B00190019801B4039801B40BF0B3FEAC
:10775000002200236F467760D6F78CFA02B00498B7
:10776000006901B4069801B4039801B40298019924
:10777000009A0AF05BFE03B0019803B000BD000060
:10778000012C0BDA00B50BF01FF900F007F801B07F
:1077900000BD774600980BF0C2FEBE4600B50198CA
:1077A000406900BD012C0BDA00B50BF00DF900F0BB
:1077B00007F801B000BD774600980CF065F8BE46AA
:1077C00000B50198406800BD012C0BDA00B50BF044
:1077D000FBF800F007F801B000BD774600980CF008
:1077E00053F8BE4600B50198806800BD032C0BDA43
:1077F00000B50BF0ABFA00F007F803B000BD774618
:1078000000980BF07EFEBE4600B5C2486F4677601A
:10781000D1F78AFA01B4029801B4059801B4059829
:1078200001B4039801B400F003F804B001BC00BD3A
:10783000774600980CF028F8BE4600B501980299EA
:107840008160019803994160002000BD00B5019856
:1078500001210CF0E0F901D0012008E0019801219C
:107860000CF09DF901D0032001E00120404200BD51
:10787000042C0BDA00B50BF000FC00F007F804B0A4
:1078800000BD774600980BF00CF9BE4600B500200D
:1078900001B401B401B401B40598C06D01B40798F6
:1078A00001B4099801B402980199009A0AF0BEFD4A
:1078B00003B0FDF71FFD0BF069F8C06B01B4089829
:1078C00001B401210902BD310AF0D8FF01B001B4B1
:1078D000019800990AF05FFD02B00090FDF70AFDE3
:1078E0000BF054F8006C019000986F467760D0F769
:1078F000F7F800282AD0012087496F467760D1F732
:10790000E5F901B40021069A6F467760CFF712FCC3
:10791000012082496F467760D1F7D8F901B4002180
:10792000079A6F467760CFF705FC019801B403987A
:1079300001B4EBF733FC02B000270197034601BC0A
:1079400001B001B408B4E8F77DFD02B001986F46BC
:107950007760D0F7C5F8002800D17EE0089801B420
:107960006F467760D0F786F8002802D0009801B003
:1079700007E00098009801B0FDF7BCFC0BF006F89A
:10798000C0680890012066496F467760D1F79EF97C
:1079900001B40021069A6F467760CFF7CBFB0098C1
:1079A000029801B4EBF7FAFB02B00290029801B41E
:1079B0000AF048FF6F467760CFF744FB01B00CF048
:1079C000CEF86F467760D0F78BF8002845D008983E
:1079D00001B4089801B4832149000AF04FFF01B0B7
:1079E00001B40A98406801B4019800990CF09CF821
:1079F00002B001B4099801B4732189000AF03EFF76
:107A000001B001B40B98406801B4019800990CF0E2
:107A10008BF802B001B40EBC02B404B408B4FFF792
:107A2000EEFE03B0039002203E496F467760D1F727
:107A30004DF901B40021069A6F467760CFF77AFBC3
:107A400000980121049A6F467760CFF773FB009886
:107A5000039801B4E8F7F6FC02B0002004B000BDC2
:107A6000D4B00100000000006D7A0300012C06DA9A
:107A700000B50AF0A9FF00F002F801B000BD00B5A2
:107A800001980BF02AFB406801B4E868006C01B46F
:107A9000019800996F467760CFF7B6FF02B000BD3E
:107AA000D4B0010000000000AD7A0300012C06DA1A
:107AB00000B50AF089FF00F002F801B000BD00B582
:107AC000E86801B4029801B4DC210BF012FB02B0AB
:107AD000002000BDD4B0010000000000E17A0300E6
:107AE000012C06DA00B50AF06FFF00F002F801B0D1
:107AF00000BD00B501980BF0F0FA406801B4E868E9
:107B0000006C01B4019800996F467760CFF77CFF55
:107B100002B000BD10840400607A0300A07A030064
:107B2000D47A0300287B0300D4B0010000000000D9
:107B3000357B0300012C06DA00B50AF045FF00F0A2
:107B400002F801B000BD00B5286901B4E86801B4CD
:107B5000039801B4DC210BF09BF903B0002000BDB9
:107B600000B5002001B401B4039801B40AF06AFE24
:107B70006F467760CFF766FA01B00BF0F0FF009028
:107B800001200190019800990BF0F5FF22D0049894
:107B900001B4049801B4039801B4019800990AF063
:107BA000FAFB02B001B406BC04B4029801B402B4FA
:107BB00002980BF08FF803B06F467760CFF790FF15
:107BC000002801D0422006E0019803210BF03AFF83
:107BD0000190D7E70A2002B000BD0000032C0BDAA9
:107BE00000B50BF0B3F800F007F803B000BD77461E
:107BF00000980BF086FCBE4600B5002001B401B42D
:107C00000398C0680346059801B4059801B408B408
:107C1000FEF7CFFA03B06F467760CFF761FF002819
:107C200001D001200AE00398C0680346059801B41A
:107C3000059801B408B4FFF790FC03B000900398D6
:107C4000C0680346009801B408B4FFF7ECFC02B02A
:107C50000190C5486F467760D1F766F801B4029885
:107C600001B4079801B40698406801B401980099DE
:107C70000BF030FF02B001B4079801B407984068D8
:107C800001B4019800990BF025FF02B001B40798E8
:107C9000806801B41EBC019801B402B404B408B4F5
:107CA00010B4059801B400F017F806B001BC02B09A
:107CB00000BD0000012C0BDA00B50AF085FE00F0D3
:107CC00007F801B000BD774600980BF01AFCBE46DD
:107CD00000B50198806800BD774600980BF0C6FD9E
:107CE000BE4600B5019802998160019805994160EE
:107CF00001980399016101980499416101980699DD
:107D0000C160002000BD0000774600980BF0A0FD88
:107D1000BE4600B5019802994160019803998160BF
:107D200001980499C160019805990161019806992B
:107D3000416101980799816101980899C16100200A
:107D400000BD0000022C0BDA00B50AF0F6FE00F0D0
:107D500007F802B000BD774600980BF022FCBE4643
:107D600000B5002001B401B401B401B401B401B400
:107D700001B401B401B401B401B401B401B401B45B
:107D800001B401B401B401B401B4159801B40721E0
:107D90000902D1316F467760CFF72AFC01B001B4F8
:107DA000C92001B4E7F74AFB02B00090009801B483
:107DB0000AF01FFD02216F467760CFF735F901B059
:107DC0000BF0CDFE0190FDF795FA029002980AF0B3
:107DD000DDFDC0680390032064496F467760D0F7EB
:107DE00075FF01B40021159A6F467760CFF7A2F9AD
:107DF00000980121019A6F467760CFF79BF90098B0
:107E00000221029A6F467760CFF794F9159840687F
:107E10000346009808B4F4F775F802B0049014987B
:107E200040680346524801B408B4E8F70BFB02B0BF
:107E30001498806801B401F0CAFD01B014988068FC
:107E400001B41598406801B406BC02B404B401F052
:107E5000AEFC02B01498C06801B41598406901B432
:107E600006BC02B404B4EEF743FF02B00346009828
:107E700001B408B4F6F7AAFD02B0034607200002D9
:107E8000D13001B408B401F079FC02B001B4F7F7C5
:107E9000ADFF01B0059002980AF078FD006B034633
:107EA000002001B4002001B408B4E8F7A7F803B03B
:107EB0000690012007906F467760CFF7B9F801B4BC
:107EC00001B4069801B4019800996F467760CFF726
:107ED000BFF802B06F467760CFF7AAF801B40099F7
:107EE00001986F467760CFF7B3F801B001BC0890F6
:107EF00001200990099801B4069801B401980099ED
:107F00006F467760CFF76AFE02B001B46F467760C4
:107F1000CFF7B0FD002802D1009801B01CE0009816
:107F2000009801B0089801B4089801B4019800992C
:107F30000AF031FA02B001B40AF084FC6F467760AF
:107F4000CFF780F801B00BF00AFE01B401216F46B3
:107F50007760CFF7BBFC01B06F467760CFF7C0FD0D
:107F6000002807D148E30000B48404000086030021
:107F700038860300089801B4089801B40198009964
:107F80000AF009FA02B00A90079803210BF094FD59
:107F90000790089801B4089801B4019800990AF074
:107FA000FAF902B00B9000200C900A980D90012075
:107FB0000E900E9801B40E986F467760CFF742F896
:107FC0000BF0CDFD01B4019800996F467760CFF7B3
:107FD000DFFD02B0002800D1E2E20D9801B40F9855
:107FE0000BF0B3FD01B4019800996F467760CFF7AD
:107FF00039F802B00C900C980BF02AFC40680F90F6
:108000000C980BF025FC806801B410980AF049FD2B
:10801000406901B4019800990BF039FE02B000D11B
:1080200097E00F980AF03DFD406901210BF0F3FD48
:1080300005D00C9801210BF00BFC01617CE00F983E
:108040000AF02FFD406901B401216F467760CFF738
:10805000C5FD01B001B46F467760CFF70BFD002876
:1080600002D1009801B00DE00098009801B00C9882
:108070000BF0EEFB806801B401216F467760CFF70B
:10808000CFFD01B001B46F467760CFF7F3FC002855
:1080900002D0009801B025E00098009801B00F9838
:1080A0000AF0FFFC406901B401216F467760CFF709
:1080B000B7FD01B001B46F467760CFF7DBFC002855
:1080C00002D1009801B00DE00098009801B00C9822
:1080D0000BF0BEFB806801B401216F467760CFF7DB
:1080E0007DFD01B06F467760CFF7FAFC002823D002
:1080F0000C9801B40D980BF0ABFB006901B40120A2
:1081000002BC0BF0AFFC01B4019800990BF0A0FB8E
:10811000016102B00C9801B40D980BF099FB8069D5
:1081200001B4012002BC0BF09DFC01B40198009940
:108130000BF08EFB816102B00C9801B410980AF02C
:10814000B0FC406901B4019800990BF081FB81609B
:1081500002B00C980BF07CFBC06801B410980AF0D8
:10816000A0FC806901B4019800990BF090FD02B069
:1081700000D197E00F980AF094FC806901210BF080
:108180004AFD05D00C9801210BF062FB41617CE0B7
:108190000F980AF086FC806901B401216F46776070
:1081A000CFF71CFD01B001B46F467760CFF762FCDA
:1081B000002802D1009801B00DE00098009801B0AD
:1081C0000C980BF045FBC06801B401216F46776045
:1081D000CFF726FD01B001B46F467760CFF74AFCB8
:1081E000002802D0009801B025E00098009801B066
:1081F0000F980AF056FC806901B401216F46776040
:10820000CFF70EFD01B001B46F467760CFF732FCB7
:10821000002802D1009801B00DE00098009801B04C
:108220000C980BF015FBC06801B401216F46776014
:10823000CFF7D4FC01B06F467760CFF751FC002830
:1082400023D00C9801B40D980BF002FB406901B4E7
:10825000012002BC0BF006FC01B4019800990BF060
:10826000F7FA416102B00C9801B40D980BF0F0FAE6
:10827000C06901B4012002BC0BF0F4FB01B4019809
:1082800000990BF0E5FAC16102B00C9801B41098A6
:108290000AF007FC806901B4019800990BF0D8FA44
:1082A000C16002B00C980BF0D3FA806901B4EAF710
:1082B00033F901B001B40D980BF0CAFA006901B4AA
:1082C000EAF72AF901B001B4019800990BF067FCB4
:1082D00002B004D00C980BF0BBFA006903E00C98D4
:1082E0000BF0B6FA806910900C980BF0B1FAC069E7
:1082F00001B4EAF711F901B001B40D980BF0A8FA36
:10830000406901B4EAF708F901B001B40198009995
:108310000BF045FC02B004D00C980BF099FA4069C0
:1083200003E00C980BF094FAC06911900C9801B41A
:108330000D980BF08DFA006911990BF093FB01B4C5
:10834000019800990BF084FA016102B00C9801B415
:108350000D980BF07DFA406912990BF083FB01B484
:10836000019800990BF074FA416102B00F9801B4C2
:1083700010980AF096FBC06801B4019800990AF0C1
:1083800090FB816402B00F9801B410980AF089FB49
:10839000006901B4019800990AF083FBC16402B03E
:1083A0000F9801B410980AF07CFBC06811990BF08B
:1083B00049FB01B4019800990AF073FBC16002B057
:1083C0000F9801B410980AF06CFB006912990BF039
:1083D00039FB01B4019800990AF063FB016102B016
:1083E0000F980AF05EFB406F2421090205310BF063
:1083F00049FB6F467760CFF773FB6F467760CEF728
:10840000DFFC6F467760CEF7FDFD6F467760CFF7F4
:1084100067FB002808D01498806803460F9801B4C1
:1084200008B401F076F802B0039801B46F467760A3
:10843000CFF720FB002802D1009801B007E0009898
:10844000009801B0039801B4F5F711FE01B06F4632
:108450007760CFF745FB002808D0039801B40D984A
:1084600001B4169801B4FDF709FF03B00F980AF0A4
:1084700018FB406F41210BF005FB12900F980AF09A
:1084800010FB406F11210BF0FDFA01B46F467760CD
:10849000CFF7F0FA002802D0009801B01DE0009854
:1084A000009801B0129801B46F467760CFF7E2FAF6
:1084B000002802D1009801B00FE00098009801B0A8
:1084C00003986F467760CFF70BFB6F467760CEF768
:1084D00077FC6F467760CEF795FD6F467760CFF7F4
:1084E000FFFA002812D0149801B40D9801B4149822
:1084F00001B405980AF04AFA006A01B41EBC02B43D
:1085000004B408B410B400F0ABFD04B00C980BF048
:108510009FF9006901B4E9F7FFFF01B001B43768C2
:10852000B86A01B4019800996F467760CFF778FB7D
:1085300002B001B46F467760CFF79CFA002802D0F2
:10854000009801B015E00098009801B00C980BF06D
:108550007FF9406901B4E9F7DFFF01B001B4376882
:10856000B86A01B4019800996F467760CFF758FB5D
:1085700002B06F467760CFF7B3FA00280AD00B98A5
:1085800001B40D9801B40AF0FBF96F467760CEF79D
:108590005FFD02B00E9803210BF054FA0E9008E52F
:1085A00000200D90069801B40B9801B4169801B400
:1085B00000F084F803B00A9801B40AF043F96F465A
:1085C0007760CEF73FFD01B00BF0C9FA6F467760D8
:1085D000CFF786FA002809D00A9801B40AF032F9D8
:1085E0006F467760CEF73AFD01B0E4E709980321C2
:1085F0000BF028FA09907DE4002013B000BD0000C4
:10860000D4B00100000000000D860300012C06DA42
:1086100000B50AF0D9F900F002F801B000BD00B5CC
:10862000686901B4286901B4039801B4E86801B429
:1086300001F00AFA04B000BDD4B00100000000004F
:1086400045860300012C06DA00B50AF0BDF900F0FA
:1086500002F801B000BD00B5019801B4EDF7E5FCEA
:1086600001B001B46F467760CFF704FA002802D05A
:10867000009801B007E00098009801B0019801B49B
:10868000EDF799FC01B06F467760CFF729FA002823
:1086900004D0019801B401F0B6F901B0002000BD8A
:1086A000032C0BDA00B50AF051FB00F007F803B019
:1086B00000BD774600980AF074FFBE4600B5002062
:1086C00001B401B401B401B401B401B401B401B402
:1086D00001B401B401B401B40F9801B40AF0B2F8C6
:1086E0006F467760CEF7AEFC01B00BF038FA6F46FC
:1086F0007760CFF7F5F96F467760CEF761FB6F468D
:108700007760CEF77FFC6F467760CFF7E9F90028F6
:1087100000D034E1002000900E98019001200290DA
:10872000029801B402986F467760CEF78BFC0BF08D
:1087300016FA01B4019800996F467760CFF728FACE
:1087400002B0002800D118E1019801B403980BF0A1
:10875000FCF901B4019800996F467760CEF782FC6E
:1087600002B0009000980BF073F8406803900398F3
:108770000AF097F9406F2421090205310BF082F9C4
:108780006F467760CFF7ACF9002800D0EFE00D9886
:10879000806801B401980BF05BF8406801B406BC36
:1087A00002B404B400F039FA02B00490002005903D
:1087B0000498069001200790079801B407986F4627
:1087C0007760CEF73FFC0BF0CAF901B4019800992D
:1087D0006F467760CFF7DCF902B0002800D1C4E023
:1087E000069801B408980BF0B0F901B4019800990B
:1087F0006F467760CEF736FC02B0059005980AF018
:1088000050F9406F2421090205310BF03BF96F4606
:108810007760CFF765F9002800D0A0E00398006CDE
:1088200008900598006C099003980AF03AF9006FD7
:1088300001B40A9801B40AF0A3F800226F467760E9
:10884000CFF7F2F802B00BF08AF9012149420BF0A0
:10885000F6F900D083E003980AF023F9806801B4A8
:1088600006980AF01EF9806801B4019800990BF08F
:1088700096F902B001D0039800E005980A900A9892
:1088800003990BF0DCF901D0059800E003980B90F8
:108890000A980AF006F9C06E01B40C980AF001F9C2
:1088A000806801B40AF06CF800226F467760CFF759
:1088B000BBF802B00BF053F9012149420BF0BFF9AC
:1088C0004DD00220C1496F467760D0F7FFF901B45F
:1088D0000021099A6F467760CEF72CFC00980121A1
:1088E0000A9A6F467760CEF725FC0520B8496F4697
:1088F0007760D0F7EBF901B400210C9A6F467760EE
:10890000CEF718FC009801210D9A6F467760CEF7DC
:1089100011FC00980221059A6F467760CEF70AFC99
:1089200000980321079A6F467760CEF703FC009802
:1089300004210A9A6F467760CEF7FCFB019801B4D8
:10894000129801B4EAF72AFC02B000270197034607
:1089500001BC01B001B408B4E7F774FD02B0079898
:1089600003210BF06FF8079026E70020069002988D
:1089700003210BF067F80290D2E60020019000205E
:108980000CB000BDD4B001000000000091890300CC
:10899000012C06DA00B50AF017F800F002F801B071
:1089A00000BD00B501980AF098FB406801B4E86882
:1089B00001B4019800996F467760CEF77FFF02B04F
:1089C00001B46F467760CFF755F8002802D10098C0
:1089D00001B010E00098009801B001980AF07DFB0A
:1089E000806801B4286901B4019800996F467760E6
:1089F000CEF764FF02B001B46F467760CFF73AF864
:108A0000002802D0009801B02BE00098009801B037
:108A100001980AF062FB406801B4286901B401982A
:108A200000996F467760CEF749FF02B001B46F46F8
:108A30007760CFF71FF8002802D1009801B010E04E
:108A40000098009801B001980AF047FB806801B4D3
:108A5000E86801B4019800996F467760CEF72EFF61
:108A600002B000BDD4B0010000000000718A030014
:108A7000012C06DA00B509F0A7FF00F002F801B0FA
:108A800000BD00B5E8680AF00CF8C06E01B42869B2
:108A90000AF007F8806801B409F072FF6F4677604A
:108AA000CEF7D6FA02B006204A496F467760D0F773
:108AB0000DF901B400216A696F467760CEF73AFB81
:108AC00000980121AA696F467760CEF733FB0098C2
:108AD0000221029A6F467760CEF72CFB00980321A3
:108AE000EA696F467760CEF725FB00980421EA68B3
:108AF0006F467760CEF71EFB009805212A696F4606
:108B00007760CEF717FB009809F06EFE6F4677602E
:108B1000CDF7A4FA01B0002000BD0000D4B00100E0
:108B200000000000298B030000B5E86809F0B9FFD8
:108B3000406F01B4286909F0B4FF406F01B4019897
:108B400000990AF0ACFF02B02421090205310AF0B5
:108B500099FF6F467760CEF7C3FF6F467760CEF719
:108B60002FF96F467760CEF74DFA6F467760CEF7F4
:108B7000B7FF002830D0A86901B468690AF0ADFADF
:108B8000406801B4019800990BF059F802B001D087
:108B9000E86800E0286901B4A86901B468690AF0CE
:108BA0009CFA406801B4019800990BF048F802B0B3
:108BB00001D0286900E0E86801B4019801B468694F
:108BC00001B4DC210AF064F904B005E084890300F3
:108BD000648A03001C8B0300E86909F062FFC06E21
:108BE00001B4286A09F05DFF806801B409F0C8FE8D
:108BF0006F467760CEF730FF02B06F467760CEF7F2
:108C000001FA002000BD0000022C0BDA00B509F0CB
:108C100094FF00F007F802B000BD774600980AF014
:108C2000CEFCBE4600B5002001B401B4049801B4E6
:108C3000049801B400F040F802B000900120CE4941
:108C40006F467760D0F742F801B40021059A6F466D
:108C50007760CEF76FFA0098019801B4EAF79EFAB0
:108C600002B00190019802B000BD0000D4B0010034
:108C700000000000798C0300012C06DA00B509F031
:108C8000A3FE00F002F801B000BD00B5019801B4E8
:108C9000E86801B4EEF739FD02B000BD022C0BDA32
:108CA00000B509F04AFF00F007F802B000BD7746B2
:108CB00000980AF084FCBE4600B5002001B401B45F
:108CC0006F467760CEF7B4F90090049809F0E9FE9A
:108CD000406C0190039801B4059801B4EBF74BFD8B
:108CE00001B001B4069801B4EBF7A7FC01B001B4E0
:108CF0000EBC009801B4029801B402B404B408B4E4
:108D000000F0B0F805B0039801B4059801B4EBF792
:108D100032FD01B001B4069801B400F07CF801B056
:108D200001B40EBC009801B4029801B402B404B4BA
:108D300008B400F097F805B0039801B4059801B4A1
:108D400000F047F801B001B4069801B4EBF775FCE8
:108D500001B001B40EBC009801B4029801B402B491
:108D600004B408B400F07EF805B0039801B4059887
:108D700001B400F02EF801B001B4069801B400F07F
:108D80004AF801B001B40EBC009801B4029801B4D5
:108D900002B404B408B400F065F805B0009801B45A
:108DA000059801B409F0ECFD6F467760CEF754FEEC
:108DB00002B06F467760CEF725F9009802B000BD8B
:108DC000012C0BDA00B509F0FFFD00F007F801B047
:108DD00000BD7746009809F064FEBE4600B50198D4
:108DE00001B4EBF7CDFC01B001B4029801B4EBF78C
:108DF00073FC01B001B4019800990AF023FE02B09F
:108E000000BD0000012C0BDA00B509F0DDFD00F01B
:108E100007F801B000BD7746009809F042FEBE4653
:108E200000B5019801B4EBF70DFC01B001B4029854
:108E300001B4EBF7A1FB01B001B4019800990AF06D
:108E400001FE02B000BD0000052C0BDA00B50AF0EF
:108E5000CEF800F007F805B000BD774600980AF09C
:108E6000AEFBBE4600B5002001B401B401B401B4AC
:108E700001B4089801B4089801B4089801B400F04E
:108E800091F803B000900698406901B4019801B4CC
:108E90000198009909F07FFA02B0019001986F469D
:108EA0007760CEF71DFE00286AD00020029001985E
:108EB000039001200490049801B404986F467760F1
:108EC000CEF7C0F80AF04BFE01B4019800996F4646
:108ED0007760CEF75DFE02B000284FD0039801B452
:108EE00005980AF032FE01B4019800996F46776048
:108EF000CEF7B8F802B00290029809F0D2FD406CAB
:108F000009990AF0BFFD01B46F467760CEF7B2FD54
:108F1000002802D1009801B017E00098009801B035
:108F20000A9801B4039801B409F02AFD00226F46A3
:108F30007760CEF779FD02B00AF011FE01B401218D
:108F40006F467760CEF74AFE01B06F467760CEF786
:108F5000C7FD00280AD00A9801B4039801B409F0AB
:108F60000FFD6F467760CEF773F802B004980321C7
:108F70000AF068FD04909EE76C8C030000200390CB
:108F8000002005B000BD0000032C0BDA00B509F08D
:108F9000DDFE00F007F803B000BD774600980AF048
:108FA0000EFBBE4600B5002001B401B40398006971
:108FB00001B4059801B40598406801B409F0F4FCC7
:108FC0006F467760CEF730F802B00AF0C8FD01B402
:108FD00006BC02B404B4012001B4EDF747FC03B0B1
:108FE00000900398C06801B4069801B405988068A1
:108FF00001B409F0D9FC6F467760CEF715F802B0DE
:109000000AF0ADFD01B406BC02B404B4012001B401
:10901000EDF72CFC03B00190009801B4029801B464
:109020000598006901B4019800996F467760CEF702
:10903000DFFA02B001B4019800990AF003FD02B012
:1090400002B000BD042C0BDA00B50AF016F800F0EF
:1090500007F804B000BD774600980AF0A2FABE46B1
:1090600000B5002001B401B404980AF0F1FB406897
:109070000090009801B4FCF784FF01B06F46776060
:10908000CEF72EFD6F467760CDF79AFE6F4677607C
:10909000CDF7B8FF6F467760CEF722FD002805D0E8
:1090A000009801B434210AF0C1FB01B0069801B464
:1090B00000F0D5F901B06F467760CEF711FD6F462D
:1090C0007760CDF77DFE6F467760CDF79BFF6F46EB
:1090D0007760CEF705FD002804D0069801B4F4F7B8
:1090E000B2FD01B0009809F0DCFC806E01B4EEF72F
:1090F000CEFF01B001B40221090201316F46776051
:10910000CEF7A2FA01B001B40798406801B4019803
:1091100000990AF0A7FC02B00190019801210AF021
:109120002AFD2DD0009801B401B4019801B4EBF7E9
:1091300022FB01B00027019703990AF093FC01B4C8
:1091400006BC02B404B4EBF7DEFA03B005986F4630
:109150007760CEF7C5FC002811D0009801B40198C3
:1091600001B4ECF762FF01B0014601200AF07AFC7D
:1091700001B406BC02B404B4ECF739FF02B061E0FC
:10918000009809F08EFC806E01B4EEF71AFF01B072
:1091900001B40221090201316F467760CEF754FA1B
:1091A00001B001B40798406801B4019800990AF031
:1091B00059FC02B001B484203768385801B409F072
:1091C00054FB6F467760D2F795FA01B00AF0C7FCFE
:1091D00001B4019800990AF045FC02B001B4029074
:1091E00001BC01210AF0DBFC2CD0009801B401B4D1
:1091F000019801B4FFF7EDFD01B000270197039935
:109200000AF030FC01B406BC02B404B400F0FFF86C
:1092100003B005986F467760CEF762FC002811D046
:10922000009801B4019801B4ECF7FFFE01B00146CB
:1092300001200AF017FC01B406BC02B404B4ECF738
:10924000D6FE02B0009809F02CFC806E01B4EEF757
:1092500000FF01B001B40221090201316F467760BD
:10926000CEF7F2F901B001B40798806801B4019813
:1092700000990AF0F7FB02B001B4029001BC012191
:109280000AF079FC2DD0009801B401B4019801B422
:10929000EBF7D3F901B00027019703990AF0E2FB3D
:1092A00001B406BC02B404B4EBF77DF903B0059831
:1092B0006F467760CEF714FC002811D0009801B4F7
:1092C000019801B4ECF777FE01B0014601200AF0E5
:1092D000C9FB01B406BC02B404B4ECF74EFE02B004
:1092E00061E0009809F0DDFB806E01B4EEF78DFEC1
:1092F00001B001B40221090201316F467760CEF757
:10930000A3F901B001B40798806801B401980099ED
:109310000AF0A8FB02B001B484203768385801B4C1
:1093200009F0A3FA6F467760D2F7E8F901B00AF0C6
:1093300016FC01B4019800990AF094FB02B001B444
:10934000029001BC01210AF02AFC2CD0009801B443
:1093500001B4019801B4FFF75EFD01B00027019749
:1093600003990AF07FFB01B406BC02B404B400F018
:1093700026F803B005986F467760CEF7B1FB00285A
:1093800011D0009801B4019801B4ECF714FE01B0BB
:10939000014601200AF066FB01B406BC02B404B425
:1093A000ECF7EBFD02B0002002B000BD022C0BDA9E
:1093B00000B509F0C2FB00F007F802B000BD774627
:1093C000009809F06EFBBE4600B5019801B4039801
:1093D00001B4039801B4EBF7CFF801B001B40198E0
:1093E00000990AF03FFB02B001B406BC02B404B419
:1093F000EBF7DEF802B0002000BD0000022C0BDA13
:1094000000B509F09AFB00F007F802B000BD7746FE
:10941000009809F046FBBE4600B5019801B40398D8
:1094200001B4039801B4EBF757F901B001B4019806
:1094300000990AF017FB02B001B406BC02B404B4F0
:10944000EBF766F902B0002000BD0000012C0BDA3A
:1094500000B509F0B9FA00F007F801B000BD774691
:1094600000980AF032F8BE4600B5019840696F4690
:109470007760CEF735FB6F467760CDF7A1FC6F467E
:109480007760CDF7BFFD01B46F467760CEF7F2FA93
:10949000002802D0009801B031E00098009801B097
:1094A0000198406901B4EDF7FEFB01B001B40298E8
:1094B000806901B4019800996F467760CEF7FEF994
:1094C00002B001B46F467760CEF7D4FA002802D11B
:1094D000009801B013E00098009801B0019840692D
:1094E00001B4EDF722FC01B001B40298C06901B4E7
:1094F000019800996F467760CEF7E0F902B000BDA1
:10950000022C0BDA00B509F018FB00F007F802B0E6
:1095100000BD774600980AF052F8BE4600B500201C
:1095200001B401B401B401B401B401B4089801B4A8
:10953000EBF721F901B00090089801B4EBF77DF842
:1095400001B00190089801B4EBF7C1F801B001B483
:109550000898406801B4019800990AF073FA02B0C3
:1095600003210AF07FFA01B40898406801B409F0B9
:109570001BFA6F467760CDF757FD02B00AF0EFFA9D
:109580000290089801B4EAF7F2FF01B001B408981C
:10959000806801B4019800990AF054FA02B00321DE
:1095A0000AF060FA01B40898806801B409F0FCF987
:1095B0006F467760CDF738FD02B00AF0D0FA03901D
:1095C00001200490049802990AF0FDFA61D001206C
:1095D0000590059803990AF0F6FA54D0079801B45B
:1095E000019801B40A9801B4EBF771F801B001B425
:1095F000079801B40B98406801B4019800996F4630
:109600007760CDF7F5FF02B001B406BC02B404B434
:10961000E5F714FF02B001B4019800990AF012FABC
:1096200002B001B4039801B40B9801B4EAF79FFFAC
:1096300001B001B4099801B40C98806801B4019894
:1096400000996F467760CDF7D3FF02B001B406BC36
:1096500002B404B4E5F7F2FE02B001B40198009937
:109660000AF0F0F902B001B40EBC089801B402B4DB
:1096700004B408B400F01EF804B0059803210AF001
:10968000E1F90590A5E7049803210AF0DBF90490BD
:1096900098E7002006B000BD042C0BDA00B509F0F5
:1096A000ECFC00F007F804B000BD7746009809F024
:1096B00086FFBE4600B5002001B401B4059801B490
:1096C000059801B4059801B4FFF76CFC03B0009055
:1096D0000398406901B4019801B40198009908F019
:1096E0005AFE02B0019001986F467760CEF7F8F904
:1096F0006F467760CDF764FB6F467760CDF782FCED
:109700006F467760CEF7ECF9002816D003984069D1
:1097100001B4019801B46F467760CDF789FC01B4BC
:1097200001B403980299009A08F080FE01B0002766
:109730000197029701BC02B00190019801B407980B
:1097400001B409F01DF900226F467760CEF76CF97D
:1097500002B00AF004FA01210AF00DFA0AD00198C9
:1097600001B4079801B409F00BF96F467760CDF7A3
:109770006FFC02B0002002B000BD000000B50198EF
:1097800001B4039801B409F00FF96F467760CDF783
:109790004BFC02B00AF0E3F900BD0000022C0BDA2A
:1097A00000B509F0CAF900F007F802B000BD77462D
:1097B000009809F004FFBE4600B5002001B401B4D2
:1097C00001B401B401B401B401B401B401200090AA
:1097D00001200190002002900A980390012004903B
:1097E000049801B404986F467760CDF72BFC0AF01B
:1097F000B6F901B4019800996F467760CEF7C8F9C1
:1098000002B0002831D0039801B405980AF09DF900
:1098100001B4019800996F467760CDF723FC02B040
:109820000290029801B4EAF752FF01B000990AF0E1
:10983000B6F905D0029801B4EAF749FF01B00090EB
:10984000029801B4EAF793FE01B001990AF0A7F972
:1098500005D0029801B4EAF78AFE01B0019004989D
:1098600003210AF0EFF80490BAE700200390FBF719
:1098700041FD09F08BF8C068059005986F46776048
:10988000CEF72EF9002805D0059801B4F4F7C5FCF1
:1098900001B00CE084203768385801B408F0E5FFC7
:1098A0006F467760D1F726FF01B00AF058F90690AD
:1098B00005986F467760CEF713F9002805D0059814
:1098C00001B4F4F78AFB01B00CE084203768385803
:1098D00001B408F0CAFF6F467760D1F70FFF01B0FF
:1098E0000AF03DF90790099801B4079801B40521E1
:1098F0000AF01AF901B001B4029801B405216F46CB
:109900007760CDF775FE01B001B406BC02B404B4B3
:10991000112001B4ECF7AAFF03B001B4019800993B
:10992000416002B0099801B4089801B405210AF019
:10993000FBF801B001B4039801B405216F467760CC
:10994000CDF756FE01B001B406BC02B404B4112038
:1099500001B4ECF78BFF03B001B40198009981606A
:1099600002B0099801B4089801B40B98806801B45A
:1099700009F01AF86F467760CDF756FB02B00AF08F
:10998000EEF801B401980099C16002B0099801B4E1
:10999000079801B40B98406801B409F005F86F46C8
:1099A0007760CDF741FB02B00AF0D9F801B4019815
:1099B0000099016102B0002008B000BD012C0BDA53
:1099C00000B509F001F800F007F801B000BD7746D6
:1099D000009809F0F4FDBE4600B5019801B46F4649
:1099E0007760CDF725FB01B401980099416102B081
:1099F000002000BD012C0BDA00B508F0E5FF00F0F7
:109A000007F801B000BD7746009809F04AF8BE4655
:109A100000B5019801B46F467760CDF709FB01B43A
:109A200001980099C16502B0002000BD042C0BDA3A
:109A300000B509F022FB00F007F804B000BD77463E
:109A4000009809F0AEFDBE4600B5002001B401B497
:109A500001B401B401B401B401B401B401B401B45E
:109A60000B9801B40D9809F01CF8406901B406BCCC
:109A700002B404B400F06EFA02B000900B9801B486
:109A80000D9809F00EF8806901B406BC02B404B464
:109A900000F060FA02B001900C9801B40D9809F042
:109AA00000F8C06801B40198009908F0FAFF8164D9
:109AB00002B00C9801B40D9808F0F3FF006901B4EE
:109AC0000198009908F0EDFFC16402B00C9808F00D
:109AD000E8FFC0696F467760CEF702F8002828D00B
:109AE0000C9801B40D9808F0DCFF406901B40E98A1
:109AF00008F0D7FFC06903460F9801B408B4F4F723
:109B000065FF02B0034607200002D13001B408B45B
:109B1000FFF734FE02B001B4019802BC01B009F0B5
:109B200091FF01B40198009908F0BBFF416102B0B8
:109B300063E00C9808F0B5FF406A6F467760CDF798
:109B4000CFFF002859D00C9808F0ABFF406A0346BD
:109B50000D9801B408B4F4F739FF02B003460720AA
:109B60000002D13001B408B4FFF708FE02B0029041
:109B70000C9808F096FF4069029909F073FF039072
:109B80000398012109F0F7FF16D00C9801B40D9845
:109B900008F087FF4069039909F054FF01B40120E0
:109BA00001B4E8F7A7FB02B001B40198009908F0EE
:109BB00078FF416102B020E00398012109F0EFFF36
:109BC00016D00C9801B40D9808F06BFF406903990A
:109BD00009F048FF01B4012001B4E8F77DFB02B0B1
:109BE00001B40198009908F05CFF416102B004E003
:109BF0000C98012108F055FF41610C9808F051FFC5
:109C0000006A6F467760CDF76BFF002828D00C986C
:109C100001B40D9808F045FF806901B40E9808F072
:109C200040FF006A03460F9801B408B4F4F7CEFE73
:109C300002B0034607200002D13001B408B4FFF798
:109C40009DFD02B001B4019802BC01B009F0FAFE1A
:109C500001B40198009908F024FF816102B063E02B
:109C60000C9808F01EFF806A6F467760CDF738FFCA
:109C7000002859D00C9808F014FF806A03460D980C
:109C800001B408B4F4F7A2FE02B0034607200002B4
:109C9000D13001B408B4FFF771FD02B004900C9804
:109CA00008F0FFFE8069049909F0DCFE0590059834
:109CB000012109F060FF16D00C9801B40D9808F04E
:109CC000F0FE8069059909F0BDFE01B4012001B4E0
:109CD000E8F710FB02B001B40198009908F0E1FE2A
:109CE000816102B020E00598012109F058FF16D0EB
:109CF0000C9801B40D9808F0D4FE8069059909F01C
:109D0000B1FE01B4012001B4E8F7E6FA02B001B4F3
:109D10000198009908F0C5FE816102B004E00C983A
:109D2000012108F0BEFE81610C9801B40C9801B4C9
:109D30000E9808F0B6FE406901B406BC02B404B443
:109D400000F008F902B001B40198009908F0A9FEEA
:109D5000416102B00C9801B40C9801B40E9808F05F
:109D6000A0FE806901B406BC02B404B400F0F2F8AD
:109D700002B001B40198009908F093FE816102B02D
:109D80000C9808F08EFE4069009909F05BFE01B462
:109D90000221090201316F467760CDF755FC01B011
:109DA00001B40F9801B4019800996F467760CDF720
:109DB0001FFC02B001B407210902D1316F46776060
:109DC000CDF742FC01B001B4FBF7BEF801B006903C
:109DD0000C9808F066FE8069019909F033FE01B421
:109DE0000221090201316F467760CDF72DFC01B0E9
:109DF00001B40F9801B4019800996F467760CDF7D0
:109E0000F7FB02B001B407210902D1316F46776038
:109E1000CDF71AFC01B001B4FBF796F801B007903A
:109E20000698089007980990089801B4E8F774FB21
:109E300001B001B40C98806901B4019800996F4693
:109E40007760CDF7EDFE02B001B46F467760CDF7D5
:109E500011FE002802D0009801B012E0009800988E
:109E600001B0099801B4E8F757FB01B001B40C98B0
:109E7000806901B4019800996F467760CDF7D0FEF4
:109E800002B06F467760CDF72BFE00282ED00898E1
:109E900001B4E8F741FB01B001B40C98406901B48A
:109EA0000198009909F07BFE02B007D0052001B4AB
:109EB000099801B4FFF762FC02B00890099801B458
:109EC000E8F72AFB01B001B40C98406901B401988D
:109ED000009909F064FE02B007D0052001B40A9889
:109EE00001B4FFF74BFC02B009909DE7C4486F46F0
:109EF0007760CEF719FF01B40D9801B40E9808F001
:109F0000D0FD406901B40F9808F0CBFD806901B421
:109F10000EBC0A9801B40A9801B40A9801B40A98D0
:109F200001B402B404B408B4079801B4FDF7ECFE20
:109F300008B001BC0AB000BD022C0BDA00B508F075
:109F4000FCFD00F007F802B000BD7746009809F06C
:109F500028FBBE4600B50198C0680346029801B4CC
:109F600008B4E8F7C7F902B001B40298006901B477
:109F700006BC02B404B4E8F7AFF902B000BD0000BB
:109F8000012C0BDA00B508F01FFD00F007F801B056
:109F900000BD7746009809F004FBBE4600B5019865
:109FA000806801B400F00DF801B0002000BD000091
:109FB000012C0BDA00B508F007FD00F007F801B03E
:109FC00000BD7746009809F0FAFABE4600B50020B9
:109FD00001B401B401B401B401B401B40120009092
:109FE000009801B40898006901B40198009909F03B
:109FF000C2FD02B000D189E001200190019801B4B6
:10A000000898C06801B40198009909F0B4FD02B045
:10A0100076D0009801B40898406801B4019800997E
:10A020006F467760CDF7E4FA02B00290019801B470
:10A030000898806801B4019800996F467760CDF761
:10A04000D7FA02B00390039801B4039801B40998B9
:10A0500001B4FEF7A7FF03B004900798406901B46C
:10A06000059801B40198009908F095F902B005909F
:10A07000059801B46F467760CDF7FCFC002802D14B
:10A08000009801B00DE00098009801B0059801B467
:10A0900008F0D8FB6F467760CCF7D4FF01B009F029
:10A0A0005EFD6F467760CDF71BFD002822D084202F
:10A0B0003768385801B4039801B4059801B40A9878
:10A0C000406801B40B98806801B400270B2001B4EC
:10A0D000019801B40297039801B40497059801B45C
:10A0E0000697079801B40897099801B40A97ECF706
:10A0F000C1FA0BB00198032109F0A4FC01907DE79F
:10A100000098032109F09EFC009069E7002006B04A
:10A1100000BD0000022C0BDA00B508F00EFD00F0C7
:10A1200007F802B000BD7746009809F03AFABE463B
:10A1300000B50198406801B4039801B408F020FC10
:10A140006F467760CDF788FC02B06F467760CCF73A
:10A1500059FF002000BD0000022C0BDA00B508F00A
:10A16000ECFC00F007F802B000BD7746009809F05B
:10A1700018FABE4600B5002001B40298406801B448
:10A18000049801B408F0FCFB6F467760CCF760FFE1
:10A1900002B0FBF7AFF808F0F9FBC0680090009838
:10A1A00001B46F467760CDF765FC002802D10098B6
:10A1B00001B009E00098009801B0039801B401983B
:10A1C00001B4FBF7FCFE02B06F467760CDF788FC68
:10A1D000002812D0039801B401B4019808F061FC82
:10A1E000406F02210902013109F059FC01B40198C4
:10A1F000009908F056FC416703B0002001B000BD93
:10A20000848304007746009809F089F9BE4600B5BA
:10A21000019802994160019803998160019804991D
:10A22000C160059801B4029801B400F035F802B09D
:10A23000019801B4039801B408F0F1FA0421002256
:10A240006F467760CBF7EAFE01B001B40198009940
:10A25000816102B0019801B4039801B408F0DFFAFB
:10A26000042102226F467760CBF7D8FE01B001B41B
:10A2700001980099C16102B0002000BD022C0BDAE8
:10A2800000B508F05AFC00F007F802B000BD7746B0
:10A29000009809F044F9BE4600B501980299416161
:10A2A000019801B46F467760CCF7C2FE01B4019803
:10A2B0000099016102B0002000BD000077460098BF
:10A2C00009F01FF9BE4600B501980321816002988C
:10A2D00001B4029801B400F075FA02B00120C5493A
:10A2E0006F467760CEF7F2FC01B40021029A6F4608
:10A2F0007760CCF71FFF029801B4002001B40298E8
:10A3000001B40120404201B4F6F74CFF03B000272E
:10A31000019701B401980099016103B0002000BDCC
:10A32000D4B00100000000002DA30300022C06DAC7
:10A3300000B508F002FC00F002F802B000BD00B564
:10A34000029801B4029801B4E86801B400F012F870
:10A3500003B0002000BD0000032C0BDA00B508F0AC
:10A36000F5FC00F007F803B000BD7746009809F04F
:10A37000C8F8BE4600B5002001B401B401B401B470
:10A3800001B401B401B401B401B401B401B401B425
:10A3900001B401B401B4109801B4F3F76DFE01B03B
:10A3A0006F467760CDF79CFB6F467760CCF708FD72
:10A3B0006F467760CCF726FE6F467760CDF790FB4F
:10A3C000002800D0ECE11098406801B40099032007
:10A3D00009F080FB01B0032109F044FB00901298C2
:10A3E00009F073F8C068009909F04CFB01901298CD
:10A3F00009F06BF80069009909F044FB029012988B
:10A4000009F063F8C06801B41198406801B401987C
:10A41000009909F089FB02B001B4012001B4E5F70D
:10A4200093F902B003901098C068806901B4139842
:10A4300009F04BF8C06801B4139801B408F015FA9C
:10A440006F467760D1F756F901B009F088FB01B487
:10A450000198009909F0F6FA02B001B41298406828
:10A4600001B40198009909F05FFB02B0032109F0E3
:10A47000E9FA01B406BC02B404B4E4F7DFFF02B0A9
:10A480000490129809F021F8006901B4119840680D
:10A4900001B40198009909F047FB02B001B4012012
:10A4A00001B4E5F751F902B005901098C068C06991
:10A4B00001B4139809F009F8006901B4139801B4C4
:10A4C00008F0D3F96F467760D1F718F901B009F0B9
:10A4D00046FB01B40198009909F0B4FA02B001B446
:10A4E0001298406801B40198009909F01DFB02B070
:10A4F000032109F0A7FA01B406BC02B404B4E4F7DE
:10A500009DFF02B00690039807900798049909F000
:10A510005AFB5CD0059808900898069909F053FBFF
:10A520004FD01098C0680346089801B4089801B449
:10A5300008B4FDF712F803B009901098C0680346FC
:10A54000099801B408B4FDF76EF802B00A900A98B1
:10A550006F467760CDF7C4FA00282CD0119801B46B
:10A560000B9801B40998059909F07CFA01B4139885
:10A57000406801B40198009909F0ACFA02B003995F
:10A5800009F070FA01B40B98089909F06BFA01B45C
:10A590001498406801B40198009909F09BFA02B040
:10A5A000059909F05FFA01B408F08FFE6F467760F5
:10A5B000D3F742FB04B00898032109F043FA08904E
:10A5C000AAE70798032109F03DFA07909DE731209B
:10A5D000C000376838586F467760CDF781FA002899
:10A5E00000D1DDE003980B900B98049909F0EBFA89
:10A5F00002D168E020A303000B98039909F032FA16
:10A6000001B41198406801B40198009909F062FA08
:10A6100002B0019909F026FA0C900C9801B40121BE
:10A620006F467760CDF7ECFA01B001B46F46776002
:10A63000CDF720FA002802D1009801B019E0009867
:10A64000009801B00C9801B484203768385801B4E0
:10A6500008F00BF96F467760D1F74CF801B009F0BC
:10A660007EFA01B4019800996F467760CDF7A4FA9D
:10A6700002B06F467760CDF733FA00281DD01198ED
:10A6800001B40D9801B40E9801B4149801B408F007
:10A69000ECF86F467760D1F731F801B009F05FFA56
:10A6A00001B41EBC032001B402B404B4012001B4FF
:10A6B00008B410B4ECF78EF806B00B98032109F03B
:10A6C000C1F90B9090E705980D900D98069909F047
:10A6D0007AFA65D00D98059909F0C4F901B411987A
:10A6E000406801B40198009909F0F4F902B00299A8
:10A6F00009F0B8F90E900E9801B401216F46776009
:10A70000CDF77EFA01B001B46F467760CDF7B2F9AC
:10A71000002802D1009801B019E00098009801B01B
:10A720000E9801B484203768385801B408F09DF8B9
:10A730006F467760D0F7E2FF01B009F010FA01B47C
:10A74000019800996F467760CDF736FA02B06F46F0
:10A750007760CDF7C5F900281CD0119801B40F9887
:10A7600001B4139801B408F080F86F467760D0F711
:10A77000C1FF01B009F0F3F901B40EBC032001B42C
:10A780000F9801B402B404B4012001B408B4ECF78A
:10A7900021F806B00D98032109F054F90D9094E7C3
:10A7A00000200FB000BD0000022C0BDA00B508F04D
:10A7B000C4F900F007F802B000BD7746009808F031
:10A7C000A0FEBE4600B50198029941600198C0689C
:10A7D0006F467760CDF784F9002808D00198C068EB
:10A7E0000346029801B408B4FFF751FD02B00020FF
:10A7F00000BD0000012C0BDA00B508F0E5F800F010
:10A8000007F801B000BD7746009808F07AFEBE4612
:10A8100000B50198C06800BD7746009808F063FE57
:10A82000BE4600B5019801B4039801B4032001B4F9
:10A83000E4F78AFF02B001B401980099416002B0C8
:10A84000019804998160039801B401460B206F467A
:10A850007760CDF7D7F8002801D001B029E00320B8
:10A8600000996F467760CDF7CDF8002801D001B090
:10A870002CE0052000996F467760CDF7C3F80028DB
:10A8800001D001B022E0072000996F467760CDF734
:10A89000B9F8002801D001B025E0092000996F46E1
:10A8A0007760CDF7AFF8002801D001B01BE001BC04
:10A8B00025E001984221C16001984221016101987F
:10A8C0000B21416101980B21816118E001980A2157
:10A8D000C160019842210161019803994161019889
:10A8E0000B2181610BE001984221C16001980A218E
:10A8F000016101980B214161019803998161002058
:10A9000000BD0000012C0BDA00B508F05DF800F086
:10A9100007F801B000BD7746009808F0D6FDBE46A6
:10A9200000B50198806801B484203768385801B4B4
:10A9300007F09BFF6F467760D0F7E0FE01B009F0AB
:10A940000EF901B4032109F0EFF801B001B4019848
:10A95000009909F077F802B000BD0000012C0BDA75
:10A9600000B508F031F800F007F801B000BD7746F7
:10A97000009808F0AAFDBE4600B50198406801B4F1
:10A9800084203768385801B407F06FFF6F4677604E
:10A99000D0F7B0FE01B009F0E2F801B4032109F0EC
:10A9A000C3F801B001B40198009909F04BF802B066
:10A9B00000BD0000012C0BDA00B508F005F800F02E
:10A9C00007F801B000BD7746009808F062FCBE466B
:10A9D00000B50198C06A00BD022C0BDA00B508F082
:10A9E000ACF800F007F802B000BD7746009808F018
:10A9F00050FCBE4600B5002001B401B401B4049877
:10AA0000006A00900498C069092109F03BF86F467C
:10AA10007760CDF765F8002801D0012007E00598A0
:10AA200008F053FDC06801B4FAF78EFA01B0019046
:10AA30000498C069092109F025F86F467760CDF7C1
:10AA40004FF8002801D0012007E0059808F03DFDEF
:10AA5000006901B4FAF778FA01B0029000986F46E5
:10AA60007760CDF73DF8002818D0009808F0EDFD8C
:10AA70004069012109F093F80AD0029801B40298C4
:10AA800001B4029801B4079801B400F019F804B0B9
:10AA9000009808F0DAFD80690090DFE7002003B03D
:10AAA00000BD0000042C0BDA00B508F0E6FA00F057
:10AAB00007F804B000BD7746009808F0EAFBBE46F0
:10AAC00000B50198C06A01B4039801B4049808F075
:10AAD000BCFD4068059908F0C5FF01B4059808F071
:10AAE000B4FD8068079908F0BDFF01B41EBC02B434
:10AAF00004B408B410B4282108F02DFE04B00020DE
:10AB000000BD0000042C0BDA00B508F0B6FA00F026
:10AB100007F804B000BD7746009808F02EFEBE4648
:10AB200000B584203768385801B4049801B4F5F7AB
:10AB30005DF901B001B4069801B4F5F757F901B019
:10AB400001B408F074F901236F467760D0F7F4FD83
:10AB500003B0002000BD0000012C0BDA00B507F0A7
:10AB600033FF00F007F801B000BD7746009807F00A
:10AB70000DFFBE4600B50198006E00BD012C0BDA3A
:10AB800000B507F021FF00F007F801B000BD7746DF
:10AB9000009808F017FBBE4600B56F467760CBF70C
:10ABA00069FF01B4029801B400F022F801B001B4C9
:10ABB00007F0EAFF6F467760CBF79CFF02B001B465
:10ABC00007F0B8FE9A496F467760CBF793FF01B064
:10ABD00000BD0000012C0BDA00B507F0F5FE00F017
:10ABE00007F801B000BD7746009808F0EBFABE46C2
:10ABF00000B50198406801B407F024FE6F46776005
:10AC0000CCF720FA01B008F0AAFF00BD012C0BDA46
:10AC100000B507F0D9FE00F007F801B000BD774697
:10AC2000009808F0A1F8BE4600B5019801B4EBF712
:10AC300004FB01B0E7F760FF0346019801B408B4D4
:10AC400000F00DF802B0002000BD0000022C0BDA6D
:10AC500000B507F072FF00F007F802B000BD7746BC
:10AC6000009808F08FF8BE4600B5012071496F4684
:10AC70007760CEF72BF801B40021039A6F46776016
:10AC8000CCF758FA029801B403984069034601983A
:10AC900001B408B4E8F782FA02B00027019701B4C2
:10ACA00001980099416103B0002000BDD4B00100BB
:10ACB00000000000B9AC0300012C06DA00B507F073
:10ACC00083FE00F002F801B000BD00B5019801B4A8
:10ACD000E86801B4019800996F467760CCF7F6FDFB
:10ACE00002B000BD012C0BDA00B507F06DFE00F0DC
:10ACF00007F801B000BD7746009808F07BF8BE4623
:10AD000000B50198C06F6F467760CCF7E9FE002868
:10AD100000D004E0019801B4EAF7A3FF01B00020DD
:10AD200000BD0000012C0BDA00B507F04DFE00F06D
:10AD300007F801B000BD7746009808F05BF8BE4602
:10AD400000B50198C06F6F467760CCF7C9FE002848
:10AD50001ED039486F467760CDF7E6FF01B4029800
:10AD600001B40398406B01B40498806B01B40EBC2D
:10AD7000012001B4012001B402B404B408B4059860
:10AD800001B4E7F725FA06B0029802BC816604E038
:10AD9000019801B4E7F797F801B0002000BD00006A
:10ADA000032C0BDA00B507F0D1FF00F007F803B071
:10ADB00000BD7746009808F01DF8BE4600B5039820
:10ADC00001B4039801B4039801B400F0BCF803B0D7
:10ADD000019801B4FAF78EFA07F0D8FD406808F040
:10ADE0001EF9C06901B406BC02B404B4482108F0DD
:10ADF00011F802B0002000BD022C0BDA00B507F0FC
:10AE00009CFE00F007F802B000BD7746009807F0FE
:10AE1000F1FFBE4600B5002000BD0000012C12DA93
:10AE200000B507F0D1FD00F00EF801B000BD000044
:10AE30004CB40400ACAC0300605F0400774600989B
:10AE400007F02FFEBE4600B56F467760CBF712FEC7
:10AE500001B40298806801B407F096FE6F467760EF
:10AE6000CBF748FE02B001B407F064FDC4496F4659
:10AE70007760CBF73FFE01B001B4029801B4EBF765
:10AE800017FF01B001B407F087FE6F467760CBF77C
:10AE900031FE02B001B407F04DFDBA496F4677604C
:10AEA000CBF728FE01B001B4029801B4EBF742FFE2
:10AEB00001B001B407F070FE6F467760CBF71AFE61
:10AEC00002B001B407F036FDAF496F467760CBF7AB
:10AED00011FE01B001B4029801B4EBF7ABF801B078
:10AEE00001B407F059FE6F467760CBF703FE02B05E
:10AEF00001B407F01FFDA3496F467760CBF7FAFD59
:10AF000001B001B4029801B4EBF75AF801B001B4F2
:10AF100007F042FE6F467760CBF7ECFD02B001B45C
:10AF200007F008FD99496F467760CBF7E3FD01B064
:10AF300000BD0000032C0BDA00B507F007FF00F09E
:10AF400007F803B000BD7746009807F0AAFDBE469B
:10AF500000B50198406D002108F099FE2BD00198B2
:10AF600001B401B40198406D01B4069801B4072101
:10AF70000902D1316F467760CCF73AFB01B0002768
:10AF8000029701B40198009908F06CFD02B001B479
:10AF900001980099416503B00198406D012108F0C6
:10AFA00012FE08D0019800214165019801B43C21AE
:10AFB00007F030FF01B00198406F092108F062FDF1
:10AFC00001B46F467760CCF755FD002802D1009898
:10AFD00001B009E00098009801B0029801B402980D
:10AFE00001B400F049F802B06F467760CCF778FD05
:10AFF000002808D0002001B4002001B4039801B457
:10B00000EBF7DCF803B00198406E6F467760CCF741
:10B0100067FD00280DD00198406E0346019801B4E9
:10B02000039801B4059801B408B4282107F049FD3C
:10B0300004B0002000BD0000042C0BDA00B508F0BD
:10B040001CF800F007F804B000BD7746009807F040
:10B050008BFDBE4600B5002000BD0000022C0BDABF
:10B0600000B507F06AFD00F007F802B000BD7746B2
:10B07000009807F016FDBE4600B5002001B401B4EB
:10B080000398406F04210902013108F0FBFC6F4670
:10B090007760CCF725FD002801D0012003E004985B
:10B0A00008F013FAC06800900398406F0421090269
:10B0B000013108F0E7FC6F467760CCF711FD0028FE
:10B0C00001D0012003E0049808F0FFF90069019025
:10B0D000039801B4FDF782FE01B0009908F0C2FCAC
:10B0E00001B401216F467760CCF778FD01B001B45F
:10B0F0006F467760CCF7BEFC002802D0009801B004
:10B1000011E00098009801B0039801B4FDF788FEA3
:10B1100001B0019908F0A6FC01B401216F467760E7
:10B12000CCF75CFD01B001B46F467760CCF7A2FCB0
:10B13000002802D0009801B02AE00098009801B0E1
:10B14000039801B4E9F71CFB01B0009908F08AFCF0
:10B1500001B484203768385801B407F086FB6F4685
:10B160007760D0F7C7FA01B008F0F9FC01B4019894
:10B1700000996F467760CCF753FD02B008E00000FD
:10B18000FCB30400B0B0040004B4040010B4040024
:10B1900001B46F467760CCF76DFC002802D00098B0
:10B1A00001B020E00098009801B0039801B4E9F7DD
:10B1B00049FA01B0019908F055FC01B484203768C0
:10B1C000385801B407F051FB6F467760D0F796FA14
:10B1D00001B008F0C4FC01B4019800996F46776093
:10B1E000CCF71EFD02B002B000BD0000022C0BDA4D
:10B1F00000B507F0A2FC00F007F802B000BD7746EA
:10B20000009807F04EFCBE4600B501980299C16354
:10B21000002000BD012C0BDA00B507F0D5FB00F0D3
:10B2200007F801B000BD7746009807F03AFCBE462B
:10B2300000B50198C06B6F467760CCF751FC6F4644
:10B240007760CBF7BDFD6F467760CBF7DBFE6F46CF
:10B250007760CCF745FC00280AD0019801B46F460E
:10B260007760CBF78FFF01B401980099C16302B0FA
:10B270000198C06B00BD0000032C0BDA00B507F08D
:10B2800065FD00F007F803B000BD7746009807F0B1
:10B29000A7FFBE4600B5002000BD0000022C0BDA5F
:10B2A00000B507F04AFC00F007F802B000BD774691
:10B2B000009807F095FFBE4600B5019801B424211F
:10B2C00007F0A8FD01B06F467760CCF709FC0028B5
:10B2D00007D0029801B4029801B42C2107F09AFD1E
:10B2E00002B0002000BD0000022C0BDA00B507F010
:10B2F00024FC00F007F802B000BD7746009807F084
:10B300006FFFBE4600B5002000BD0000012C0BDA27
:10B3100000B507F059FB00F007F801B000BD774613
:10B32000009807F05DFFBE4600B5422000BD00005A
:10B33000012C0BDA00B507F047FB00F007F801B06D
:10B3400000BD7746009808F0BAFABE4600B5002066
:10B3500001B401B401B401B4EDF70EF9009000207E
:10B360000190009807F0D7FF8068029001200390B9
:10B37000039801B403986F467760CBF763FE08F03B
:10B38000EEFB01B4019800996F467760CCF700FCA2
:10B3900002B0002821D0029801B4049808F0D5FB2F
:10B3A00001B4019800996F467760CBF75BFE02B05D
:10B3B0000190019801B4242107F0C2FA01B06F4650
:10B3C0007760CCF78DFB002801D0422008E003987D
:10B3D000032108F037FB0390CAE7002002900A20FF
:10B3E00004B000BD012C0BDA00B507F0EDFA00F057
:10B3F00007F801B000BD7746009807F0AFFDBE46E4
:10B4000000B5019840696F467760CCF769FB00286A
:10B4100001D0AC4800E0AC4801B40298806801B4A7
:10B4200007F0A0FAA9486F467760CBF763FB01B03D
:10B4300001B407F07FFAA6496F467760CBF75AFB55
:10B4400001B001B4019801B407F0A6FB6F46776024
:10B45000CBF750FB03B000BD012C0BDA00B507F0B1
:10B46000B3FA00F007F801B000BD7746009808F085
:10B47000FDF9BE4600B50198806801B407F0F5F902
:10B480006F467760D0F736F901B008F068FB00BD71
:10B49000012C0BDA00B507F097FA00F007F801B0BD
:10B4A00000BD7746009808F0E1F9BE4600B5019866
:10B4B000806801B407F0D9F96F467760D0F71EF9BC
:10B4C00001B008F04CFB00BD012C0BDA00B507F011
:10B4D0007BFA00F007F801B000BD7746009808F04D
:10B4E000C5F9BE4600B50198006901B4029801B4DF
:10B4F000FFF7DCFF01B001B4032108F015FB01B038
:10B5000001B40198009908F09DFA02B000BD000056
:10B51000012C0BDA00B507F057FA00F007F801B07C
:10B5200000BD7746009808F0A1F9BE4600B5019825
:10B53000406901B4029801B4FFF79CFF01B001B467
:10B54000032108F0F1FA01B001B40198009908F064
:10B5500079FA02B000BD0000012C0BDA00B507F04B
:10B5600033FA00F007F801B000BD7746009808F004
:10B570008BF9BE4600B50198406801B4029801B449
:10B58000FBF7BEFF01B0406801B40198009908F0D4
:10B59000A1FA02B000BD0000012C0BDA00B507F0E3
:10B5A00013FA00F007F801B000BD7746009808F0E4
:10B5B0006BF9BE4600B50198806801B4029801B4E9
:10B5C000FBF79EFF01B0406801B40198009908F0B4
:10B5D00081FA02B000BD0000012C0BDA00B507F0C3
:10B5E000F3F900F007F801B000BD7746009808F0C5
:10B5F0004BF9BE4600B5002001B4029801B4FBF738
:10B600007FFF01B0406800900298406801B4019843
:10B6100001B40198009908F05DFA02B001B40198F4
:10B62000032108F01FFA01B40099032008F052FA30
:10B6300001B001B40198009908F004FA02B001B019
:10B6400000BD0000012C0BDA00B507F0BDF900F0D9
:10B6500007F801B000BD7746009808F015F9BE461E
:10B6600000B5002001B4029801B4FBF749FF01B016
:10B67000406800900298806801B4019801B4019874
:10B68000009908F027FA02B001B40198032108F0EC
:10B69000E9F901B40099032008F01CFA01B001B4E3
:10B6A0000198009908F0CEF902B001B000BD000089
:10B6B000042C14DA00B507F0E0FC00F010F804B038
:10B6C00000BD00006C9904006CAE0400E4B30400FB
:10B6D000F8B204007746009808F06DF8BE4600B551
:10B6E000002001B40298006A01B40398406A01B4D2
:10B6F00006BC02B404B400F04AF802B001B407F08A
:10B70000B4F86F467760D0F739FB01B0009000982D
:10B7100001B4049807F099FF006A01B408F0DDF85D
:10B720000F216F467760D0F701FC02B084203768A4
:10B73000385801B4019801B40498806A01B407989C
:10B7400002BC08F08FF901B4F4F750FB01B001B46A
:10B750000598C06A01B4099802BC08F083F901B4E5
:10B76000F4F744FB01B001B407F0AFFD6F4677601A
:10B77000D2F762FA04B0002001B000BD022C0BDA4F
:10B7800000B507F0DAF900F007F802B000BD77461F
:10B79000009807F062FDBE4600B502986F467760DC
:10B7A000CCF79EF96F467760CBF70AFB6F46776060
:10B7B000CBF728FC01B46F467760CCF75BF9002823
:10B7C00002D0009801B014E00098009801B00298EF
:10B7D00001B407F037F86F467760CBF733FC01B060
:10B7E00008F0BDF901B401216F467760CCF70CF980
:10B7F00001B06F467760CCF773F9002801D00020C4
:10B8000020E0029801B4029801B4049801B407F052
:10B8100019F86F467760CBF715FC01B008F09FF977
:10B82000032108F01FF901B406BC02B4012001B4E1
:10B8300004B4EBF73BF803B001B40198009906F0AB
:10B84000AAFD02B000BD0000042C0BDA00B507F021
:10B8500014FC00F007F804B000BD7746009807F02C
:10B86000BAFFBE4600B5002001B4039807F0EDFE14
:10B87000406903210902E93108F091F901D009205A
:10B880000CE0039807F0E1FE406901210902F5315F
:10B8900008F085F901D00B2000E0032000908420FF
:10B8A0003768385801B4059801B4F4F79FFA01B02D
:10B8B00001B4079801B4F4F799FA01B001B4039800
:10B8C00001B407F0ADFC6F467760CFF735FF04B0E9
:10B8D000002001B000BD0000042C0BDA00B507F019
:10B8E000CCFB00F007F804B000BD7746009807F0E5
:10B8F00022FFBE4600B584203768385801B404984A
:10B9000001B4F4F773FA01B001B4069801B4F4F786
:10B910006DFA01B001B407F08AFA01236F4677602F
:10B92000CFF70AFF03B0002000BD0000022C0BDAA5
:10B9300000B507F002F900F007F802B000BD774645
:10B94000009807F074FEBE4600B5029801B484204A
:10B950003768385801B4039801B4DC2107F098FA2D
:10B9600003B0002000BD0000012C0BDA00B507F089
:10B970002BF800F007F801B000BD7746009807F0FB
:10B9800056FEBE4600B5019801B401210902A3315B
:10B9900007F046F901B000BD012C0BDA00B507F045
:10B9A00013F800F007F801B000BD7746009807F0E3
:10B9B0008CFDBE4600B50198806800BD012C0BDAF5
:10B9C00000B507F001F800F007F801B000BD7746B8
:10B9D000009807F07AFDBE4600B50198406800BDAA
:10B9E000022C0BDA00B507F0A8F800F007F802B057
:10B9F00000BD7746009807F0B7F9BE4600B50020B5
:10BA000001B402989C23C05801B40398A023C058E5
:10BA100001B40198009908F025F802B001B4F5F7D7
:10BA20005DFB01B0032108F0CEF80BD0029801B401
:10BA30000398A023C05801B4019800999C23C150D9
:10BA400002B028E0029801B401B401989C23C058C8
:10BA500001B40598A023C05801B406989C23C0588F
:10BA600001B40198009907F0FDFF02B0002702978A
:10BA700001B40B216F467760CBF7E6FD01B001B44E
:10BA80000198009907F0DEFF02B001B40198009917
:10BA90009C23C15003B00298A423C05801B403985A
:10BAA000A823C05801B40198009907F0DBFF02B049
:10BAB00001B4F5F713FB01B0032108F084F80BD0B3
:10BAC000029801B40398A823C05801B401980099C2
:10BAD000A423C15002B028E0029801B401B4019837
:10BAE000A423C05801B40598A823C05801B40698EF
:10BAF000A423C05801B40198009907F0B3FF02B025
:10BB00000027029701B40B216F467760CBF79CFDAD
:10BB100001B001B40198009907F094FF02B001B49C
:10BB200001980099A423C15003B0039801B40721E0
:10BB30000902D1316F467760CBF786FD01B001B4C1
:10BB400003988423C05801B4E8F729FB01B001B47D
:10BB5000019800996F467760CBF74AFD02B00090DC
:10BB600002989C23C05801B40398A023C05801B484
:10BB7000019800996F467760CBF7A0FE02B001B440
:10BB80006F467760CBF776FF002802D1009801B0AE
:10BB900011E00098009801B00298A423C05801B4A5
:10BBA0000398A823C05801B4019800996F467760A4
:10BBB000CBF784FE02B06F467760CBF791FF002889
:10BBC0000FD0029801B401B40198AC23C058029977
:10BBD00007F038FF01B401980099AC23C15003B0BD
:10BBE00003E002980121AC23C150029801B401B4D2
:10BBF0000198B023C058029907F024FF01B40198BE
:10BC00000099B023C15003B00298AC23C058012161
:10BC100007F0B1FF03D002980121AC23C150029874
:10BC2000B023C058012107F0A6FF03D002980121DC
:10BC3000B023C150002001B000BD0000022C0BDA7F
:10BC400000B506F07AFF00F007F802B000BD7746B5
:10BC5000009806F026FFBE4600B5002001B401B4EE
:10BC600001B401B4069801B4069801B400F0DEFAFC
:10BC700002B0069801B4069801B4FFF7FDF902B0CE
:10BC80006F467760CBF72CFF002800D05CE005986A
:10BC9000406F04210902013107F0F4FE6F4677601E
:10BCA000CBF71EFF002801D0012003E0069807F023
:10BCB0000CFCC06800900598406F04210902013116
:10BCC00007F0E0FE6F467760CBF70AFF002801D04F
:10BCD000012003E0069807F0F8FB00690190059841
:10BCE00001B4E8F74DFD01B0009907F0BBFE01B4C7
:10BCF0006F467760CBF774FD01B00290059801B4F0
:10BD0000E8F7A0FC01B0019907F0ACFE01B46F4662
:10BD10007760CBF765FD01B00390039801B40398F9
:10BD200001B4079801B4402107F074F803B00198FA
:10BD300001B4019801B4059801B4059801B40998BB
:10BD400001B400F013F805B0002004B000BD0000FD
:10BD5000052C0BDA00B507F04AF900F007F805B03A
:10BD600000BD7746009806F09CFEBE4600B5002058
:10BD700001B401B401B40498406F812107F082FE40
:10BD80006F467760CBF7ACFE002800D152E13768F0
:10BD9000F86F009005980190069801B4059801B4D9
:10BDA000E8F7EAFB01B001B40198009907F04AFEF8
:10BDB00002B0052107F046FE02908420376838580B
:10BDC00001B46F467760CAF755FE01B4069801B416
:10BDD000EAF76EFF01B001B4012107F0A5FE01B042
:10BDE00001B406F0D1FE6F467760CAF783FE02B059
:10BDF00001B406F09FFDCE496F467760CAF77AFE20
:10BE000001B001B4069801B4EAF794FF01B001B49F
:10BE1000012107F089FE01B001B406F0BDFE6F46B6
:10BE20007760CAF767FE02B001B406BC002001B417
:10BE3000019801B4032001B4059801B4059801B438
:10BE400002B404B4EFF7EAFA07B0019801B401981C
:10BE500001B47B2106F012FD01B001B401980099F4
:10BE600007F000FE02B00190049801B4EAF7E2F88E
:10BE700001B001B46F467760CBF7FCFD002802D01B
:10BE8000009801B007E00098009801B0049801B450
:10BE9000EAF796F801B06F467760CBF721FE0028ED
:10BEA00055D0029801B4019801B47A2106F0E6FC5D
:10BEB00001B0052107F0C6FD01B40198009907F013
:10BEC000C1FD02B0029084203768385801B405984B
:10BED00001B4EAF7AFF801B001B4012107F024FE84
:10BEE00001B001B406F03EFD92486F467760CAF794
:10BEF00001FE01B001B406F01DFD8D496F4677606B
:10BF0000CAF7F8FD01B001B4069801B4EAF758F891
:10BF100001B001B4012107F007FE01B001B406F041
:10BF20003BFE6F467760CAF7E5FD02B001B406BC80
:10BF3000002001B4019801B4032001B4059801B4B4
:10BF4000059801B402B404B4EFF768FA07B0049896
:10BF500001B4E9F7FBFF01B001B46F467760CBF79E
:10BF600089FD002802D0009801B007E000980098F1
:10BF700001B0049801B4E9F7AFFF01B06F467760F4
:10BF8000CBF7AEFD002855D0029801B4019801B45A
:10BF90007A2106F073FC01B0052107F053FD01B4CE
:10BFA0000198009907F04EFD02B002908420376896
:10BFB000385801B4059801B4E9F7C8FF01B001B4DD
:10BFC000012107F0B1FD01B001B406F0CBFC5A48E5
:10BFD0006F467760CAF78EFD01B001B406F0AAFC87
:10BFE00053496F467760CAF785FD01B001B40698E2
:10BFF00001B4E9F771FF01B001B4012107F094FD2C
:10C0000001B001B406F0C8FD6F467760CAF772FD53
:10C0100002B001B406BC002001B4019801B40320B1
:10C0200001B4059801B4059801B402B404B4EFF763
:10C03000F5F907B03120C000376838586F4677608F
:10C04000CBF74EFD002848D084203768385801B41B
:10C050000598806E01B4ECF71AF801B001B4F3F75B
:10C06000C5FE01B0089907F0FDFC01B40698806E8A
:10C0700001B4EBF7EEFF01B001B4F3F7B7FE01B086
:10C080000A9907F0EFFC01B40798806E06F0E4FE11
:10C09000406901B4F3F7AAFE01B001B40898806EBC
:10C0A00006F0DAFE806901B4F3F7A0FE01B001B436
:10C0B0000027032001B4019801B40297039801B44A
:10C0C0000497059801B40697079801B40897099852
:10C0D00001B40A97EAF7CEFA0BB0002003B000BD16
:10C0E000032C0BDA00B506F031FE00F007F803B0C0
:10C0F00000BD7746009806F0D4FCBE4600B5019816
:10C1000001B4EBF72BFE01B06F467760CBF7E8FC8C
:10C110006F467760CAF754FE6F467760CAF772FFC2
:10C120006F467760CBF7DCFC002807D119E00000F0
:10C13000B0B0040018B4040020B4040084203768B0
:10C14000385801B40298806D01B4049801B406987F
:10C1500001B407F0BAF86F467760D1F76DFD04B00F
:10C1600054E084203768385801B4039801B4059826
:10C1700001B4049801B4E8F7AFFA01B001B405982E
:10C1800001B4E8F7F9F901B001B40698806D01B483
:10C190000798806D01B406F068FB6F467760CFF7B3
:10C1A000A9FA01B007F0DBFC01B40898806D01B476
:10C1B00006F05BFB6F467760CFF7A0FA01B007F09F
:10C1C000CEFC01B400270A2001B4422001B4029839
:10C1D00001B40397049801B40597012001B401202C
:10C1E00001B4089801B409970A9801B40B970C9808
:10C1F00001B40D970E9801B40F97109801B41197E0
:10C20000129801B41397EBF7BBFC14B0002000BDEB
:10C21000022C0BDA00B506F090FC00F007F802B033
:10C2200000BD7746009806F03CFCBE4600B501987C
:10C23000406E6F467760CBF753FC002844D00198DE
:10C24000006E002107F023FD2ED06F467760C9F7FE
:10C25000F5FE07F084FC01B40298006E01B4019869
:10C26000009907F088FC02B010D00198406E034698
:10C27000019801B4039801B484203768385801B498
:10C2800008B4242106F01DFC04B00CE00198406EB7
:10C2900001B42C2106F015FC01B001980021416683
:10C2A0000198002101660FE00198406E0346019855
:10C2B00001B4039801B484203768385801B408B435
:10C2C000242106F0FEFB04B0002000BD042C0BDA94
:10C2D00000B506F0D2FE00F007F804B000BD7746C6
:10C2E000009806F041FCBE4600B5002000BD0000ED
:10C2F000012C0BDA00B506F067FB00F007F801B07F
:10C3000000BD7746009806F0CCFBBE4600B501980C
:10C31000406F01210902013107F0B4FB6F467760DD
:10C32000CBF7DEFB6F467760CAF74AFD6F46776052
:10C33000CAF768FE00BD0000042C0BDA00B506F059
:10C340009CFE00F007F804B000BD7746009806F0A8
:10C35000CAFBBE4600B5002001B401B401B401B46B
:10C3600001B401B401B401B40C9806F09AFB406F1B
:10C3700004210902013107F085FB6F467760CBF796
:10C38000AFFB002801D0012003E00B9807F09DF8D7
:10C39000C06800900C9806F084FB406F04210902ED
:10C3A000013107F06FFB6F467760CBF799FB0028F0
:10C3B00001D0012003E00B9807F087F80069019095
:10C3C0000C9801B4E8F7D7F901B0009907F04AFBDF
:10C3D00001B46F467760CBF703FA01B002900C9876
:10C3E00001B4E8F72AF901B0019907F03BFB01B469
:10C3F0006F467760CBF7F4F901B003900998406974
:10C400006F467760CBF76CFB002806D0099840692F
:10C4100001B401F0E8FA01B004E00998006906F0FF
:10C420007EFBC0680490099840696F467760CBF73F
:10C4300057FB002806D00998406901B401F04DF976
:10C4400001B004E00998006906F069FB00690590F5
:10C45000029801B40D9801B4E8F739F901B001B4BC
:10C46000032107F061FB01B001B40198009907F0C6
:10C47000E9FA02B001B4069801B4032107F054FBB5
:10C4800001B001B40198009907F0ECFA02B00690EF
:10C490000398049907F0E6FA092107F0E3FA0790F8
:10C4A0000698059907F0CEFA01B401216F4677602E
:10C4B000CBF794FB01B001B46F467760CBF7DAFAA3
:10C4C000002802D0009801B00DE00098009801B05B
:10C4D0000798049907F0B6FA01B401216F46776016
:10C4E000CBF77CFB01B001B46F467760CBF7C2FAA3
:10C4F000002802D0009801B017E00098009801B021
:10C50000069801B40B9801B406F0AFF96F46776056
:10C51000CFF7F0F801B007F022FB01B401980099C1
:10C520006F467760CBF77CFB02B001B46F46776053
:10C53000CBF7A0FA002802D0009801B017E00098CD
:10C54000009801B0079801B40B9801B406F08DF97A
:10C550006F467760CFF7D2F801B007F000FB01B467
:10C56000019800996F467760CBF75AFB02B06F468F
:10C570007760CBF7B5FA002800D083E0069801B4C5
:10C58000089801B4079801B4079801B4109801B451
:10C59000EAF789FB01B001B4119801B4EAF7C5FBD1
:10C5A00001B001B40F98C06801B40027119801B41C
:10C5B000019801B40297039801B40497059801B457
:10C5C0000697079801B40897099801B40A970B9841
:10C5D00001B40C970D9801B40E9700F0E4FB0FB076
:10C5E00004986F467760CBF77BFA00284AD0099809
:10C5F00040696F467760CBF773FA00281FD009981F
:10C60000406901B40B9801B4089801B40A9801B4C8
:10C610000D98806801B40027009801B40197029832
:10C6200001B40397049801B40597069801B40797DD
:10C63000089801B4099700F002F90AB022E00998BD
:10C64000006901B40B9801B4089801B40A9801B4C8
:10C650000D98806801B40027002001B4002001B4C7
:10C66000029801B40397049801B40597069801B4A1
:10C670000797089801B409970A9801B40B9700F03E
:10C680000EF80CB0002008B000BD0000072C0BDA3B
:10C6900000B507F02FF900F007F807B000BD7746A6
:10C6A000009806F03CFABE4600B5002001B4079899
:10C6B000002107F0C4FA01D001200790089800215A
:10C6C00007F0BDFA0FD00298406801B406F0BAF83E
:10C6D0006F467760CAF7B6FC01B007F040FA032155
:10C6E00007F0B0F90890079800900098089907F0B3
:10C6F00042FA24D0069801B4019801B4079801B415
:10C70000079801B4079801B4079801B400F028F81D
:10C7100006B0059801B40398806801B47A2106F048
:10C72000ADF801B001B40198009907F08BF902B09F
:10C7300005900098032107F085F90090D5E70020C7
:10C7400001B000BD062C0BDA00B506F08DF900F043
:10C7500007F806B000BD7746009806F0E0F9BE463F
:10C7600000B5002001B401B401B4089801B40598E3
:10C7700001B4E2F78FFC02B00090089801B405986C
:10C7800001B4E2F747FD02B00190009802900298D0
:10C79000019907F0F0F945D0059801B40598406972
:10C7A00001B4049801B406F0D1F96F467760CAF776
:10C7B000EBFB02B001B4089801B40A9801B40D98DB
:10C7C00001B40998806801B40027002001B40198E1
:10C7D00001B40297039801B40497059801B4069731
:10C7E000079801B40897099801B40A970B9801B407
:10C7F0000C97EEF713FE0DB0069801B4059880680B
:10C8000001B47B2106F03AF801B001B40198009917
:10C8100007F018F902B006900298032107F012F908
:10C820000290B4E7002003B000BD0000052C0BDA35
:10C8300000B506F0DCFB00F007F805B000BD774658
:10C84000009806F05EF9BE4600B5002001B40298DB
:10C850008068012107F0F3F901D073E166E10298E5
:10C860008068032107F0EBF900D191E00298406A5B
:10C8700001B4049801B4069801B4089801B40A9868
:10C8800001B4079801B400F06FF901B001B4089841
:10C89000C06801B40998C06801B40A98806A01B4FC
:10C8A0000B98406A01B4E2F728FE01B001B406F02B
:10C8B0007BF86F467760CAF7B7FB02B007F04FF915
:10C8C00001B40198009907F0BDF802B0032107F008
:10C8D000B9F801B40027009801B40197029801B497
:10C8E0000397049801B40597069801B40797089830
:10C8F00001B409970A9801B40B970C9801B40D97ED
:10C900000E9801B40F9700F056F910B000900298FD
:10C91000806901B46F467760CBF7ACF8002802D18C
:10C92000009801B012E00098009801B00298006AE7
:10C9300001B4039801B400F017F901B001B40198F3
:10C9400000996F467760CAF7C1FF02B06F46776003
:10C95000CBF7C6F8002807D0029801B401210902DC
:10C96000353106F05DF901B000986F467760CBF77E
:10C97000B7F800280BD0029805218160029801B415
:10C980000398406901B401980099016102B0CDE0BB
:10C990000298406A01B4049801B4069801B408985A
:10C9A00001B40A9801B40798C06801B40898C06837
:10C9B00001B40998806A01B40A98406A01B4E2F7A8
:10C9C0009CFD01B001B405F0EFFF6F467760CAF738
:10C9D0002BFB02B007F0C3F801B40198009907F0EF
:10C9E00031F802B0032107F02DF801B400270098B8
:10C9F00001B40197029801B40397049801B4059714
:10CA0000069801B40797089801B409970A9801B4E9
:10CA10000B970C9801B40D97FFF741FE0EB00298EA
:10CA200001B401B40198006901B4F8F763FC002770
:10CA3000029705F0ABFF406806F0F1FAC06901B457
:10CA40000198009907F00EF802B001B4019800991E
:10CA5000016103B002980069012107F08CF865D0EC
:10CA6000029801B401B40198C06801B40598806AC5
:10CA700001B40698406A01B4E2F73FFD01B0002717
:10CA8000039701B405F090FF6F467760CAF7CCFAC0
:10CA900002B007F064F8032106F0D4FF01B4019856
:10CAA000009906F0CFFF02B001B401980099C1606F
:10CAB00003B00298C06801B40398406A06F02FF8EA
:10CAC000406801B405F0BEFE6F467760CAF7BAFA57
:10CAD00001B007F044F801B40198009907F05FF83D
:10CAE00002B013D00298012181600298C0696F469C
:10CAF0007760CAF7F5FF002807D0029801B401213A
:10CB00000902313106F08CF801B00FE002980321E0
:10CB10008160029801B46F467760C9F78FFA07F019
:10CB20001EF801B401980099016102B0029801B4A5
:10CB3000039801B400F018F801B001B4019800990D
:10CB4000016202B0002001B000BD0000012C0BDA30
:10CB500000B505F039FF00F007F801B000BD7746D9
:10CB6000009805F0CEFFBE4600B56F467760C9F766
:10CB700065FA06F0F4FF01B40298006901B4019867
:10CB8000009906F06FFF02B001B40298406801B44A
:10CB900005F00AFF6F467760CAF746FA02B006F062
:10CBA000DEFF00BD082C0BDA00B506F0C5FE00F074
:10CBB00007F808B000BD7746009805F0B0FFBE4604
:10CBC00000B5002001B401B40998002107F037F83E
:10CBD00001D0012009900A98002107F030F80FD009
:10CBE0000398406801B405F02DFE6F467760CAF7E0
:10CBF00029FA01B006F0B3FF032106F023FF0A90E3
:10CC0000012000900998019001980A9906F0B3FF5D
:10CC100030D0089801B4019801B4099801B404987F
:10CC200001B40A9801B40A9801B40A9801B40A98A8
:10CC300001B400F031F808B00090069801B40498EF
:10CC4000806801B47A2105F019FE01B001B40198A1
:10CC5000009906F0F7FE02B006900098089906F0D9
:10CC6000C6FF01D00A2006E00198032106F0EAFE83
:10CC70000190C9E7422002B000BD0000082C0BDA89
:10CC800000B506F059FE00F007F808B000BD774681
:10CC9000009805F044FFBE4600B5002001B401B481
:10CCA00001B4089801B4059801B4E2F7F3F902B0B1
:10CCB0000090089801B4059801B4E2F7ABFA02B00D
:10CCC0000190009802900298019906F054FF57D005
:10CCD000059801B40598406901B4049801B405F0C1
:10CCE00035FF6F467760CAF74FF902B001B4089874
:10CCF00001B40A9801B40D9801B40998806801B490
:10CD00000027002001B4019801B40297039801B4F0
:10CD10000497059801B40697079801B408970998F5
:10CD200001B40A970B9801B40C97EEF777FB0DB09E
:10CD3000069801B40598806801B47B2105F09EFD3A
:10CD400001B001B40198009906F07CFE02B0069093
:10CD50000A9801B40398019906F084FE01B4019881
:10CD6000009906F06FFE02B00B9906F040FF01D06B
:10CD70000B980CE00298032106F064FE0290A2E7F3
:10CD80000A98019906F05EFE009906F06BFE03B06A
:10CD900000BD0000082C06DA00B506F0CDFD00F05D
:10CDA00002F808B000BD00B5002001B401B401B420
:10CDB00001B401B401B401B401B401B401B40B98DD
:10CDC0000D9906F03FFE01B401216F467760CAF766
:10CDD00005FF01B001B46F467760CAF74BFE00282B
:10CDE00002D0009801B00DE00098009801B00C98B6
:10CDF0000E9906F027FE01B401216F467760CAF74D
:10CE0000EDFE01B001B46F467760CAF733FE00282B
:10CE100002D0009801B017E00098009801B00B987C
:10CE200001B4139801B405F020FD6F467760CEF78A
:10CE300061FC01B006F093FE01B4019800996F46C1
:10CE40007760CAF7EDFE02B001B46F467760CAF7AB
:10CE500011FE002802D0009801B017E00098009859
:10CE600001B00C9801B4139801B405F0FEFC6F46B4
:10CE70007760CEF743FC01B006F071FE01B4019873
:10CE800000996F467760CAF7CBFE02B06F467760B5
:10CE9000CAF726FE002801D000F013FC0E986F465A
:10CEA0007760CAF71DFE002801D100F00AFC119836
:10CEB00001B40F9801B40F9801B40F9801B40F9802
:10CEC00001B4179801B4EEF79BFE06B0129801B4B6
:10CED0000C98032106F0C6FD01B40E98032106F05C
:10CEE000B1FD01B41198052106F0BCFD01B41EBCD2
:10CEF000119801B402B4032001B404B408B410B40E
:10CF0000EEF77EFE06B0129801B40C980E9906F06A
:10CF100099FD01B40E98032106F094FD01B4119817
:10CF2000052106F09FFD01B41EBC119801B402B4A6
:10CF3000032001B404B408B410B4EEF761FE06B0E7
:10CF4000129801B40C98032106F07CFD01B40E98F0
:10CF5000032106F087FD01B41098052106F082FD3B
:10CF600001B41EBC119801B4032001B402B404B48E
:10CF700008B410B4EEF744FE06B0129801B40C9851
:10CF8000032106F05FFD01B40E98109906F05AFDDA
:10CF900001B41098052106F065FD01B41EBC11987E
:10CFA00001B4032001B402B404B408B410B4EEF721
:10CFB00027FE06B00F9801B40C9801B401980099AF
:10CFC0006F467760CAF72CFE02B001B46F467760F7
:10CFD000CAF750FD002802D1009801B010E0009877
:10CFE000009801B00F9801B40C980E9906F02AFD34
:10CFF00001B4019800996F467760CAF7EFFD02B05F
:10D0000001B46F467760CAF735FD002802D1009859
:10D0100001B00DE00098009801B0109801B40D988F
:10D0200001B4019800996F467760CAF7F9FD02B024
:10D0300001B46F467760CAF71DFD002802D1009841
:10D0400001B010E00098009801B0109801B40D985C
:10D050000F9906F0F7FC01B4019800996F467760CC
:10D06000CAF7BCFD02B06F467760CAF739FD0028E9
:10D0700000D026E30F980B9906F0F4FC01B4F4F706
:10D080002DF801B001B4109801B40D980F9906F075
:10D09000D9FC01B40198009906F0E4FC02B001B497
:10D0A000F4F71CF801B001B406BC02B404B4E2F712
:10D0B0004BFB02B0009010980E9906F0D3FC01B41F
:10D0C000F4F70CF801B001B4119801B4109810995C
:10D0D00006F0B8FC01B40198009906F0C3FC02B058
:10D0E00001B4F3F7FBFF01B001B406BC02B404B411
:10D0F000E2F72AFB02B001900098019906F04FFD7B
:10D1000000D16FE10F9801B40C980E9906F09AFCCB
:10D1100001B40198009906F042FD02B055D0109874
:10D1200001B40D980F9906F08DFC092106F09AFCC8
:10D1300001B406BC02B404B4E2F780F902B001B451
:10D140000D980B2106F07EFC01B406BC02B404B4B9
:10D15000E2F7FAFA02B00290129801B40C980E9914
:10D1600006F070FC032106F06DFC01B40498052163
:10D1700006F078FC01B40EBC119801B4072001B48C
:10D18000032001B402B404B408B4EEF739FD06B0CC
:10D19000129801B40C980E9906F054FC052106F083
:10D1A00051FC01B40498032106F05CFC01B40EBCF0
:10D1B000119801B4032001B4032001B402B404B4F3
:10D1C00008B4EEF71DFD06B00BE10F980B9906F0C1
:10D1D000D2FC4FD0109801B40D980F9906F032FC94
:10D1E000092106F03FFC01B406BC02B404B4E2F726
:10D1F00025F902B001B40D980B2106F023FC01B40F
:10D2000006BC02B404B4E2F79FFA02B0039012988D
:10D2100001B40C98052106F025FC01B40598052100
:10D2200006F020FC01B40EBC119801B4072001B433
:10D23000032001B402B404B408B4EEF7E1FC06B074
:10D24000129801B40C98072106F00CFC01B4059863
:10D25000032106F007FC01B40EBC119801B40320B1
:10D2600001B4032001B402B404B408B4EEF7C8FC5E
:10D2700006B0B6E0109801B40D980F9906F0E2FBE5
:10D2800001B40198009906F08AFC02B055D00F98BD
:10D2900001B40C980E9906F0D5FB092106F0E2FBCB
:10D2A00001B406BC02B404B4E2F7C8F802B001B499
:10D2B0000C980B2106F0C6FB01B406BC02B404B402
:10D2C000E2F742FA02B00490129801B405980521E1
:10D2D00006F0C8FB01B40E98109906F0B3FB0321C9
:10D2E00006F0B0FB01B40EBC119801B4032001B4E8
:10D2F000072001B402B404B408B4EEF781FC06B010
:10D30000129801B40598032106F0ACFB01B40E9805
:10D31000109906F097FB052106F094FB01B40EBCB2
:10D32000119801B4032001B4032001B402B404B481
:10D3300008B4EEF765FC06B053E010980C9906F0BF
:10D340001AFC4ED00F9801B40C980E9906F07AFB97
:10D35000092106F087FB01B406BC02B404B4E2F76D
:10D360006DF802B001B40C980B2106F06BFB01B410
:10D3700006BC02B404B4E2F7E7F902B005901298D3
:10D3800001B40698052106F06DFB01B40E98052145
:10D3900006F068FB01B40EBC119801B4032001B47F
:10D3A000072001B402B404B408B4EEF729FC06B0B7
:10D3B000129801B40698032106F054FB01B40E98AC
:10D3C000072106F04FFB01B40EBC119801B40320F5
:10D3D00001B4032001B402B404B408B4EEF710FCA5
:10D3E00006B06EE1109801B40D980F9906F02AFB73
:10D3F00001B40198009906F0D2FB02B055D00F9805
:10D4000001B40C980E9906F01DFB092106F02AFBC9
:10D4100001B406BC02B404B4E2F710F802B001B4DF
:10D420000C980B2106F00EFB01B406BC02B404B448
:10D43000E2F78AF902B00690129801B40798052124
:10D4400006F010FB01B40E98109906F0FBFA0321C8
:10D4500006F0F8FA01B40EBC119801B4032001B42F
:10D46000072001B402B404B408B4EEF7C9FB06B057
:10D47000129801B40798032106F0F4FA01B40E984B
:10D48000109906F0DFFA052106F0DCFA01B40EBCB3
:10D49000119801B4032001B4032001B402B404B410
:10D4A00008B4EEF7ADFB06B00BE110980C9906F04E
:10D4B00062FB4FD00F9801B40C980E9906F0C2FA97
:10D4C000092106F0CFFA01B406BC02B404B4E1F7B6
:10D4D000B5FF02B001B40C980B2106F0B3FA01B409
:10D4E00006BC02B404B4E2F72FF902B00790129818
:10D4F00001B40898052106F0B5FA01B40E9805218B
:10D5000006F0B0FA01B40EBC119801B4032001B4C6
:10D51000072001B402B404B408B4EEF771FB06B0FE
:10D52000129801B40898032106F09CFA01B40E98F1
:10D53000072106F097FA01B40EBC119801B403203C
:10D5400001B4032001B402B404B408B4EEF758FBEC
:10D5500006B0B6E00F9801B40C980E9906F072FA76
:10D5600001B40198009906F01AFB02B055D010984A
:10D5700001B40D980F9906F065FA092106F072FAC8
:10D5800001B406BC02B404B4E1F758FF02B001B420
:10D590000D980B2106F056FA01B406BC02B404B48F
:10D5A000E2F7D2F802B00890129801B40C980E99E4
:10D5B00006F048FA032106F045FA01B40A9805215D
:10D5C00006F050FA01B40EBC119801B4072001B462
:10D5D000032001B402B404B408B4EEF711FB06B0A2
:10D5E000129801B40C980E9906F02CFA052106F059
:10D5F00029FA01B40A98032106F034FA01B40EBCEA
:10D60000119801B4032001B4032001B402B404B49E
:10D6100008B4EEF7F5FA06B053E00F980B9906F050
:10D62000AAFA4ED0109801B40D980F9906F00AFA94
:10D63000092106F017FA01B406BC02B404B4E1F7FC
:10D64000FDFE02B001B40D980B2106F0FBF901B408
:10D6500006BC02B404B4E2F777F802B0099012985D
:10D6600001B40C98052106F0FDF901B40B980521D1
:10D6700006F0F8F901B40EBC119801B4072001B40A
:10D68000032001B402B404B408B4EEF7B9FA06B04A
:10D69000129801B40C98072106F0E4F901B40B9834
:10D6A000032106F0DFF901B40EBC119801B4032088
:10D6B00001B4032001B402B404B408B4EEF7A0FA34
:10D6C00006B000200AB000BD012C0BDA00B505F051
:10D6D0007BF900F007F801B000BD7746009805F02F
:10D6E00010FABE4600B501988068032106F0A7FA3B
:10D6F00005D0019801B4FFF737FA01B000E000202F
:10D7000001B40298406A01B40398C06801B4049857
:10D71000C06801B4059801B400F06AF901B001B421
:10D720000698406A01B4E1F7E8FE01B001B405F0E3
:10D730003BF96F467760C9F777FC02B006F00FFA45
:10D7400001B40198009906F07DF902B0032106F0BA
:10D7500079F901B40EBC009802B404B408B400F026
:10D760000CF804B000BD0000042C0BDA00B505F085
:10D7700084FC00F007F804B000BD7746009805F07F
:10D78000CEF9BE4600B5002001B401B401B404983E
:10D79000406801B405F056F86F467760C9F752FC4F
:10D7A00001B006F0DCF9012106F049FA09D007982A
:10D7B00001B4012001B4069801B400F0ADF803B043
:10D7C00099E00120009005980290029801B4079812
:10D7D00001B40698406801B405F034F86F467760EC
:10D7E000C9F730FC01B006F0BAF9032106F02AF9B6
:10D7F00001B406BC02B404B4E1F720FE02B001B4E7
:10D800000198009906F0B7F902B073D0079800218B
:10D8100006F029FA28D0029801B4059801B4E1F77E
:10D8200039FC02B0079906F00DF90190079801B490
:10D83000039801B4069801B4E1F7ECFC02B001B41E
:10D84000049801B4079801B4E1F724FC02B001B4D4
:10D850000198009906F006F902B001B40198009908
:10D8600006F000F902B00790019801B400216F465C
:10D870007760CAF72BF801B001B46F467760CAF73A
:10D88000F9F8002802D1009801B013E00098009840
:10D8900001B0029801B4059801B4E1F7FBFB02B0B6
:10D8A00001B4029801B4019800996F467760CAF7F5
:10D8B000B7F902B06F467760CAF712F9002800D0B6
:10D8C00018E0009801B4029801B4049801B40798D4
:10D8D00001B400F021F803B001B406BC02B404B4F2
:10D8E000E1F732FF02B000900298032106F0AAF897
:10D8F00002906AE7009803B000BD0000032C0BDA29
:10D9000000B505F023FA00F007F803B000BD774634
:10D91000009805F004F9BE4600B50398002106F012
:10D92000A2F931D0029801B4029801B4E1F772FC77
:10D9300002B001B40498032106F084F801B406BCD7
:10D9400002B404B4E1F77AFD02B001B4039801B463
:10D95000039801B4E1F79EFB02B001B4019800996D
:10D9600006F080F802B001B40298806801B47B210F
:10D9700004F084FF01B001B4019800996F4677600C
:10D98000C9F736FE02B024E0029801B4029801B44F
:10D99000E1F740FC02B001B4039801B4039801B46C
:10D9A000E1F778FB02B001B40198009906F05AF84B
:10D9B00002B001B40298806801B47B2104F05EFFDC
:10D9C00001B001B4019800996F467760C9F710FE65
:10D9D00002B000BD012C0BDA00B504F0F5FF00F039
:10D9E00007F801B000BD7746009805F08AF8BE46FA
:10D9F00000B5002001B401B40398406A01B4E1F716
:10DA00007CFD01B000900398806A01B40498406ADC
:10DA100001B4E1F772FD01B001B404F0C5FF6F4637
:10DA20007760C9F701FB02B006F099F8032106F010
:10DA300009F801B40498406A05F071F8406801B42F
:10DA400004F000FF6F467760C9F7FCFA01B006F0FA
:10DA500086F8032105F0F6FF01B40598C06801B40B
:10DA60000198009905F0FEFF02B001B406BC02B4B3
:10DA700004B4E1F7E3FC02B001B40498406A01B4D5
:10DA8000E1F73BFD01B001B4019800996F46776062
:10DA9000C9F7AEFD02B00346009801B408B4E1F73F
:10DAA00053FE02B0019003988068032106F0C7F886
:10DAB00022D00398406A01B40498C06801B4059864
:10DAC00001B4FFF751F801B001B40EBC02B404B4C4
:10DAD00008B400F028F803B00346019801B408B474
:10DAE000E1F7ACFC02B00346009801B408B4E1F7DA
:10DAF0002BFE02B00CE00AE003988068052106F0D6
:10DB00009EF802D0019803E001E0012000E000202F
:10DB100002B000BD032C0BDA00B505F017F900F0D8
:10DB200007F803B000BD7746009804F0F8FFBE4642
:10DB300000B5002001B401B40398406801B404F0BA
:10DB400081FE6F467760C9F77DFA01B006F007F8ED
:10DB5000012106F074F807D00398806801B47A2197
:10DB600004F08CFE01B05EE001200090049801906A
:10DB7000019801B40498406801B404F063FE6F4654
:10DB80007760C9F75FFA01B005F0E9FF032105F0FE
:10DB900059FF01B40198009905F0EDFF02B040D0A3
:10DBA000009801B4029801B4059801B4E1F732FB82
:10DBB00002B001B4039801B4069801B4E1F76AFA1F
:10DBC00002B001B40198009905F04CFF02B001B415
:10DBD0000198009905F036FF02B000900098059971
:10DBE00005F0DDFF17D00198049905F03BFF0321F4
:10DBF00005F028FF01B40498806801B47A2104F08C
:10DC00003DFE01B001B4019800996F467760C9F7F5
:10DC1000EFFC02B007E00198032105F013FF01902B
:10DC2000A6E70398C06802B000BD0000032C0BDA21
:10DC300000B505F08BF800F007F803B000BD77469B
:10DC4000009805F0D7F8BE4600B5039801B40398D4
:10DC500001B4039801B4442105F0DCF803B00020BE
:10DC600000BD0000032C0BDA00B505F06FF800F0E2
:10DC700007F803B000BD7746009805F0BBF8BE4634
:10DC800000B5039801B4039801B4039801B4FEF7FA
:10DC900030FA03B0002000BD032C0BDA00B505F00C
:10DCA00055F800F007F803B000BD7746009805F07E
:10DCB0005BF8BE4600B5002001B401B401B401B464
:10DCC00001B401B401B401B409988023C0586F466F
:10DCD0007760C9F705FF6F467760C9F771F86F463F
:10DCE0007760C9F78FF96F467760C9F7F9FE0028AA
:10DCF00001D000F0C6FD099801B4E3F715FD01B0AD
:10DD00000090099801B4E2F787FF01B0019001206B
:10DD100002900998BC23C0586F467760C9F7E0FEAF
:10DD2000002818D00998BC23C05801B404F09DFD08
:10DD30006F467760CDF7DEFC01B005F010FF01B44F
:10DD400004F057FD03216F467760C9F76DF901B004
:10DD500005F005FF00E00120039009988423C058D6
:10DD600001B4E3F7BEF901B06F467760C9F7B8FEBA
:10DD700000280ED0099801B4E3F772F901B06F469C
:10DD80007760C9F7ADFE002801D0112000E0012026
:10DD900000E00120049009988423C05801B4E3F7FF
:10DDA000A0F901B06F467760C9F79AFE00280ED03F
:10DDB000099801B4E3F754F901B06F467760C9F7E9
:10DDC0008FFE002801D0012000E0112000E001209A
:10DDD00005900998BC23C0586F467760C9F780FE4C
:10DDE000002831D084203768385801B40A98BC2301
:10DDF000C05801B40C9801B40E9801B40E9804995F
:10DE000005F020FE089905F02DFE01B41098069942
:10DE100005F018FE0A9905F025FE01B400270098C8
:10DE200001B40197029801B40397049801B40597CF
:10DE3000069801B40797089801B409970A9801B4A5
:10DE40000B9703F0CDFD0CB009988423C05801B4A2
:10DE5000E6F7FFF801B06F467760C9F741FE00288A
:10DE60003BD084203768385801B40B98049905F0EA
:10DE7000E9FD01B40D98059905F0E4FD01B40D9894
:10DE8000039905F0DFFD069905F0ECFD01B40F984C
:10DE9000059905F0D7FD079905F0E4FD01B40E984A
:10DEA0008423C05801B4E6F7D4F801B001B40027C8
:10DEB000009801B40197029801B40397049801B443
:10DEC0000597069801B40797089801B409970A982E
:10DED00001B40B9703F048FD0CB009988423C05897
:10DEE00001B4E6F72AF801B06F467760C9F7F8FD8C
:10DEF000002800D18FE084203768385801B40B988F
:10DF000001B40B988423C05801B4E3F75AF901B067
:10DF10000346052001B408B4E3F782F902B001B466
:10DF20000198009905F08EFD02B0049905F08AFD74
:10DF300001B40D9801B40C988423C05801B4E3F7E0
:10DF400040F901B00346012001B408B4E3F768F9D1
:10DF500002B001B40198009905F074FD02B0059972
:10DF600005F070FD01B40D98039905F06BFD01B447
:10DF70000D988423C05801B4E3F723F901B0034698
:10DF8000072001B408B4E3F74BF902B001B40198DB
:10DF9000009905F067FD02B0069905F063FD01B434
:10DFA0000F98059905F04EFD01B40E988423C058D2
:10DFB00001B4E3F706F901B00346032001B408B445
:10DFC000E3F72EF902B001B40198009905F04AFD7B
:10DFD00002B0079905F046FD01B40E988423C0589D
:10DFE00001B4E5F7AAFF01B001B40027009801B41D
:10DFF0000197029801B40397049801B40597069815
:10E0000001B40797089801B409970A9801B40B97CF
:10E0100003F0AAFC0CB0009801B40A988423C058FD
:10E0200001B4E3F7CEF801B00346052001B408B40B
:10E03000E3F7F6F802B001B40198009905F012FD7B
:10E0400002B001B40A988423C05801B4E3F7B9F8C8
:10E0500001B00346072001B408B4E3F7E1F802B0C9
:10E0600001B40198009905F0FDFC02B001B40A98D2
:10E070008423C05801B4E3F76CF801B003460520CF
:10E0800001B408B4E3F7CCF802B001B401980099E8
:10E0900005F0E8FC02B001B40A988423C05801B42A
:10E0A000E3F757F801B00346072001B408B4E3F7DB
:10E0B000B7F802B001B40198009905F0D3FC02B0A2
:10E0C00001B4049801B4032105F004FD01B001B4CA
:10E0D0000198009905F0C6FC02B0049905F0C2FC55
:10E0E0000690019801B40A988423C05801B4E3F75C
:10E0F00068F801B00346012001B408B4E3F790F8D2
:10E1000002B001B40198009905F0ACFC02B001B472
:10E110000A988423C05801B4E3F753F801B00346CA
:10E12000032001B408B4E3F77BF802B001B401980E
:10E13000009905F097FC02B001B40A988423C058F6
:10E1400001B4E3F706F801B00346012001B408B4B6
:10E15000E3F766F802B001B40198009905F082FC7B
:10E1600002B001B40A988423C05801B4E2F7F1FF69
:10E1700001B00346032001B408B4E3F751F802B03C
:10E1800001B40198009905F06DFC02B001B4049847
:10E1900001B4032105F09EFC01B001B4019800997F
:10E1A00005F060FC02B0059905F05CFC0790099849
:10E1B000B423C0586F467760C9F792FC002800D19D
:10E1C000AAE00998B423C05801B40A988823C0581B
:10E1D00001B406BC02B404B4E3F79BF802B00290A9
:10E1E0000998B423C05801B40B9801B40B98842348
:10E1F000C05801B4E2F7E5FF01B00346052001B4C1
:10E2000008B4E3F70DF802B001B40198009905F0E5
:10E2100019FC02B001B40B988423C05801B4E2F792
:10E2200098FF01B00346052001B408B4E2F7F8FFF7
:10E2300002B001B40198009905F004FC02B0049901
:10E2400005F000FC01B40D9801B40C988423C0586B
:10E2500001B4E2F7B6FF01B00346012001B408B4EF
:10E26000E2F7DEFF02B001B40198009905F0EAFB85
:10E2700002B001B40C988423C05801B4E2F769FFDE
:10E2800001B00346012001B408B4E2F7C9FF02B0AF
:10E2900001B40198009905F0D5FB02B0059905F08D
:10E2A000D1FB01B484203768385801B40D98882315
:10E2B000C05801B40B9801B40D9801B4099801B489
:10E2C000E1F7BCF802B001B41098B023C05801B413
:10E2D00000270A9801B40F9801B4029801B403977B
:10E2E0000A2001B40A2001B4069801B407970898DF
:10E2F00001B409970A9801B40B970C9801B40D97D3
:10E300000E9801B40F97109801B41197129801B4A8
:10E31000139701F0EEF914B009988423C05801B4A2
:10E32000E3F78DF901B001B403216F467760C9F7B7
:10E3300043FC01B001B46F467760C9F79BFB00282E
:10E3400002D1009801B010E00098009801B009983F
:10E350008423C05801B4E3F73AF901B001B40121B4
:10E360006F467760C9F7AAFA01B06F467760C9F7C0
:10E37000B7FB002800D17DE0099801B40B9801B4E7
:10E380000B988423C05801B4E2F71BFF01B0034689
:10E39000052001B408B4E2F743FF02B001B40198CC
:10E3A000009905F04FFB02B001B40B988423C058CC
:10E3B00001B4E2F7CEFE01B00346052001B408B473
:10E3C000E2F72EFF02B001B40198009905F03AFB84
:10E3D00002B0049905F036FB01B40D98049905F0DC
:10E3E00031FB01B40C988423C05801B4E2F7E9FE74
:10E3F00001B00346012001B408B4E2F711FF02B0F6
:10E4000001B40198009905F01DFB02B001B40C980D
:10E410008423C05801B4E2F79CFE01B003460120FA
:10E4200001B408B4E2F7FCFE02B001B4019800990F
:10E4300005F008FB02B0059905F004FB01B409984A
:10E4400001B40B98069905F00DFB01B40027009864
:10E4500001B40197029801B40397049801B4059799
:10E46000069801B40797089801B4099700F076FF61
:10E470000AB02AE109988423C05801B4E3F7DFF811
:10E4800001B001B401216F467760C9F717FA01B0F6
:10E4900001B46F467760C9F7EDFA002802D1009801
:10E4A00001B010E00098009801B009988423C0588A
:10E4B00001B4E3F78CF801B001B403216F46776033
:10E4C000C9F7FCF901B06F467760C9F709FB00286E
:10E4D00000D17DE0099801B40B9801B40B98842316
:10E4E000C05801B4E2F76DFE01B00346052001B447
:10E4F00008B4E2F795FE02B001B40198009905F066
:10E50000A1FA02B001B40B988423C05801B4E2F719
:10E5100020FE01B00346052001B408B4E2F780FEF6
:10E5200002B001B40198009905F08CFA02B0049988
:10E5300005F088FA01B40D98049905F083FA01B446
:10E540000C988423C05801B4E2F73BFE01B00346A7
:10E55000012001B408B4E2F763FE02B001B40198EF
:10E56000009905F06FFA02B001B40C988423C058EA
:10E5700001B4E2F7EEFD01B00346012001B408B496
:10E58000E2F74EFE02B001B40198009905F05AFA84
:10E5900002B0059905F056FA01B4099801B40B9838
:10E5A000069905F05FFA01B40027009801B40197BD
:10E5B000029801B40397049801B40597069801B432
:10E5C0000797089801B4099700F0E6FC0AB07CE0D0
:10E5D000099801B40B9801B40B988423C05801B476
:10E5E000E2F7EFFD01B00346052001B408B4E2F7FD
:10E5F00017FE02B001B40198009905F023FA02B0A9
:10E6000001B40B988423C05801B4E2F7A2FD01B015
:10E610000346052001B408B4E2F702FE02B001B4DB
:10E620000198009905F00EFA02B0049905F00AFA73
:10E6300001B40D98049905F005FA01B40C988423EF
:10E64000C05801B4E2F7BDFD01B00346012001B49A
:10E6500008B4E2F7E5FD02B001B40198009905F0B5
:10E66000F1F902B001B40C988423C05801B4E2F768
:10E6700070FD01B00346012001B408B4E2F7D0FDFB
:10E6800002B001B40198009905F0DCF902B00599D7
:10E6900005F0D8F901B4099801B40B98069905F072
:10E6A000E1F901B40027009801B40197029801B480
:10E6B0000397049801B40597069801B40797089842
:10E6C00001B4099700F0DEF90AB009988423C05814
:10E6D00001B4E2F706FD01B06F467760C9F700FAB2
:10E6E000002800D1CDE0099801B4E2F7B9FC01B0EF
:10E6F0006F467760C9F7F4F9002861D00998A02324
:10E70000C058032105F073FA1FD0842037683858A9
:10E7100001B40C9801B40C98029905F093F90F21FB
:10E7200005F0A0F901B40C988423C05801B4E2F7B5
:10E73000D8FC01B001B41EBC02B4012001B404B481
:10E7400008B410B400F0A0F805B00998A023C05890
:10E7500001B40A98B823C058032105F083F901B425
:10E760000198009905F007FA02B028D08420376894
:10E77000385801B40C98029905F064F9072105F0A6
:10E7800071F9032105F06EF901B40C98029905F0B6
:10E7900059F90F2105F066F901B40C988423C0588B
:10E7A00001B4E2F79EFC01B001B41EBC02B4032028
:10E7B00001B404B408B410B400F066F805B060E029
:10E7C0000998A823C058032105F011FA1FD084200E
:10E7D0003768385801B40C98029905F033F90F21C5
:10E7E00005F040F901B40C9801B40C988423C0588A
:10E7F00001B4E2F776FC01B001B41EBC02B40520FE
:10E8000001B404B408B410B400F03EF805B009989F
:10E81000A823C05801B40A98B823C058032105F0B2
:10E8200021F901B40198009905F0A5F902B028D0AA
:10E8300084203768385801B40C98029905F002F921
:10E840000F2105F00FF901B40C98029905F0FAF8C0
:10E85000072105F007F9032105F004F901B40C982C
:10E860008423C05801B4E2F73CFC01B001B41EBCE3
:10E8700002B4072001B404B408B410B400F004F8E2
:10E8800005B0002008B000BD00B5002001B401B4FF
:10E8900000F0E4F801B407210902D1316F46776036
:10E8A000C8F7E8FE01B001B403F0A3FFFA216F46F8
:10E8B0007760C8F7B9FB01B005F051F901460920AE
:10E8C00005F0D0F80090012001900198092105F091
:10E8D00052F900D1BFE00698012105F0B0F92ED021
:10E8E000039801B4069801B40720039905F0BAF81B
:10E8F00001B40198009905F0A5F802B001B406989A
:10E90000039905F09FF8029905F09CF801B404986A
:10E9100001B4032105F0DEF801B00146032005F043
:10E9200091F801B41EBC079801B4032001B402B4ED
:10E9300004B408B410B4EDF763F906B085E00698A6
:10E94000032105F07CF926D0039801B406980299BA
:10E9500005F078F801B40698039905F073F8029968
:10E9600005F080F801B4049801B4032105F0B2F871
:10E9700001B001460F2005F075F801B41EBC0798E0
:10E9800001B4032001B402B404B408B410B4EDF728
:10E9900037F906B059E00698052105F050F92ED058
:10E9A000039801B40698029905F04CF8019905F016
:10E9B00049F801B4069801B40720049905F052F80B
:10E9C00001B40198009905F03DF802B001B4049833
:10E9D00001B4032105F07EF801B00146032005F0E3
:10E9E00031F801B41EBC079801B402B4032001B48D
:10E9F00004B408B410B4EDF703F906B025E00398A9
:10EA000001B40698029905F01DF8019905F02AF85D
:10EA100001B40698039905F015F801B4049801B4FF
:10EA2000032105F057F801B001460F2005F01AF850
:10EA300001B41EBC079801B402B4032001B404B4AD
:10EA400008B410B4EDF7DCF806B00198032104F027
:10EA5000F9FF019039E7002002B000BD00B5F6F7DC
:10EA600049FCC06D00BD0000052C0BDA00B504F0B8
:10EA7000BEFA00F007F805B000BD7746009804F034
:10EA800073F9BE4600B5002001B401B401B401B46D
:10EA900001B401B401B401B401B401B401B401B4CE
:10EAA0000D988023C0586F467760C9F719F86F46F4
:10EAB0007760C8F785F96F467760C8F7A3FA6F46A5
:10EAC0007760C9F70DF8002800D054E20F98009045
:10EAD000109801B40E988423C05801B4E2F7AFFD3A
:10EAE00001B00346032001B408B4E0F72DFE02B0E4
:10EAF00001B4019800996F467760C8F7A5FD02B090
:10EB0000012104F0CCFF0190119801B40E988423E8
:10EB1000C05801B4E2F75BFD01B00346032001B425
:10EB200008B4E0F711FE02B001B4019800996F46F5
:10EB30007760C8F789FD02B0012104F0B0FF0290B0
:10EB4000012003900D98A423C058012104F0A7FFD1
:10EB50000146012004F086FF07900D989C23C058C1
:10EB6000012104F09CFF0146012004F07BFF089086
:10EB70000D988023C05801B403F064FE6F4677609F
:10EB8000C8F760FA01B004F0EAFF01B40E988423DC
:10EB9000C05801B4E2F753FD01B001B401980099E7
:10EBA0006F467760C8F750FD02B001B46F467760DA
:10EBB000C8F720FE01B0099001200A900A9809992F
:10EBC00004F0D9FF00D1BDE101200B900B9801B4F6
:10EBD0000E988423C05801B4E2F731FD01B001B4AE
:10EBE0000198009904F0C7FF02B000D197E10398A3
:10EBF00001B40E989423C05801B4019800996F464F
:10EC00007760C8F75BFE02B0069006986F467760A3
:10EC1000C8F766FF002803D00D989023C05802E083
:10EC20000D988C23C05805900D988023C05801B4CE
:10EC3000049801B40198009903F0ADFB02B0049070
:10EC400004986F467760C8F74BFF6F467760C8F748
:10EC5000B7F86F467760C8F7D5F96F467760C8F7A1
:10EC60003FFF002800D086E106986F467760C8F71E
:10EC700037FF002800D1A1E00898012104F07BFFB4
:10EC800016D00D9801B4099801B40F989C23C05870
:10EC9000012104F004FF01B40198009904F0D2FEB0
:10ECA00002B001B401980099A023C15002B034E031
:10ECB000089801B41298039904F0D4FE01B40198A5
:10ECC000009904F06CFF02B01CD00D9801B40998B3
:10ECD00001B40F989C23C058012104F0E0FE01B458
:10ECE0000198009904F0AEFE02B0039904F0AAFE68
:10ECF000129904F0B7FE01B401980099A023C15005
:10ED000002B00AE00D9801B40E989C23C05801B4DB
:10ED100001980099A023C15002B00798012104F086
:10ED20002AFF16D00D9801B4089801B40F98A423B7
:10ED3000C058012104F0B3FE01B40198009904F019
:10ED400081FE02B001B401980099A823C15002B01D
:10ED500034E0079801B41198029904F083FE01B4DD
:10ED60000198009904F01BFF02B01CD00D9801B46B
:10ED7000089801B40F98A423C058012104F08FFE15
:10ED800001B40198009904F05DFE02B0119904F0FD
:10ED900059FE029904F066FE01B401980099A82377
:10EDA000C15002B00AE00D9801B40E98A423C058D7
:10EDB00001B401980099A823C15002B0089801211C
:10EDC00004F0D9FE49D006986F467760C8F788FEF0
:10EDD000002803D00D98AC23C05800E0012001B4F6
:10EDE000059801B41098099904F02CFE01B4039819
:10EDF0000B9904F027FE01B484203768385801B419
:10EE00000A9801B4079801B409980F9904F01AFE02
:10EE100001B400270A9801B40A9801B4099801B412
:10EE20000A2001B4422001B4059801B4069707985E
:10EE300001B40897099801B40A970B9801B40C978C
:10EE40000D9801B40E970F9801B41097119801B462
:10EE5000129700F04EFC14B051E006986F467760B0
:10EE6000C8F73EFE002803D00D98AC23C05800E040
:10EE7000012001B4059801B41098099904F0E2FD4D
:10EE800001B403980B9904F0DDFD01B484203768C8
:10EE9000385801B40A9801B4079801B4099801B42C
:10EEA0001998109904F0DEFD01B406BC02B404B454
:10EEB000E0F7C4FA02B001B400270A9801B40A9836
:10EEC00001B4099801B40A2001B40A2001B40598DC
:10EED00001B40697079801B40897099801B40A97F6
:10EEE0000B9801B40C970D9801B40E970F9801B4CC
:10EEF0001097119801B4129700F0FBFB14B007981B
:10EF0000019904F09FFD07900398032104F09AFDF6
:10EF100003900B98032104F095FD0B9056E60D9895
:10EF2000A423C0580146012004F09CFD07900898D6
:10EF3000029904F087FD08900A98032104F082FDED
:10EF40000A903BE60D9801B4099801B40F989C23F0
:10EF5000C058012104F0A3FD01B40198009904F008
:10EF600071FD02B0129904F07DFD01B40198009981
:10EF7000B823C15002B000200CB000BD052C0BDA44
:10EF800000B504F034F800F007F805B000BD77468E
:10EF9000009803F0E9FEBE4600B5002001B401B4BC
:10EFA00001B401B401B401B407988023C0586F467E
:10EFB0007760C8F795FD6F467760C7F701FF6F462A
:10EFC0007760C8F71FF86F467760C8F789FD00289B
:10EFD00000D0B2E1012001900798A423C05801217C
:10EFE00004F05DFD0146012004F03CFD0490012089
:10EFF0000590059801B408988023C05801B403F027
:10F0000021FC6F467760C8F71DF801B004F0A7FD3A
:10F0100001B40198009904F0AEFD02B000D173E193
:10F0200007988023C05801B4069801B4019800994C
:10F0300003F0B1F902B0009007989423C05801B4CE
:10F04000069801B4019800996F467760C8F736FCBE
:10F0500002B0039003986F467760C8F741FD00281F
:10F0600003D007989023C05802E007988C23C0581B
:10F070000290029801B4019801B4E2F76CFD02B06D
:10F0800003460A9801B408B4E0F7D8F902B0019039
:10F0900003986F467760C8F723FD002862D0049874
:10F0A000012104F068FD16D0079801B4059801B459
:10F0B0000998A423C058012104F0F1FC01B401987F
:10F0C000009904F0BFFC02B001B401980099A82394
:10F0D000C15002B034E0049801B40B98029904F0D6
:10F0E000C1FC01B40198009904F059FD02B01CD094
:10F0F000079801B4059801B40998A423C0580121C8
:10F1000004F0CDFC01B40198009904F09BFC02B01E
:10F11000029904F097FC0B9904F0A4FC01B4019847
:10F120000099A823C15002B00AE0079801B40898DA
:10F13000A423C05801B401980099A823C15002B07B
:10F140000798A823C05801B40898A423C05801B454
:10F150000198009904F09BFD02B003D007980121AB
:10F16000AC23C150049801B40120029904F07AFC48
:10F1700001B4019800996F467760C8F72FFD02B07F
:10F1800001B46F467760C8F775FC002802D000987C
:10F1900001B00DE00098009801B0049801B40B98FC
:10F1A00001B4019800996F467760C8F729FD02B055
:10F1B0006F467760C8F794FC002805D00498019941
:10F1C00004F040FC049099E00498012104F0D3FC81
:10F1D00043D003986F467760C8F782FC002803D0BD
:10F1E0000798AC23C05800E0012001B4019801B495
:10F1F0000A98069904F026FC01B40C9801B4842006
:10F200003768385801B4079801B407980A9904F090
:10F2100019FC01B40027129801B4099801B40898A8
:10F2200001B4422001B40A2001B4179801B4069831
:10F2300001B40797089801B409970A9801B40B978D
:10F240000C9801B40D970E9801B40F97109801B463
:10F25000119700F04EFA13B04BE003986F467760B9
:10F26000C8F73EFC002803D00798AC23C05800E044
:10F27000012001B4019801B40A98069904F0E2FB58
:10F2800001B40C9801B484203768385801B4079849
:10F2900001B4079801B411980B9904F0E3FB01B491
:10F2A00006BC02B404B4E0F7C9F802B001B4002708
:10F2B000129801B4099801B4089801B40A2001B465
:10F2C0000A2001B4179801B4069801B4079708986A
:10F2D00001B409970A9801B40B970C9801B40D97E3
:10F2E0000E9801B40F97109801B4119700F001FA2D
:10F2F00013B00498019904F0A5FB0490059803212C
:10F3000004F0A0FB059074E6079801B4059801B4D9
:10F310000998A423C058012104F0C1FB01B401984D
:10F32000009904F08FFB02B00B9904F09BFB01B431
:10F3300001980099B823C15002B0002006B000BD6A
:10F34000052C0BDA00B503F052FE00F007F805B00B
:10F3500000BD7746009803F007FDBE4600B50020CB
:10F3600001B401B401B401B401B401B4079880231D
:10F37000C0586F467760C8F7B3FB6F467760C7F732
:10F380001FFD6F467760C7F73DFE6F467760C8F791
:10F39000A7FB002800D0A0E10120019007989C2342
:10F3A000C058012104F07BFB0146012004F05AFB08
:10F3B000049001200590059801B408988023C05856
:10F3C00001B403F03FFA6F467760C7F73BFE01B028
:10F3D00004F0C5FB01B40198009904F0CCFB02B025
:10F3E00000D161E107988023C05801B4069801B4A8
:10F3F0000198009902F0CFFF02B000900798942383
:10F40000C05801B4069801B4019800996F4677601E
:10F41000C8F754FA02B0039003986F467760C8F7B4
:10F420005FFB002803D007989023C05802E007989C
:10F430008C23C0580290029801B4019801B4E1F7FE
:10F4400068FF02B0019003986F467760C8F748FBE9
:10F45000002862D00498012104F08DFB16D0079893
:10F4600001B4059801B409989C23C058012104F007
:10F4700016FB01B40198009904F0E4FA02B001B45B
:10F4800001980099A023C15002B034E0049801B45F
:10F490000C98029904F0E6FA01B40198009904F07E
:10F4A0007EFB02B01CD0079801B4059801B40998FE
:10F4B0009C23C058012104F0F2FA01B4019800998C
:10F4C00004F0C0FA02B0029904F0BCFA0C9904F0FE
:10F4D000C9FA01B401980099A023C15002B00AE012
:10F4E000079801B408989C23C05801B4019800996A
:10F4F000A023C15002B00798A023C05801B40898B7
:10F500009C23C05801B40198009904F0C0FB02B0DC
:10F5100003D007980121AC23C150049801B4012005
:10F52000029904F09FFA01B40198009904F023FBBA
:10F5300002B005D00498019904F084FA0490ADE07B
:10F540000498012104F017FB4DD003986F467760B3
:10F55000C8F7C6FA002803D00798AC23C05800E0CB
:10F56000012001B4019801B40A9801B40C980799DC
:10F5700004F068FA01B484203768385801B4079859
:10F5800001B4109801B408980B9904F05BFA01B427
:10F590000F9801B4E5F7A0F801B001B400270120ED
:10F5A00001B4019801B402970A9801B40A2001B489
:10F5B000422001B4069801B40797089801B409974E
:10F5C0000A9801B40B970C9801B40D970E9801B4EA
:10F5D0000F97109801B41197129801B4139700F087
:10F5E00088F815B055E003986F467760C8F778FA49
:10F5F000002803D00798AC23C05800E0012001B4D4
:10F60000019801B40A9801B40C98079904F01AFA09
:10F6100001B484203768385801B4079801B41098B1
:10F6200001B4089801B413980C9904F01BFA01B4C2
:10F6300006BC02B404B4DFF701FF02B001B40F98B6
:10F6400001B4E5F749F801B001B40027012001B485
:10F65000019801B402970A9801B40A2001B40A2063
:10F6600001B4069801B40797089801B409970A985D
:10F6700001B40B970C9801B40D970E9801B40F9735
:10F68000109801B41197129801B4139700F031F853
:10F6900015B00498019904F0D5F904900598032158
:10F6A00004F0D0F9059086E6079801B4059801B4F6
:10F6B00009989C23C058012104F0F1F901B4019884
:10F6C000009904F0BFF902B00C9904F0CBF901B431
:10F6D00001980099B823C15002B0002006B000BDC7
:10F6E0000C2C0BDA00B504F04EF900F007F80CB062
:10F6F00000BD7746009803F061FBBE4600B50020D0
:10F7000001B401B401B401B401B401B401B401B451
:10F7100001B401B401B401B401B401B401B401B441
:10F7200001B401B401B401B401B401B401B401B431
:10F730001F9801B401216F467760C8F73DFA01B008
:10F7400001B46F467760C8F795F9002802D0009899
:10F7500001B00AE00098009801B01E9801B40121A0
:10F760006F467760C8F728FA01B06F467760C8F730
:10F77000B7F9002801D000F0E9FD23986F467760C3
:10F78000C8F7AEF96F467760C7F71AFB6F46776028
:10F79000C7F738FC6F467760C8F7A2F9002807D092
:10F7A0001D9801B41A9801B4E2F7DAF902B0239077
:10F7B00024986F467760C8F793F96F467760C7F76C
:10F7C000FFFA6F467760C7F71DFC6F467760C8F792
:10F7D00087F9002807D01D9801B41A9801B4E1F701
:10F7E0009DFD02B024901998406801B47B2103F07C
:10F7F00045F801B001B41A98806801B403F09AF892
:10F800006F467760C7F740FA01B004F0A8F901B479
:10F81000019800996F467760C7F7EAFE02B0009042
:10F820001A9801B41E9801B4E1F791FE01B00346A5
:10F83000052001B408B4E1F7F3FC02B001B401986B
:10F84000009904F0FFF802B001901B9801B41E98D3
:10F8500001B4E1F77CFE01B00346012001B408B415
:10F86000E1F7DEFC02B001B40198009904F0EAF877
:10F8700002B002901A98239904F0E4F801B41E989B
:10F8800001B4E1F764FE01B00346072001B408B4F7
:10F89000E1F7C6FC02B001B40198009904F0E2F867
:10F8A00002B003901B98249904F0CCF801B41E9880
:10F8B00001B4E1F74CFE01B00346032001B408B4E3
:10F8C000E1F7AEFC02B001B40198009904F0CAF867
:10F8D00002B00490019801B41E9801B4E1F717FE3C
:10F8E00001B00346052001B408B4E1F799FC02B069
:10F8F00001B40198009904F0A5F802B001B41E9873
:10F9000001B4E1F744FE01B00346052001B408B498
:10F91000E1F786FC02B001B40198009904F092F876
:10F9200002B00590029801B41E9801B4E1F7EFFD12
:10F9300001B00346012001B408B4E1F771FC02B044
:10F9400001B40198009904F07DF802B001B41E984A
:10F9500001B4E1F71CFE01B00346012001B408B474
:10F96000E1F75EFC02B001B40198009904F06AF876
:10F9700002B00690039801B41E9801B4E1F7C7FDE8
:10F9800001B00346072001B408B4E1F749FC02B016
:10F9900001B40198009904F065F802B001B41E9812
:10F9A00001B4E1F7F4FD01B00346072001B408B447
:10F9B000E1F736FC02B001B40198009904F052F866
:10F9C00002B00790049801B41E9801B4E1F79FFDBE
:10F9D00001B00346032001B408B4E1F721FC02B0F2
:10F9E00001B40198009904F03DF802B001B41E98EA
:10F9F00001B4E1F7CCFD01B00346032001B408B423
:10FA0000E1F70EFC02B001B40198009904F02AF865
:10FA100002B00890069801B40998079904F022F8FA
:10FA200001B4032104F080F801B001B401980099F9
:10FA300004F008F802B001B41A98406801B47A21C1
:10FA400002F01CFF01B001B4032104F06DF801B015
:10FA500001B40198009904F005F802B00A900A98E0
:10FA600001B41A98406801B47A2102F007FF01B08E
:10FA700001B40198009903F0E5FF02B00C902198C1
:10FA80006F467760C8F72CF800280DD01A98239994
:10FA900003F0D8FF1E9903F0E5FF11901A982399FF
:10FAA00003F0D0FF139006E01A9811901A981E994F
:10FAB00003F0C8FF139020986F467760C8F710F8DE
:10FAC00000280DD01B98249903F0BCFF1F9903F068
:10FAD000C9FF12901B98249903F0B4FF149006E01C
:10FAE0001B9812901B981F9903F0ACFF1490199863
:10FAF000C0686F467760C7F7F3FF002800D174E154
:10FB0000069801B40998079903F0ACFF01B40321EA
:10FB100004F00AF801B001B40198009903F092FFD3
:10FB200002B001B41A98C06801B402F09EFE6F469C
:10FB30007760CBF7E3FD01B004F011F801B40321C5
:10FB400003F0F2FF01B001B40198009903F08AFFBD
:10FB500002B00E900E9801B41A98C06801B402F079
:10FB600084FE6F467760CBF7C9FD01B003F0F7FF65
:10FB700001B40198009903F065FF02B010901D9840
:10FB800001B4E1F7A4FC01B06F467760C7F7A8FFA6
:10FB9000002855D01D9801B4E2F765FE01B001219F
:10FBA00004F04DF802D005980D9048E01D9801B47E
:10FBB000E2F759FE01B0052104F041F815D007988D
:10FBC00001B41A98C06801B402F04FFE6F46776026
:10FBD000CBF790FD01B003F0C2FF01B4019800998A
:10FBE00003F040FF02B00D9029E0059801B4089899
:10FBF000069903F037FF01B4032103F095FF01B02C
:10FC000001B40198009903F01DFF02B001B41A98E5
:10FC1000C06801B402F029FE6F467760CBF76AFD39
:10FC200001B003F09CFF01B4032103F07DFF01B09C
:10FC300001B40198009903F015FF02B00D90B0E0F7
:10FC40001D9801B4E2F70FFE01B001B401216F4627
:10FC50007760C7F73BFE01B001B46F467760C7F726
:10FC600009FF002802D1009801B02AE0009800980E
:10FC700001B01998C06801B402F0F7FD6F467760D3
:10FC8000CBF738FD01B003F06AFF009903F0DAFE0C
:10FC900001B41E9801B4E2F772F801B001B4019802
:10FCA000009903F0CFFE02B001B40898069903F062
:10FCB000D9FE01B4019800996F467760C7F78EFFAF
:10FCC00002B06F467760C7F70BFF002867D01D981A
:10FCD00001B4E2F7C8FD01B0052103F0B0FF24D064
:10FCE0000798009903F0BEFE01B41E9801B4E2F734
:10FCF00046F801B001B40198009903F0B3FE02B0D8
:10FD000001B41A98C06801B402F0AFFD6F46776085
:10FD1000CBF7F0FC01B003F022FF01B40198009989
:10FD200003F0A0FE02B00D9038E0059801B40898E9
:10FD3000069903F097FE01B4032103F0F5FE01B02C
:10FD400001B40198009903F07DFE02B001B41A9845
:10FD5000C06801B402F089FD6F467760CBF7CAFC3A
:10FD600001B003F0FCFE019903F06CFE01B41F9892
:10FD700001B4E2F704F801B001B40198009903F06E
:10FD800061FE02B001B4032103F0CEFE01B001B464
:10FD90000198009903F066FE02B00D9001E005980D
:10FDA0000D900D9801B41A98C06801B402F05DFD81
:10FDB0006F467760CBF79EFC01B003F0D0FE01B434
:10FDC0000198009903F03EFE02B00F900F9801B425
:10FDD0001E9801B4E1F7D3FF01B001B40198009976
:10FDE00003F030FE02B009905DE01D9801B4E2F727
:10FDF0003AFD01B001B401216F467760C7F766FD97
:10FE000001B001B46F467760C7F734FE002802D115
:10FE1000009801B010E00098009801B0009801B47B
:10FE20000898069903F01EFE01B4019800996F46E8
:10FE30007760C7F7D3FE02B06F467760C7F750FE12
:10FE400000282ED01D9801B4E2F70DFD01B0052168
:10FE500003F0F5FE05D00798009903F003FE099022
:10FE60001EE0059801B40898069903F0FBFD01B463
:10FE7000032103F059FE01B001B40198009903F089
:10FE8000E1FD02B001B4019801B4032103F04CFE7E
:10FE900001B001B40198009903F0E4FD02B00990AB
:10FEA00001E0059809900998009903F0CBFD0346FD
:10FEB000079801B408B4DFF7C1FA02B00B901D989F
:10FEC00001B4E2F77CFD01B06F467760C7F708FE2A
:10FED00000283DD01C9801B4129801B4039801B4D5
:10FEE000DFF732FC02B001B4149801B4059801B4F4
:10FEF000DFF72AFC02B001B4169801B4079801B4E8
:10FF0000DFF79CFA02B001B4189801B4099801B463
:10FF1000DFF794FA02B001B4229801B4E2F74FFD82
:10FF200001B001B40027009801B40197029801B410
:10FF30000397049801B40597069801B407970898A9
:10FF400001B409970A9801B40B9701F00DFD0CB0AC
:10FF50001D9801B4E2F767FD01B06F467760C7F7FF
:10FF6000BFFD002800D18DE01C9801B4029801B4B7
:10FF70001F9801B4E1F7CBFA01B00346052001B4A4
:10FF800008B4E1F74DF902B001B40198009903F00B
:10FF900059FD02B00346129801B408B4DFF7D4FB50
:10FFA00002B001B4049801B4209801B4E1F7AFFAAB
:10FFB00001B00346012001B408B4E1F731F902B001
:10FFC00001B40198009903F03DFD02B00346149876
:10FFD00001B408B4DFF7B8FB02B001B4069801B46D
:10FFE000219801B4E1F793FA01B00346072001B468
:10FFF00008B4E1F715F902B001B40198009903F0D3
:020000040004F6
:1000000031FD02B00346169801B408B4DFF716FAC2
:1000100002B001B4089801B4229801B4E1F777FA6C
:1000200001B00346032001B408B4E1F7F9F802B0C7
:1000300001B40198009903F015FD02B00346189829
:1000400001B408B4DFF7FAF902B001B4229801B4A0
:10005000E2F7E9FC01B001B40027009801B4019770
:10006000029801B40397049801B40597069801B467
:100070000797089801B409970A9801B40B9701F003
:1000800073FC0CB01998C0686F467760C7F728FDFD
:1000900000284AD01C9801B41A98C06801B413987B
:1000A00001B4109801B4DFF74FFB02B001B415980A
:1000B00001B4129801B4DFF747FB02B001B41798FE
:1000C00001B4149801B4DFF7B9F902B001B419987A
:1000D00001B4169801B4DFF7B1F902B001B40027FA
:1000E000269801B4289801B4029801B403970498A3
:1000F00001B40597069801B40797089801B40997C9
:100100000A9801B40B970C9801B40D9701F08CF983
:100110000EB01D9801B4E1F7DAF901B06F467760CF
:10012000C7F7DEFC002800D010E122986F46776008
:10013000C7F7D6FC002800D190E0009801B41498CD
:1001400001B40D9801B4DFF779F902B001B4139846
:1001500001B40C9801B4DFF7F7FA02B001B40198CA
:10016000009903F07FFC02B001B40198009903F0FC
:1001700079FC02B01590C920159903F063FCC921E0
:1001800003F060FC01B4052103F0A4FC01B016905B
:10019000229801B4179801B4019800996F467760CE
:1001A000C7F768FA02B022901C9801B41A988068C8
:1001B00001B4139801B40C9801B4DFF7C5FA02B08A
:1001C00001B40D9801B4179801B4109801B4DFF789
:1001D00035F902B001B4119801B4239801B4E2F7E3
:1001E00056FC01B001B42998C92103F03BFC01B4CD
:1001F000052103F099FC01B00346012001B408B4C5
:10020000DFF7A2FA02B003461C9801B408B4DFF786
:1002100015F902B001B42198406801B40027009894
:1002200001B40197029801B40397049801B40597AB
:10023000069801B40797089801B409970A9801B481
:100240000B970C9801B40D970E9801B40F97109866
:1002500001B4119700F078FF12B077E00B9809997C
:1002600003F000FC01B41A98406801B47B2102F04D
:1002700005FB01B001B4019800996F467760C7F79C
:10028000E3F902B001B46F467760C7F7B3FA01B083
:1002900017901C9801B41A9880680346189801B406
:1002A000012001B408B400F055F803B001B413986C
:1002B00001B40C9801B4DFF747FA02B001B4159805
:1002C00001B40E9801B4DFF73FFA02B001B41798F9
:1002D00001B4109801B4DFF7B1F802B001B4199875
:1002E00001B4129801B4DFF7A9F802B001B4239861
:1002F00001B4E2F7CCFB01B001B4289801B428980E
:1003000001B42298406801B40027009801B4019715
:10031000029801B40397049801B40597069801B4B4
:100320000797089801B409970A9801B40B970C989D
:1003300001B40D970E9801B40F97109801B411975E
:10034000129801B4139700F035F814B0002018B0DB
:1003500000BD000000B50398002103F070FC0BD035
:10036000019801B402F0E6FA6F467760C6F78CFC9C
:1003700001B003F0F4FB0EE0039801B46F46776020
:10038000C7F778FB002802D0009801B003E000987E
:10039000009801B001200390019801B4039801B4C2
:1003A000059801B402F0BCFC6F467760C6F770FC9C
:1003B00003B000BD00B5002001B401B401B401B424
:1003C00001B401B401B401B401B401B401B4109892
:1003D0000E9903F047FB009011980F9903F042FB30
:1003E00001900D9801B402F0A5FA6F467760C6F748
:1003F0004BFC01B003F0B3FB01B4169801B47B21B0
:1004000002F03CFA01B001B4019800996F467760A0
:10041000C7F7EEF802B00290029801B4019801B457
:10042000019800996F467760C7F7C6FB02B001B428
:100430006F467760C7F71EFB002802D1009801B015
:1004400012E00098009801B0159801B47A2102F0EA
:1004500015FA01B001B4029801B4019800996F46F1
:100460007760C7F7A9FB02B06F467760C7F738FB24
:10047000002812D0002001B4169801B4149801B4D9
:10048000129801B4129801B4129801B4129801B4F0
:10049000EAF7C4FF07B000F053FE009801B41698C5
:1004A00001B47B2102F0EAF901B001B402F07CFA58
:1004B0006F467760C6F7B8FD02B003F050FB0390BB
:1004C000159801B47A2102F0D9F901B0019903F02D
:1004D0007AFB00D13CE1009801B4049801B417986C
:1004E00001B47B2102F0CAF901B001B4019800996E
:1004F0006F467760C7F77CF802B001B401980099A5
:1005000003F0B0FA02B004902920C00037683858D0
:1005100001B402F0AAF900216F467760CBF7F4FA34
:1005200001B013986F467760C7F7DAFA002800D158
:1005300094E00C9801B40E9801B40F9801B402F045
:10054000F9F96F467760C6F79FFB01B003F007FB30
:10055000059903F087FA01B406BC002001B402B487
:1005600004B4FFF7F7FE03B001B4129801B4069883
:1005700001B4199801B47B2102F080F901B001B4F3
:10058000019800996F467760C7F732F802B001B45E
:100590000198009903F066FA02B001B40EBC002085
:1005A00001B4169801B4149801B4129801B402B4BD
:1005B00004B408B4EAF732FF07B02920C000376856
:1005C000385801B40E9801B40F9801B402F0B2F992
:1005D0006F467760C6F758FB01B003F0C0FA059983
:1005E00003F040FA032103F03DFA01B402F0AEFA41
:1005F0006F467760C6F7C8FC02B001B4179801B423
:100600007B2102F03BF901B0069903F02BFA014679
:10061000012003F027FA01B40EBC002001B41698A3
:1006200001B4149801B4012001B402B404B408B4B4
:10063000EAF7F4FE07B00C9801B42920C00037682F
:10064000385801B4109801B4129801B402F03DFE7C
:100650006F467760CDF7F0FA04B077E00C9801B4FC
:10066000049801B4012001B4109801B4FFF772FEA0
:1006700003B001B406BC002001B4169801B414986C
:1006800001B4129801B4129801B402B404B4EAF7A8
:10069000C5FE07B02920C0003768385801B40E984D
:1006A00001B4059801B402F051FA6F467760C6F7BD
:1006B0006BFC02B001B42920C0003768385801B47F
:1006C00002F0D3F86F467760CBF714F801B003F06F
:1006D00046FA069903F0C6F901B40EBC002001B435
:1006E000169801B4149801B4012001B402B404B402
:1006F00008B4EAF793FE07B00C9801B42920C000B3
:100700003768385801B41098029903F09BF901B486
:100710002920C0003768385801B402F0A6F86F46A7
:100720007760CAF7E7FF01B003F019FA01B4019846
:10073000009903F097F902B001B4129801B402F0E5
:10074000C4FD6F467760CDF777FA04B000F0F8FC8F
:10075000009801B4049801B4179801B47B2102F009
:100760008DF801B001B4019800996F467760C6F723
:100770003FFF02B001B40198009903F073F902B091
:1007800005902920C0003768385801B402F06DF890
:1007900000216F467760CBF7B7F901B02920C00080
:1007A0003768385801B402F060F86F467760CAF7CE
:1007B000A1FF01B003F0D3F901B4169801B47B2175
:1007C00002F05CF801B001B402F0EEF86F46776019
:1007D000C6F72AFC02B003F0C2F9069013986F46E0
:1007E0007760C7F77DF9002800D15CE214986F4666
:1007F0007760C7F775F9002800D10EE10120079056
:100800000798039903F0B7F900D18BE02920C000C5
:100810003768385801B402F028F800216F46776035
:10082000CBF772F901B02920C0003768385801B4FD
:100830000E9801B40F9801B402F07CF86F4677600F
:10084000C6F722FA01B003F08AF9059903F00AF914
:10085000099903F0F7F801B4099801B407980B99C6
:1008600003F000F901B406BC02B404B4DEF7E6FDFF
:1008700002B001B40EBC02B404B408B4FFF76AFDC0
:1008800003B001B4039801B4189801B47A2101F0BF
:10089000F5FF01B001B40198009903F0E3F802B04C
:1008A00001B40EBC002001B4169801B4149801B430
:1008B00002B4012001B404B408B4EAF7AFFD07B0F4
:1008C0000C9801B42920C0003768385801B410983A
:1008D00001B40A9801B4199801B47B2101F0CEFF4C
:1008E00001B001B4019800996F467760C6F780FEA9
:1008F00002B001B40198009903F0A4F802B007997E
:1009000003F0A0F801B4129801B402F0DEFC6F46C7
:100910007760CDF791F904B00798069903F092F843
:1009200007906DE70D9801B402F004F86F46776008
:10093000C6F7AAF901B003F012F9039903F02FF9F1
:100940006AD02920C0003768385801B401F08DFF03
:1009500000216F467760CBF7D7F801B02920C0009F
:100960003768385801B40E9801B40F9801B401F0FB
:10097000E1FF6F467760C6F787F901B003F0EFF843
:10098000059903F06FF8032103F06CF801B402F04D
:10099000DDF86F467760C6F7F7FA02B001B4179832
:1009A00001B47B2101F06AFF01B0079903F05AF806
:1009B0000146012003F056F801B4049801B41998D7
:1009C00001B47A2101F05AFF01B001B401980099F5
:1009D00003F048F802B001B41EBC002001B4169820
:1009E00001B4149801B402B404B408B410B4EAF722
:1009F00015FD07B00C9801B42920C000376838589D
:100A000001B4109801B4129801B402F05EFC6F4674
:100A10007760CDF711F904B044E1012008900898FF
:100A2000039903F0A8F800D1A6E02920C000376898
:100A3000385801B401F019FF00216F467760CBF7F9
:100A400063F801B02920C0003768385801B40E9807
:100A500001B40F9801B401F06DFF6F467760C6F7DF
:100A600013F901B003F07BF8059902F0FBFF0A9936
:100A700002F0E8FF01B4099801B407980C9902F05C
:100A8000F1FF01B406BC02B404B4DEF7D7FC02B037
:100A900001B40EBC02B404B408B4FFF75BFC03B0AD
:100AA00001B42920C0003768385801B401F0DDFED8
:100AB0006F467760CAF722FE01B003F050F8039941
:100AC00002F0D0FF01B40EBC002001B4169801B4AE
:100AD000149801B402B4012001B404B408B4EAF7D4
:100AE0009DFC07B00C9801B42920C0003768385825
:100AF00001B4109801B40B9801B4199801B47B218A
:100B000001F0BCFE01B001B4019800996F46776016
:100B1000C6F76EFD02B001B40198009902F092FF91
:100B200002B0079902F08EFF01B4129801B4292097
:100B3000C0003768385801B401F097FE6F467760FF
:100B4000CAF7DCFD01B003F00AF801B4019800997E
:100B500002F088FF02B0049902F074FF01B402F0C1
:100B6000B4FB6F467760CDF767F804B00898069934
:100B700002F068FF089052E70D9801B401F0DAFE28
:100B80006F467760C6F780F801B002F0E8FF03997E
:100B900003F005F800D185E02920C00037683858F7
:100BA00001B401F062FE00216F467760CAF7ACFF26
:100BB00001B02920C0003768385801B40E9801B43C
:100BC0000F9801B401F0B6FE6F467760C6F75CF887
:100BD00001B002F0C4FF059902F044FF032102F0C6
:100BE00041FF01B401F0B2FF6F467760C6F7CCF960
:100BF00002B001B4179801B47B2101F03FFE01B0AF
:100C0000079902F02FFF0146012002F02BFF01B4EB
:100C10002920C0003768385801B401F026FE6F461D
:100C20007760CAF76BFD01B002F099FF049902F0FA
:100C300019FF01B41EBC002001B4169801B4149829
:100C400001B402B404B408B410B4EAF7E7FB07B087
:100C50000C9801B42920C0003768385801B41098A6
:100C600001B4129801B42920C0003768385801B483
:100C700001F0FBFD6F467760CAF740FD01B002F05E
:100C80006EFF01B40198009902F0ECFE02B00499E5
:100C900002F0D8FE01B402F018FB6F467760CCF783
:100CA000CBFF04B04CE214986F467760C6F718FF8C
:100CB000002800D106E1012009900998039902F06B
:100CC0005AFF78D02920C0003768385801B401F0A5
:100CD000CCFD00216F467760CAF716FF01B02920CE
:100CE000C0003768385801B40E9801B40B9801B4AD
:100CF000099801B407980D9902F0B4FE01B406BC3E
:100D000002B404B4DEF79AFB02B001B40EBC02B424
:100D100004B408B4FFF71EFB03B001B4039801B498
:100D2000189801B47A2101F0A9FD01B001B401982D
:100D3000009902F097FE02B001B40EBC002001B48D
:100D4000169801B4149801B402B4012001B404B49B
:100D500008B4EAF763FB07B00C9801B42920C0007F
:100D60003768385801B4109801B40C9801B4199838
:100D700001B47B2101F082FD01B001B4019800991A
:100D80006F467760C6F734FC02B001B40198009951
:100D900002F058FE02B001B4129801B402F095FAC4
:100DA0006F467760CCF748FF04B00998069902F0C7
:100DB00049FE099081E70D9801B401F0BBFD6F4633
:100DC0007760C5F761FF01B002F0C9FE039902F038
:100DD000E6FE76D02920C0003768385801B401F00B
:100DE00044FD00216F467760CAF78EFE01B02920CE
:100DF000C0003768385801B40E9801B4059801B4A2
:100E000001F0A4FE6F467760C6F7BEF802B001B4E9
:100E10002920C0003768385801B401F026FD6F461C
:100E20007760CAF767FC01B002F099FE079902F0FB
:100E300019FE01B4049801B4199801B47A2101F0A3
:100E40001DFD01B001B40198009902F00BFE02B043
:100E500001B41EBC002001B4169801B4149801B46A
:100E600002B404B408B410B4EAF7D8FA07B00C9886
:100E700001B42920C0003768385801B4109802998D
:100E800002F0E0FD01B42920C0003768385801B4F1
:100E900001F0EBFC6F467760CAF72CFC01B002F062
:100EA0005EFE01B40198009902F0DCFD02B001B4CD
:100EB000129801B402F009FA6F467760CCF7BCFED5
:100EC00004B03DE101200A900A98039902F053FE14
:100ED00000D193E02920C0003768385801B401F0F0
:100EE000C4FC00216F467760CAF70EFE01B02920CE
:100EF000C0003768385801B40E9801B40C9801B49A
:100F0000099801B407980E9902F0ACFD01B406BC33
:100F100002B404B4DEF792FA02B001B40EBC02B41B
:100F200004B408B4FFF716FA03B001B42920C000D6
:100F30003768385801B401F098FC6F467760CAF7FB
:100F4000DDFB01B002F00BFE039902F08BFD01B452
:100F50000EBC002001B4169801B4149801B402B478
:100F6000012001B404B408B4EAF758FA07B00C98A9
:100F700001B42920C0003768385801B4109801B472
:100F80000D9801B4199801B47B2101F077FC01B0F0
:100F900001B4019800996F467760C6F729FB02B04B
:100FA00001B40198009902F04DFD02B001B412980D
:100FB00001B42920C0003768385801B401F055FC4D
:100FC0006F467760CAF79AFB01B002F0C8FD01B422
:100FD0000198009902F046FD02B0049902F032FD3A
:100FE00001B402F072F96F467760CCF725FE04B0C9
:100FF0000A98069902F026FD0A9065E70D9801B45B
:1010000001F098FC6F467760C5F73EFE01B002F034
:10101000A6FD039902F0C3FD00D191E02920C00094
:101020003768385801B401F020FC00216F46776022
:10103000CAF76AFD01B02920C0003768385801B4EA
:101040000E9801B4059801B401F080FD6F467760F9
:10105000C5F79AFF02B001B42920C000376838589C
:1010600001B401F002FC6F467760CAF743FB01B0A0
:1010700002F075FD079902F0F5FC01B42920C000CB
:101080003768385801B401F0F0FB6F467760CAF753
:1010900035FB01B002F063FD049902F0E3FC01B4FA
:1010A0001EBC002001B4169801B4149801B402B417
:1010B00004B408B410B4EAF7B1F907B00C9801B45D
:1010C0002920C0003768385801B41098029902F0FE
:1010D000B9FC01B42920C0003768385801B401F0C8
:1010E000C4FB6F467760CAF705FB01B002F037FD1D
:1010F00001B40198009902F0B5FC02B001B4129855
:1011000001B42920C0003768385801B401F0ADFBA4
:101110006F467760CAF7F2FA01B002F020FD01B421
:101120000198009902F09EFC02B0049902F08AFC3A
:1011300001B402F0CAF86F467760CCF77DFD04B0C9
:1011400000200BB000BD000000B5002001B401B4C8
:1011500001B40B9801B40D9801B47B2101F08EFB12
:1011600001B001B401F020FC6F467760C5F75CFF69
:1011700002B002F0F4FC00900898069902F072FCAC
:1011800001B40D9801B47B2101F078FB01B001B4EA
:10119000019800996F467760C6F756FA02B001B41D
:1011A0006F467760C6F726FB01B0019001980321D6
:1011B00002F0E1FC00D034E12920C0003768385843
:1011C00001B401F052FB00216F467760CAF79CFC26
:1011D00001B02920C0003768385801B4069801B41E
:1011E000029801B401F0B2FC6F467760C5F7CCFEFF
:1011F00002B001B40D9801B40F9801B47B2101F045
:101200003DFB01B001B4019800996F467760C6F7C5
:1012100031FA02B00146012002F024FC01B40EBCF8
:10122000002001B40D9801B40C9801B4012001B460
:1012300002B404B408B4EAF7F1F807B0049801B4B2
:101240002920C0003768385801B4089801B40A98BA
:1012500001B402F03AF86F467760CCF7EDFC04B0C9
:10126000049801B4069801B40298032102F0EAFB45
:1012700001B40498052102F0F5FB01B40EBC02B4E0
:1012800004B408B4FFF766F803B001B4089801B4D9
:101290000F9801B47B2101F0F1FA01B001B401987B
:1012A000009902F0CFFB02B001B40E9801B410987F
:1012B00001B47B2101F0E2FA01B001B40198009978
:1012C0006F467760C6F7D6F902B001B4019800996D
:1012D00002F0C8FB02B001B40EBC002001B40D98AE
:1012E00001B40C9801B40A9801B402B404B408B46F
:1012F000EAF794F807B006980B9902F0B3FB01B433
:101300000198029902F09EFB032102F0ABFB01B4AD
:101310000E9801B47B2101F0B1FA01B001B401983B
:1013200000996F467760C6F763F902B001B401987F
:10133000009902F087FB02B002902920C0003768B4
:10134000385801B401F091FA00216F467760CAF76E
:10135000DBFB01B02920C0003768385801B406987B
:1013600001B40298039902F06DFB032102F07AFBAD
:1013700001B401F0EBFB6F467760C5F705FE02B0E4
:1013800001B42920C0003768385801B401F06DFA63
:101390006F467760CAF7AEF901B002F0E0FB01B426
:1013A0000B98059902F05EFB01B40198009902F0D8
:1013B00059FB02B001B40EBC002001B40D9801B479
:1013C0000C9801B4012001B402B404B408B4EAF7E3
:1013D00025F807B0049801B42920C00037683858B0
:1013E00001B40A9801B42920C0003768385801B404
:1013F00001F03BFA6F467760CAF77CF901B002F062
:10140000AEFB01B40198009902F02CFB02B001B4CC
:101410000A9801B401F059FF6F467760CCF70CFCD5
:1014200004B0002003B000BD00B5002001B401B439
:101430000798059902F016FB01B4059801B401F074
:1014400014FA6F467760CAF755F901B002F087FBCE
:1014500001B406BC02B404B4DDF7F0FF02B00090A2
:101460000898069902F0FEFA01B4059801B401F05B
:10147000FCF96F467760CAF741F901B002F06FFBE3
:1014800001B406BC02B404B4DDF7D8FF02B0019089
:10149000009801B401216F467760C6F78DFB01B05B
:1014A00001B46F467760C6F7E5FA002802D00098CD
:1014B00001B00AE00098009801B0019801B4012140
:1014C0006F467760C6F778FB01B06F467760C6F766
:1014D00007FB002800D044E22920C00037683858B4
:1014E00001B401F0C2F96F467760CAF703F901B0A1
:1014F00002F035FB01B4059801B401F0B6F96F466E
:101500007760CAF7F7F801B002F029FB01B401983F
:1015100000996F467760C6F761FB02B001B46F4671
:101520007760C6F7A7FA002802D0009801B024E03F
:101530000098009801B02920C0003768385801B4DD
:1015400001F093F96F467760CAF7D8F801B002F05E
:1015500006FB01B4059801B401F087F96F46776086
:10156000CAF7CCF801B002F0FAFA01B40198009978
:101570006F467760C6F732FB02B06F467760C6F7FA
:10158000AFFA00284FD02920C0003768385801B47E
:1015900001F06BF96F467760CAF7ACF801B002F062
:1015A000DEFA01B4059801B401F05FF96F46776087
:1015B000CAF7A0F801B002F0D2FA01B406BC02B436
:1015C00004B4DEF7C1F802B001B42920C0003768C6
:1015D000385801B401F049F96F467760CAF78EF8C0
:1015E00001B002F0BCFA01B4069801B401F03DF973
:1015F0006F467760CAF782F801B002F0B0FA01B422
:1016000006BC02B404B4DEF79FF802B001B401F0E6
:10161000CBF96F467760CBF76FFB02B02921C90089
:10162000376878500CE02920C0003768385801B47A
:1016300001F01BF900216F467760CAF765FA01B027
:1016400009986F467760C6F74BFA002800D1AEE0E4
:101650000A986F467760C6F743FA002848D02920D9
:10166000C0003768385801B4059801B4029801B435
:10167000079801B401F0F9F86F467760CAF73AF8B5
:1016800001B002F06CFA01B40198009902F0EAF995
:1016900002B001B4049801B4089801B401F0E5F86F
:1016A0006F467760CAF72AF801B002F058FA01B421
:1016B0000198009902F0D6F902B001B401F005FEDC
:1016C0006F467760CCF7B8FA04B0039801B42920CC
:1016D000C0003768385801B4079801B4099801B4BC
:1016E00001F0F3FD6F467760CCF7A6FA04B05DE039
:1016F0002920C0003768385801B4059801B4029811
:1017000001B4079801B401F0B0F86F467760C9F7EB
:10171000F1FF01B002F023FA01B40198009902F040
:10172000A1F902B001B42920C0003768385801B4CB
:1017300001F09BF86F467760C9F7E0FF01B002F057
:101740000EFA049902F08EF901B401F0BEFD6F4665
:101750007760CCF771FA04B0039801B42920C00077
:101760003768385801B4079801B40998049902F011
:1017700069F901B42920C0003768385801B401F074
:1017800074F86F467760C9F7B9FF01B002F0E7F966
:1017900001B40198009902F065F902B001B401F0BA
:1017A00094FD6F467760CCF747FA04B0D9E00A9809
:1017B0006F467760C6F794F900285ED02920C000F4
:1017C0003768385801B4059801B42920C00037683B
:1017D000385801B401F049F86F467760C9F78AFFBD
:1017E00001B002F0BCF9029902F03CF901B404988E
:1017F00001B4089801B401F038F86F467760C9F772
:101800007DFF01B002F0ABF901B40198009902F03C
:1018100029F902B001B401F058FD6F467760CCF7AA
:101820000BFA04B0039801B42920C0003768385877
:1018300001B40798029902F005F901B42920C0000B
:101840003768385801B401F010F86F467760C9F76F
:1018500051FF01B002F083F901B40198009902F040
:1018600001F902B001B4099801B401F02EFD6F46F0
:101870007760CCF7E1F904B073E02920C000376845
:10188000385801B4059801B42920C0003768385889
:1018900001B400F0EAFF6F467760C9F72BFF01B093
:1018A00002F05DF9029902F0DDF801B42920C000D0
:1018B0003768385801B400F0D8FF6F467760C9F731
:1018C0001DFF01B002F04BF9049902F0CBF801B40E
:1018D00001F0FBFC6F467760CCF7AEF904B00398DB
:1018E00001B42920C0003768385801B4079802991C
:1018F00002F0A8F801B42920C0003768385801B4B4
:1019000000F0B3FF6F467760C9F7F4FE01B002F054
:1019100026F901B40198009902F0A4F802B001B4CC
:101920000998049902F08EF801B42920C0003768A4
:10193000385801B400F099FF6F467760C9F7DEFEB2
:1019400001B002F00CF901B40198009902F08AF894
:1019500002B001B401F0B9FC6F467760CCF76CF9C6
:1019600004B0002002B000BD00B506986F46776055
:10197000C6F7B6F86F467760C5F722FA6F4677600C
:10198000C5F740FB6F467760C6F7AAF8002800D07D
:1019900024E0019801B4039801B4059801B40798B4
:1019A000059902F05FF801B40998079902F05AF816
:1019B00001B400270B9801B4019801B40297039871
:1019C00001B40497059801B40697079801B40897E5
:1019D000099801B40A97EAF713F90BB0002000BD8B
:1019E00000B5002001B401B401B401B401B401B4E4
:1019F00001B4099801B400F038FF6F467760C9F769
:101A000079FE01B002F0ABF801B400F0F2FE032160
:101A10006F467760C5F708FB01B002F0A0F80090B0
:101A200011204001376838586F467760C6F758F87C
:101A30006F467760C5F7C4F96F467760C5F7E2FA7D
:101A400001B46F467760C6F715F8002802D00098F9
:101A500001B01AE00098009801B0112040013768E9
:101A6000385801B400F001FF6F467760C9F742FEB5
:101A700001B002F074F801B4019801B40198009922
:101A80006F467760C5F722FF02B06F467760C6F7F2
:101A900027F800280ED0009801B4019801B400F096
:101AA00083FF6F467760CBF727F902B01121490118
:101AB00037687850112040013768385801B400F079
:101AC000D4FE00216F467760CAF71EF801B01120DE
:101AD00040013768385801B40A9801B401F0EBFCB2
:101AE000002200236F467760CCF7A6F802B0089872
:101AF00001B4112040013768385801B40C9801B482
:101B00000E9801B401F0E1FB6F467760CCF794F8D2
:101B100004B0112040013768385801B400F0A5FE28
:101B200000216F467760C9F7EFFF01B01120400137
:101B30003768385801B40A9801B4029801B40321F7
:101B400001F0C8FF01B00146012001F08BFF01B494
:101B500001F054FF00236F467760CCF76DF803B0B7
:101B6000089801B4112040013768385801B40E9824
:101B7000029901F077FF01B40E9801B401F0A5FBC2
:101B80006F467760CCF758F804B0112040013768F1
:101B9000385801B400F069FE00216F467760C9F73C
:101BA000B3FF01B0112040013768385801B40A98DA
:101BB00001B4029801B4032101F08CFF01B0014689
:101BC000012001F04FFF01B401F02AFF00226F460F
:101BD0007760CCF731F803B0089801B411204001C8
:101BE0003768385801B40C9801B41098039901F083
:101BF00039FF01B401F069FB6F467760CCF71CF840
:101C000004B0112040013768385801B400F02DFEAF
:101C100000216F467760C9F777FF01B011204001BE
:101C20003768385801B40A9801B4029801B4032106
:101C300001F050FF01B00146012001F013FF01B493
:101C4000039801B4032101F045FF01B001460120D2
:101C500001F008FF01B401F038FB6F467760CBF765
:101C6000EBFF04B0089801B41120400137683858E0
:101C700001B40E98029901F0F5FE01B41098039991
:101C800001F0F0FE01B401F020FB6F467760CBF766
:101C9000D3FF04B00D98009901F0E4FE01B40C9854
:101CA000019901F0CFFE01B40198009901F0DAFE2C
:101CB00002B001B4019801B4019800996F467760B1
:101CC000C5F7C2FC02B001B46F467760C5F792FD5C
:101CD00001B00190019801B4019801B401980099F4
:101CE0006F467760C5F784FC02B001B40E98019985
:101CF00001F0B8FE01B40D98029901F0A3FE01B401
:101D00000198009901F0AEFE02B001B4019800996B
:101D100001F0A8FE02B00290112040013768385847
:101D200001B400F0A2FD00216F467760C9F7ECFE18
:101D300001B0112040013768385801B40A9801B445
:101D40000120029901F08EFE01B401F069FE00222B
:101D50006F467760CBF770FF03B0012003900398C4
:101D600001B40298032101F07DFE01B401980099AD
:101D700001F001FF02B02CD0089801B411204001FD
:101D80003768385801B40C9801B40E98039901F0E3
:101D900059FE01B4049801B4089801B4019800995F
:101DA0006F467760C5F724FC02B001B40198009932
:101DB00001F048FE02B001B401F087FA6F46776087
:101DC000CBF73AFF04B00398032101F03BFE0390E8
:101DD000C5E7112040013768385801B401980399CC
:101DE00001F040FE01B406BC012001B4019801B429
:101DF000029801B402B4012001B404B4E9F700FF71
:101E000006B0089801B4112040013768385801B471
:101E10000C9801B40E9801B4049801B4069801B46A
:101E2000019800996F467760C5F7E2FB02B001B4F4
:101E30000198009901F006FE02B001B401F045FAE4
:101E40006F467760CBF7F8FE04B011204001376889
:101E5000385801B400F009FD00216F467760C9F7DA
:101E600053FE01B0112040013768385801B40A9878
:101E700001B4029801B4032101F02CFE01B0014627
:101E8000012001F0EFFD01B40120039901F0EAFD0A
:101E900001B401F01AFA6F467760CBF7CDFE04B0BB
:101EA00001200490049801B40298032101F0DAFDA6
:101EB00001B40198009901F05EFE02B02FD008989D
:101EC00001B4112040013768385801B40E980299C6
:101ED00001F0C8FD01B40E98039901F0B3FD01B4FF
:101EE000049801B4099801B4019800996F4677608D
:101EF000C5F77EFB02B001B40198009901F0A2FD84
:101F000002B001B401F0E1F96F467760CBF794FEBF
:101F100004B00498032101F095FD0490C2E711205C
:101F200040013768385801B40198039901F09AFDCF
:101F300001B406BC012001B4019801B4029801B4B7
:101F400002B4012001B404B4E9F75AFE06B00898BF
:101F500001B4112040013768385801B40E98029935
:101F600001F080FD01B40E9801B4049801B4069804
:101F700001B4019800996F467760C5F739FB02B04C
:101F800001B40198009901F05DFD02B001B401F0C7
:101F90009CF96F467760CBF74FFE04B00C98009920
:101FA00001F060FD01B40B98019901F04BFD01B403
:101FB0000198009901F056FD02B001B4019801B4F6
:101FC000019800996F467760C5F73EFB02B001B4F7
:101FD0006F467760C5F70EFC01B00190019801B41F
:101FE000019801B4019800996F467760C5F700FB2E
:101FF00002B001B40D98019901F034FD01B40C98C0
:10200000029901F01FFD01B40198009901F02AFD29
:1020100002B001B40198009901F024FD02B00290D1
:10202000112040013768385801B400F01EFC00212F
:102030006F467760C9F768FD01B01120400137682D
:10204000385801B40A9801B40120029901F00AFD40
:1020500001B401F0D3FC00236F467760CBF7ECFDB1
:1020600003B001200590059801B40298032101F006
:10207000F9FC01B40198009901F07DFD02B02CD06B
:10208000089801B4112040013768385801B40C9801
:10209000029901F0D7FC01B4039801B4099801B486
:1020A000019800996F467760C5F7A2FA02B001B4B3
:1020B0000198009901F0C6FC02B001B40E9801B479
:1020C00001F003F96F467760CBF7B6FD04B00598D1
:1020D000032101F0B7FC0590C5E7112040013768E6
:1020E000385801B40198039901F0BCFC01B406BC56
:1020F000012001B4019801B4029801B4012001B497
:1021000002B404B4E9F77CFD06B0089801B41120CC
:1021100040013768385801B40C9801B4039801B4F1
:10212000059801B4019800996F467760C5F760FA89
:1021300002B001B40198009901F084FC02B001B42E
:102140000E9801B401F0C1F86F467760CBF774FDCB
:1021500004B0112040013768385801B400F085FB05
:1021600000216F467760C9F7CFFC01B01120400114
:102170003768385801B40A9801B40120029901F077
:1021800071FC01B4039801B4032101F0A3FC01B078
:102190000146012001F066FC01B401F096F86F469B
:1021A0007760CBF749FD04B001200690069801B492
:1021B0000298032101F056FC01B40198009901F046
:1021C000DAFC02B02FD0089801B411204001376822
:1021D000385801B40C98029901F034FC01B403980A
:1021E00001B40A9801B4019800996F467760C5F769
:1021F000FFF902B001B40198009901F023FC02B08C
:1022000001B41098039901F02DFC01B401F05DF8C0
:102210006F467760CBF710FD04B00698032101F0FC
:1022200011FC0690C2E7112040013768385801B40C
:102230000198039901F016FC01B406BC012001B419
:10224000019801B4029801B4012001B402B404B4AD
:10225000E9F7D6FC06B0089801B4112040013768B0
:10226000385801B40C9801B4039801B4059801B42E
:10227000019800996F467760C5F7BAF902B001B4CA
:102280000198009901F0DEFB02B001B410980399A7
:1022900001F0E8FB01B401F018F86F467760CBF766
:1022A000CBFC04B0002007B000BDF0B544464D465D
:1022B00056465746F0B40C4615461E46074600F0F3
:1022C00085FA6846F0B46946C6F75AFB06463D46AD
:1022D0002846A96803248847074604B03046C5F756
:1022E000A7FE3846F0BCA046A946B246BA46F0BDA5
:1022F00001B56F467760C5F7C7FD12BC41606946FE
:102300008160C56020470E4681688D46C56841687A
:1023100001200143084782070ED100280CD0036832
:102320001A89012A00D170471F6A002F04D001B515
:102330000124B847009000E001B56F467760C5F70B
:102340007FFC02BD84071FD100281DD003681C89B3
:10235000032C19D1491007D34468A14219D244185B
:10236000207A400001307047490005B508466F46A5
:102370007760C5F759F8014605BC6F467760C4F72A
:1023800071FE4000013000BD71466F467760C5F7B1
:1023900041FD0120704784071CD100281AD0036832
:1023A0001C89062C16D1491006D30489A14216D2E5
:1023B0008900446860587047490005B508466F4673
:1023C0007760C5F731F8014605BC6F467760C4F702
:1023D00049FE00BD71466F467760C5F71BFD0020C2
:1023E000704784071BD1002819D003681C89032C6F
:1023F00015D1491005D34468A14215D24418227260
:102400007047490005B508466F467760C5F70CF878
:10241000014605BC6F467760C4F72CFE00BD7146CF
:102420006F467760C5F7F6FC00B5F3E784071CD16B
:1024300000281AD003681C89062C16D1491006D32F
:102440000489A14216D2890044686250704749004D
:1024500005B508466F467760C4F7E6FF014605BC40
:102460006F467760C4F706FE00BD71466F46776021
:10247000C5F7D0FC00B5F3E784073DD100283BD079
:1024800003681C89082C05D100B56F467760C4F736
:1024900083FE00BD1C4601B50846C4F78DFE01460B
:1024A0000098234600F002F801B000BDDA6817007A
:1024B00022D04F43D7407F005B68DB191A88D75A78
:1024C0008F420BD002331A88D75A8F4206D002337C
:1024D0001A88D75A8F4201D0002070479B185A683B
:1024E000D70707D05F88012F01D101241047744618
:1024F00000F051F88058704771466F467760C5F715
:1025000089FC6F467760C5F7B1FC84073AD1002893
:1025100038D003681C89082C05D100B56F46776058
:10252000C4F79AFE00BD1C4605B50846C4F744FE34
:1025300001460098234600F002F802B000BDDA68B8
:1025400017001FD04F43D7407F005B68DB191A8804
:10255000D75A8F4209D002331A88D75A8F4204D0F3
:1025600002331A88D75A8F4211D19B185A68D7075D
:1025700005D01F898F420AD1DA6802241047019BD7
:102580008350704771466F467760C5F743FC6F46CE
:102590007760C5F76BFC05B40220B6496F467760DB
:1025A000C6F794FB06BCC16002612047D4B00100AD
:1025B00000000000B92504000C2C06DAA300AE4A86
:1025C000D158C3680269641C084771466F4677603A
:1025D000C5F720FC05260400152604002926040062
:1025E000412604005D2604007D260400A126040087
:1025F000C9260400F52604002527040059270400F5
:102600009127040081B008B4714601919047019967
:1026100002B0084781B00199009108B47146029157
:102620009047029902B0084781B001990091029940
:10263000019108B4714603919047039902B008478D
:1026400081B001990091029901910399029108B416
:10265000714604919047049902B0084781B00199EE
:10266000009102990191039902910499039108B490
:10267000714605919047059902B0084781B00199CC
:10268000009102990191039902910499039105998E
:10269000049108B4714606919047069902B0084724
:1026A00081B00199009102990191039902910499D5
:1026B0000391059904910699059108B47146079113
:1026C0009047079902B0084781B00199009102999B
:1026D0000191039902910499039105990491069936
:1026E00005910799069108B4714608919047089999
:1026F00002B0084781B001990091029901910399B4
:1027000002910499039105990491069905910799FD
:1027100006910899079108B4714609919047099963
:1027200002B0084781B00199009102990191039983
:1027300002910499039105990491069905910799CD
:102740000691089907910999089108B471460A9170
:1027500090470A9902B0084781B001990091029907
:1027600001910399029104990391059904910699A5
:1027700005910799069108990791099908910A9975
:10278000099108B471460B9190470B9902B0084724
:1027900081B00199009102990191039902910499E4
:1027A0000391059904910699059107990691089955
:1027B0000791099908910A9909910B990A9108B40E
:1027C00071460C9190470C9902B00847820706D1D8
:1027D000002804D003681A89042A00D17047714682
:1027E0006F467760C5F716FB00B50198FFF7EEFF5F
:1027F00000BD00B50198401002D2400001F0A5F9DB
:1028000000BD820706D1002804D003681A89032A74
:1028100000D1704771466F467760C5F7FBFA00B587
:102820000198FFF7EEFF00BD820706D1002804D013
:1028300003681A89062A00D1704771466F4677608F
:10284000C5F7E8FA00B50198FFF7EEFF00BD820773
:1028500006D1002804D003681A89052A00D17047E0
:1028600071466F467760C5F7D5FA00B50198FFF756
:10287000EEFF00BDAC250400D425040000988207BB
:1028800031D100282FD00368DA68170020D04F43D9
:10289000D7407F005B68DB191A88D75A8F420BD06C
:1028A00002331A88D75A8F4206D002331A88D75A71
:1028B0008F4201D0002070479B185A68D70710D06C
:1028C0005F88012F01D1012410477446FFF763FE92
:1028D0001A89082A07D174466F467760C4F7B2FC9C
:1028E00020478058704771466F467760C5F792FA67
:1028F0006F467760C5F7BAFA820716D1002814D060
:1029000003681A89042A10D100248188002901D182
:102910008168084782B00095714601910546AF680D
:10292000B847019C009D02B0204771466F46776012
:10293000C5F770FA00B50198FFF7EDFC019000BDF6
:102940000098820709D1002807D003681A89112A44
:1029500003DB122A01DC5958084771466F4677603D
:10296000C5F758FA00B50198FFF7D5FC019001466C
:1029700000BD00B50298FFF7CEFC0290019900BDA2
:1029800000B50298FFF750FF019900BD820706D1FC
:10299000002804D003681A892E2A00D17047714696
:1029A0006F467760C5F736FA00B50298401002D23C
:1029B000400001F0CAF801B40298401002D2400071
:1029C00001F0C3F8014601BD0020002101B47047A9
:1029D0000098820707D1002805D003681A89182AB1
:1029E00001D15958084771466F467760C5F712FA0A
:1029F000009882072FD100282DD00368DA681700CD
:102A00001CD04F43D7407F005B68DB191A88D75A28
:102A10008F4209D002331A88D75A8F4204D002332A
:102A20001A88D75A8F421BD19B185A68D7070FD0E4
:102A30001F898F4214D1DA68022410471A89082AA4
:102A400009D17446019A6F467760C4F721FC20478C
:102A5000019B8350704771466F467760C5F7DAF97E
:102A60006F467760C5F702FA0020002101B4052CFB
:102A700001DB0698069101B4042C01DB069806914F
:102A800001B4032C01DB0698069101B4022C01DB92
:102A90000698069101B4012C01DB0698069101B459
:102AA0007047820708D1002806D003681A89162AC1
:102AB00002DB192A00DC704771466F467760C5F764
:102AC000A9F90098820709D1002807D003681A895C
:102AD0001C2A03DB1D2A01DC5958084771466F4642
:102AE0007760C5F797F9820706D1002804D00368FC
:102AF0001A891D2A00D1704771466F467760C5F765
:102B000089F9820706D1002804D003681A891F2A90
:102B100000D1704771466F467760C5F77BF9820731
:102B200006D1002804D003681A891E2A00D17047F4
:102B300071466F467760C5F76DF90020002101B43A
:102B4000012C01DB0298029101B4704700B5029894
:102B5000FFF7E1FB029001B40298401002D240005E
:102B600000F0F3FF014601BD820708D1002806D01E
:102B700003681A891C2A02DB1D2A00DC7047714693
:102B80006F467760C5F746F900B50198FFF7C3FBBC
:102B900001900146029800BD00B50298FFF7BBFB0B
:102BA000029001B40298FFF7B6FB0290014601BD06
:102BB000820722D1002820D003681A89042A1CD158
:102BC00003248188002901D18168084782B00299D5
:102BD0000091039901910499029103957146049122
:102BE0000546AF68B847049C039D0099029101997E
:102BF00003910299049102B0204771466F467760B5
:102C0000C5F708F9820706D1002804D003681A899D
:102C1000202A00D1704771466F467760C5F7FAF8F1
:102C2000009882074DD100284BD00368DA6817005E
:102C300021D04F43D7407F005B68DB191A88D75AF1
:102C40008F4209D002331A88D75A8F4204D00233F8
:102C50001A88D75A8F4239D19B185A68D70714D08F
:102C60005F88012F01D001241047012401B590474E
:102C700006BC96460AE01A89082A22D174466F4695
:102C80007760C4F7DFFAA64600E0805801000091A3
:102C9000820716D1002814D003681A89042A10D19B
:102CA00000248188002901D18168084782B00095FD
:102CB000714601910546AF68B847019C009D02B07E
:102CC000204771466F467760C5F7A4F86F46776076
:102CD000C5F7CCF882071ED100281CD003681A89DA
:102CE000042A18D102248188002901D1816808476B
:102CF00082B0029900910399019102957146039166
:102D00000546AF68B847039C029D0099029101995E
:102D1000039102B0204771466F467760C5F77AF895
:102D200000B50398FFF7F7FA039001B40398401039
:102D300002D2400000F009FF01B40398401002D213
:102D4000400000F002FF024602BC01BD002000214D
:102D500001B4022C01DB0398039101B4012C01DBC7
:102D60000398039101B47047820706D1002804D06C
:102D700003681A89182A00D1704771466F46776038
:102D8000C5F748F8820706D1002804D003681A89DD
:102D9000252A00D1704771466F467760C5F73AF82B
:102DA000820706D1002804D003681A89212A00D19D
:102DB000704771466F467760C5F72CF8820706D1D9
:102DC000002804D003681A89232A00D1704771466D
:102DD0006F467760C5F71EF8820706D1002804D039
:102DE00003681A89222A00D1704771466F467760BE
:102DF000C5F710F8820708D1002806D003681A89A1
:102E0000172A02DB182A00DC704771466F4677608C
:102E1000C5F700F80098820704D1002802D00368A3
:102E20005958084771466F467760C4F7F3FF00B5FD
:102E30000398FFF70CFD01B40398401002D2400044
:102E400000F083FE01B40398401002D2400000F06D
:102E50007CFE024602BC01BD820706D1002804D0D8
:102E600003681A89242A00D1704771466F4677603B
:102E7000C4F7D0FF820706D1002804D003681A895E
:102E8000262A00D1704771466F467760C4F7C2FFAB
:102E90000098820759D1002857D00368DA681700D4
:102EA00021D04F43D7407F005B68DB191A88D75A7F
:102EB0008F4209D002331A88D75A8F4204D0023386
:102EC0001A88D75A8F4245D19B185A68D70714D011
:102ED0005F88012F01D003241047012401B59047DA
:102EE00006BC96460AE01A89082A2ED174466F4617
:102EF0007760C4F7A7F9A64600E0805801990091D1
:102F0000029901910100029182071ED100281CD074
:102F100003681A89042A18D102248188002901D162
:102F20008168084782B00299009103990191029546
:102F3000714603910546AF68B847039C029D00990E
:102F400002910199039102B0204771466F46776064
:102F5000C4F760FF6F467760C4F788FF820708D127
:102F6000002806D003681A89112A02DB122A00DC25
:102F7000704771466F467760C4F74CFF820706D1F1
:102F8000002804D003681A89282A00D170477146A6
:102F90006F467760C4F73EFF820706D1002804D051
:102FA00003681A89272A00D1704771466F467760F7
:102FB000C4F730FF00B50498401002D2400000F082
:102FC000C4FD01B40498401002D2400000F0BDFDE1
:102FD00001B40498FFF7FAFB01B40498401002D240
:102FE000400000F0B2FD034604BC02BC01BD00205D
:102FF000002101B4042C01DB0598059101B4032CD8
:1030000001DB0598059101B4022C01DB05980591BF
:1030100001B4012C01DB0598059101B470478207CA
:1030200006D1002804D003681A89292A00D17047E4
:1030300071466F467760C4F7EDFE820706D100281F
:1030400004D003681A892A2A00D1704771466F4656
:103050007760C4F7DFFE0098820709D1002807D007
:1030600003681A892B2A03DB2C2A01DC59580847EC
:1030700071466F467760C4F7CDFE0020002101B491
:10308000032C01DB0498049101B4022C01DB0498A9
:10309000049101B4012C01DB0498049101B4704740
:1030A000820708D1002806D003681A892B2A02DB80
:1030B0002C2A00DC704771466F467760C4F7AAFE81
:1030C00000B50298FFF7B0FB01B40298401002D29D
:1030D000400000F03AFD014601BD820704D10028FE
:1030E00002D0036800E0704771466F467760C4F70E
:1030F00091FE0098820753D1002851D00368DA6806
:10310000170021D04F43D7407F005B68DB191A8836
:10311000D75A8F4209D002331A88D75A8F4204D027
:1031200002331A88D75A8F423FD19B185A68D70763
:1031300014D05F88012F01D002241047012401B56B
:10314000904706BC96460AE01A89082A28D1744698
:103150006F467760C4F776F8A64600E0805801997C
:1031600000910100019182071AD1002818D003684C
:103170001A89042A14D101248188002901D1816887
:10318000084782B002990091019571460291054667
:10319000AF68B847029C019D0099029102B0204798
:1031A00071466F467760C4F735FE6F467760C4F7A7
:1031B0005DFE00B50298FFF7AEF802900146039855
:1031C000019A00BD820706D1002804D003681A893D
:1031D0002D2A00D1704771466F467760C4F71AFEFA
:1031E000820708D1002806D003681A89152A02DB55
:1031F0001B2A00DC704771466F467760C4F70AFEF1
:10320000820708D1002806D003681A892F2A02DB1A
:10321000302A00DC704771466F467760C4F7FAFDCC
:1032200000B50498FFF713FB01B40498401002D2D4
:10323000400000F08AFC01B40498401002D2400023
:1032400000F083FC01B40498401002D2400000F06A
:103250007CFC034604BC02BC01BD820706D10028E9
:1032600004D003681A89142A00D1704771466F464A
:103270007760C4F7CFFD820706D1002804D0036829
:103280001A89312A00D1704771466F467760C4F7BA
:10329000C1FD820706D1002804D003681A891A2AC2
:1032A00000D1704771466F467760C4F7B3FD82075F
:1032B00006D1002804D003681A89332A00D1704748
:1032C00071466F467760C4F7A5FD00B50498FFF717
:1032D000BEFA01B40498FFF7BAFA01B4049840109A
:1032E00002D2400000F031FC01B40498401002D238
:1032F000400000F02AFC034604BC02BC01BD00B53E
:103300000398FFF7A4FA01B40398FFF7A0FA014667
:1033100001BC019A00BD820706D1002804D00368D1
:103320001A89102A00D1704771466F467760C4F73A
:1033300071FD820706D1002804D003681A89322A59
:1033400000D1704771466F467760C4F763FD82070E
:1033500006D1002804D003681A89342A00D17047A6
:1033600071466F467760C4F755FD820706D1002885
:1033700004D003681A89352A00D1704771466F4618
:103380007760C4F747FD00B50298FEF7C4FF0290CE
:1033900001B40298FFF735FA014601BD820706D154
:1033A000002804D003681A89192A00D17047714691
:1033B0006F467760C4F72EFD00B50298FFF747FA15
:1033C00001B40298401002D2400000F0BEFB01465A
:1033D00001BD00B50198401002D2400000F0B5FBDD
:1033E0000246029800BD00B50298FFF70AFA01B440
:1033F0000298401002D2400000F0A7FB024601BD37
:1034000000B50398FFF7FDF901B40398401002D20C
:10341000400000F09AFB01B40398401002D2400033
:1034200000F093FB024602BC01BD00B50298FFF715
:10343000E8F901B40298FFF7E4F9024601BD00B5CE
:103440000498FFF704FA01B40498FFF7DAF901B41D
:103450000498401002D2400000F077FB01B40498B9
:10346000401002D2400000F070FB034604BC02BCD6
:1034700001BD82071AD1002818D003681A89042ACE
:1034800014D101248188002901D18168084782B0C4
:10349000029900910195714602910546AF68B847BF
:1034A000029C019D0099029102B0204771466F462F
:1034B0007760C4F7AFFC00B50298FFF7C8F901B414
:1034C0000298FFF7C4F9014601BD820706D1002822
:1034D00004D003681A89362A00D1704771466F46B6
:1034E0007760C4F797FC820706D1002804D00368F0
:1034F0001A89372A00D1704771466F467760C4F742
:1035000089FC820706D1002804D003681A89382A6A
:1035100000D1704771466F467760C4F77BFC820725
:1035200006D1002804D003681A89392A00D17047CF
:1035300071466F467760C4F76DFC00B50198401086
:1035400002D2400000F001FB014600BD820706D117
:10355000002804D003681A893A2A00D170477146BE
:103560006F467760C4F756FC00B50398FFF75CF927
:1035700001B40398401002D2400000F0E6FA014680
:1035800001BC019A00BD820706D1002804D003685F
:103590001A893B2A00D1704771466F467760C4F79D
:1035A00039FC820706D1002804D003681A892C2A26
:1035B00000D1704771466F467760C4F72BFC8207D5
:1035C00006D1002804D003681A893C2A00D170472C
:1035D00071466F467760C4F71DFC00B50298401035
:1035E00002D2400000F0B1FA01B40298FEF793FE57
:1035F0000290014601BD820706D1002804D003686D
:103600001A893D2A00D1704771466F467760C4F72A
:1036100001FC820706D1002804D003681A893E2ADB
:1036200000D1704771466F467760C4F7F3FB82079D
:1036300006D1002804D003681A891B2A00D17047DC
:1036400071466F467760C4F7E5FB820706D1002814
:1036500004D003681A89472A00D1704771466F4623
:103660007760C4F7D7FB00B50198401002D2400044
:1036700000F06BFA02460398029900BD00B5049869
:10368000FFF7BFF801B40498401002D2400000F0E8
:103690005CFA01B40498401002D2400000F055FAE0
:1036A000024602BC01BC019B00BD00B5029840105F
:1036B00002D2400000F049FA01B40298FFF7A1F8E5
:1036C000014601BD00B50398FFF79BF801B40398CC
:1036D000401002D2400000F038FA024601BC019BC3
:1036E00000BD820706D1002804D003681A89132A76
:1036F00000D1704771466F467760C4F78BFB820735
:1037000006D1002804D003681A893F2A00D17047E7
:1037100071466F467760C4F77DFB820706D10028AB
:1037200004D003681A89412A00D1704771466F4658
:103730007760C4F76FFB820708D1002806D00368C2
:103740001A89432A02DB462A00DC704771466F461D
:103750007760C4F75FFB0098820709D1002807D083
:1037600003681A89422A03DB462A01DC59580847B4
:1037700071466F467760C4F74DFB820708D1002879
:1037800006D003681A89422A02DB462A00DC704709
:1037900071466F467760C4F73DFB820706D100286B
:1037A00004D003681A89462A00D1704771466F46D3
:1037B0007760C4F72FFB820708D1002806D0036882
:1037C0001A89452A02DB462A00DC704771466F469B
:1037D0007760C4F71FFB820708D1002806D0036872
:1037E0001A89442A02DB462A00DC704771466F467C
:1037F0007760C4F70FFB820706D1002804D0036866
:103800001A89302A00D1704771466F467760C4F735
:1038100001FB00B50298401002D2400000F095F97B
:1038200001B40298FEF7D2FF024602BD009882075B
:1038300009D1002807D003681A89162A03DB192A40
:1038400001DC5958084771466F467760C4F7E2FAC1
:10385000820706D1002804D003681A89482A00D1BB
:10386000704771466F467760C4F7D4FA820706D175
:10387000002804D003681A894A2A00D1704771468B
:103880006F467760C4F7C6FA820706D1002804D0D5
:1038900003681A89492A00D1704771466F467760DC
:1038A000C4F7B8FA00B50298FEF7ABFF01B402986E
:1038B000401002D2400000F048F9014601BD8207E5
:1038C00006D1002804D003681A89122A00D1704753
:1038D00071466F467760C4F79DFA00B50298FEF70F
:1038E000B6FF01B40298401002D2400000F02DF95A
:1038F000024601BD0020002101B4062C01DB07981F
:10390000079101B4052C01DB0798079101B4042C41
:1039100001DB0798079101B4032C01DB079807919D
:1039200001B4022C01DB0798079101B4012C01DBE3
:103930000798079101B470470020002101B4072CBB
:1039400001DB0898089101B4062C01DB0898089166
:1039500001B4052C01DB0898089101B4042C01DBAB
:103960000898089101B4032C01DB0898089101B470
:10397000022C01DB0898089101B4012C01DB0898A6
:10398000089101B470470020002101B40B2C01DB29
:103990000C980C9101B40A2C01DB0C980C9101B429
:1039A000092C01DB0C980C9101B4082C01DB0C985C
:1039B0000C9101B4072C01DB0C980C9101B4062C7E
:1039C00001DB0C980C9101B4052C01DB0C980C91D7
:1039D00001B4042C01DB0C980C9101B4032C01DB25
:1039E0000C980C9101B4022C01DB0C980C9101B4E1
:1039F000012C01DB0C980C9101B4704700B50398C1
:103A0000FEF725FF01B40398FEF721FF01B40398E8
:103A1000401002D2400000F098F8024602BC01BDFE
:103A200000B50398FEF713FF01B40398FEF70FFFEC
:103A300001B40398401002D2400000F086F803461B
:103A400002BC01BDC20706D0CA0704D04A1E8218B4
:103A500001D61000F04703B56F467760C3F7A0FDAD
:103A600002B000BDC20706D0CA0704D04A1E821A9F
:103A700001D61000F04703B56F467760C3F7A4FD89
:103A800002B000BDC20703D0CA0701D00840F0470A
:103A900003B56F467760C3F731FD02B000BDC207C2
:103AA00003D0CA0701D00843F04703B56F467760DB
:103AB000C3F700FD02B000BDC20704D0CA0702D0A0
:103AC0004840401CF04703B56F467760C3F7DEFC03
:103AD00002B000BDC2070CD0CA070AD08B06DB0EAD
:103AE00042109A40930F01D0032B02D15000401C8A
:103AF000F04703B56F467760C3F798FC02B000BD8E
:103B0000C2070AD0CA0708D08B06DB0E4210DA4083
:103B1000930F02D15000401CF04703B56F46776009
:103B2000C3F700FD02B000BDC20707D0CA0705D029
:103B30008B06DB0E184101221043F04703B56F4698
:103B40007760C3F78BFC02B000BD401000D3F04794
:103B5000400000B56F467760C3F766FC00BD4200C9
:103B60005110884201D1501CF04700B56F46776074
:103B7000C3F730FA00BDC20707D0CA0705D0401A04
:103B800001DB002070470120704703B56F46776066
:103B9000C4F724F8C3F7A4FF002802B000BDC20791
:103BA00007D0CA0705D0401A01DC00207047012069
:103BB000704703B56F467760C4F732F8C3F790FFDC
:103BC000002802B000BDC20707D0CA0705D0401ABE
:103BD00001DD002070470120704703B56F46776014
:103BE000C3F7EAFFC3F77CFF002802B000BDC2079D
:103BF00007D0CA0705D0401A01DA0020704701201B
:103C0000704703B56F467760C3F7FAFFC3F768FFE5
:103C1000002802B000BDC20707D0CA0705D0401A6D
:103C200001D0002070470120704703B56F467760D0
:103C3000C3F7EAFEC3F754FF002802B000BDC20775
:103C400007D0CA0705D0401A01D0002070470120D4
:103C5000704703B56F467760C3F730FEC3F740FF88
:103C6000002802B000BDC20707D0CA0705D0401A1D
:103C700001D1002070470120704703B56F4677607F
:103C8000C3F7CAFEC3F72CFF002802B000BDC2076D
:103C900007D0CA0705D0401A01D100207047012083
:103CA000704703B56F467760C3F710FEC3F718FF80
:103CB000002802B000BD0000180004F9DC3C04003C
:103CC000100000001B258B65C58C0000858D000051
:103CD0006D8B000025800000000000004800AE0051
:103CE0004400420040003E00BC003A00880036001C
:103CF0004C0052003000660084002A002800960024
:103D0000AC00220028001E001C0042001800160013
:103D10001400720010001E004C0052000800060043
:103D2000040002004B0100000400000069000000D4
:103D300008000000530000000C0000001F000000FD
:103D4000100000001000000014000000110001002D
:103D5000C98B020011000000858B0200E900010000
:103D6000AD5203000601010089EA02006B01010067
:103D7000B9EA0200CE010100EDE90200A500010050
:103D800059EA02002D0002009D8802006500020031
:103D90001DEA020087000100D152030087000000E5
:103DA000C9C802000300020015E30200040002007B
:103DB0008DEC02000000000000000000200004F96B
:103DC000E43D0400110000001A258B65C58C00003D
:103DD000858D00006D8B000025800000E5B3030099
:103DE000BDAB0200A000A6008400CA00C0007E0097
:103DF0007C007A007800DE007400720070009E0083
:103E00006C006A00B80066006400620060005E003A
:103E10005C00D200B80056005C007A00D8004E006A
:103E2000CC00EA004800460044004200D800CE0022
:103E30004C00AA0038008E006C00320030002E00CA
:103E40002C002A00280026002400220020001E004A
:103E50001C001A00180016001400120010000E00BA
:103E60000C000A00080006000400020032000000F6
:103E700004000000E90000000800000065010000E7
:103E80000C0000006601000010000000350000007A
:103E90001400000036000000180000003800000088
:103EA0001C000000DD000100DD330200CB01020038
:103EB000E5B30300570102003D5103005501020024
:103EC000A9510300560102007DEE020032010200FA
:103ED000198202004C00020035320200600102002B
:103EE00069530200F8000200A1AB02004E0102007B
:103EF000E9EA020097010200B15003000400020049
:103F000059ED02006F01020099360200D50002004F
:103F1000913402000000000000000000200004F9BD
:103F2000443F0400120000001A258B65C58C000078
:103F3000858D00006D8B00002580000000000000D2
:103F40004DB30300A000A6008400D200C8007E008C
:103F50007C007A007800E6007400720070009E0019
:103F60006C006A00C00066006400620060005E00D1
:103F70005C009200C00056005C007A00D8004E0041
:103F8000CC00EA004800460044004200D800CE00C1
:103F90004C00B200380096007400320030002E0051
:103FA0002C002A00280026002400220020001E00E9
:103FB0001C001A00180016001400120010000E0059
:103FC0000C000A0008000600040002003200000095
:103FD00004000000E9000000080000006501000086
:103FE0000C00000066010000100000003500000019
:103FF0001400000036000000180000003800000027
:104000001C000000F800020031B30300DD000100D5
:10401000DD330200CB010200E5B3030057010200CB
:104020003D51030055010200A95103005601020051
:104030007DEE020032010200198202004C000200F3
:104040003532020060010200695302004E01020095
:10405000E9EA020097010200B150030004000200E7
:1040600059ED02006F01020099360200D5000200EE
:104070009134020000000000000000003C0004F940
:10408000A0400400130000001CE7536AC58C000028
:10409000858D00006D8B0000258000000000000071
:1040A000280096002400520078005E0034001A00B8
:1040B0002000160024007200300036005C00420030
:1040C00050006E00040002007901000004000000AE
:1040D000DE010000080000000F0100000C000000DD
:1040E0001101000010000000E101000014000000B8
:1040F0001201000018000000E20100001C00000096
:10410000DF01000020000000E001000024000000AA
:104110001001000028000000B90000002C00000081
:10412000A601000030000000200100003400000063
:104130007A01000038000000F1000200A53A0300F7
:1041400000000000000000000C0004F96C410400B5
:10415000140000001DDD6062C58C0000858D00002C
:104160006D8B0000258000000000000018002E006C
:104170001C00120010000E002C001A00080006009F
:104180000400020008010000040000008201000099
:10419000080000002B010200F5680200580102002F
:1041A000916802004A0102007DB703000000000090
:1041B000000000000C0004F9E841040015000000B4
:1041C0001C8B1247C58C0000858D00006D8B000094
:1041D000258000000000000029B30300B9B20300ED
:1041E00005B3030095B2030028005E0024002200FE
:1041F00048001E002C001A00480016001C00120087
:10420000100026000C000A0008000600040002004E
:104210004800000004000000E90000000800000061
:10422000050002000DB30300ED0101004961020029
:10423000ED010000F1600200010002009DB20300E8
:1042400002000200E9B203000400020079B2030098
:1042500000000000000000007C0004F99C42040003
:104260001600000018E7536AC58C0000858D000019
:104270006D8B0000258000001DAE03000DC3030000
:10428000B9B2030059BC030051AF0300D11E0200B4
:104290006D5C020045620200FDC0030008020602D8
:1042A000040202020002FE01FC01FA01F801F6011B
:1042B0000403F201F001EE01F403EA018802E601D1
:1042C000F401A203E001DE01DC019202D801D60173
:1042D000D4018202D001CE01E4034202C801C6012A
:1042E000C401F203C001BE01BC01BA01E003B60182
:1042F0000402B201F803AE01AC01AA01A801A601B3
:104300003402A201A001860204029A0198019601DA
:104310009401920170028E01B4018A018801860124
:104320008401820180011E037C017A0178014E0321
:104330001C023A037001EE02DC011A0368016601F7
:10434000940162016001D6035C015A010804560120
:1043500024025201F8034E01CC034A0148018602AF
:104360008401420140013E013C013A01380136011D
:10437000FC03020330012E012C012A012801260131
:104380002401220120013E021C011A01180116011C
:104390001401120110012601A4017A030801C601CB
:1043A000740202010001FE00FC00FA00F800CE01D8
:1043B0005403F200F000EE00EC003A02E800E600E0
:1043C000E400E2003801DE00DC00DA00D800D600AC
:1043D000D4006202C001CE00CC00CA00C8008E0129
:1043E000FC02C2005803BE00BC00BA0018010E0354
:1043F000B400B200B000AE00AC00AA014803A600B1
:104400008402A200A0009E009C009A0030022603B5
:1044100094009200C8008E008C008A0088008600FC
:1044200084003A0378027E0084007A00000176005E
:104430007400FA02B8006E006C006A0068004E0258
:1044400064008200B00216025C005A005800560058
:104450005400520050004E004C004A0048004600F4
:1044600044004200A8023E003C003A0038003600FA
:104470003400AA0170022E002C002A00D001260070
:104480002400220020001E001C004A0118007601B2
:104490001400120010008E000C000A000800060034
:1044A000040002004800000004000000E9000000D1
:1044B00008000000460000000C000000470000005B
:1044C0001000000043000000140000004400000041
:1044D00018000000080000001C0000000900000097
:1044E0002000000019000000240000001A00000055
:1044F000280000003F0000002C00000040000000E9
:104500003000000045000000340000001B000000E7
:1045100038000000140000003C00000022000000F1
:1045200040000000040100004400000026000000DC
:1045300048000000270000004C00000006000000BA
:10454000500000000901000054000000200000009D
:10455000580000002E0000005C0000007301000005
:104560006000000074010000640000001C000000F6
:1045700068000000310000006C0000002300000013
:1045800070000000C6000000740000009D000000E4
:1045900078000000E3010100956C0200E3010000D7
:1045A00061460200E8010100196D0200E801000007
:1045B00001450200D801010019600200D801000085
:1045C000DD5F0200D9010100A55F0200D9010000F2
:1045D000695F020059000100315F020059000000CC
:1045E000F55E02005A000100BD5E02005A000000A4
:1045F000815E0200CE000100495E0200CE00000094
:10460000015E0200CF000100C95D0200CF00000082
:10461000815D0200B5010100495D0200B6010100A3
:10462000115D02009600010015B203009600000023
:10463000EDB10300EB000100112302008F01020025
:10464000C15B02006D000200192202006901020034
:10465000811E02008E010200B51E0200FA00020057
:10466000715F030005000200F1C20300590102005E
:10467000515C0200F9000200417D0200DB010100F3
:10468000BD460200E40001005D4502000601010094
:104690006547020006010000F54602006B010100BB
:1046A000C18D03006B010000FD930300CC010100EC
:1046B00029460200CC01000095450200630001007C
:1046C000058E030063000000AD93030002010200A9
:1046D0003964020090010200815602009601020036
:1046E000C5AB020075010200B5EC0100F600020046
:1046F0005DB00300020002003DBC030004000200A4
:1047000035AF03009D010200058C02008D010200FF
:10471000196C02003F010200F97602007E000200DF
:10472000F59903005E010200717803009C0002000D
:10473000A16102001500020029620200CB01020003
:104740001DAE0300AF00020011C20300A70002006B
:1047500051BD0300B3000200E1C00300ED01010000
:1047600049610200ED010000F16002000100020059
:104770009DB203000000000000000000800004F96A
:10478000CC47040017000000172BA629C58C000099
:10479000858D00006D8B000025800000000000006A
:1047A0000DC30300B9B2030059BC0300BDAD030043
:1047B00041AD030001AD03004562020049DC030086
:1047C00081DC030015AE0300391E02000804060454
:1047D0000404FA040004FE03FC03FA03F803F603DE
:1047E000F4036A06F003EE03EC03EA03E803E603CE
:1047F000E403E203E003DE03DC03DA03D803D603B9
:10480000D4033A06D003F605CC03CA03F003C6036B
:104810000404C203C003BE03BC031A06B803B603F4
:10482000B403B203B003AE03AC03BA05A803560544
:10483000A403AA04A0039E03E4059A039803960325
:104840003404920390038E03AC048A038803AE04FD
:104850008403820380037E037C037A037803760358
:104860007403720370036E036C036A0368036603C8
:1048700064034A0660035E032C065A03580356037A
:10488000540352035003D6034C034A034803460320
:10489000CC05420340033E033C033A033803DE03E6
:1048A0000C06320330030E042C032A0328032603CC
:1048B00024038203200366031C03EA04180316037F
:1048C0001403120310030E030C035A0308037603A8
:1048D00004030203B804FE02FC02FA02F802F60224
:1048E000F402F202F002EE02F404DA03E802E60255
:1048F000E402E202E002DE02DC02DA02D80256033F
:104900000403D202D002CE02CC02CA02C802C602FE
:10491000C402C202C002BE023C05BA03B802B6021B
:10492000B402B202B002AE02AC02AA023803A6027E
:10493000A402A202A0029E029C02520398029602C6
:104940009402920290028E028C028A0288028602EF
:104950003405820280027E028C027A027802DE0234
:10496000B403720270026E022C046A0268026602CC
:104970006402BA02600216055C025A02580256022C
:104980005402520250024E024C024A0248024602AF
:104990004402420240023E023C023A02380236021F
:1049A00034023202300266022C022A022802EE048D
:1049B0002402220220028E031C02CA0218021602DE
:1049C0001402120210020E020C02AA0408020602CD
:1049D000040202020002FE03FC018A03F801F60150
:1049E000B402F201F001EE01EC01EA016002E6011D
:1049F000E401E201E001C602DC01DA01D801D601DE
:104A0000EC01D2019802CE01CC01CA01C801C60155
:104A1000C401C201C001BE01BC01BA01B801E60275
:104A2000B401B201B0013E04AC01AA01A801A60183
:104A3000A401A201A0019E019C019A019801960186
:104A40009401920190018E018C018A01A0038601DC
:104A50008401820180017E017C017A01F8027601E5
:104A60007401720170017E026C016A0168016601C5
:104A70006401620160015E015C015A014803160491
:104A8000F402520150014E01BC034A0148014601A3
:104A900044011A0240013E013C013A01380136014D
:104AA0003401320130012E012C012A012801260196
:104AB0002401220120011E010403FA02180116013B
:104AC0001401120110010E010C010A01200206015D
:104AD000040102010001FE00FC00FA00F800F600EB
:104AE000F400F200F000EE00EC00EA00E800E6005E
:104AF000E400E2003002DE00DC00DA00D800D6007C
:104B0000D400D200D000CE00CC00CA00C002C60043
:104B1000C400C200C000BE00BC00BA00B800B600AD
:104B2000B400B200B000E602AC00AA00A800A600E3
:104B3000A400A200A0009E009C009A00980096008D
:104B40009400920090008E008C008A0088008600FD
:104B50008400820080007E007C007A00780076006D
:104B600074007200900006036C006A00700066001A
:104B700064003A0260005E005C005A005800560073
:104B80005400520050004E004C004A0048004600BD
:104B9000EC02420040003E003C003A009801360022
:104BA0003400320030002E002C002A002800F600CD
:104BB0007C02BA0020001E001C001A00180016001B
:104BC0001400120010000E000C000A00080006007D
:104BD000040002004800000004000000E90000009A
:104BE00008000000460000000C0000004700000024
:104BF000100000004300000014000000440000000A
:104C000018000000080000001C000000090000005F
:104C10002000000019000000240000001A0000001D
:104C2000280000003F0000002C00000040000000B1
:104C30003000000045000000340000001B000000B0
:104C400038000000140000003C00000022000000BA
:104C500040000000040100004400000026000000A5
:104C600048000000270000004C0000000600000083
:104C70005000000009010000540000002000000066
:104C8000580000002E0000005C00000073010000CE
:104C90006000000074010000640000001C000000BF
:104CA00068000000310000006C00000023000000DC
:104CB00070000000C6000000740000009D000000AD
:104CC00078000000DF0000007C000000A600020069
:104CD00065DC0300CF010200F9AD03008A01020088
:104CE0001D1E020004000200A1AD03008E0102009F
:104CF00025AD0300B30002002DDC030059010200C2
:104D0000E5AC0300E3010100956C0200E301000043
:104D100061460200E8010100196D0200E80100008F
:104D200001450200D801010019600200D80100000D
:104D3000DD5F0200D9010100A55F0200D90100007A
:104D4000695F020059000100315F02005900000054
:104D5000F55E02005A000100BD5E02005A0000002C
:104D6000815E0200CE000100495E0200CE0000001C
:104D7000015E0200CF000100C95D0200CF0000000B
:104D8000815D0200B5010100495D0200B60101002C
:104D9000115D02009600010015B2030096000000AC
:104DA000EDB10300EB000100112302008F010200AE
:104DB000C15B02006D0002001922020069010200BD
:104DC000811E0200FA000200715F0300050002006C
:104DD000F1C20300F9000200417D0200DB01010085
:104DE000BD460200E40001005D450200060101002D
:104DF0006547020006010000F54602006B01010054
:104E0000C18D03006B010000FD930300CC01010084
:104E100029460200CC010000954502006300010014
:104E2000058E030063000000AD9303000201020041
:104E300039640200900102008156020096010200CE
:104E4000C5AB020075010200B5EC0100F6000200DE
:104E50005DB00300020002003DBC03009D010200A2
:104E6000058C02008D010200196C02003F01020056
:104E7000F97602007E000200F59903005E0102004F
:104E8000717803009C000200A1610200150002007D
:104E900029620200CB0102001DAE0300AF00020038
:104EA00011C20300A700020051BD0300ED01010083
:104EB00049610200ED010000F16002000100020002
:104EC0009DB203000000000000000000C80004F9CB
:104ED0001C4F040018000000172BA629C58C0000E9
:104EE000858D00006D8B0000258000000000000013
:104EF0000DC30300B9B2030059BC0300BDAD0300EC
:104F000041AD030001AD030029AC030049DC0300FF
:104F1000B5DC0300FDB90300BD0902000804060466
:104F200004048A050004FE03FC03FA03F803F603F5
:104F3000F4037207F003EE03EC03EA03E803E6036D
:104F4000E403E203E003DE03DC03DA03D8039E0597
:104F5000D4034207D003FE06CC03CA03F003C60302
:104F600004040205C003BE03BC032207B803B60352
:104F7000B403B203B003AE03AC03C206A8035E06DB
:104F8000A4036205A0039E03EC069A03980396030C
:104F90003404920390038E03B405AA048803B60573
:104FA0008403820380037E037C037A037803760301
:104FB0007403720370036E036C036A036803660371
:104FC00074054A0760035E032C075A03580356030F
:104FD000540352035003D6034C03AA044803460368
:104FE000D406420340033E033C033A033803DE0386
:104FF0000C07320330030E042C032A032803260374
:1050000024038203200366031C03F205180316031E
:105010001403120310030E030C035A030803760350
:1050200004030203C005FE02FC02FA02F802F602C3
:10503000F402F202F002EE02FC05DA03E802E602F4
:10504000FC03E202E002DE02DC02DA02D8025603CE
:105050000403D202D002CE02CC02CA02C802C602A7
:10506000C402C202C002BE0244064A04C004B60220
:10507000AC04B202B002AE02AC02AA023803A6022D
:10508000A402FA03A0029E029C0252039802960216
:105090009402920290028E028C028A028802860298
:1050A0003C06820280027E028C027A027802DE02D4
:1050B000BC0472027002060434056A0268026602C9
:1050C0006402BA02600236045C025A0258025602B6
:1050D0005402520250024E024C024A024802460258
:1050E0004402420240023E023C023A0238023602C8
:1050F00004043202300266022C022A042802EE0561
:1051000024022202200296041C02CA0218029603FC
:105110001402120210020E020C02B205080206026C
:10512000040202020002060504039204F801F601DB
:10513000B402F201F001EE01EC01EA026002E601C4
:10514000E401E201E001C602DC01DA01D801D60186
:10515000EC013A039802CE01CC01CA01C8017E03DA
:10516000C401C201C001BE01BC01BA01B801EE0315
:10517000B401FA02B0014605AC01AA01A801A601DA
:10518000A401A201A0019E019C019A01980196012F
:105190009401920190018E018C018A01A80486017C
:1051A0008401820180017E017C017A010004760184
:1051B0007401720168024E0384036A01680166018A
:1051C0006401620160015E015C015A015004160530
:1051D000FC03520150014E01C4044A01480146013A
:1051E00044011A0240013E013C013A0138013601F6
:1051F0003401320130012E012C012A01280126013F
:105200002401220120011E010C04020418011601D0
:105210001401120110010E0144020A0128030601C3
:1052200004012A020001FE00FC00FA00F800F6006A
:10523000F400F200F000EE00EC00EA00E800E60006
:10524000E400E2003803DE00DC00C202D800D60031
:10525000D400D200D000CE00CC00CA00C803C600E3
:10526000C400C200C0000E026C02BA00B800B60052
:10527000B400B200B000EE03AC00AA00A800A60083
:10528000A400A200A0009E009C009A009800960036
:105290000402920090008E008C008A008800860034
:1052A0008400B20180007E007C007A0088017600D4
:1052B0007400720090000E046C006A0070006600BA
:1052C0006400420360005E005C00D201580056009A
:1052D0005400520050004E004C004A00E8014600C5
:1052E000F403420040003E003C003A00A0023600B9
:1052F0003400220230002E002C002A002800F60084
:105300008403BA0020001E001C001A0018001600BA
:1053100014001200B8010E000C000A00080006007C
:10532000040002004800000004000000E900000042
:1053300008000000460000000C00000047000000CC
:1053400010000000430000001400000044000000B2
:1053500018000000080000001C0000000900000008
:105360002000000019000000240000001A000000C6
:10537000280000003F0000002C000000400000005A
:105380003000000045000000340000001B00000059
:1053900038000000140000003C0000002200000063
:1053A000400000000401000044000000260000004E
:1053B00048000000270000004C000000060000002C
:1053C000500000000901000054000000200000000F
:1053D000580000002E0000005C0000007301000077
:1053E0006000000074010000640000001C00000068
:1053F00068000000310000006C0000002300000085
:1054000070000000C6000000740000009D00000055
:1054100078000000DF0000007C00000000010000B8
:10542000800000001E01000084000000CA0100008E
:1054300088000000990000008C0000008501000039
:10544000900000008401000094000000670000004C
:1054500098000000EB0100009C000000B901000072
:10546000A0000000E6010000A4000000B801000058
:10547000A80000007C010000AC000000C901000091
:10548000B0000000C8010000B400000018010000D6
:10549000B8000000CA000000BC0000006800000066
:1054A000C0000000FF000000C4000000A6000200D1
:1054B00099DC0300CF010200E1B903009201020070
:1054C0009D47020089010200754402002701020085
:1054D000B54A0200800002006D61020093010200E3
:1054E000E90902008A010200A1090200C5000200C8
:1054F000852F020030010200BD510200150002009C
:105500000DAC0300D1010200B10B0200B10002009A
:1055100041F30300B20002007DEF0300A800020087
:1055200069EA0300DA0002000D170200D30002004E
:10553000FD0B0200FD000200451002000400020005
:10554000A1AD03008E01020025AD0300B3000200EF
:105550002DDC030059010200E5AC0300E30101006A
:10556000956C0200E301000061460200E8010100C1
:10557000196D0200E801000001450200D801010098
:1055800019600200D8010000DD5F0200D9010100AE
:10559000A55F0200D9010000695F02005900010007
:1055A000315F020059000000F55E02005A00010060
:1055B000BD5E02005A000000815E0200CE000100C4
:1055C000495E0200CE000000015E0200CF00010033
:1055D000C95D0200CF000000815D0200B50101003D
:1055E000495D0200B6010100115D02009600010054
:1055F00015B2030096000000EDB10300EB000100BE
:10560000112302008F010200C15B02006D00020045
:105610001922020069010200811E0200FA00020044
:10562000715F030005000200F1C20300F9000200EF
:10563000417D0200DB010100BD460200E4000100E3
:105640005D450200060101006547020006010000F9
:10565000F54602006B010100C18D03006B010000E3
:10566000FD930300CC01010029460200CC0100009B
:105670009545020063000100058E030063000000F1
:10568000AD930300020102003964020090010200A0
:105690008156020096010200C5AB020075010200AE
:1056A000B5EC0100F60002005DB00300020002004C
:1056B0003DBC03009D010200058C02008D0102002B
:1056C000196C02003F010200F97602007E00020020
:1056D000F59903005E010200717803009C0002004E
:1056E000A1610200CB0102001DAE0300AF00020069
:1056F00011C20300A700020051BD0300ED0101002B
:1057000049610200ED010000F160020001000200A9
:105710009DB203000000000000000000100004F92A
:105720004C5704001C0000001DE7536AC58C0000A4
:10573000858D00006D8B00002580000000000000BA
:10574000E9C2030055B003008102020018001600F0
:105750003400220010000E00340012002000060069
:1057600004000200BA01000004000000C3000000B1
:10577000080000005F0000000C000000A60002000E
:10578000CDC20300CF01020039B003009C0002002B
:10579000650202000000000000000000180004F98B
:1057A000CC5704001D0000001CE7536AC58C0000A4
:1057B000858D00006D8B000025800000000000003A
:1057C00055C3030055B003008102020028004E00BB
:1057D00024002200400056001C002A003000160061
:1057E0001400120050000E000C00120038000600D9
:1057F00004000200BA01000004000000C300000021
:10580000080000005F0000000C00000063010000C1
:10581000100000005500000014000000B00002005D
:1058200095CD0300A600020039C30300CF0102009A
:1058300039B003009C000200650202000000000075
:1058400000000000180004F9685804001E00000061
:105850001A8B1247C58C0000858D00006D8B0000EF
:1058600025800000000000008800C600840082003F
:105870008000A6007C007A00C800EE007400720070
:1058800070006E006C006A006800660064007200C0
:105890006000B6005C005A005800C6005400D200F8
:1058A00050004E004C004A0048004E008C00420060
:1058B00040003E003C003A00380036003400320020
:1058C00030004E002C002A00600026002400220038
:1058D00020007E00840032001800160044001200F0
:1058E00010000E000C000A00080006000400020070
:1058F0000D01000004000000C800000008000000C6
:10590000E40000000C000000DB01000010000000BB
:10591000BA01000014000000A60002008DC60300BA
:10592000A900020045C70300AC000200A5CB03009C
:10593000AD0002007DCC03006E00020015DB030009
:105940000B010200E9F4010091010200A5F501003C
:1059500052010200CDEF01000A010200F9F101003D
:105960000C01020079F00100DC010200FDD8030007
:10597000DD01020069D70300000000000000000004
:105980002C0004F9A45904001F0000001A258B659F
:10599000C58C0000858D00006D8B00002580000007
:1059A00000000000880086008400820080009600CD
:1059B0007C007A007800C600740072007000D60087
:1059C0006C006A00680066006400DA00A0005E00F7
:1059D0005C005A005800AE0054009A0050004E007F
:1059E0004C004A00B80056004C00420068003E00DF
:1059F0003C003A00380096003400320030004E007F
:105A00002C002A00280026002400220020001E006E
:105A1000A4001A00500016009400120010000E009E
:105A20003C000A000800060004000200BC0100005F
:105A300004000000B3010000080000004401000061
:105A40000C000000C601000010000000470100002B
:105A500014000000350100001800000031010000B2
:105A60001C0000004F01000020000000BA010000EF
:105A700024000000E400000028000000B201020041
:105A800079EF01002D01020051F40100950102009F
:105A900009F401009E010200C1F30100910002001F
:105AA000D5D9030093000200C9D60300920002007A
:105AB0004DCB0300A60002002DC80300000000002B
:105AC000000000000C0004F9E85A04002000000067
:105AD0001F01E1EEC58C0000858D00006D8B00007C
:105AE000258000000000000014000A0008000600E5
:105AF000040002000E01000004000000DC000000B1
:105B0000080000000000000000000000300004F960
:105B1000305B0400210000001ADD6062C58C0000CB
:105B2000858D00006D8B00002580000000000000C6
:105B3000880086008400CA0080007E007C0002018C
:105B4000400176007400720070006E00AC006A00C4
:105B5000C0001E018400620060005E0034015A0033
:105B6000580056003C01520060004E004C004A00B4
:105B70004800460044004200B8003E007400620045
:105B80003800CE003400320030002E002C002A00F5
:105B9000400026002400220120001E001C0082007C
:105BA000100166001C00BA0010000E000C003A0044
:105BB00008000600040002001300000004000000BA
:105BC00012000000080000003D0000000C00000072
:105BD0000F000000100000003A0000001400000058
:105BE0000C000000180000000D0000001C00000068
:105BF00033000000200000000B0000002400000023
:105C00003C00000028000000450100002C000000BE
:105C100095000100AD1D0200950000003942020010
:105C2000940001009D16020094000000FD41020056
:105C3000800101008D4102008001000065410200E9
:105C4000850001002D160200850000002941020098
:105C50006E010100BD1502006E010000ED40020062
:105C600060000100B111020060000000B1400200BC
:105C70006100010041400200610000001940020083
:105C8000430101004111020043010000993F02005D
:105C90005C000100293F02005C000000013F02009F
:105CA0007D010100D11002007D010000D93E0200FB
:105CB00093010200754202008C0002009D3D02002B
:105CC00000000000000000002C0004F9EC5C04005F
:105CD000220000001951601CC58C0000858D000059
:105CE0006D8B000025800000000000000801060107
:105CF00004014A010001FE00FC00FA00F800D60190
:105D0000F4006201F000FE00EC00EA00E800E600AA
:105D1000E400E200E000DE00DC00DA00D800D6009B
:105D2000D4000A01D000CE00CC00CA00C800C600D2
:105D3000C4002201C000BE00BC00BA00B800E600EA
:105D4000D400B200B000AE00AC00AA00A800A600CB
:105D5000A400A200A0009E009C009A00B000960043
:105D60009400920090008E008C008A0088008600CB
:105D70006C01820080007E007C007A007800760052
:105D80007400120170002E016C006A006800660049
:105D9000F400620068005E005C005A005800560083
:105DA0005400020150004E004C004A00C80046005A
:105DB0006C00820040003E008C003A003800360043
:105DC0003400320030002E002C002A00280026006B
:105DD0002400220020001E001C001A0018001600DB
:105DE000140012001000DE000C000A00080006007B
:105DF000040002003300000004000000180000004E
:105E0000080000000A0000000C0000000D00000067
:105E1000100000000C000000140000002B00000027
:105E2000180000001E0000001C0000001D00000003
:105E300020000000070000002400000045010000D1
:105E400028000000430101007D150200430100000D
:105E5000BD2A0200C90001007D2A0200C90000001D
:105E6000552A02005B000100152A02005B000000B9
:105E7000ED29020061000100AD290200610000006F
:105E80008529020060000100FD140200600000008E
:105E900049290200140101003D150200140100000F
:105EA0000D290200E80001006D1D0200E80000005D
:105EB00095280200E7000100BD140200E700000081
:105EC000D1280200510001005528020051000000B5
:105ED000CD2602007F000200F13A02008C00020091
:105EE000AD2502000000000000000000100004F9D1
:105EF000105F0400230000001D258B65C58C000089
:105F0000858D00006D8B00002580000000000000E2
:105F10001800160014001A00300026001C00320081
:105F20000800060004000200C80000000400000091
:105F3000BA01000008000000E50000000C000000AD
:105F4000D300020001130200DA000200451B020028
:105F5000B5000200E1F603000000000000000000B0
:105F60001C0004F9845F0400240000001CE7536A4D
:105F7000C58C0000858D00006D8B00002580000021
:105F80000000000028005E006C0022004000360087
:105F90001C0082007800160064003A0050003E00A9
:105FA0001C0012006000060004000200E000000077
:105FB000040000004501000008000000400100004E
:105FC0000C0000004101000010000000DB01000097
:105FD00014000000E40000001800000006010100A9
:105FE0007D800200CC010100418002006B010100B4
:105FF000B17F020063000100F97F0200FC00020093
:106000003523020089000200B9800200D20102009B
:10601000792302003F010200A97D02000000000078
:1060200000000000180004F948600400250000008A
:106030001B4B282AC58C0000858D00006D8B00004D
:106040002580000000000000480056004400420087
:1060500070003E0044003A00380036003400320040
:10606000300046002C002A00280066006C00220048
:1060700020001E001C0052001800160014003A00F8
:1060800010000E000C002A000800060004000200A8
:106090001E0100000400000099000000080000003C
:1060A000850100000C000000CA0100001000000083
:1060B000AF010000140000004E000200794A020007
:1060C000610102004DAC0300340102000927020007
:1060D00033010200D53F0200D1010200BD270200BA
:1060E0000000000000000000100004F90C61040032
:1060F000260000001D05B52DC58C0000858D000013
:106100006D8B0000258000000000000020001600BC
:106110002400120010000E000C00220008000600EF
:1061200004000200BB000000040000006500000045
:1061300008000000DC0000000C000000C4000200A9
:10614000D930020000000000000000000C0004F93B
:1061500070610400270000001F49A041C58C0000A9
:10616000858D00006D8B0000258000000000000080
:1061700014000A000800060004000200BE0000002F
:10618000040000006F000000080000000000000094
:1061900000000000100004F9B861040028000000AD
:1061A0001E0F8857C58C0000858D00006D8B000088
:1061B0002580000000000000200016000C000A00EE
:1061C0000800060004000200E900000004000000CE
:1061D000D501000008000000B70100000C0000001D
:1061E00000000000000000002C0004F90C62040014
:1061F000290000001BDD6062C58C0000858D000059
:106200006D8B00002580000000000000500046005B
:1062100044007A00C0008E00AC003A00380036001E
:1062200034009200400086002C002A005000260016
:106230005400220020001E003C00920030005E004E
:106240001400120010004E0074000A00080006003E
:1062500004000200DE00000004000000CB0000008B
:1062600008000000CC0000000C000000CD00000081
:1062700010000000C4010000140000000301000031
:10628000180000009B0000001C00000050010000EE
:1062900020000000EA00000024000000710100005E
:1062A000280000009A000100CDEB020070010200FE
:1062B00085F102005B01020011F002005A010200A8
:1062C000F51A0300CD01020011FA02005C01020080
:1062D000E9EE02005D0102007D38020000000000CE
:1062E00000000000140004F9086304002A00000004
:1062F0001D395E47C58C0000858D00006D8B000048
:10630000258000000000000020002E002400320044
:1063100038000E000C000A0008000600040002000D
:10632000B101000004000000D601000008000000D8
:10633000DC0000000C000000C6000000100000009F
:106340005A010200CD390200CD010200C1FA02005B
:106350000000000000000000040004F99063040045
:106360002B0000001DABC832C58C0000858D0000DD
:106370006D8B0000258000000000000079560200AF
:10638000316402002146020065D10200B9E2020038
:10639000200016003400120010001E000C00220025
:1063A00008000600040002004E0002005D560200D4
:1063B0006101020015640200280102000546020086
:1063C000A600020049D10200260102009DE202005F
:1063D0000000000000000000080004F9FC63040055
:1063E0002D0000001D258B65C58C0000858D0000EB
:1063F0006D8B0000258000007DAB03004800360057
:106400001C003A00100026000C001A0008000600CC
:10641000040002003E00000004000000070101002B
:10642000D5AB0300AF0102007D7602004B000200F5
:10643000855802005F0102008D59020089000200A8
:1064400015590200CB0102007DAB030000000000E3
:1064500000000000680004F9786404002E000000C9
:10646000192BA629C58C0000858D00006D8B0000BE
:10647000258000000000000088010601DC01020107
:106480008801FE00FC00FA00F800F600F400F200BB
:10649000F000EE006401EA00E800E600E400E2003B
:1064A0009001DE00DC00DA00D800D6009C01120169
:1064B0000801CE00CC00CA0080011601C400C20051
:1064C000E800BE00BC00BA00B800B600B400CA00C4
:1064D000B000AE00AC00AA004801A600A400720102
:1064E000F8009E009C009A009800260194009200FB
:1064F00090008E008C008A00880086008400B20024
:1065000080007E007C008A007800D60074005A016A
:1065100018016E0004016A006800660064006200F1
:1065200060005E005C005A00380156009C0052007A
:10653000B8004E004C004A004800460044004200AB
:1065400040003E003C0042003800F60034003200BB
:1065500030002E002C002A002800260024002200F3
:1065600020001E001C001A00180016003400120043
:1065700010000E007C000A00080006000400020063
:10658000BF000000040000005B00000008000000E5
:10659000BE0100000C0000005200000010000000CE
:1065A000AE01000014000000B0010000180000005F
:1065B000490100001C0000007000000020000000E5
:1065C000C6000000240000009E000000280000001B
:1065D0008F0000002C0000003C0100003000000093
:1065E0003D01000034000000BF0100003800000041
:1065F000810000003C000000DA01000040000000C3
:10660000D1000000440000004601000048000000E6
:106610008A0000004C0000008B00000050000000C9
:10662000C700000054000000660000005800000091
:106630002C0000005C00000014000000600000005E
:106640005101000064000000F1000200EDC20200F0
:106650009600010059AB030021010200CD45030063
:106660004E00020081600200620102006DD1020052
:106670000000000000000000100004F99C66040007
:106680002F0000001D395E47C58C0000858D00007D
:106690006D8B00002580000000000000280016001F
:1066A0001C00320010000E000C0022000800060042
:1066B00004000200A801000004000000980000008F
:1066C00008000000970000000C000000B20102006A
:1066D0009D6A02009C0002005D6402000000000050
:1066E00000000000140004F90867040031000000F5
:1066F0001DDD6062C58C0000858D00006D8B000083
:1067000025800000000000003800260014003A0038
:106710001000160024000A00080006000400020011
:106720004D01000004000000B80000000800000057
:10673000C10000000C000000C701000010000000B4
:1067400056000200A5690200790002005D6A02009D
:106750000000000000000000380004F99067040009
:106760001A00000019E7536AC58C0000858D0000EF
:106770006D8B0000258000000000000029B303009D
:10678000F5A9030005B3030095B20300D94903003E
:1067900008010601040102010001FE00FC00FA00EC
:1067A0002001D601F400F200F000EE00EC00EA0057
:1067B000E800FE00E400E200E000DE00DC00DA00B9
:1067C000D800D600D400D200D0001601CC00CA00F8
:1067D000C800C6009C01C200C000BE00BC00BA00D8
:1067E000B800B600B400B200B000AE00AC00AA0021
:1067F0000801A600A4002201100106019C009A00D5
:106800009800CE004C01920058018E008C008A0046
:10681000880086008400820080007E00CC007A0020
:10682000B80076007400720070006E006C006A00A0
:1068300068006600640062006001EE005C005A00BF
:10684000580056005400520050004E007C000A01CF
:1068500048002E0144004A004000DE004C003A008F
:10686000E80036002C013200A8002E002C002A007F
:10687000B0004600240022002000C6001C001A00C0
:106880001800160014006A00E0000E000C000A0058
:106890000800060004000200480000000400000098
:1068A000E900000008000000530100000C00000097
:1068B000160000001000000054000000140000004A
:1068C0000901000018000000420100001C00000047
:1068D000E100000020000000C601000024000000CC
:1068E0004801000028000000170000002C000000F4
:1068F00059000000300000005A0000003400000081
:1069000001000200D9A9030042000200C9460300A9
:10691000370002001D170300870102000D4203002B
:10692000990102009D6B0200BB0001009919030050
:10693000BB000000291903009C000200B9420300BB
:106940007D000200B937030088010200E541030021
:106950009801020061420300C0000100B5A90300D4
:106960008C010200AD410300D3010200BD490300C8
:10697000AE000200A5AA0300050002000DB303004B
:10698000ED01010049610200ED010000F16002002B
:1069900002000200E9B203000400020079B2030021
:1069A0000000000000000000140004F9CC6904009D
:1069B000320000001EDD6062C58C0000858D000085
:1069C0006D8B0000258000000000000018001E00F4
:1069D0000C00220008000600040002002100000054
:1069E000040000007201000008000000D80100004F
:1069F0000C000000D90100001000000000000000A1
:106A000000000000140004F9286A040033000000AC
:106A10001D258B65C58C0000858D00006D8B0000E9
:106A20002580000000000000180036002C00220025
:106A3000100016003C000A000800060004000200D6
:106A40008200000004000000200000000800000098
:106A5000700000000C000000290000001000000081
:106A6000EB000100698D0200EB000000418D020087
:106A7000A600020015D70200000000000000000080
:106A8000100004F9A46A0400340000001DE7536AF2
:106A9000C58C0000858D00006D8B000025800000F6
:106AA00000000000300016001400220010000E004C
:106AB0000C001200280006000400020090000000F4
:106AC00004000000EE00000008000000ED000000DF
:106AD0000C000000A4000200C1940200DB000200D0
:106AE000358F02000000000000000000100004F9D3
:106AF000106B0400350000001C258B65C58C000060
:106B0000858D00006D8B00002580000000000000D6
:106B1000580026007400220068001E0074001A004D
:106B200018002E005400120018000E0044001A0035
:106B300028002E00040002005401000004000000A0
:106B40007201000008000000BD0000000C00000001
:106B5000BC000200A9960200A501020051970200A4
:106B60002C01020041980200A4000200899B02004F
:106B7000A100020095A20200A30002009DA3020052
:106B8000A2000200BDA002007C000200D99A02000F
:106B9000D6010200CD9802000000000000000000B5
:106BA000A40004F9E46B040019000000172BA629C7
:106BB000C58C0000858D00006D8B000025800000D5
:106BC000000000000DC30300B9B2030059BC03006C
:106BD00051AF0300D11E02006D5C0200456202004D
:106BE000FDC0030008040604040402040004FE03BC
:106BF000FC03FA03F803F603F4039206F003EE0332
:106C0000EC03EA03E803E603E403E203E003DE0344
:106C1000DC03DA03D803D603D4036206D0031E06CE
:106C2000CC03CA03F003CE040404C203C003BE03B2
:106C3000BC034206B803B603B403E204B003AE03D8
:106C4000AC03E205A8036E05A403A203A0039E0300
:106C50000C069A03980396033404920390038E0360
:106C600094068A038803A6058403820380037E03B7
:106C70007C037A03780376037403720370036E0354
:106C80006C036A03680366036403820660035E03A1
:106C90005C065A0358035603540352035003D603A9
:106CA0004C034A0348034603FC05420340033E03EA
:106CB0003C033A033803DE034406320330030E0478
:106CC0002C032A03280326032403820320036603DC
:106CD0001C030205180316031403120310030E030A
:106CE00034045A030803760304033A04D004FE0272
:106CF000FC02FA02F802F602F402F202F002EE02DC
:106D00001C05EA02E802E602E402E202E002DE0218
:106D1000D403DA02D80256030403D202D002CE0210
:106D2000CC02CA02C802C602C402C202C002BE022B
:106D30006405FA03B802B602B402B202B002AE02AF
:106D4000AC02AA023803A602A402A202A0029E027A
:106D50009C025203980296029402920290028E02C2
:106D60008C028A02880286026405820280027E0208
:106D70008C027A027802DE02CC03720270026E028A
:106D800044046A02680266026402BA0260024605AE
:106D90005C025A02580256025402520250024E023B
:106DA0004C024A02480246024402420240023E02AB
:106DB0003C023A02380236023402320230026602E3
:106DC0002C022A0228021E05240222022002A60307
:106DD0001C02CA02180216021402120210020E024B
:106DE0000C02DA040802060204020202000226046F
:106DF000FC01A203F801F601B402F201F001EE0178
:106E0000EC01EA016002E601E401E201E001C602F0
:106E1000DC01DA01D801F602EC01D2019802CE01C0
:106E2000CC01CA02C801C601C401C201C001BE0131
:106E3000BC01BA01B801FE02B401B201B0016E0496
:106E4000AC01AA01A801A601A401A201A0019E0112
:106E50009C019A01980196019401920190018E0182
:106E60008C018A01C80386018401820180017E01B0
:106E70007C017A01100376017401720170011E0415
:106E80006C016A01680166016401620160015E01D2
:106E90005C015A01680346040C03520150014E0183
:106EA000E4034A014801460144011A0240013E013F
:106EB0003C013A01380136013401320130012E0122
:106EC0002C012A01280126012401220120011E0192
:106ED0001C031203180116011401120110010E0106
:106EE0000C010A0110030601040102010001FE0069
:106EF000FC00FA00F800F600F400F200F000EE00EA
:106F0000EC000202E800E600E400E2004802DE00D5
:106F1000DC00DA00D800D600D400D200D000CE00C9
:106F2000CC00CA00E002C600C400C200C000BE001F
:106F3000BC00BA00B800B600B400B200B0000E0346
:106F4000AC00AA00A800A600A400A200A0009E0019
:106F50009C009A00980096009400920090008E0089
:106F60008C008A00880086008400820080007E00F9
:106F70007C007A007800760074007200900036037E
:106F80006C006A00700056016400520260005E00EE
:106F90005C005A00580056005400520050004E0049
:106FA0004C004A00480046001C03520140003E00CD
:106FB0003C003A00B00136003400320030002E00B0
:106FC0002C002A002800F600A402BA0020001E00AF
:106FD0001C001A00180016001400120010000E0009
:106FE0000C000A000800060004000200480000002F
:106FF00004000000E9000000080000004600000056
:107000000C000000470000001000000043000000DA
:1070100014000000440000001800000008000000F8
:107020001C00000009000000200000001900000002
:10703000240000001A000000280000003F000000AB
:107040002C0000004000000030000000450000005F
:10705000340000001B000000380000001400000095
:107060003C0000002200000040000000040100007D
:107070004400000026000000480000002700000037
:107080004C00000006000000500000000901000054
:107090005400000020000000580000002E000000F6
:1070A0005C0000007301000060000000740100003B
:1070B000640000001C0000006800000031000000B7
:1070C0006C0000002300000070000000C6000000FB
:1070D000740000009D00000078000000BA0100006C
:1070E0007C0000005E00000080000000C200000084
:1070F000840000001501000088000000620000000C
:107100008C000000610000009000000043010000BE
:10711000940000003B010000980000003A010000CC
:107120009C000000E5000000A0000000CF0102006C
:1071300075AD0200E3010100956C0200E30100005F
:1071400061460200E8010100196D0200E80100003B
:1071500001450200D801010019600200D8010000B9
:10716000DD5F0200D9010100A55F0200D901000026
:10717000695F020059000100315F02005900000000
:10718000F55E02005A000100BD5E02005A000000D8
:10719000815E0200CE000100495E0200CE000000C8
:1071A000015E0200CF000100C95D0200CF000000B7
:1071B000815D0200B5010100495D0200B6010100D8
:1071C000115D02009600010015B203009600000058
:1071D000EDB10300EB000100112302008F0102005A
:1071E000C15B02006D000200192202006901020069
:1071F000811E02008E010200B51E0200FA0002008C
:10720000715F030005000200F1C203005901020092
:10721000515C0200F9000200417D0200DB01010027
:10722000BD460200E40001005D45020006010100C8
:107230006547020006010000F54602006B010100EF
:10724000C18D03006B010000FD930300CC01010020
:1072500029460200CC0100009545020063000100B0
:10726000058E030063000000AD93030002010200DD
:10727000396402009001020081560200960102006A
:10728000C5AB020075010200B5EC0100F60002007A
:107290005DB00300020002003DBC030004000200D8
:1072A00035AF03009D010200058C02008D01020034
:1072B000196C02003F010200F97602007E00020014
:1072C000F59903005E010200717803009C00020042
:1072D000A16102001500020029620200CB01020038
:1072E0001DAE0300AF00020011C20300A7000200A0
:1072F00051BD0300B3000200E1C00300ED01010035
:1073000049610200ED010000F1600200010002008D
:107310009DB2030000000000000000002C0004F9F2
:1073200040730400360000001BE7536AC58C000060
:10733000858D00006D8B000025800000000000009E
:107340006000CE004400420040003E007C003A0055
:10735000C800CE003400620030007E002C002A00FD
:10736000280026002400320058008E0094001A00E5
:1073700038005E00940072001000160034000A000D
:1073800008000600040002002F00000004000000B6
:107390003000000008000000AA0000000C000000FF
:1073A000AB00000010000000AC0100001400000061
:1073B0002400000018000000250000001C00000050
:1073C000A201000020000000A10100002400000034
:1073D000A0010000280000002E01010079E2020057
:1073E0002E010000D5E002002F010100B1E00200F3
:1073F0002F01000099DE0200E30101005DA90300F6
:10740000E801010005A9030006010100BDB9030060
:10741000CC01010099B90300FB0002004D94030068
:10742000CF01020035DC0200000000000000000077
:107430001C0004F954740400370000001DE7536A6F
:10744000C58C0000858D00006D8B0000258000003C
:1074500000000000200026003C00120028000E0062
:107460002C003A000800060004000200A000000002
:1074700004000000EC0000000800000067010000AC
:107480000C00000068010000100000004F00000028
:10749000140000005000000018000000A6000200C8
:1074A00071D802000000000000000000180004F97C
:1074B000D0740400380000001BE7536AC58C00003C
:1074C000858D00006D8B000025800000000000000D
:1074D0004800D600440042009800B6003C003A0044
:1074E00038006E005C00A200B8006E003C002A006C
:1074F0002800760024002A0020008600BC001A0024
:10750000B000360014002A0058000E008C006A00FB
:1075100008000600040002003B0000000400000018
:1075200028000000080000002A0000000C000000F5
:107530006401000010000000DD00000014000000E5
:107540007601010015E0020076010000A9A7030002
:1075500096000100F5A703002E01020095E102004C
:107560002F01020055DF02005800020009E202006C
:1075700057000200C9DF020004010100B57C0300CE
:10758000BB0001005DE00200D7000200ED770300C0
:10759000D900020011750300A600020059A30300E0
:1075A000F4000200C1600300D4000200DD7B030090
:1075B000F5000200AD5F0300D8000200E175030092
:1075C0000000000000000000200004F9EC75040039
:1075D00039000000196BB12BC58C0000858D0000AF
:1075E0006D8B0000258000000000000008010601EE
:1075F000040102010001FE00FC00FA0018012E0146
:10760000F4000A01F000EE00EC00EA00E800E600F9
:10761000E400E2005001DE00DC00DA00D800D60011
:10762000D400D200D000CE00CC00CA00C800C600F2
:10763000C400C200C000BE00BC00BA00B800B60062
:10764000B400B200B0001601AC00AA00A800A60069
:10765000A400A200A0009E009C009A009800960042
:107660009400920090008E008C008A0088008600B2
:1076700084008200800086007C007A00780076001A
:107680007400720070009E006C006A006800660062
:107690006400620060005E005C005A005800AE00AA
:1076A0005400520050004E004C004A004800460072
:1076B00044006A0040003E003C003A0038003600BA
:1076C0007C00320030002E008C002A0028002600AA
:1076D0002400220020005E001C001A001800160082
:1076E0001400120020000E000C000A000800060022
:1076F00004000200960000000400000005010000E4
:1077000008000000C30100000C0000006A00000037
:10771000100000003B0000001400000045000000C5
:10772000180000001B0000001C000000DB0101002D
:1077300055E20200E400010039E002007601010098
:1077400081770300760100007DA20300D7000200CC
:1077500049750300D800020015760300FE00020000
:1077600051610300F7000200A16103000000000066
:10777000000000000C0004F9987704003A000000B3
:107780001F51601CC58C0000858D00006D8B0000B2
:10779000258000000000000014000A000800060018
:1077A000040002003901000004000000DC000000B9
:1077B0000800000000000000000000001C0004F9A8
:1077C000E07704003B0000001C258B65C58C0000A1
:1077D000858D00006D8B00002580000000000000FA
:1077E0002800260034004200200046001C001A0039
:1077F000180016002C001200100016000C000A00E1
:107800000800060004000200BA00000004000000A6
:10781000D701000008000000B20100000C000000C9
:10782000C5010000100000008600000014000000E8
:1078300037010000180000000000000000000000F8
:107840001C0004F9787804002C0000001ABFA23450
:10785000C58C0000858D00006D8B00002580000028
:107860000000000075A1030031A103004D59030081
:107870009D9F0300617D030088008600A400E20054
:1078800080007E007C007A00E80076007400C20070
:107890007000F6001C01AA00680066006400620027
:1078A000F8005E005C007200580066005400520050
:1078B000C8004E004C004A004800E6004C00420060
:1078C0004000A6003C003A00380036003400320088
:1078D00030002E002C002A0028004E002400220038
:1078E00020001E001C00C200180016001400A20098
:1078F0001000C6003C008A000800060004000200D8
:10790000AF010000040000001301000008000000A7
:107910001C0100000C000000170100001000000016
:1079200024010000140000001901000018000000EC
:107930001A010100D9FE02001A01000081FE0200B6
:1079400025010100C1FD02002501000085FD0200A6
:107950001B01010045FE02001B01000009FE0200A0
:107960004E00020059A103006101020015A10300AD
:10797000A6000200819F030026010200457D03004E
:107980008D0002002D9A0300AD010200A1860300C4
:107990007B01020045900300C10102006162030007
:1079A000C20102004D710300280102003159030099
:1079B00071000200995B030088000200399F0300F8
:1079C0000000000000000000180004F9EC79040039
:1079D0003C0000001BBFA234C58C0000858D000058
:1079E0006D8B0000258000002D580300B00056006C
:1079F00044004200580076003C003A006000360027
:107A00003400A20060006E0034002A002800460006
:107A10002400220020001E0064001A0078001600D6
:107A20006400120010000E0064000A000800060046
:107A3000040002007800000004000000770000004D
:107A4000080000006D0100000C0000008400000030
:107A50001000000064000000140000002A01020071
:107A60009D8C03003E010200098C0300A600020069
:107A7000B19F03006A0102009D9703007D00020090
:107A8000BD99030001010200898F0300F300020089
:107A900099960300F2000200019503001F01020005
:107AA000498E0300CB0102002D58030000000000A6
:107AB00000000000200004F9D87A04003D00000016
:107AC0001CE7536AC58C0000858D00006D8B00009B
:107AD000258000000000000080003E0024005200CD
:107AE00068001E007C005200180016003C001200C6
:107AF00050005E002C001200180006000400020076
:107B00003801000004000000BB0100000800000074
:107B1000860100000C0000007F0100001000000042
:107B200081010000140000007E0100001800000028
:107B3000D20000001C000000A40102008904030020
:107B400036010200BD0E03009A0102003912030043
:107B5000B4000200690B03009F000200951B0300A4
:107B6000D4010200511303000000000000000000D7
:107B7000240004F9947B04003E0000001B395E479A
:107B8000C58C0000858D00006D8B000025800000F5
:107B9000000000004800460084006A0040003E00EB
:107BA0003C004A00500036009C006A00A0002E00F5
:107BB0002C002A0048006E002400220070004E00B5
:107BC00074001A00180016001C00720010000E004D
:107BD0000C000A0008000600040002007200000009
:107BE00004000000E500000008000000CC010000D7
:107BF0000C000000B301000010000000BB010000F9
:107C000014000000E600000018000000D60000008C
:107C10001C0000004900000020000000A401020038
:107C2000CD1E03004C0102000D1E03009401020052
:107C3000F91003009F010200991E03009C0102003D
:107C40007D1C03009F000200111C0300D0010200F4
:107C5000BD1C03000000000000000000140004F937
:107C6000907C04001B0000001B8B1247C58C000099
:107C7000858D00006D8B0000258000000000000055
:107C800085B90300B9B2030049B9030095B20300F6
:107C90004800460054008A0040003E003C003A0084
:107CA000780036004C00320050002E002C002A00D4
:107CB00028004E0024002200200026001C001A008C
:107CC000180016001400420010000E000C000A00FC
:107CD0000800060004000200480000000400000044
:107CE000E900000008000000DC0000000C000000BB
:107CF000A3010000100000000500020069B90300A4
:107D0000020002002DB90300ED01010049610200EB
:107D1000ED010000F1600200010002009DB20300CD
:107D20000400020079B2030000000000000000001F
:107D30000C0004F9547D04003F0000001E39DC47AC
:107D4000C58C0000858D00006D8B00002580000033
:107D50000958030010000E0014001A000800060065
:107D60000400020041000000040000003400000094
:107D700008000000CB0102000958030000000000C9
:107D800000000000080004F9A87D04004000000085
:107D90001F49A041C58C0000858D00006D8B00003F
:107DA00025800000000000000C000A00080006000A
:107DB00004000200B4010000040000000000000004
:107DC000000000000C0004F9E87D04004100000000
:107DD0001F49A041C58C0000858D00006D8B0000FF
:107DE000258000000000000014000A0008000600C2
:107DF00004000200B4010000040000001D010000A6
:107E0000080000000000000000000000180004F955
:107E1000307E0400300000001DE7536AC58C00006E
:107E2000858D00006D8B00002580000000000000A3
:107E300018001E0034003A0010001E0024003A0012
:107E40000800060004000200A80100000400000071
:107E50009800000008000000970000000C000000DF
:107E6000A7010000100000007801000014000000CD
:107E7000B20102009D6A02009C0002005D640200E3
:107E80000000000000000000040004F9B47E0400BB
:107E9000420000001F49A041C58C0000858D0000F4
:107EA0006D8B00002580000000000000F94A0300EF
:107EB00021AB03000C0012000800060004000200C1
:107EC0008E000200DD4A0300AE00020005AB030095
:107ED0000000000000000000100004F9047F04000E
:107EE000430000001DE7536AC58C0000858D00002B
:107EF0006D8B000025800000000000002D5703005E
:107F0000F5B803004800160024001A0030003600BF
:107F10000C000A002000060004000200AA01000074
:107F2000040000002201000008000000AB01000076
:107F30000C0000008E00020011570300AE0002008A
:107F4000D9B803009B010200C94B03008B0102005A
:107F50002D3F03000000000000000000240004F991
:107F6000887F0400440000001A51601CC58C00008A
:107F7000858D00006D8B0000258000000000000052
:107F8000BD55030065B80300880086008400BA0070
:107F900080007E007C007A0078007E007400720011
:107FA00070006E006C006A0090006600AC00620019
:107FB00080006E005C005A005800560054005200C9
:107FC00050004E004C004A00480046004400920019
:107FD00040003E003C003A003800360034003200D9
:107FE00030002E002C006A00400026007C00220099
:107FF00050001E001C001A00180016001400120089
:1080000010000E000C000A00080006000400020028
:10801000AA01000004000000220100000800000086
:10802000AB0100000C000000E501000010000000A2
:10803000EA01000014000000230100001800000005
:10804000160100001C000000D0000000200000000D
:108050008E000200A1550300AE00020049B80300E3
:108060009B010200C94B03008B0102002D3F03005E
:108070000000000000000000300004F9A4800400AB
:10808000450000001ADD6062C58C0000858D00008F
:108090006D8B000025800000000000005D5503008E
:1080A000DFB60300880086008400820080008E0016
:1080B0007C007A00780076007400720070006E0018
:1080C0006C006A006800660064008200A0005E0028
:1080D000AC005A00700056005400520058004E0088
:1080E0004C004A004800460044004200A8009600A8
:1080F0003C003A00380036003400320030002E00D8
:108100002C002A00280026009C00220020004600A7
:108110004C007A001800160014004A0080000E007F
:1081200054000A000800060004000200AA01000032
:10813000040000002201000008000000AB01000064
:108140000C000000E501000010000000EA01000042
:1081500014000000230100001800000016010000B8
:108160001C000000D000000020000000A901000059
:108170002400000040010000280000004101000030
:108180002C0000004D000200494D0300AE0002002B
:10819000B1B603008E000200415503009B010200AE
:1081A000C94B03008B0102002D3F030000000000BB
:1081B00000000000300004F9E081040046000000E7
:1081C0001ADD6062C58C0000858D00006D8B00009B
:1081D00025800000000000005D550300DFB60300AD
:1081E000880086008400820080008E007C007A0077
:1081F000780076007400720070006E006C006A00F7
:108200006800660064008200A0005E00AC005A00B6
:10821000700056005400520058004E004C004A00B6
:108220004800460044004200A80096003C003A0086
:10823000380036003400320030002E002C002A00B6
:10824000280026009C002200200046004C007A00F6
:108250001800160014004A0080000E0054000A00A6
:108260000800060004000200AA010000040000004B
:108270002201000008000000AB0100000C0000001B
:10828000E501000010000000EA01000014000000F9
:108290002301000018000000160100001C0000006F
:1082A000D000000020000000A90100002400000010
:1082B0004001000028000000410100002C000000E7
:1082C0004D000200494D0300AE000200B1B60300AC
:1082D0008E000200415503009B010200C94B0300C0
:1082E0008B0102002D3F0300000000000000000091
:1082F000240004F914830400470000001CB3605BF1
:10830000C58C0000858D00006D8B0000258000006D
:108310000000000028002600240022002000260083
:1083200054002A004800360014003A0010002600CD
:108330000C000A00080006000400020046000000CD
:10834000040000004700000008000000D801000001
:108350000C000000D901000010000000090100001D
:10836000140000002B01000018000000960000001F
:108370001C0000008200000020000000000000003F
:1083800000000000200004F9A88304004800000059
:108390001C691C20C58C0000858D00006D8B0000C1
:1083A000258000000000000028004E00240022006C
:1083B00020001E0024001A002800160014004200AD
:1083C000100026000C002A0008000600040002002D
:1083D000AC010000040000006B0000000800000079
:1083E0006C0000000C000000B6000000100000004F
:1083F000B700000014000000E701000018000000B2
:10840000EC0100001C000000000000000000000063
:108410000C0004F934840400490000001CDD606293
:10842000C58C0000858D00006D8B0000258000004C
:1084300000000000280026006C002200200036000A
:1084400024002A0048003E004C00120050000E009C
:108450000C002A0008000600040002003900000099
:10846000040000000E00000008000000BE01010032
:10847000E574030083000100C97703006C0101006B
:10848000A5770300E301010045B60300E801010000
:10849000D9B503000601010099B50300CC01010024
:1084A00059B50300C00101008D74030000000000F5
:1084B00000000000180004F9D88404004A000000FD
:1084C0001CE7536AC58C0000858D00006D8B000091
:1084D000258000000000000040002600240022004B
:1084E00060001E001C001A0018001E003C00420024
:1084F00048001E002C000A000800060004000200CC
:108500000401000004000000EB000000080000006F
:10851000BD0100000C000000CC01000010000000B4
:108520000601000014000000E301010011B5030082
:10853000E8010100C9B40300E400010091B40300A4
:10854000DB01010059B4030000000000000000003E
:10855000EE010000F48D0400FC8D04000C8E04007C
:10856000208E0400348E0400448E0400548E0400D7
:10857000648E0400788E0400848E0400908E0400C3
:10858000A48E0400BC8E0400CC8E0400E08E040097
:10859000EC8E0400FC8E0400108F04002C8F04006D
:1085A000408F0400548F0400608F0400748F040017
:1085B000808F0400908F0400A48F0400B08F04000B
:1085C000BC8F0400CC8F0400DC8F0400EC8F04000F
:1085D00004900400109004002090040038900400DF
:1085E00044900400609004007C9004009890040083
:1085F000A8900400B8900400C8900400D89004002B
:10860000E4900400F490040004910400209104001C
:1086100034910400449104005491040068910400D2
:10862000789104008891040098910400A8910400B6
:10863000C0910400D0910400E4910400F091040082
:10864000FC9104000C920400209204003492040077
:1086500044920400509204005C920400689204006A
:10866000789204008492040090920400A092040086
:10867000AC920400B8920400C4920400D4920400A6
:10868000E8920400F49204000C9304001C9304008C
:108690002C9304003C9304004C9304005C9304006E
:1086A000709304008093040090930400A09304004E
:1086B000B0930400C4930400D4930400E093040036
:1086C000EC9304000094040018940400289404001F
:1086D0003494040044940400549404006894040006
:1086E0007C9404008C9404009C940400AC940400DA
:1086F000C8940400E4940400FC9404000C95040065
:108700002495040034950400449504006095040009
:108710008095040090950400A0950400BC95040089
:10872000C8950400DC950400EC9504000096040054
:108730001096040024960400349604004496040025
:108740005896040068960400789604008496040005
:108750009C960400A8960400B4960400CC960400ED
:10876000D8960400E8960400FC9604000C970400D8
:108770001C9704002C9704003C9704004C970400BD
:10878000649704008497040094970400B097040051
:10879000C8970400E0970400F497040008980400C8
:1087A0001C98040030980400449804005898040071
:1087B000649804007C98040090980400A498040035
:1087C000B4980400CC980400DC980400F4980400E9
:1087D0000C9904001C9904002C9904003C99040095
:1087E0004C9904005C9904006C9904007899040089
:1087F0008499040094990400A4990400B499040095
:10880000C8990400DC990400F0990400089A040057
:108810001C9A04002C9A0400409A0400589A040000
:108820006C9A0400809A0400909A0400A09A0400B4
:10883000AC9A0400B89A0400C89A0400E09A0400B4
:10884000EC9A0400FC9A0400089B0400189B0400A6
:10885000249B0400389B0400489B04005C9B04009C
:10886000689B0400789B0400849B04009C9B04008C
:10887000A89B0400C09B0400CC9B0400E09B040068
:10888000EC9B0400049C0400189C0400309C040031
:108890003C9C0400489C0400589C0400749C040008
:1088A000849C0400949C0400A89C0400CC9C0400BC
:1088B000DC9C0400EC9C0400009D0400149D04005A
:1088C000249D0400309D0400409D0400549D04003C
:1088D000649D0400809D04008C9D0400989D04000C
:1088E000AC9D0400C09D0400D09D0400DC9D0400EC
:1088F000EC9D0400FC9D0400149E0400209E0400D6
:10890000349E0400409E04004C9E04005C9E0400C3
:10891000709E0400809E0400909E04009C9E0400B3
:10892000B09E0400C49E0400D89E0400E89E04008B
:10893000FC9E0400109F0400209F0400309F040050
:10894000409F0400509F0400609F0400789F040033
:10895000889F0400A49F0400B09F0400BC9F0400F3
:10896000C89F0400DC9F0400E89F0400F89F0400F7
:1089700004A0040014A0040020A0040030A00400FF
:1089800040A0040054A0040064A0040078A00400E7
:1089900084A0040098A00400ACA00400BCA00400C3
:1089A000D4A00400E0A00400F0A0040004A104008E
:1089B00018A1040034A1040044A1040058A104003B
:1089C00068A1040078A104008CA104009CA104000B
:1089D000ACA10400C0A10400D8A10400E8A10400D7
:1089E000F8A104000CA2040020A2040030A204009C
:1089F0003CA2040050A2040064A2040078A2040077
:108A000088A2040094A20400A4A20400B4A204005A
:108A1000C4A20400D4A20400E8A20400F8A2040046
:108A200008A3040020A3040034A3040044A304000A
:108A300054A3040060A3040070A304007CA30400FA
:108A400090A30400A4A30400BCA30400D0A30400CA
:108A5000E0A30400F4A3040000A404000CA4040098
:108A60001CA404002CA404003CA404004CA4040096
:108A700064A4040078A4040088A404009CA4040056
:108A8000B0A40400C4A40400D4A40400ECA4040012
:108A900000A5040014A504002CA5040040A50400B2
:108AA0005CA504006CA5040078A5040090A5040052
:108AB000A8A50400BCA50400D0A50400E4A50400FA
:108AC000F4A5040014A6040030A6040048A604007F
:108AD00060A6040070A604008CA60400A0A60400F2
:108AE000B0A60400C4A60400D8A60400ECA60400A6
:108AF00004A7040014A7040024A7040038A7040056
:108B00004CA7040058A7040064A7040074A704003D
:108B100080A7040098A70400ACA70400C4A7040021
:108B2000CCA70400E0A70400F4A7040004A80400F4
:108B300010A804001CA8040034A8040048A80400DD
:108B400064A8040080A804009CA80400B0A8040045
:108B5000C4A80400D4A80400E8A80400FCA80400E9
:108B600008A904001CA9040030A9040044A90400B9
:108B700054A904006CA904007CA904009CA9040069
:108B8000B0A90400C4A90400D8A90400E8A90400FD
:108B9000F8A9040008AA040018AA04002CAA0400DA
:108BA00040AA04005CAA04006CAA040084AA040081
:108BB00098AA0400ACAA0400BCAA0400D8AA040025
:108BC000ECAA0400FCAA04000CAB040024AB0400D3
:108BD00038AB040048AB040060AB040074AB040085
:108BE0008CAB0400A4AB0400B0AB0400C0AB040029
:108BF000D8AB0400E8AB0400FCAB04000CAC0400F0
:108C000018AC040028AC040038AC040050AC0400DC
:108C100064AC040074AC040088AC040094AC0400A0
:108C2000A0AC0400ACAC0400BCAC0400C8AC0400B4
:108C3000D4AC0400E4AC0400F8AC04000CAD0400B7
:108C400018AD040024AD040038AD040048AD0400A4
:108C500058AD040074AD040084AD04009CAD040064
:108C6000B4AD0400C4AD0400D8AD0400E8AD040008
:108C7000F4AD040000AE04000CAE040028AE040005
:108C80003CAE04004CAE040058AE04006CAE0400D0
:108C900078AE040088AE04009CAE0400B4AE0400BC
:108CA000CCAE0400E4AE040000AF04000CAF04003E
:108CB00018AF040024AF040030AF04003CAF040040
:108CC00058AF040064AF040078AF04008CAF040018
:108CD0009CAF0400B0AF0400CCAF0400DCAF0400D4
:108CE000F4AF0400FCAF04000CB004001CB004009E
:108CF0002CB0040038B0040040B0040050B00400B0
:108D000060B0040070B004007CB0040000000000FB
:108D1000040000001E040000050000001F04000005
:108D200020000000110000002100000001000000F0
:108D3000220000000D000000240000000A000000D6
:108D400025000000A00000002600000080000000B8
:108D5000270000008000000028000000030600003B
:108D600029000000080000002B0000002200000085
:108D70002C0000001A0000002F0000001A04000060
:108D8000300000001D040000310000001B04000042
:108D9000320000001C04000033000000200400002A
:108DA0003C0000000C00000041000000000000003A
:108DB00047000000090000004800000020000000FB
:108DC00049000000010000004E0000009210000069
:108DD0005E0000002C010000900100000200000075
:108DE0009101000003000000920100000400000057
:108DF00000000000F0AD010000000000F0AD010037
:108E000006005F5F6472617700000000F0AD010052
:108E10000A005F5F64726177436F72650000000053
:108E2000F0AD01000B005F5F707265557064617496
:108E300065000000F0AD010008005F5F75706461BF
:108E400074650000F0AD010009005F5F7669736929
:108E5000626C6500F0AD010007005F616374696FCB
:108E60006E000000F0AD01000A005F616C69676E82
:108E70006D656E7400000000F0AD010003005F61DD
:108E800078000000F0AD010003005F617900000090
:108E9000F0AD01000B005F6261636B67726F756E0E
:108EA00064000000F0AD010010005F6261636B6759
:108EB000726F756E64436F6C6F720000F0AD0100ED
:108EC00007005F626F72646572000000F0AD010020
:108ED0000C005F626F72646572436F6C6F720000AA
:108EE000F0AD010004005F636F6C0000F0AD0100A5
:108EF00008005F636F6C756D6E730000F0AD01006C
:108F00000A005F636F6E6E65637465640000000045
:108F1000F0AD010012005F636F6E74726F6C6C6570
:108F2000645370726974657300000000F0AD010055
:108F30000D005F637573746F6D48656967687400D1
:108F4000F0AD01000C005F637573746F6D57696459
:108F500074680000F0AD010005005F646174610099
:108F6000F0AD01000C005F64657374726F79436F3C
:108F700072650000F0AD010003005F647400000042
:108F8000F0AD010008005F666163746F72790000E4
:108F9000F0AD01000B005F666F726567726F756EF2
:108FA00064000000F0AD010003005F66780000007F
:108FB000F0AD010003005F6679000000F0AD010034
:108FC00007005F686569676874000000F0AD010024
:108FD00007005F686974626F78000000F0AD0100FF
:108FE00009005F69636F6E4F6E6C7900F0AD010030
:108FF00010005F69636F6E546578745370616369C4
:109000006E670000F0AD010003005F6964000000BE
:10901000F0AD010006005F696D616765000000004A
:10902000F0AD01000F005F696E7075744C61737470
:109030004672616D65000000F0AD010005005F6BD8
:10904000696E6400F0AD010014005F6B696E6473BB
:109050004F7665726C617070656457697468000062
:10906000F0AD010013005F6C61737455706461743E
:10907000656453707269746558000000F0AD0100BA
:1090800013005F6C61737455706461746564537030
:109090007269746559000000F0AD010006005F6C54
:1090A0006173745800000000F0AD010006005F6CB1
:1090B0006173745900000000F0AD010006005F6CA0
:1090C0006179657200000000F0AD010007005F6C7F
:1090D0006179657273000000F0AD010004005F6DFE
:1090E00061700000F0AD010007005F6D617267699B
:1090F0006E000000F0AD010007005F6D696C6C69E7
:1091000073000000F0AD010013005F6D6F766553D2
:109110007072697465496E7465726E616C000000EE
:10912000F0AD01000A005F6F62737461636C657378
:1091300000000000F0AD010008005F6F6666736517
:1091400074580000F0AD010008005F6F666673653B
:1091500074590000F0AD01000C005F6F7665726C11
:109160006170706572730000F0AD010006005F6F02
:10917000776E657200000000F0AD010008005F70BE
:10918000616464696E670000F0AD010007005F7004
:109190006C61796572000000F0AD010008005F703D
:1091A0007265737365640000F0AD01000F005F70BD
:1091B000726573736564456C61737065640000006B
:1091C000F0AD010006005F7072756E650000000072
:1091D000F0AD01000C005F726570656174436F75DE
:1091E0006E740000F0AD010004005F726F77000044
:1091F000F0AD010005005F726F777300F0AD010004
:1092000006005F7363616C6500000000F0AD010053
:109210000C005F7363726F6C6C436F6C6F72000055
:10922000F0AD01000C005F7363726F6C6C5370657E
:1092300065640000F0AD010008005F73707269742E
:1092400065730000F0AD010003005F73780000005B
:10925000F0AD010003005F7379000000F0AD010084
:1092600005005F7465787400F0AD010007005F755C
:109270007064617465000000F0AD010003005F766A
:1092800078000000F0AD010003005F767900000077
:10929000F0AD010006005F776964746800000000AB
:1092A000F0AD010002005F7800000000F0AD0100A9
:1092B00002005F7900000000F0AD010002005F7A5B
:1092C00000000000F0AD01000600616374696F6E7C
:1092D00000000000F0AD01000A006163746976656A
:1092E0004361726400000000F0AD0100030061649E
:1092F00064000000F0AD0100100061646445766513
:109300006E744C697374656E65720000F0AD010097
:10931000080061646453686170650000F0AD01008D
:10932000090061646453707269746500F0AD0100F6
:109330000600616C69676E5800000000F0AD010026
:109340000600616C69676E5900000000F0AD010015
:109350000900616C69676E6D656E7400F0AD0100A7
:109360000A00616C6C5370726974657300000000D0
:10937000F0AD01000600616E616C6F6700000000D7
:10938000F0AD01000600616E63686F7200000000BE
:10939000F0AD01000900616E696D6174696F6E0066
:1093A000F0AD010007006170706C79546F0000002F
:1093B000F0AD01000A006172656148656967687413
:1093C00000000000F0AD010009006172656157699D
:1093D00064746800F0AD01000200617800000000D4
:1093E000F0AD01000200617900000000F0AD010065
:1093F0000A006261636B67726F756E640000000043
:10940000F0AD01000F006261636B67726F756E648F
:10941000436F6C6F72000000F0AD010009006261E3
:109420007369634361726400F0AD0100020062671A
:1094300000000000F0AD010007006267436F6C6F31
:1094400072000000F0AD01000600626F7264657288
:1094500000000000F0AD01000B00626F72646572E5
:10946000436F6C6F72000000F0AD01000B00626F83
:10947000726465725769647468000000F0AD0100A1
:109480000600626F74746F6D00000000F0AD0100A3
:1094900007006275636B657473000000F0AD010036
:1094A0000600627574746F6E00000000F0AD01007C
:1094B0001300627574746F6E4576656E7448616EE4
:1094C000646C657273000000F0AD010013006275FA
:1094D00074746F6E4576656E7473456E61626C650B
:1094E00064000000F0AD01000E00627574746F6ED0
:1094F00048616E646C65727300000000F0AD01009D
:109500000700627574746F6E73000000F0AD0100A7
:109510000E0063616368656454696C6556696577BC
:1095200000000000F0AD010008006361636865643D
:1095300056780000F0AD010008006361636865645F
:1095400056790000F0AD0100130063616C6344695B
:109550006D656E73696F6E616C48617368000000C1
:10956000F0AD0100160063616C63756C6174655049
:1095700061727469616C4865696768740000000015
:10958000F0AD0100080063616C6C6261636B000008
:10959000F0AD0100060063616D65726100000000BE
:1095A000F0AD0100120063616E5265736F6C7665F9
:1095B000436C697070696E6700000000F0AD0100D7
:1095C0000400636172640000F0AD01000B00636190
:1095D000726453706163696E67000000F0AD010052
:1095E000090063617264576964746800F0AD01003A
:1095F0000B006361726473506572526F77000000F4
:10960000F0AD010008006361726473546F70000074
:10961000F0AD01000A0063656C6C486569676874A9
:1096200000000000F0AD0100090063656C6C576933
:1096300064746800F0AD010006006368616E6765E0
:1096400000000000F0AD01000A0063686172486527
:109650006967687400000000F0AD010009006368EC
:109660006172576964746800F0AD010007006368B7
:1096700065636B4B77000000F0AD01000500636C83
:1096800065617200F0AD01000E00636C6561724FA0
:1096900062737461636C657300000000F0AD0100DB
:1096A0000500636C6F6E6500F0AD01000500636C32
:1096B0006F736500F0AD01001100636F6C6C69732E
:1096C000696F6E48616E646C65727300F0AD010085
:1096D0000500636F6C6F7200F0AD01000600636FF0
:1096E0006C756D6E00000000F0AD01000B00636F43
:1096F0006C756D6E436F756E74000000F0AD010007
:109700000700636F6C756D6E73000000F0AD0100B3
:109710000900636F6E646974696F6E00F0AD0100DB
:109720000900636F6E6E656374656400F0AD0100DF
:109730000900636F6E73747261696E00F0AD0100B1
:109740000800636F6E7461696E730000F0AD010014
:109750001100636F6E74726F6C6C65645370726924
:1097600074657300F0AD01001900636F6E74726F61
:109770006C6C6572436F6E6E656374696F6E537463
:1097800061746500F0AD01000600636F7079546F7D
:1097900000000000F0AD01001200637265617465A5
:1097A0004D6F76696E6753707269746500000000D2
:1097B000F0AD01000E0063726561746550617274F2
:1097C00069636C6500000000F0AD01000F0063727A
:1097D000656174656448616E646C65727300000055
:1097E000F0AD01000A0063757272496E64656E74B3
:1097F00000000000F0AD01000D0063757272656E2F
:109800007448656967687400F0AD01000D00637508
:109810007272656E744F666673657400F0AD010018
:109820000C0063757272656E745769647468000029
:10983000F0AD01000C00637573746F6D4865696766
:1098400068740000F0AD01000B00637573746F6DF8
:109850005769647468000000F0AD010004006461A1
:1098600074610000F0AD01000F0064656661756C05
:10987000744C6966657370616E000000F0AD0100A4
:109880000B0064656661756C74526174650000005C
:10989000F0AD01000C0064656661756C74537479F9
:1098A0006C650000F0AD0100090064656C746154E2
:1098B000696D6500F0AD01000F0064656C74615462
:1098C000696D654D696C6C6973000000F0AD010055
:1098D000070064657374726F79000000F0AD0100D9
:1098E0000E0064657374726F7948616E646C6572A2
:1098F00000000000F0AD0100110064657374726F28
:1099000079656448616E646C65727300F0AD010046
:109910000700646973706F7365000000F0AD0100AB
:10992000080064697374616E63650000F0AD010046
:109930000700646F4172726179000000F0AD0100B0
:109940000800646F4E756D6265720000F0AD010035
:109950000800646F4F626A6563740000F0AD010037
:109960000800646F537472696E670000F0AD010007
:109970000400646F776E0000F0AD010004006472B3
:1099800061770000F0AD0100090064726177446501
:1099900062756700F0AD010008006472617747727C
:1099A00069640000F0AD01000800647261774C69E1
:1099B0006E650000F0AD01000B00647261774F66C8
:1099C0006673657458000000F0AD01000B0064720E
:1099D00061774F666673657459000000F0AD010051
:1099E0000B00647261775061727469616C000000F1
:1099F000F0AD01000F0064726177506172746961AB
:109A00006C4C696E65000000F0AD01000C006472E2
:109A100061775061727469636C650000F0AD01009C
:109A2000070064726177536179000000F0AD0100B6
:109A30000C00647261775361794672616D65000054
:109A4000F0AD010010006472617753696E676C6558
:109A5000436F6C756D6E0000F0AD01000D00647217
:109A6000617753696E676C65526F7700F0AD0100E6
:109A70000A006472617753707269746500000000B7
:109A8000F0AD0100080064726177546578740000DD
:109A9000F0AD0100060064726177546F00000000B1
:109AA000F0AD01000200647800000000F0AD01009C
:109AB0000200647900000000F0AD01000600656658
:109AC0006665637400000000F0AD01000F0065667C
:109AD000666563745365744279557365720000005E
:109AE000F0AD01000300656964000000F0AD010005
:109AF0000700656E61626C6564000000F0AD0100F6
:109B000005006572726F7200F0AD010008006572A9
:109B1000726F724D73670000F0AD0100050065764D
:109B2000656E7400F0AD01000C006576656E7443DF
:109B30006F6E746578740000F0AD01000700666117
:109B400063746F7279000000F0AD01000A00666175
:109B5000737452616E646F6D00000000F0AD01001F
:109B60000200666700000000F0AD010007006667B4
:109B7000436F6C6F72000000F0AD01000400666975
:109B800072650000F0AD01000F00666972654275F4
:109B900074746F6E4576656E74000000F0AD010060
:109BA0000500666C61677300F0AD01001000666F20
:109BB0006C6C6F77696E67537072697465730000BF
:109BC000F0AD01000400666F6E740000F0AD01009E
:109BD0000A00666F726567726F756E640000000040
:109BE000F0AD010005006672616D6500F0AD010029
:109BF0000E006672616D6543616C6C6261636B73CC
:109C000000000000F0AD01000B006672616D655749
:109C10006F726B6572000000F0AD01000E0066729D
:109C2000616D6573496E53616D706C650000000075
:109C3000F0AD01000200667800000000F0AD010008
:109C40000200667900000000F0AD010006006761C7
:109C50006C6F697300000000F0AD010013006761D4
:109C60006D65466F726576657248616E646C65728B
:109C700073000000F0AD0100090067656E65726158
:109C8000746F7200F0AD0100090067657448656982
:109C900067687400F0AD01000B006765744F627374
:109CA0007461636C65000000F0AD01001A00676527
:109CB000744F7243726561746548616E646C65725D
:109CC000466F724576656E7400000000F0AD0100CD
:109CD000070067657454657874000000F0AD0100FA
:109CE000070067657454696C65000000F0AD010001
:109CF0000C0067657454696C65496D6167650000A7
:109D0000F0AD01000C0067657454696C65496E64C0
:109D100065780000F0AD010008006765745769645C
:109D200074680000F0AD01000200676F00000000E1
:109D3000F0AD0100070068616E646C6572000000A0
:109D4000F0AD01000C0068616E646C657253746163
:109D500074650000F0AD0100080068616E646C6518
:109D600072730000F0AD01001300686173437573F6
:109D7000746F6D44696D656E73696F6E730000007A
:109D8000F0AD01000400686173680000F0AD0100EF
:109D90000400686561640000F0AD01000A006865B8
:109DA00061646572466F6E7400000000F0AD0100E2
:109DB0000A0068656164657254657874000000008B
:109DC000F0AD010006006865696768740000000076
:109DD000F0AD0100040069636F6E0000F0AD01009A
:109DE000090069636F6E496D61676500F0AD010040
:109DF000080069636F6E4F6E6C790000F0AD010072
:109E00000F0069636F6E5465787453706163696E97
:109E100067000000F0AD010002006964000000006E
:109E2000F0AD01000D0069646C6543616C6C6261AA
:109E3000636B7300F0AD01000500696D616765003B
:109E4000F0AD01000300696D67000000F0AD010096
:109E50000600696E64656E7400000000F0AD0100DC
:109E60000A00696E64656E745374657000000000CA
:109E7000F0AD01000800696E666F466F6E740000F9
:109E8000F0AD01000700696E666F546F700000004E
:109E9000F0AD01000400696E69740000F0AD0100CE
:109EA0000A00696E7365727441414242000000000D
:109EB000F0AD01000B00696E7365727441744B65FF
:109EC00079000000F0AD01000A0069734F627374FD
:109ED00061636C6500000000F0AD0100080069736B
:109EE0004F6E57616C6C0000F0AD01000D0069739E
:109EF0004F75744F6653637265656E00F0AD010077
:109F00000C0069734F7574736964654D617000006E
:109F1000F0AD0100090069735072657373656400E8
:109F2000F0AD0100080069735363616C6564000063
:109F3000F0AD010008006973537461746963000037
:109F4000F0AD0100090069735570646174656400C7
:109F5000F0AD01000700697356616C696400000090
:109F6000F0AD010010006973566572746963616C2D
:109F70005363726F6C6C0000F0AD010006006973F2
:109F800057616C6C00000000F0AD010013006974B3
:109F9000656D53656C656374656448616E646C657A
:109FA00072000000F0AD010005006974656D73007A
:109FB000F0AD010003006B6579000000F0AD010019
:109FC00004006B696E640000F0AD01000C006C6170
:109FD00073745065726644756D700000F0AD0100D9
:109FE00005006C6179657200F0AD010006006C61DE
:109FF0007965727300000000F0AD010004006C652B
:10A0000066740000F0AD010006006C656E67746850
:10A0100000000000F0AD010004006C6673720000E7
:10A02000F0AD010008006C6966657370616E000038
:10A03000F0AD010007006C696E65456E64000000BC
:10A04000F0AD01000A006C696E6548656967687467
:10A0500000000000F0AD010009006C696E655374EA
:10A0600061727400F0AD01000A006C696E65627285
:10A0700065616B7300000000F0AD010004006C6FBF
:10A08000636B0000F0AD01000A006C6F73654566FC
:10A090006665637400000000F0AD01000B006C6F9A
:10A0A00073654D657373616765000000F0AD010075
:10A0B00009006C6F7365536F756E6400F0AD01003D
:10A0C00010006C6F7365536F756E644C6F6F7069C1
:10A0D0006E670000F0AD010003006D6170000000CC
:10A0E000F0AD010006006D617267696E000000004E
:10A0F000F0AD01000D006D6178466F6E74486569C2
:10A1000067687400F0AD01000B006D61784C696602
:10A11000657370616E000000F0AD010013006D61A9
:10A12000784E6567617469766556656C6F636974AE
:10A1300079000000F0AD010009006D617853637291
:10A140006F6C6C00F0AD01000D006D617853696EAD
:10A15000676C655374657000F0AD010008006D61B7
:10A160007853706565640000F0AD010007006D6113
:10A170007853746570000000F0AD01000B006D6154
:10A180007856656C6F63697479000000F0AD01006A
:10A1900006006D656C6F647900000000F0AD010091
:10A1A00009006D656E755374796C6500F0AD010042
:10A1B0000A006D6572676541744B657900000000A7
:10A1C000F0AD010010006D657373616765536574D0
:10A1D0004279557365720000F0AD010006006D69AB
:10A1E0006C6C697300000000F0AD010008006D693F
:10A1F0006E416E676C650000F0AD01000B006D698B
:10A200006E4C6966657370616E000000F0AD010010
:10A210000D006D696E53696E676C655374657000EF
:10A22000F0AD010007006D696E53746570000000A9
:10A23000F0AD010004006D6F76650000F0AD010027
:10A240000D006D6F766553656C656374696F6E00A4
:10A25000F0AD01000A006D6F766553707269746528
:10A2600000000000F0AD01000A006D756C746970AB
:10A270006C69657200000000F0AD010009006E65B8
:10A28000696768626F727300F0AD010004006E656B
:10A2900078740000F0AD010008006E6578744368C2
:10A2A00061720000F0AD010008006E756D506167CD
:10A2B00065730000F0AD010007006F66667365749A
:10A2C00058000000F0AD010007006F66667365740A
:10A2D00059000000F0AD01000D006F6E42757474FE
:10A2E0006F6E4576656E7400F0AD010007006F6E0D
:10A2F000456E644342000000F0AD010007006F6E40
:10A300004576656E74000000F0AD010011006F6EBF
:10A310004D656E755374796C654368616E67650051
:10A32000F0AD01000D006F6E5374796C6543686188
:10A330006E676500F0AD010008006F6E5469636BD5
:10A3400043420000F0AD010008006F6E557064617B
:10A3500074650000F0AD010004006F6E63650000DD
:10A36000F0AD010007006F7074696F6E730000003C
:10A37000F0AD010005006F7264657200F0AD010080
:10A380000C006F75746C696E65436F6C6F720000C2
:10A39000F0AD01000C006F75746C696E65576964EF
:10A3A00074680000F0AD01000F006F7665726C619B
:10A3B0007048616E646C657273000000F0AD01005E
:10A3C0000A006F7665726C61704D6170000000006C
:10A3D000F0AD010008006F7665726C61707300006B
:10A3E000F0AD01000C006F7665726C617073576997
:10A3F00074680000F0AD010002006F7800000000FA
:10A40000F0AD010002006F7900000000F0AD010026
:10A41000060070466C61677300000000F0AD01003B
:10A42000070070616464696E67000000F0AD0100B0
:10A430000800706167654C696E650000F0AD010051
:10A440000600706172656E7400000000F0AD0100DE
:10A450000F007061727469636C65536F7572636528
:10A4600073000000F0AD01000B0070617573654D65
:10A47000696C6C6973000000F0AD01000600706546
:10A4800072696F6400000000F0AD01000D0070689B
:10A490007973696373456E67696E6500F0AD01009D
:10A4A0000A007069636B52616E646F6D000000009A
:10A4B000F0AD01000B00706C61796572496E6465E6
:10A4C00078000000F0AD01000800706F73697469D6
:10A4D0006F6E0000F0AD01000E007072656665726F
:10A4E00072656444656C617900000000F0AD0100A4
:10A4F0000D0070726573737572654C6576656C00DE
:10A50000F0AD01000A00707265764F66667365747F
:10A5100000000000F0AD01000E0070726576546915
:10A520006D654D696C6C697300000000F0AD010051
:10A530000D0070726576696F75735363656E6500A3
:10A54000F0AD010013007072696E7461626C654356
:10A55000686172616374657273000000F0AD0100A0
:10A5600008007072696F726974790000F0AD0100C3
:10A570000300707472000000F0AD01000F00726102
:10A58000697365427574746F6E446F776E00000076
:10A59000F0AD010011007261697365427574746FEA
:10A5A0006E52657065617400F0AD01000D0072615E
:10A5B000697365427574746F6E557000F0AD01007B
:10A5C0000B0072616E646F6D52616E676500000012
:10A5D000F0AD01000A00726563616C6353697A65CE
:10A5E00000000000F0AD0100080072656769737437
:10A5F00065720000F0AD0100160072656769737442
:10A6000065724672616D6543616C6C6261636B7308
:10A6100000000000F0AD01001400726567697374FA
:10A6200065724672616D6548616E646C65720000AA
:10A63000F0AD01000F00726567697374657248615F
:10A640006E646C6572000000F0AD01001000726570
:10A650006769737465724F62737461636C6500003F
:10A66000F0AD0100060072656D6F766500000000B8
:10A67000F0AD0100130072656D6F76654576656E0D
:10A68000744C697374656E6572000000F0AD010072
:10A690000C0072656D6F76655370726974650000A9
:10A6A000F0AD0100060072656E6465720000000086
:10A6B000F0AD01000A0072656E64657254657874CD
:10A6C00000000000F0AD01000A0072656E64657262
:10A6D00061626C6500000000F0AD01000B00726566
:10A6E0007065617444656C6179000000F0AD010033
:10A6F0000E00726570656174496E74657276616C86
:10A7000000000000F0AD0100070072657065617423
:10A7100058000000F0AD01000700726570656174BB
:10A7200059000000F0AD01000B00726573657448BC
:10A730006974626F78000000F0AD01000D00726571
:10A7400073697A654275636B65747300F0AD0100DF
:10A750000500726967687400F0AD01000300726F54
:10A7600077000000F0AD01000800726F77436F754D
:10A770006E740000F0AD01000400726F777300008A
:10A78000F0AD01000F0072756E427574746F6E4506
:10A7900076656E7473000000F0AD01000C007275F8
:10A7A0006E43616C6C6261636B730000F0AD01001D
:10A7B000100072756E6E696E6743616C6C626163E6
:10A7C0006B730000F0AD010001007300F0AD0100FB
:10A7D0000A00736179456E6454696D65000000007C
:10A7E000F0AD01000B0073617952656E64657265AE
:10A7F00072000000F0AD01000700736179546578C4
:10A8000074000000F0AD010005007363616C650029
:10A81000F0AD010005007363656E6500F0AD0100E9
:10A8200010007363656E6544656661756C74526192
:10A8300074650000F0AD01000B0073636F72696E08
:10A840006754797065000000F0AD01001400736377
:10A850006F72696E67547970655365744279557388
:10A8600065720000F0AD0100140073637265656EDF
:10A8700045646765436F6C6C6973696F6E73000044
:10A88000F0AD010013007363726F6C6C416E696D03
:10A890006174696F6E5469636B000000F0AD010074
:10A8A0000B007363726F6C6C436F6C6F720000000F
:10A8B000F0AD01000C007363726F6C6C4F666673D1
:10A8C00065740000F0AD010009007363726F6C6C79
:10A8D000526F7700F0AD01000B007363726F6C6C08
:10A8E0005370656564000000F0AD01000C007363F7
:10A8F000726F6C6C5461726765740000F0AD01009A
:10A900000400736565640000F0AD01000C00736520
:10A910006C6563746564436172640000F0AD0100AE
:10A920000D0073656C6563746564496E64657800D9
:10A93000F0AD01000D0073656C656374656453745C
:10A94000796C6500F0AD0100090073656C65637496
:10A95000696F6E00F0AD01000F00736574416363B1
:10A96000656C65726174696F6E000000F0AD010086
:10A970000900736574416E63686F7200F0AD010089
:10A980001600736574427574746F6E4576656E74E7
:10A9900073456E61626C656400000000F0AD0100FB
:10A9A0000D0073657444696D656E73696F6E730035
:10A9B000F0AD01000C0073657444697265637469DD
:10A9C0006F6E0000F0AD01000A00736574466163AC
:10A9D000746F727900000000F0AD0100070073652C
:10A9E00074466C6167000000F0AD010009007365FA
:10A9F00074486974626F7800F0AD010008007365F7
:10AA000074496D6167650000F0AD01000700736572
:10AA1000744B696E64000000F0AD01000B007365BB
:10AA2000744D61785769647468000000F0AD0100EE
:10AA30000C007365744D656E754974656D73000027
:10AA4000F0AD010014007365744D656E7553747933
:10AA50006C6550726F70657274790000F0AD010022
:10AA600009007365744F666673657400F0AD01008C
:10AA70000E0073657450617573654C656E6774681C
:10AA800000000000F0AD01000B00736574506F739F
:10AA90006974696F6E000000F0AD01000A00736513
:10AAA000745072657373656400000000F0AD0100BE
:10AAB000070073657452617465000000F0AD010019
:10AAC000130073657452656C6174697665546F43E5
:10AAD000616D657261000000F0AD01000C007365EE
:10AAE0007453656C656374696F6E0000F0AD0100AE
:10AAF000080073657453706565640000F0AD010073
:10AB0000080073657453746174650000F0AD010052
:10AB10000F0073657453746179496E536372656590
:10AB20006E000000F0AD01000C0073657454657890
:10AB30007453706565640000F0AD01000800736532
:10AB4000745468656D650000F0AD01000E00736817
:10AB5000616B65416D706C6974756465000000001F
:10AB6000F0AD01000D007368616B6544757261742E
:10AB7000696F6E00F0AD01000E007368616B655384
:10AB80007461727454696D6500000000F0AD0100DD
:10AB90000F0073686F756C64426556697369626C07
:10ABA00065000000F0AD0100040073686F770000DD
:10ABB000F0AD01000600736B697057530000000090
:10ABC000F0AD01000E00736F756E645365744279C9
:10ABD0005573657200000000F0AD01000600736F50
:10ABE0007572636500000000F0AD01000D00736F29
:10ABF00075726365466163746F727900F0AD010030
:10AC00000700736F7572636573000000F0AD01009B
:10AC10000500737065656400F0AD01000600737097
:10AC20007265616400000000F0AD01000600737001
:10AC30007269746500000000F0AD010010007370CF
:10AC400072697465436F6C6C6973696F6E73000031
:10AC5000F0AD01000C007370726974654E65787414
:10AC600049640000F0AD01000700737072697465FB
:10AC700073000000F0AD01000D007370726974651F
:10AC80007342794B696E6400F0AD0100030073728A
:10AC900063000000F0AD0100050073746172740080
:10ACA000F0AD01000500737461746500F0AD010042
:10ACB000070073746F70706564000000F0AD0100F0
:10ACC0000200737800000000F0AD0100020073790B
:10ACD00000000000F0AD0100060073797374656D2B
:10ACE00000000000F0AD01000D0074617267657432
:10ACF000585363726F6C6C00F0AD01000D0074610D
:10AD000072676574595363726F6C6C00F0AD01002B
:10AD10000400746578740000F0AD010005007468EB
:10AD2000656D6500F0AD01000A007469636B5065E4
:10AD300072696F6400000000F0AD010009007469E1
:10AD40006C65496E64657800F0AD010007007469B8
:10AD50006C654D6170000000F0AD01001300746976
:10AD60006C654F7665726C617048616E646C65727B
:10AD700073000000F0AD0100070074696C65536555
:10AD800074000000F0AD0100110074696C656D6124
:10AD900070436F6C6C6973696F6E7300F0AD010086
:10ADA0000F0074696C656D61704F7665726C6170CF
:10ADB00073000000F0AD0100070074696C657365F5
:10ADC00074000000F0AD01000C0074696D65496EFF
:10ADD00053616D706C650000F0AD0100070074698F
:10ADE0006D654F7574000000F0AD010005007469D9
:10ADF0006D657200F0AD0100050074696D6573004A
:10AE0000F0AD010005007469746C6500F0AD0100DF
:10AE100012007469746C65416E696D6174696F6E5E
:10AE20005469636B00000000F0AD01000A00746912
:10AE3000746C655374796C6500000000F0AD01001E
:10AE40000800746F537472696E670000F0AD010002
:10AE50000300746F70000000F0AD01000A00756E11
:10AE6000726567697374657200000000F0AD0100DF
:10AE70000200757000000000F0AD01000600757062
:10AE80006461746500000000F0AD01000A00757097
:10AE9000646174654361726400000000F0AD0100FC
:10AEA000100075706461746544696D656E73696FD7
:10AEB0006E730000F0AD01000F0075706461746581
:10AEC0004966496E76616C6964000000F0AD01006E
:10AED0000E007570646174655061727469636C65AD
:10AEE00000000000F0AD010012007570646174652F
:10AEF0005363726F6C6C546172676574000000007C
:10AF0000F0AD01000400757365720000F0AD010042
:10AF1000050076616C756500F0AD0100030076698F
:10AF200064000000F0AD010002007678000000002F
:10AF3000F0AD01000200767900000000F0AD0100E4
:10AF4000150077616C6C436F6C6C6973696F6E4848
:10AF5000616E646C65727300F0AD01000500776985
:10AF600064746800F0AD01000B0077696474684F89
:10AF7000664C696E65000000F0AD01000C00776959
:10AF80006474684F664C696E65730000F0AD010033
:10AF9000090077696E45666665637400F0AD01006F
:10AFA0000A0077696E4D6573736167650000000084
:10AFB000F0AD0100150077696E4D657373616765CB
:10AFC0004D756C7469706C6179657200F0AD01004B
:10AFD000080077696E536F756E640000F0AD010074
:10AFE0000F0077696E536F756E644C6F6F70696E8A
:10AFF00067000000F0AD010001007800F0AD010035
:10B000000700784F6666736574000000F0AD0100BC
:10B0100006007852616E676500000000F0AD010027
:10B020000700785363726F6C6C000000F0AD010094
:10B030000500785374657000F0AD010001007900DF
:10B04000F0AD01000700794F66667365740000007B
:10B05000F0AD010006007952616E676500000000E6
:10B06000F0AD01000700795363726F6C6C00000053
:10B07000F0AD01000500795374657000F0AD01007A
:10B0800001007A00F0AD010001003000F0AD0100D8
:10B090000500313030303100F0AD010001002D00ED
:10B0A000F0AD010001002B00F0AD010001005800DF
:10B0B000F0AD010001002C00F0AD010001000A001C
:10B0C000F0AD01000600737472696E670000000045
:10B0D000F0AD010006006E756D6265720000000043
:10B0E000F0AD010003002E2E2E000000F0AD010097
:10B0F0000F005B6F626A656374204F626A656374F8
:10B100005D000000F0AD010008005B4F626A6563FE
:10B11000745D0000F0AD010001007B00F0AD0100A6
:10B1200005000A2020202000F0AD010002003A2096
:10B1300000000000F0AD010008000A202020202EB1
:10B140002E2E0000F0AD010002000A7D000000007C
:10B15000F0AD01000D0020617420706F7369746997
:10B160006F6E2000F0AD010001002200F0AD010083
:10B1700001005C00F0AD010001006200F0AD0100D3
:10B1800001000800F0AD010001006E00F0AD01000B
:10B1900001007200F0AD010001000D00F0AD0100F2
:10B1A00001007400F0AD010001000900F0AD0100E4
:10B1B00001007500F0AD01000F00657870656374E3
:10B1C000696E6720636F6D6D61000000F0AD010076
:10B1D0000D00657870656374696E67206B65790032
:10B1E000F0AD01000F00657870656374696E6720CB
:10B1F000636F6C6F6E000000F0AD010015006578A4
:10B2000070656374696E6720636F6D6D612C206774
:10B210006F742000F0AD01001000657870656374F4
:10B22000696E67206E756D6265720000F0AD010099
:10B230000400747275650000F0AD010005006661E0
:10B240006C736500F0AD010004006E756C6C00005D
:10B25000F0AD01001000756E65787065637465640B
:10B2600020746F6B656E0000F0AD010002005C6E33
:10B2700000000000F0AD010002005C720000000060
:10B28000F0AD010002005C7400000000F0AD0100B0
:10B2900002005C6200000000F0AD010002005C5C96
:10B2A00000000000F0AD010002005C220000000080
:10B2B000F0AD01000700626F6F6C65616E00000009
:10B2C000F0AD010002005B5D00000000F0AD010088
:10B2D00001005B00F0AD010001005D00F0AD010078
:10B2E00002007B7D00000000F0AD010001003A008B
:10B2F000F0AD010001007D00F0AD01000100200073
:10B30000F0AD01000F0065786365737369766520A1
:10B31000696E707574000000F0AD01000E00496E9A
:10B3200076616C6964204A534F4E3A200000000059
:10B33000F0AD010004006670733A0000F0AD01004A
:10B3400001002E00F0AD01000B002F3130302066DF
:10B350007073202D20000000F0AD01000900206670
:10B3600072616D6573202800F0AD010003006D73FC
:10B370002F000000F0AD010003006D7329000000F4
:10B38000F0AD010022007E31352065333A33207262
:10B390003A312064233A3320723A3120643A34201F
:10B3A000723A312063233A3800000000F0AD01000A
:10B3B000150067343A31206335206520673A322022
:10B3C000653A3120673A3300F0AD01000400237282
:10B3D000756E0000F0AD010006002373636F7065A9
:10B3E00000000000F0AD0100040062746E20000057
:10B3F000F0AD0100030073696D000000F0AD0100C5
:10B4000001002800F0AD01000400292D3E280000B5
:10B41000F0AD010001002900F0AD0100010076004F
:10B42000F0AD010001006100F0AD01000A002062F2
:10B4300075636B6574732C2000000000F0AD010093
:10B4400007002066696C6C6564000000F0AD0100C7
:10B45000080020737072697465730000F0AD01001C
:10B46000090020737072697465733A00F0AD0100D1
:10B470000800594F552057494E210000F0AD0100FA
:10B480000F00247B57494E4E45527D2057494E535D
:10B4900021000000F0AD0100090047414D45204F5B
:10B4A00056455200F0AD0100070023766F6C756DB4
:10B4B00065000000F0AD01000B002362726967684F
:10B4C000746E657373000000F0AD01000700636FD8
:10B4D0006E736F6C65000000F0AD01000D00564FFB
:10B4E0004C554D4520444F574E202800F0AD0100EB
:10B4F0000B00564F4C554D4520555020280000005C
:10B50000F0AD010011004252494748544E45535393
:10B5100020444F574E202800F0AD01000F0042524A
:10B52000494748544E4553532055502028000000A9
:10B53000F0AD01000A00484944452053544154539A
:10B5400000000000F0AD01000A0053484F5720539F
:10B550005441545300000000F0AD01000C00484974
:10B56000444520434F4E534F4C450000F0AD010081
:10B570000C0053484F5720434F4E534F4C4500004B
:10B58000F0AD01000500534C45455000F0AD010001
:10B590000500434C4F534500F0AD010006005041FB
:10B5A0005553454400000000F0AD010006007365EE
:10B5B0007276657200000000F0AD01001300535474
:10B5C000415455535F4241525F444154415F4B45A2
:10B5D00059000000F0AD010008005F53505249547B
:10B5E00045530000F0AD010008005F4F4E5F5A4523
:10B5F000524F0000F0AD010012005F4F4E5F5354F8
:10B60000415455535F5245414348454400000000B2
:10B61000F0AD010012005F4F4E5F444953504C4162
:10B62000595F55504441544500000000F0AD010001
:10B630000600696D6167653200000000F0AD010031
:10B640000500537461727400F0AD01000600696D6D
:10B650006167653300000000F0AD0100050078432C
:10B66000656C6C00F0AD01000600696D61676534C2
:10B6700000000000F0AD010005005772697465001C
:10B68000F0AD01000600696D6167653500000000DE
:10B69000F0AD010007005468696E67414900000081
:10B6A000F0AD01000600696D6167653700000000BC
:10B6B000F0AD0100080053657474696E6773000093
:10B6C000F0AD01000600696D61676538000000009B
:10B6D000F0AD01000C0046696C65204D616E61673C
:10B6E00065720000F0AD01000600696D61676539A3
:10B6F00000000000F0AD01000600437572736F7228
:10B7000000000000F0AD01000700696D6167653160
:10B7100031000000F0AD01000500436C6F7365005F
:10B72000F0AD01000600696D616765310000000041
:10B73000F0AD0100090057616C6C706170657200BA
:10B74000F0AD01000700696D6167653132000000EE
:10B75000F0AD010007005461736B6261720000007C
:10B76000F0AD01000700696D6167653133000000CD
:10B77000F0AD01000300417070000000F0AD010069
:10B780000600696D6167653600000000F0AD0100DC
:10B79000080057656220436861740000F0AD010045
:10B7A0000400736F6E670000F0AD010016006D7944
:10B7B00054696C65732E7472616E73706172656E1C
:10B7C0006379313600000000F0AD010004007469B7
:10B7D0006C650000F0AD01000E007472616E737054
:10B7E0006172656E6379313600000000F0AD0100D2
:10B7F000080073657474696E67730000F0AD010032
:10B800000400686F6D650000F0AD01000B004D692C
:10B8100063726F4F532E756632000000F0AD010069
:10B820000F0077616C6C70617065722E6173736567
:10B8300074000000F0AD0100080046696C652E6DD3
:10B840006F610000F0AD0100090057726974652E48
:10B850006D6F6100F0AD010009007843656C6C2EDE
:10B860006D6F6100F0AD01000C0053657474696E7A
:10B8700067732E6D6F610000F0AD01000B0057651E
:10B8800062436861742E6D6F61000000F0AD0100CD
:10B890000B005468696E6741492E6D6F61000000AE
:10B8A000F0AD010014003E20566F6964204B6572B4
:10B8B0006E656C20323032342E310000F0AD010064
:10B8C00011003E20505458204275696C6420322E7D
:10B8D000302E3600F0AD010016003E20486F6C643B
:10B8E0002042202B20555020746F206572617365B3
:10B8F00000000000F0AD010019003E204C6F6164B3
:10B90000696E67204D6963726F3A4F532076302E0F
:10B91000302E3200F0AD010010004B6579626F618E
:10B920007264202D20526164696F0000F0AD010047
:10B9300013004B6579626F617264202D204F6E5346
:10B94000637265656E000000F0AD010015004B6587
:10B9500079626F617264202D2050696E20486561A4
:10B9600064657200F0AD01000D004D6F75736520C8
:10B970002D20526164696F00F0AD01000D004D6F24
:10B98000757365202D20442D50616400F0AD0100D9
:10B9900012004D6F757365202D2050696E2048652B
:10B9A0006164657200000000F0AD01001200436F99
:10B9B0006E6E6563746976697479202D204F6666B2
:10B9C00000000000F0AD01001400436F6E6E65636F
:10B9D000746976697479202D20526164696F000062
:10B9E000F0AD01001900436F6E6E6563746976698E
:10B9F0007479202D2050696E20486561646572005D
:10BA0000F0AD010013005765622043686174204364
:10BA100068616E6E656C202D20000000F0AD0100A5
:10BA20000A0066696C655F6E616D657300000000F9
:10BA3000F0AD01000800746573742E747874000012
:10BA4000F0AD0100130046696C65204D616E6167C1
:10BA500065722053797374656D000000F0AD0100CC
:10BA6000110046696C65204D616E616765722055F5
:10BA700073657200F0AD01000A00556E66696E696B
:10BA80007368656400000000F0AD01001B0054689D
:10BA9000696E674149204170702049736E27742098
:10BAA000417661696C61626C65000000F0AD010077
:10BAB000060053797374656D00000000F0AD01005D
:10BAC0000A00557365722046696C657300000000BA
:10BAD000F0AD010013005468697320697320612080
:10BAE000746573742066696C65000000F0AD010038
:10BAF000070073706F696E6779000000F0AD010098
:10BB000008004D6963726F3A4F530000BCAE0100EC
:10BB10000000C0FFFFFFDF41BCAE01009A99999978
:10BB20009999B93FBCAE0100000000000000E83F59
:10BB3000BCAE0100182D4454FB21F93FBCAE0100FE
:10BB40001A271792BF15B03FBCAE0100182D445400
:10BB5000FB211940BCAE0100399D52A246DF913F46
:10BB6000BCAE0100004023A6FB645A428CAE01002B
:10BB700098140000200000000000000021000000D8
:10BB80005E0000002200000E000E0000230028FED0
:10BB900028FE280024004C92FF92640025000265D4
:10BBA0001248A64026006C92926CA000270000006C
:10BBB0000E000000280000007C8200002900000028
:10BBC000827C00002A005438103854002B001010DA
:10BBD0007C1010002C000000907000002D00101050
:10BBE000101010002E000000606000002F000060A8
:10BBF000100806003000003C42423C003100004486
:10BC00007E4000003200004462524C00330000428B
:10BC10004A4E320034003028247E20003500004E89
:10BC20004A4A32003600003C4A4A300037000002DF
:10BC300062120E00380000344A4A34003900000C09
:10BC400052523C003A0000006C6C00003B000000C7
:10BC5000967600003C001028284444003D00282827
:10BC6000282828003E004444282810003F000002F5
:10BC70005909060040003C425A5608004100781419
:10BC80001214780042007E4A4A4A34004300003CC5
:10BC9000424224004400007E42423C004500007EB7
:10BCA0004A4A42004600007E0A0A02004700003C61
:10BCB000425234004800007E08087E0049000042DD
:10BCC0007E4200004A002040423E02004B00007EBF
:10BCD000081462004C00007E404040004D007E048D
:10BCE00018047E004E00007E04087E004F003C4297
:10BCF00042423C005000007E12120C005100003CF9
:10BD00005262BC005200007E12126C0053000024EC
:10BD10004A522400540002027E0202005500003EF6
:10BD200040403E005600001E70701E0057007E20EE
:10BD300018207E00580042241824420059000608AA
:10BD4000700806005A000062524A46005B00007EFE
:10BD5000424200005C000006081060005D000042E6
:10BD6000427E00005E000804020408005F0080803C
:10BD7000808080006000000002040000610000304C
:10BD8000484878006200007E484830006300003078
:10BD9000484848006400003048487E006500003094
:10BDA00068585000660000107C12040067000018FC
:10BDB000A4A478006800007E0808700069000048AC
:10BDC0007A4000006A000040847D00006B00007E25
:10BDD000102840006C0000427E4000006D00780892
:10BDE000300870006E000078080870006F000030A6
:10BDF00048483000700000FC24241800710000182E
:10BE00002424FC0072000078100810007300005019
:10BE100058682800740000083E482000750000386B
:10BE200040407800760000186060180077003840C5
:10BE30003040380078000048303048007900005C1D
:10BE4000A0A07C007A000048685848007B000008E9
:10BE5000364100007C000000FE0000007D00004133
:10BE6000360800007E00000804080400A00000005E
:10BE700000000000A10000007A000000A2000030D5
:10BE800048FC4800A30090FC92928400A40054282F
:10BE900044285400A5002A2C782C2A00A600000073
:10BEA000EE000000A7000094AAAA5200A800000219
:10BEB00000020000A9003E414955413EAA0000246D
:10BEC0002A2E0000AB00102854284400AC000010BB
:10BED00010107000AD00001010101000AE003E41B8
:10BEE0005D45413EAF00000202020200B0000008C2
:10BEF00014140800B1008888BE888800B2000024AD
:10BF0000322C0000B30000222A140000B40000000C
:10BF100004020000B50000F840207800B6000C1EB6
:10BF20007E027E00B700000010000000B800000094
:10BF300080400000B90000243E200000BA00002428
:10BF40002A240000BB00442854281000BC00025FD3
:10BF500070F84000BD00021F90C8B000BE0011552F
:10BF60007AF84000BF000030484D2000C000601942
:10BF700016186000C100601816196000C200601A2F
:10BF8000151A6000C300601A151A6100C400601918
:10BF900014196000C500601A151A6000C6007C0AFA
:10BFA0007E4A4200C700001EA1611200C800007C4A
:10BFB00055564400C900007C56554400CA00007C18
:10BFC00056554600CB00007C55544500CC0000453A
:10BFD0007E440000CD0000447E450000CE000046B7
:10BFE0007D460000CF0000457C450000D000087E63
:10BFF0004A423C00D100007E09127D00D200003888
:10C0000045463800D300003846453800D400003893
:10C0100046453A00D500003A45463900D60000387A
:10C0200045443900D700442810284400D80000FCBB
:10C03000724E3F00D900003C41423C00DA00003C17
:10C0400042413C00DB00003C42413E00DC00003C41
:10C0500041403D00DD00040872090400DE00007E5E
:10C0600024241800DF00007C025A2400E000003085
:10C07000494A7800E10000304A497800E200003087
:10C080004A497A00E3000032494A7900E40000306E
:10C090004A487A00E50000304A4D7A00E600304810
:10C0A00078685000E7000018A4642400E80000301D
:10C0B000695A5000E90000306A595000EA00003027
:10C0C0006A595200EB0000306A585200EC000049F7
:10C0D0007A400000ED0000487A410000EE00004A7E
:10C0E00079420000EF00004A78420000F000003082
:10C0F0004A4B3D00F100007A090A7100F20000305D
:10C10000494A3000F30000304A493000F400003062
:10C110004A493200F5000032494A3100F600003049
:10C120004A483200F700101054101000F800007058
:10C1300068583800F900003841427800FA000038A9
:10C1400042417800FB00003842417A00FC00003890
:10C1500042407A00FD0000B84241F800FE0000FFB6
:10C1600024241800FF00005CA1A07D0000016019DC
:10C1700015196000010100304A4A7A000201611A73
:10C1800016196000030100314A4A790004013C0A93
:10C19000094ABC00050100182464BC0006010038EF
:10C1A00046452800070100304A4948000801003888
:10C1B00046452A00090100304A494A000A01003870
:10C1C000444528000B010030484A48000C01003863
:10C1D000454629000D010030494A49000E01007C06
:10C1E000454639000F0100314A497E001001087EA2
:10C1F0004A423C00110130484C7E04001201007D8F
:10C2000055554500130100326A5A52001401007D51
:10C2100056564500150100316A5A51001601007C3E
:10C2200055544400170100306A5850001801003F6F
:10C2300065A521001901001874AC28001A01007CC2
:10C24000555645001B010030695A51001C01003849
:10C25000465536001D0100304A49F2001E010039E2
:10C26000465635001F0100314A4AF10020010038CE
:10C270004455340021010018A4A578002201001EB5
:10C28000A1691A0023010018A6A5780024010078EE
:10C2900012117A0025017E080A7102002601047E2F
:10C2A000147E04002701047E0C087000280100029F
:10C2B000457E450029010002497A41002A010045D6
:10C2C0007D4500002B01004A7A4200002C0100014C
:10C2D0004A7A49002D0100014A7A41002E010021CD
:10C2E0007FA100002F0100247DA000003001004448
:10C2F0007D440000310100487840000032017E009A
:10C3000022423E0033013D0040847D003401204044
:10C31000463D0600350100800AF90200360100BFE3
:10C32000440A3100370100BF48142000380100786A
:10C33000102848003901007C404241003A01004683
:10C340007D4000003B01003FA06020003C0100A1B7
:10C350007F2000003D01007C414241003E0100453C
:10C360007E4100003F01007E404840004001004205
:10C370007E4008004101107E4840400042010052CA
:10C380007E4800004301007C0A117C0044010078D3
:10C390000A097000450100BF42043F00460100BC8D
:10C3A000440438004701007C09127D0048010079EF
:10C3B0000A09700049010A06780870004A01003F26
:10C3C00002847F004B01003C048478004C01394515
:10C3D000454539004D0100324A4A32004E01394686
:10C3E000464639004F0100314A4A310050013A4572
:10C3F00044463900510132494832010052013C4261
:10C400007E4A420053013048306850005401007C9D
:10C41000163548005501007812091000560100BF7A
:10C4200049093600570100BC480408005801007D46
:10C430001635480059010079120910005A010048C8
:10C44000565524005B0100505A6928005C010048E1
:10C45000565526005D0100505A692A005E010012FF
:10C46000A56912005F010028AC7414006001004847
:10C470005556250061010050596A290062010101E9
:10C48000BF410100630100049F64100064010405C2
:10C490007E050400650100083D4A21006601021284
:10C4A0007E120200670100183E5820006801003A21
:10C4B000414239006901003A414279006A01003D78
:10C4C00041413D006B01003A42427A006C01003963
:10C4D000424239006D010039424279006E01003A52
:10C4E00045453A006F01003A45457A0070013A41EE
:10C4F000403A010071013A41407A01007201001F87
:10C5000060A01F007301001C60A03C007401782231
:10C510001122780075013842314238007601081244
:10C5200061120800770100B84241FA00780104095D
:10C530007009040079010064564D44007A010048F6
:10C540006A5948007B010064544D44007C01004856
:10C55000685A48007D010064554E45007E01004840
:10C56000695A49007F0100087C0204008F010034F1
:10C5700052523C00920100887E090200A0013C4218
:10C58000423C0806A101003048483008AF01003E97
:10C59000403E0806B001003840781008B501006A36
:10C5A0005A4A4E00B601005878585800D101003858
:10C5B00045463900D2010030494A3100E6010038D1
:10C5C00045563500E7010030494AF100FA01007490
:10C5D0002A750000FB0100304C4A7D00FC017814F4
:10C5E0007E554400FD0130487A695000FE01007814
:10C5F000744E3D00FF0100706A59380018020012A5
:10C60000A569120019020028AC7414001A02010175
:10C61000BF4101001B0200049F641000BB02000028
:10C620000C0A0000BC0200000A060000BD02000067
:10C63000060A0000C602000201020000C702000153
:10C6400002010000C902000202020000D80200013B
:10C6500002020100D902000002000000DA0200021A
:10C6600005020000DB02000040800000DC02000246
:10C6700001020100DD02020100020100740300005A
:10C680000201000075030000804000007A030000F2
:10C69000C08000007E030000967600008403000046
:10C6A0000300000085030200030002008603037CF0
:10C6B00012127C00870300001000000088030300B2
:10C6C0007E4A4200890303007E087E008A0303003D
:10C6D000427E42008C03033C42423C008E03030036
:10C6E0000E700E008F03035C62625C009003020018
:10C6F0003B400200910378141214780092037E4AA2
:10C700004A4A34009303007E0202020094036058F8
:10C71000465860009503007E4A4A42009603006234
:10C72000524A46009703007E08087E0098033C4A60
:10C730004A4A3C00990300427E4200009A03007E70
:10C74000081462009B036018061860009C037E04B6
:10C7500018047E009D03007E04087E009E030042B4
:10C760004A4A42009F033C4242423C00A003007EF2
:10C7700002027E00A103007E12120C00A3030066D9
:10C780005A424200A40302027E020200A5030608E8
:10C7900070080600A60318247E241800A70342246C
:10C7A00018244200A8030E107E100E00A9035C623C
:10C7B00002625C00AA0300457C450000AB0304094B
:10C7C00070090400AC030030484A7900AD03003022
:10C7D000685A5100AE0378100A09F000AF03003A1E
:10C7E00041200000B0033A4043403A00B10300301A
:10C7F00048487800B20300FE25251A00B3030C3028
:10C80000C0300C00B403344A4A4A3000B50300304B
:10C8100068585000B603021AA6A24200B7033C08AB
:10C820000404F800B803003C4A4A3C00B90300384D
:10C8300040200000BA03007820504800BB03641277
:10C8400012227C00BC03FC2020103C00BD031820F9
:10C8500040201800BE03112D2BA94100BF0300305A
:10C8600048483000C003087808780800C103F8245D
:10C8700024241800C2031824A4A44800C303304889
:10C8800048582800C403000838482800C503384029
:10C8900040403800C6031C20F8241800C703C428F1
:10C8A0001028C400C8031C20FC201C00C903304809
:10C8B00020483000CA03000238422000CB0338422F
:10C8C00040423800CC0330484A493000CD0338405C
:10C8D00042413800CE03304822493000D0033C5258
:10C8E000525C2000D10310344A3C0800D203067881
:10C8F00004020400D303120A7C020400D4030D7066
:10C9000009040800D5031824FF241800D60338486A
:10C9100028483800D70348302221D800DA031C22E7
:10C9200021A14200DB031824A4A44200DC037E12F0
:10C9300012020200DD0300FC24240400DE033E207A
:10C9400010087C00DF030C0AC9281800E003700CF3
:10C95000621C7000E10301092516F800E2039EA0A5
:10C96000BEA07E00E30398A0B8A07800E4030C12F8
:10C9700014107E00E503001028207800E603BE9026
:10C9800088887000E70348544E443800E803245276
:10C9900052524C00E903285454544800EA036452AC
:10C9A0004C526400EB03086458640800EC033854EC
:10C9B00054542200ED03306848682400EE03184AFE
:10C9C0007E4A1800EF031848FF0A0800F0034830B9
:10C9D00020205800F10378A4A4A49800F203304862
:10C9E00048485000F303006080847D00F4033C4A13
:10C9F0004A4A3C00F5030030585848000004007CC7
:10CA0000555644000104007C5554450002040101C0
:10CA10003F8579000304007C0605040004043C4AB9
:10CA20004A422400050400244A522400060400421D
:10CA30007E420000070400457C45000008042040B9
:10CA4000423E020009047C027E4830000A047E084F
:10CA50007E4830000B0402027E0A72000C04007C47
:10CA6000102A45000D047C2112087C000E040C5194
:10CA700052523D000F043F20E0203F001004781484
:10CA80001214780011047E4A4A4A300012047E4A89
:10CA90004A4A34001304007E020202001404C07CDF
:10CAA000427EC0001504007E4A4A42001604760801
:10CAB0007E087600170424424A4A34001804007E97
:10CAC00008047E001904007D120A7D001A04007E0D
:10CAD000081462001B04403C02027E001C047E0419
:10CAE00018047E001D04007E08087E001E043C42DF
:10CAF00042423C001F047E0202027E002004007EAF
:10CB000012120C002104003C4242240022040202C2
:10CB10007E02020023040E5050503E0024041824CC
:10CB20007E241800250442241824420026043F20B5
:10CB300020BF600027040E1010107E0028047E40E5
:10CB40007E407E0029043F203FA07F002A04027E11
:10CB5000484830002B047E4848307E002C04007E7C
:10CB6000484830002D0424424A4A3C002E047E18D6
:10CB70003C423C002F04006C12127E00300430480E
:10CB8000487840003104003C4A4A310032040078C1
:10CB90006850200033040078080808003404C0708E
:10CBA0004878C000350430686850000036044830CA
:10CBB0007830480037040040586830003804784026
:10CBC0002010780039047942221279003A04007862
:10CBD000203048003B044030080878003C047810BE
:10CBE000201078003D047810101078003E04304882
:10CBF000484830003F047808080878004004FC24C6
:10CC000024241800410430484848500042040808D1
:10CC10007808080043041CA0A0A07C004404182449
:10CC2000FF241800450400483030480046043C20EA
:10CC300020BC600047041820202078004804784079
:10CC40007840780049043C203CA07C004A040878E5
:10CC5000505020004B047850502078004C0400784D
:10CC6000505020004D044858683000004E04783081
:10CC7000304830004F04502828780000500400301D
:10CC8000696A500051040032686A50005204023F41
:10CC90000A887000530400780A0908005404003020
:10CCA0006858480055040050586828005604004849
:10CCB0007A4000005704004A7842000058040040BF
:10CCC00080847D0059047008785020005A04781040
:10CCD000785020005B04047E141060005C0400782F
:10CCE000223148005D047841221078005E0418A1CA
:10CCF000A2A279005F043C20E0203C006204027F95
:10CD00004A4830006304087E5850200070040E101A
:10CD10007E100E00710418207820180072043C4A1E
:10CD20004A4A3C0073043068586830007404001E9E
:10CD300070180C0075040018603010009004007E1C
:10CD4000020203009104007808080C009204087E97
:10CD50000A0A0200930420782808080096043B047D
:10CD60003F043BE0970424183C1824C09A04003F79
:10CD7000040A31C09B04003C101824C0AE0406080D
:10CD800070080600AF040C10E0100C00B004161878
:10CD900070181600B1042C30E0302C00B2042112BF
:10CDA0000C1221C0B3040024181824C0BA047E0851
:10CDB00008087000BB04007E08087000D804003426
:10CDC00052523C00D904002868583000E204004563
:10CDD0007D450000E304004A7A420000E8043C4A32
:10CDE0004A4A3C00E904003058583000EE04003D47
:10CDF00041413D00EF04003A42427A00D0056810FC
:10CE000020285000D105484848784000D205004805
:10CE100030600000D305080808780800D4056808C9
:10CE200008087800D505000008780000D605080835
:10CE300018680800D705087808087800D8057840F1
:10CE400050487800D905000008180000DA050404ED
:10CE50000404FC00DB05484848483800DC050E485F
:10CE600048281800DD05087848487800DE05582075
:10CE700010487000DF05000004FC0000E0050040E1
:10CE800040487800E105000878483800E205487815
:10CE900040281800E305041C0404FC00E40548587D
:10CEA00048483800E50504F820140800E605485015
:10CEB00060685000E705F40424241C00E805080815
:10CEC00008087000E905785058403800EA054878AD
:10CED00008087800F005087800087800F1050818BF
:10CEE00000087800F205081800081800F305000093
:10CEF00010080000F405100800100800021E7C5401
:10CF000055542800031E007E484930000A1E007C4C
:10CF1000454438000B1E003049487E001E1E007C30
:10CF2000151404001F1E001079140800401E7E0412
:10CF300019047E00411E780832087000561E007CDD
:10CF400015140800571E00FC25241800601E004818
:10CF500054552400611E0050586A28006A1E0404BB
:10CF60007D0404006B1E00083D482000801E7C21CB
:10CF700012207C00811E384132403800821E7C2005
:10CF800012217C00831E384032413800841E7C21EF
:10CF900010217C00851E384230423800F21E040900
:10CFA00072080400F31E00B84142F800A3207E0A74
:10CFB0007A120A00A420A8FCAA828400A720087E76
:10CFC0002A1C0800AB200098A4A6BF02AC20183C85
:10CFD0005A5A4200AF20627F224438009021103814
:10CFE00054101000912108047E04080092211010B2
:10CFF00054381000932110207E2010009421103806
:10D000001010381095212844FE4428008CAE0100F1
:10D01000A609000020000000000000000000000041
:10D0200000000000000000000000000000002100DF
:10D03000000000000006FC000000000000000000EE
:10D040000000000000000000220000001C000000A2
:10D0500000001C00000000000000000000000000B4
:10D0600000002300A000F807A000F807A0000000BF
:10D07000000000000000000000000000240000008C
:10D0800018022404460C8803000000000000000081
:10D0900000000000000025003802C40178002003D1
:10D0A00090040803000000000000000000000000E1
:10D0B000260080037804A4041803800340040000C1
:10D0C0000000000000000000000027000000000039
:10D0D0001C00000000000000000000000000000034
:10D0E00000000000280000000000F801060601080A
:10D0F0000000000000000000000000000000290007
:10D10000000001080606F801000000000000000011
:10D1100000000000000000002A00040014000E00BF
:10D1200014000400000000000000000000000000E7
:10D1300000002B0040004000F803400040000000C9
:10D140000000000000000000000000002C000000B3
:10D1500000000009000600000000000000000000C0
:10D160000000000000002D00000080008000800012
:10D1700000000000000000000000000000000000AF
:10D180002E0000000000000600000000000000006B
:10D19000000000000000000000002F00000C8003D1
:10D1A00060001C0003000000000000000000000000
:10D1B0000000000030000000F80304040404F80339
:10D1C000000000000000000000000000000031002E
:10D1D000000004040404FC07000400040000000034
:10D1E00000000000000000003200000008060405F6
:10D1F000C40438040000000000000000000000002B
:10D20000000033000000080244044404B803000096
:10D2100000000000000000000000000034000000DA
:10D22000800170010801FC070001000000000000FF
:10D23000000000000000350000023C042404240427
:10D24000C403000000000000000000000000000017
:10D2500036000000F0034804440488030000000086
:10D260000000000000000000000037000000040083
:10D27000C40734000C0000000000000000000000A3
:10D280000000000038000000B80344044404B80360
:10D290000000000000000000000000000000390055
:10D2A0000000780284048802F00100000000000001
:10D2B00000000000000000003A00000000003006FE
:10D2C000000000000000000000000000000000005E
:10D2D00000003B00000000001809000600000000EC
:10D2E0000000000000000000000000003C004000C2
:10D2F000A000A000A000100100000000000000003D
:10D300000000000000003D0020012001200120015C
:10D3100020010000000000000000000000000000EC
:10D320003E0000001001A000A000A000400000008E
:10D33000000000000000000000003F0000000800A6
:10D3400084066400180000000000000000000000D7
:10D35000000000004000F0030C04C2082209240968
:10D36000F80900000000000000000000000041007B
:10D370000007F8008400F80000070000000000002B
:10D38000000000000000000042000000FC07440410
:10D390004404B8030000000000000000000000008A
:10D3A000000043000000F001080204040404080225
:10D3B0000000000000000000000000004400000029
:10D3C000FC0704040802F001000000000000000057
:10D3D00000000000000045000000FC074404440475
:10D3E00044040000000000000000000000000000F5
:10D3F00046000000FC074400440044000000000018
:10D400000000000000000000000047000000F001E4
:10D4100008024404C80300000000000000000000EF
:10D420000000000048000000FC0740004000FC072E
:10D4300000000000000000000000000000004900A3
:10D4400000000404FC0704040404000000000000C1
:10D4500000000000000000004A000000000200047C
:10D460000004FC03000000000000000000000000B9
:10D4700000004B000000FC074000F0000C03040417
:10D480000000000000000000000000004C00000050
:10D49000FC0700040004000400000000000000007D
:10D4A0000000000000004D000000FC073800700084
:10D4B000FC07000000000000000000000000000069
:10D4C0004E000000FC073800C003FC07000000000D
:10D4D000000000000000000000004F000000F80302
:10D4E00004040404F8030000000000000000000031
:10D4F0000000000050000000FC078400840044008D
:10D500007800000000000000000000000000510052
:10D510000000FC0102020206FC09000000000000FD
:10D52000000000000000000052000000FC07440062
:10D53000C4013806000000000000000000000000E8
:10D540000000530000001802240444048803000073
:10D550000000000000000000000000005400000077
:10D5600004000400FC0704000400000000000000A8
:10D5700000000000000055000000FC03000400044F
:10D58000FC0300000000000000000000000000009C
:10D5900056000C00F0030004F0030C000000000033
:10D5A0000000000000000000000057007C00800721
:10D5B000E001F0010007FC00000000000000000096
:10D5C0000000000058000404B8034000B80304043D
:10D5D00000000000000000000000000000005900F2
:10D5E00004003800C00730000C00000000000000FC
:10D5F00000000000000000005A0004040407E404D6
:10D600001C040404000000000000000000000000F2
:10D6100000005B0000000000FF0F0108010800008F
:10D620000000000000000000000000005C0003009B
:10D630001C0060008003000C0000000000000000DF
:10D640000000000000005D00000001080108FF0F5D
:10D6500000000000000000000000000000000000CA
:10D660005E00400038000400380040000000000068
:10D67000000000000000000000005F00000800083B
:10D680000008000800080000000000000000000082
:10D690000000000060000000000002000400000024
:10D6A0000000000000000000000000000000610019
:10D6B0000000200390049004E00700000000000038
:10D6C000000000000000000062000000FC071004E1
:10D6D0001004E00300000000000000000000000053
:10D6E000000063000000C0012002100430040002AA
:10D6F00000000000000000000000000064000000C6
:10D70000E00310041004FC0700000000000000000B
:10D7100000000000000065000000E0039004900499
:10D72000E004000000000000000000000000000015
:10D73000660000001000F80714001400000000004C
:10D740000000000000000000000067000000B806B4
:10D75000440944093C0904060000000000000000E0
:10D760000000000068000000FC0710001000E00747
:10D770000000000000000000000000000000690040
:10D7800000000000F407000000000000000000009E
:10D7900000000000000000006A0000080008000807
:10D7A000FD07000000000000000000000000000075
:10D7B00000006B000000FE078000E001100610046E
:10D7C0000000000000000000000000006C000000ED
:10D7D0000000FC0300040004000000000000000042
:10D7E0000000000000006D00F00710001000E007CE
:10D7F0001000E00700000000000000000000000032
:10D800006E000000F00710001000E00700000000AC
:10D81000000000000000000000006F000000E003B6
:10D8200010041004E00300000000000000000000ED
:10D830000000000070000000FC0F04010401F8006B
:10D840000000000000000000000000000000710067
:10D850000000F80004010401FC0F000000000000BB
:10D86000000000000000000072000000F00720002F
:10D870001000100000000000000000000000000088
:10D880000000730000006002900490042003000078
:10D890000000000000000000000000007400000014
:10D8A0001000FC0310041004000000000000000041
:10D8B00000000000000075000000F00300040004F8
:10D8C000F007000000000000000000000000000061
:10D8D00076003000C0030004C003300000000000E8
:10D8E000000000000000000000007700F0000007CA
:10D8F000E003C0010007F00000000000000000008D
:10D900000000000078001004600380006003100431
:10D91000000000000000000000000000000079008E
:10D920000C0870088007F0000C00000000000000E8
:10D9300000000000000000007A0000000004100752
:10D9400090047004100400000000000000000000BB
:10D9500000007B0000004000BE0701080108000035
:10D960000000000000000000000000007C0000003B
:10D970000000FF0F00000000000000000000000099
:10D980000000000000007D00000001080108BE0743
:10D990004000000000000000000000000000000047
:10D9A0007E008000400040008000800040000000B9
:10D9B0000000000000000000000000008CAE01002C
:10D9C0008803000020000000000000002100001774
:10D9D00000000000220000030003000023000A1FD3
:10D9E0000A1F0A0024000A17151D0A002500130942
:10D9F0000412190026000A15150A1000270000035A
:10DA0000000000002800000E110000002900001195
:10DA10000E0000002A00000A040A00002B00000487
:10DA20000E0400002C000010080000002D0000046F
:10DA3000040400002E000008000000002F00100861
:10DA40000402010030000E11110E0000310000121E
:10DA50001F100000320019151512000033000911C3
:10DA6000150B000034000C0A091F080035001715BB
:10DA7000151509003600081416150800370011099D
:10DA80000503010038000A1515150A0039000215B2
:10DA90000D0502003A00000A000000003B000010E3
:10DAA0000A0000003C0000040A1100003D00000ACA
:10DAB0000A0A00003E0000110A0400003F000201B3
:10DAC0001505020040000E1115090E0041001E054B
:10DAD000051E000042001F15150A000043000E112C
:10DAE0001111000044001F11110E000045001F1508
:10DAF0001511000046001F050501000047000E112A
:10DB000011150C0048001F04041F00004900111FDC
:10DB1000110000004A000911110F01004B001F0401
:10DB20000A1100004C001F10101000004D001F02D1
:10DB300004021F004E001F0204081F004F000E11B8
:10DB4000110E000050001F050502000051000609DB
:10DB50001916000052001F05050A10005300121587
:10DB600015090000540001011F01010055000F10AC
:10DB7000100F0000560007081008070057001F0884
:10DB800004081F0058001B04041B00005900010278
:10DB90001C0201005A001915131100005B00001F40
:10DBA000111100005C000102040810005D0000116A
:10DBB000111F00005E000002010200005F00101053
:10DBC00010101000600000010200000061000C1243
:10DBD000121E100062001F141408000063000C12D3
:10DBE0001212000064000814141F000065000E15D6
:10DBF000151200006600041E0501000067000215F2
:10DC0000150F000068001F04041800006900001DC3
:10DC1000000000006A000010100D00006B001F04DF
:10DC20000A1000006C00000F101000006D001E02B2
:10DC300004021E006E001E02021C00006F000C1287
:10DC4000120C000070001E0A0A0400007100040A91
:10DC50000A1E000072001C02020200007300101471
:10DC60000A0200007400000F1414100075000E105A
:10DC7000101E1000760006081008060077001E101F
:10DC800008101E007800120C0C120000790012140B
:10DC9000080402007A00121A161200007B00000429
:10DCA0001F1100007C00001F000000007D00111FFC
:10DCB000040000007E00000404080800D3000C12D9
:10DCC00013130C00F3000C12130D000004010E05D9
:10DCD000051E100005010609191F080006010C1297
:10DCE0001313120007010C121313000018010F0B7D
:10DCF0001B19000019010E151D1A000041011F1407
:10DD0000121000004201100F1412000043011F0204
:10DD100005081F0044011E03031C00005A011014D3
:10DD20000B0302005B0110140B0300007901121AAF
:10DD3000171300007A01121A171300007B01121B3F
:10DD4000171200007C01121B171200008CAE01009C
:10DD50003000000000000032008F5900947A00B3B8
:10DD60000148EF0091FF5C6FFFB67CFED5B3FFEF7B
:10DD70009EFFFF00AEFFAE00FFFFFF96969637377F
:10DD8000370000008CAE010008000000870400008E
:10DD9000000000008CAE0100240000008704070092
:10DDA000080000000000000040440000505504043A
:10DDB000505555055055010110110000000000009C
:10DDC0008CAE0100880000008704100010000000E5
:10DDD0000000000000000000000000000000000043
:10DDE0000000005005000000000000055000000089
:10DDF0000050454444040000004555444444000498
:10DE0000004555555555040400455555555545058E
:10DE100000455555555511050045555555150101F8
:10DE2000004555111111000100501511110100009C
:10DE30000000000550000000000000500500000038
:10DE400000000000000000000000000000000000D2
:10DE50008CAE010088000000870410001000000054
:10DE600000000000000000000000000000000000B2
:10DE7000006666666666060060FFFFFF666F660006
:10DE800060FFFFFFF6FF660060FFF1FF666F660050
:10DE900060FFF1FF6666660060FFFFF16666660080
:10DEA00060FFFFF16666660060FFF1FF6666660070
:10DEB00060FFF1FF66F6660060FFFFFF66666600C2
:10DEC00060FFFFFFF666660000666666666606002F
:10DED0000000000000000000000000000000000042
:10DEE0008CAE0100D802000087042400240000004A
:10DEF0000011111111111111111111111111111123
:10DF000011000000103133333333333333333333C1
:10DF10003333333313010000111311111111111197
:10DF200011111111111111113111000031111111C3
:10DF300011111111111111111111111111130000F1
:10DF400031111111111111111111111111111111A1
:10DF500011130000311111111111111111111111B1
:10DF600011111111111300003111111111111111A1
:10DF70001111111111111111111300003111111191
:10DF800011111111111111111111111111130000A1
:10DF90003111111111111111111111111111111151
:10DFA0001113000031111111111111111111111161
:10DFB0001111111111130000311111111111111151
:10DFC0001111111111111111111300003111111141
:10DFD0001111111111111111111111111113000051
:10DFE0003111111111111111111111111111111101
:10DFF0001113000031111111111111111111111111
:10E000001111111111130000311111111111111100
:10E0100011111111111111111113000031111111F0
:10E020001111111111111111111111111113000000
:10E0300031111111111111111111111111111111B0
:10E0400011130000311111111111111111111111C0
:10E0500011111111111300003111111111111111B0
:10E0600011111111111111111113000031111111A0
:10E0700011111111111111111111111111130000B0
:10E080003111111111111111111111111111111160
:10E090001113000031111111111111111111111170
:10E0A0001111111111130000311111111111111160
:10E0B0001111111111111111111300003111111150
:10E0C0001111111111111111111111111113000060
:10E0D0003111111111111111111111111111111110
:10E0E0001113000031111111111111111111111120
:10E0F0001111111111130000311111111111111110
:10E1000011111111111111111113000031111111FF
:10E11000111111111111111111111111111300000F
:10E1200031111111111111111111111111111111BF
:10E1300011130000311111111111111111111111CF
:10E1400011111111111300003111111111111111BF
:10E1500011111111111111111113000031111111AF
:10E1600011111111111111111111111111130000BF
:10E17000311111111111111111111111111111116F
:10E18000111300001113111111111111111111119D
:10E190001111111131110000103133333333333386
:10E1A0003333333333333333130100000011111190
:10E1B0001111111111111111111111111100000082
:10E1C0008CAE0100D8020000870424002400000067
:10E1D0000022222222222222222222222222222241
:10E1E00022000000203233333333333333333333BD
:10E1F000333333332302000022232222222222221D
:10E200002222222222222222322200003222111134
:10E2100011111111111111111111111122230000ED
:10E2200032121111111111111111111111111111BC
:10E2300021230000321211111111111111111111AC
:10E24000111111112123000032121111111111119C
:10E25000111111111111111121230000321211118C
:10E26000111111111111111111111111212300009E
:10E27000321211111111111111111111111111116C
:10E28000212300003212111111111111111111115C
:10E29000111111112123000032121111111111114C
:10E2A000111111111111111121230000321211113C
:10E2B000111111111111111111111111212300004E
:10E2C000321211111111111111111111111111111C
:10E2D000212300003212111111111111111111110C
:10E2E00011111111212300003212111111111111FC
:10E2F00011111111111111112123000032121111EC
:10E3000011111111111111111111111121230000FD
:10E3100032121111111111111111111111111111CB
:10E3200021230000321211111111111111111111BB
:10E3300011111111212300003212111111111111AB
:10E34000111111111111111121230000321211119B
:10E3500011111111111111111111111121230000AD
:10E36000321211111111111111111111111111117B
:10E37000212300003212111111111111111111116B
:10E38000111111112123000032121111111111115B
:10E39000111111111111111121230000321211114B
:10E3A000111111111111111111111111212300005D
:10E3B000321211111111111111111111111111112B
:10E3C000212300003212111111111111111111111B
:10E3D000111111112123000032121111111111110B
:10E3E00011111111111111112123000032121111FB
:10E3F000111111111111111111111111212300000D
:10E4000032121111111111111111111111111111DA
:10E4100021230000321211111111111111111111CA
:10E4200011111111212300003212111111111111BA
:10E4300011111111111111112123000032121111AA
:10E4400011111111111111111111111121230000BC
:10E45000322211111111111111111111111111117A
:10E4600022230000222322222222222222222222CE
:10E47000222222223222000020323333333333333C
:10E480003333333333333333230200000022222269
:10E4900022222222222222222222222222000000C2
:10E4A0008CAE0100D8020000870424002400000084
:10E4B0000044444444444444444444444444444460
:10E4C0004400000040343333333333333333333396
:10E4D000333333334304000044434444444444440A
:10E4E00044444444444444443444000034441111FA
:10E4F00011111111111111111111111144430000C9
:10E5000034141111111111111111111111111111D5
:10E510004143000034141111111111111111111185
:10E520001111111141430000341411111111111175
:10E530001111111111111111414300003414111165
:10E54000111111111111111111111111414300007B
:10E550003414111111111111111111111111111185
:10E560004143000034141111111111111111111135
:10E570001111111141430000341411111111111125
:10E580001111111111111111414300003414111115
:10E59000111111111111111111111111414300002B
:10E5A0003414111111111111111111111111111135
:10E5B00041430000341411111111111111111111E5
:10E5C00011111111414300003414111111111111D5
:10E5D00011111111111111114143000034141111C5
:10E5E00011111111111111111111111141430000DB
:10E5F00034141111111111111111111111111111E5
:10E600004143000034141111111111111111111194
:10E610001111111141430000341411111111111184
:10E620001111111111111111414300003414111174
:10E63000111111111111111111111111414300008A
:10E640003414111111111111111111111111111194
:10E650004143000034141111111111111111111144
:10E660001111111141430000341411111111111134
:10E670001111111111111111414300003414111124
:10E68000111111111111111111111111414300003A
:10E690003414111111111111111111111111111144
:10E6A00041430000341411111111111111111111F4
:10E6B00011111111414300003414111111111111E4
:10E6C00011111111111111114143000034141111D4
:10E6D00011111111111111111111111141430000EA
:10E6E00034141111111111111111111111111111F4
:10E6F00041430000341411111111111111111111A4
:10E700001111111141430000341411111111111193
:10E710001111111111111111414300003414111183
:10E720001111111111111111111111114143000099
:10E730003444111111111111111111111111111173
:10E740004443000044434444444444444444444413
:10E75000444444443444000040343333333333338B
:10E7600033333333333333334304000000444444FE
:10E770004444444444444444444444444400000025
:10E780008CAE010008020000870420002000000079
:10E790000000000000000000000000000000000079
:10E7A000000000000000C0FCFF0F0000000000009F
:10E7B000000000000000BCDDDDFB000000000000E8
:10E7C000000000000000DCBBBBFD000000000000FA
:10E7D000000000000000CCBBBBFC000000000000FB
:10E7E0000000000000C0BCD1BDFB0F000000000015
:10E7F0000000000000C01B11DDBB0F000000000086
:10E800000000000000C0BCBBBBCB0F00000000003C
:10E810000000000000BC11D1DDDDCB0000000000D5
:10E8200000000000C01D11DDDDDDD10C0000000086
:10E8300000000000BCD1CBBCFBCF1DCB0000000012
:10E84000000000001CCDCCDDBDFFDFC100000000DA
:10E85000000000001CCCCCDBCBFFCFC100000000CF
:10E8600000000000DBCBCCCCFCFFBFCD00000000E3
:10E8700000000000BBBDCCCCFFCFDBBB0000000024
:10E8800000000000B0DBBDBBBBDBBD0B0000000027
:10E890000000000000B0CBCCCCBC0B00000000009E
:10E8A0000000000000000000000000000000000068
:10E8B000000000000000D007700D00000000000004
:10E8C0000000000000007066660700000000000005
:10E8D000000000000000006776000000000000005B
:10E8E00000000000006607000070660000000000E5
:10E8F0000000000000676677776676000000000081
:10E900000000000000606666666606000000000009
:10E910000000000066006766667600660000000082
:10E92000000000006676000000006766000000003E
:10E930000000000067667677776766760000000063
:10E9400000000000606666666666660600000000FD
:10E950000000000000676666666676000000000042
:10E9600000000000000067666676000000000000FE
:10E970000000000000000000000000000000000097
:10E980000000000000000000000000000000000087
:10E990008CAE010008020000870420002000000067
:10E9A0000000000000000000000000000000000067
:10E9B0000000000000000000000000000000000057
:10E9C0000000000000000000000000000000000047
:10E9D0000000000000000000000000000000000037
:10E9E0000000000000000000000000000000000027
:10E9F0000000000000000000000000000000000017
:10EA00000000000000000000000000000000000006
:10EA100000000000000000000000000000000000F6
:10EA200000000000000000B0BB000000000000007B
:10EA30000000000000B000404500B00000000000F1
:10EA400000000000005B0B000400540B00000000FD
:10EA500000000000B0550400000054B500000000A4
:10EA60000000000000440040BB0040040000000023
:10EA700000000000000040D4DDBB000000000000EA
:10EA80000000000000004055DDBD00000000000057
:10EA9000000000004B005455D5DD0B400B0000007A
:10EAA000000000005B045411D5DD0B540B00000086
:10EAB000000000004B005411D5DD0B400B0000009E
:10EAC0000000000000004055DDBD00000000000017
:10EAD00000000000000040D4DDBB0000000000008A
:10EAE0000000000000440040BB00400400000000A3
:10EAF00000000000B0550400000054B50000000004
:10EB000000000000005B04000400540B0000000043
:10EB10000000000000B000404500B0000000000010
:10EB200000000000000000B0BB000000000000007A
:10EB300000000000000000000000000000000000D5
:10EB400000000000000000000000000000000000C5
:10EB500000000000000000000000000000000000B5
:10EB600000000000000000000000000000000000A5
:10EB70000000000000000000000000000000000095
:10EB80000000000000000000000000000000000085
:10EB90000000000000000000000000000000000075
:10EBA0008CAE010008020000870420002000000055
:10EBB0000000000000000000000000000000000055
:10EBC0000000000000000000000000000000000045
:10EBD0000000000000000000000000000000000035
:10EBE0000000000000000000000000000000000025
:10EBF0000000000000000000000000000000000015
:10EC00000000000000000000000000000000000004
:10EC100000000000000000000000000000000000F4
:10EC200000000020020000000000002002000000A0
:10EC3000000000202200000000000022020000006E
:10EC4000000000002202000000002022000000005E
:10EC5000000000002022000000002202000000004E
:10EC6000000000000022020000202200000000003E
:10EC7000000000000020220000220200000000002E
:10EC8000000000000000220220220000000000001E
:10EC9000000000000000202222020000000000000E
:10ECA0000000000000000022220000000000000020
:10ECB0000000000000000022220000000000000010
:10ECC00000000000000020222202000000000000DE
:10ECD00000000000000022022022000000000000CE
:10ECE00000000000002022000022020000000000BE
:10ECF00000000000002202000020220000000000AE
:10ED0000000000002022000000002202000000009D
:10ED1000000000002202000000002022000000008D
:10ED2000000000202200000000000022020000007D
:10ED3000000000200200000000000020020000008F
:10ED400000000000000000000000000000000000C3
:10ED500000000000000000000000000000000000B3
:10ED600000000000000000000000000000000000A3
:10ED70000000000000000000000000000000000093
:10ED80000000000000000000000000000000000083
:10ED90000000000000000000000000000000000073
:10EDA0000000000000000000000000000000000063
:10EDB0008CAE010008020000870420002000000043
:10EDC0000000000000000000000000000000000043
:10EDD0000000000000000000000000000000000033
:10EDE0000000000000000000000000000000000023
:10EDF0000000000000000000000000000000000013
:10EE00000000000000000000000000000000000002
:10EE100000000000000000000000000000000000F2
:10EE2000000000000000C0FCFF0F00000000000018
:10EE3000000000000000BCDDDDFB00000000000061
:10EE4000000000000000DCBBBBFD00000000000073
:10EE5000000000000000CCBBBBFC00000000000074
:10EE60000000000000C0BCD1BDFB0F00000000008E
:10EE70000000000000C01B11DDBB0F0000000000FF
:10EE80000000000000C0BCBBBBCB0F0000000000B6
:10EE90000000000000BC11D1DDDDCB00000000004F
:10EEA00000000000C01D11DDDDDDD10C0000000000
:10EEB00000000000BCD1CBBCFBCF1DCB000000008C
:10EEC000000000001CCDCCDDBDFFDFC10000000054
:10EED000000000001CCCCCDBCBFFCFC10000000049
:10EEE00000000000DBCBCCCCFCFFBFCD000000005D
:10EEF00000000000BBBDCCCCFFCFDBBB000000009E
:10EF000000000000B0DBBDBBBBDBBD0B00000000A0
:10EF10000000000000B0CBCCCCBC0B000000000017
:10EF200000000000000000000000000000000000E1
:10EF3000000000000000D007700D0000000000007D
:10EF4000000000000000706666070000000000007E
:10EF500000000000000000677600000000000000D4
:10EF600000000000000000000000000000000000A1
:10EF70000000000000000000000000000000000091
:10EF80000000000000000000000000000000000081
:10EF90000000000000000000000000000000000071
:10EFA0000000000000000000000000000000000061
:10EFB0000000000000000000000000000000000051
:10EFC0008CAE010008020000870420002000000031
:10EFD0000000000000000000000000000000000031
:10EFE0000000000000000000000000000000000021
:10EFF0000000000000000000000000000000000011
:10F000000000000000000000000000000000000000
:10F0100000000000000000000000000000000000F0
:10F0200000000000000000000000000000000000E0
:10F0300000000000000000000000000000000000D0
:10F04000000000000000B0CBCC0C0000000000006D
:10F050000000000000B0DB55D5CD0C000000000022
:10F060000000000000DB555555DDCD00000000001C
:10F0700000000000B055555555D59D0B000000000F
:10F0800000000000DB55555555D59DB90000000026
:10F09000000000005B55555555D5DDB90000000056
:10F0A000000000B05DB5CCCC5BDDDD990B0000004D
:10F0B000000000B055CCCCCCCCDDDD9D0B000000B9
:10F0C000000000B0B5CCCCCCCCDBDD9D0B0000004B
:10F0D000000000B0C5CCCCCCCCDCDD9D0B0000002A
:10F0E000000000B0C5CCDCCBCCDCDD9D0C0000000A
:10F0F000000000B0CDCC5B55CCDCDD9D0C000000E9
:10F1000000000000CCDC55B5CCDCDDC900000000FF
:10F1100000000000CCCC5B55CCDBDDC9000000005A
:10F1200000000000C0CCDCCBCCDD9D0C000000005A
:10F130000000000000CCCCCCDBDDCD0000000000E6
:10F140000000000000C0DCDDDDCD0C000000000090
:10F15000000000000000C0CCCC0C0000000000004B
:10F16000000000000000000000000000000000009F
:10F17000000000000000000000000000000000008F
:10F18000000000000000000000000000000000007F
:10F19000000000000000000000000000000000006F
:10F1A000000000000000000000000000000000005F
:10F1B000000000000000000000000000000000004F
:10F1C000000000000000000000000000000000003F
:10F1D0008CAE01000802000087042000200000001F
:10F1E000000000000000000000000000000000001F
:10F1F000000000000000000000000000000000000F
:10F2000000000000000000000000000000000000FE
:10F2100000000000000000000000000000000000EE
:10F2200000000000000000000000000000000000DE
:10F2300000000000000000000000000000000000CE
:10F2400000000000000000000000000000000000BE
:10F25000000000000000000000000000CC000000E2
:10F2600000000000B0BBBBBBBBCB00C0CD000000AA
:10F27000000000001BDDDDDDDDBD0C1CCD0000004D
:10F28000000000B011CBCCCCCCBC0C1CCD000000DD
:10F29000000000B01D6C666666BC0CBCCD000000B2
:10F2A000000000B01D6C616661BC0C1CCD0000004C
:10F2B000000000B01D6C161666BCCC1BCD00000013
:10F2C000000000B01D6C666166BCCCBBCD000000C8
:10F2D000000000B01D6C666666BCCC1BCD00000053
:10F2E000000000B01D6C666661BCCC1BCD00000048
:10F2F000000000B01D6C666661BCCCBBCD00000098
:10F30000000000B01D6C666661BCCC1BCD00000027
:10F31000000000B01D6C666666BC0C1CCD000000D1
:10F32000000000B01DCBCCCCCCBC0CBCCD00000090
:10F33000000000C0B1BBBBBBBBBB0CDCCB00000002
:10F34000000000C0BBBBBBBBBBCB00DC0C000000A3
:10F3500000000000CCCCCCCCCC0C00CC00000000D9
:10F36000000000000000000000000000000000009D
:10F37000000000000000000000000000000000008D
:10F38000000000000000000000000000000000007D
:10F39000000000000000000000000000000000006D
:10F3A000000000000000000000000000000000005D
:10F3B000000000000000000000000000000000004D
:10F3C000000000000000000000000000000000003D
:10F3D000000000000000000000000000000000002D
:10F3E0008CAE01000802000087042000200000000D
:10F3F000000000000000000000000000000000000D
:10F4000000000000000000000000000000000000FC
:10F4100000000000000000000000000000000000EC
:10F4200000000000000000000000000000000000DC
:10F4300000000000000000000000000000000000CC
:10F440000000000000000040040000000000000078
:10F450000000000000000054450000000000000013
:10F4600000000000440B00BBBB00B04400000000E3
:10F4700000000040550B00000000B05504000000E3
:10F4800000000040B5000044BB00005B0400000029
:10F49000000000B00B0044DDDDBB00B00B0000003D
:10F4A0000000000000405D55D5DD0B0000000000AD
:10F4B0000000000000D4555555DDBD0000000000DF
:10F4C000000000000054555555D5BD000000000057
:10F4D000000000B44055555555D5DD0B4B000000DC
:10F4E000000040B54055555555D5DD0B5B04000077
:10F4F000000040B54055555555D5DD0B5B04000067
:10F50000000000B44055115555D5DD0B4B000000EF
:10F51000000000000054115555D5BD00000000004A
:10F520000000000000D4555555DDBD00000000006E
:10F530000000000000405D55D5DD0B00000000001C
:10F54000000000B00B0044DDDDBB00B00B0000008C
:10F5500000000040B5000044BB00005B0400000058
:10F5600000000040550B00000000B05504000000F2
:10F5700000000000440B00BBBB00B04400000000D2
:10F5800000000000000000544500000000000000E2
:10F590000000000000000040040000000000000027
:10F5A000000000000000000000000000000000005B
:10F5B000000000000000000000000000000000004B
:10F5C000000000000000000000000000000000003B
:10F5D000000000000000000000000000000000002B
:10F5E000000000000000000000000000000000001B
:10F5F0008CAE0100080200008704200020000000FB
:10F6000000000000000000000000000000000000FA
:10F6100000000000000000000000000000000000EA
:10F6200000000000000000000000000000000000DA
:10F6300000000000000000000000000000000000CA
:10F6400000000000000000000000000000000000BA
:10F6500000000000000000000000000000000000AA
:10F6600000000000BBBB0000000000000000000024
:10F67000000000B055BB00BBBBBB00000000000099
:10F68000000000B0B5BDBCBBBBDDCB00000000007E
:10F69000000000B0DBCB5B5555BBDD0C000000006B
:10F6A000000000B0CBDCBDBB5B55DBCD0000000033
:10F6B00000000000C0DDDB11D15BB5BD0C00000017
:10F6C00000000000BBBD111111B155BB0C000000C2
:10F6D00000000000DB1B111111115BB5CB00000015
:10F6E00000000000DB1BB11D1199B9D5CB00000053
:10F6F00000000000DB1B11BB9199B955CB00000045
:10F70000000000005B1B11B19B99995BCB000000CE
:10F71000000000005B1D1111BB99995CCB0000003B
:10F7200000000000B0B511BBBB99995CCB00000094
:10F7300000000000B0D51D919999D95B0B00000025
:10F7400000000000005BDB919999C9D50B00000017
:10F750000000000000B0D51B99D9BCB50000000026
:10F760000000000000005BD5BBBC550B0000000092
:10F77000000000000000B05B5555BD000000000017
:10F7800000000000000000B0BBBB00000000000053
:10F790000000000000000000000000000000000069
:10F7A0000000000000000000000000000000000059
:10F7B0000000000000000000000000000000000049
:10F7C0000000000000000000000000000000000039
:10F7D0000000000000000000000000000000000029
:10F7E0000000000000000000000000000000000019
:10F7F0000000000000000000000000000000000009
:10F800008CAE01000C000000870401000100000024
:10F810000F0000008CAE01000C0000008704010006
:10F8200002000000FF0000008CAE0100100000008C
:10F8300087040200010000000F0000000F0000001C
:10F840008CAE0100100000008704020002000000DE
:10F85000FF0000000F0000008CAE0100100000004F
:10F8600087040200020000000F000000FF000000FB
:10F870008CAE01000C0000008704010001000000B4
:10F88000000000008CAE0100280000008704080082
:10F8900008000000AAAAAABA2A2222BA2A2222BA58
:10F8A0002A2222BA2A2222BA2A2222BA2A2222BAB8
:10F8B000AAAAAABA8CAE010028000000870408009A
:10F8C0000800000066666666666F6F6666F66666C6
:10F8D000666F6F6666666666CCCCCFCCFCFCCCCF20
:10F8E000FCCCCFCF8CAE01002800000087040800BC
:10F8F0000800000055555555C5CC4454C5CF445457
:10F90000C5CF4454C5CF4454C5CF4454C5CC44544A
:10F91000555555558CAE010028000000870408009D
:10F9200008000000FFCFFCFFFFCFFCFFFFFFFFFF41
:10F93000FFCFFCFFFFCFFCFFFFFFFFFFFFCFFCFF70
:10F94000FFCFFCFF8CAE01002800000087040800F8
:10F9500008000000D0DDDD0DDDDDDDDDDDEEEEDDFE
:10F96000DDDEEDDDDDDEEDDDDDEEEEDDDDDDDDDD83
:10F97000D0DDDD0D8CAE01002800000087040800FA
:10F9800008000000BBBBBBBBBBBBBBBBBBBBBBBBAB
:10F99000AABBBBBBAABBBBBBAABBBBBB99BBBBBB0C
:10F9A00099BBBBBB8CAE01001C00000087040500A6
:10F9B00005000000F0FF0000CFCC0F00CFCC0F00FF
:10F9C000CFCC0F00F0FF00008CAE0100240000003F
:10F9D0008704070007000000A0AAAA00CAAACA0A52
:10F9E000AAACAC0AAACAAA0AAAACAC0ACAAACA0A8F
:10F9F000A0AAAA008CAE0100882500008704A00000
:10FA000078000000111111111111111111111111B2
:10FA100011111111111111111111111111111111D6
:10FA200011111111111111111111111111111111C6
:10FA300011111111111111111111111111111111B6
:10FA400011111111111111111111111111111111A6
:10FA50001111111111111111111111111111111196
:10FA60001111111111111111111111111111111186
:10FA70001111111111111111111111111111111176
:10FA80001111111111111111111111111111111166
:10FA90001111111111111111111111111111111156
:10FAA0001111111111111111111111111111111146
:10FAB0001111111111111111111111111111111136
:10FAC0001111111111111111111111111111111126
:10FAD0001111111111111111111111111111111116
:10FAE0001111111111111111111111111111111106
:10FAF00011111111111111111111111C11111111EB
:10FB000011111111111111111111111111111111E5
:10FB100011111111111111111111111111111111D5
:10FB200011111111111111111111111111111111C5
:10FB3000111111111111CC1C1111111111111111EF
:10FB400011111111111111111111111111111111A5
:10FB50001111111111111111111111111111111195
:10FB60001111111111111111111111111111111185
:10FB7000C1CC11111111111111111111111111110A
:10FB80001111111111111111111111111111111165
:10FB90001111111111111111111111111111111155
:10FBA0001111111111111111111111111C1111113A
:10FBB0001111111111111111111111111111111135
:10FBC0001111111111111111111111111111111125
:10FBD0001111111111111111111111111111111115
:10FBE00011111111111111C1111111111111111155
:10FBF00011111111111111111111111111111111F5
:10FC000011111111111111111111111111111111E4
:10FC100011111111111111111111111111111111D4
:10FC20001111C11C11111111111111111111111109
:10FC300011111111111111111111111111111111B4
:10FC400011111111111111111111111111111111A4
:10FC50001111111111111111111111111111C11CD9
:10FC60001111111111111111111111111111111184
:10FC70001111111111111111111111111111111174
:10FC80001111111111111111111111111111111164
:10FC90001111111111111111111111C1CC111111E9
:10FCA0001111111111111111111111111111111144
:10FCB0001111111111111111111111111111111134
:10FCC0001111111111111111111111111111111124
:10FCD000111111111111111111CCCC11111111119E
:10FCE0001111111111111111111111111111111104
:10FCF00011111111111111111111111111111111F4
:10FD000011111111111111111111111111111111E3
:10FD10001111111111CCCCCC1111111111111111A2
:10FD200011111111111111111111111111111111C3
:10FD300011111111111111111111111111111111B3
:10FD4000111111111111111111111111111111C1F3
:10FD5000CC111111111111111111111111111111D8
:10FD60001111111111111111111111111111111183
:10FD70001111111111111111111111111111111173
:10FD80001111111111111111111111C111111111B3
:10FD90001111111111111111111111111111111153
:10FDA0001111111111111111111111111111111143
:10FDB0001111111111111111111111111111111133
:10FDC00011111111111111C1CC11111111111111B8
:10FDD0001111111111111111111111111111111113
:10FDE0001111111111111111111111111111111103
:10FDF00011111111111111111111111111111111F3
:10FE00001111111111CCCC1C111111111111111161
:10FE100011111111111111111111111111111111D2
:10FE200011111111111111111111111111111111C2
:10FE300011111111111111111111111111111111B2
:10FE4000111111C11C1111111111111111111111E7
:10FE50001111111111111111111111111111111192
:10FE60001111111111111111111111111111111182
:10FE70001111111111111111111111111111111172
:10FE80001111111111111111111111111111111162
:10FE90001111111111111111111111111111111152
:10FEA0001111111111111111111111111111111142
:10FEB0001111111111111111111111111111111132
:10FEC0001111111111111111111111111111111122
:10FED0001111111111111111111111111111111112
:10FEE0001111111111111111111111111111111102
:10FEF00011111111111111111111111111111111F2
:10FF000011111111111111111111111111111111E1
:10FF100011111111111111111111111111111111D1
:10FF200011111111111111111111111111111111C1
:10FF3000C111CCCC1111111111111111111111118B
:10FF400011111111111111111111111111111111A1
:10FF50001111111111111111111111111111111191
:10FF60001111111111111111111111111111111181
:10FF70001111111111111111111111111111111171
:10FF80001111111111111111111111111111111161
:10FF90001111111111111111111111111111111151
:10FFA0001111112111111111111111111111111131
:10FFB0001111111111111111111111111111111131
:10FFC0001111111111111111111111111111111121
:10FFD0001111111111111111111111111111112200
:10FFE000111111111111CCCC11111111111111118B
:10FFF00011111111111111111111111111111111F1
:020000040005F5
:1000000011111111111111111111111111111111E0
:10001000111111111111111111212222111111119E
:1000200011C11CC111111111111111111111111155
:1000300011111111111111111111111111111111B0
:1000400011111111111111111111111111111111A0
:10005000111111112222222211111111111C11C191
:100060001111111111111111111111111111111180
:100070001111111111111111111111111111111170
:10008000111111111111111111111111111121223F
:100090002222222211111111111C11C11111111151
:1000A0001111111111111111111111111111111140
:1000B0001111111111111111111111111111111130
:1000C00011111111111111111122222222222222A9
:1000D0001111111111111111111111111111111110
:1000E0001111111111111111111111111111111100
:1000F00011111111111111111111111111111111F0
:100100001111111121222222222222221111111158
:1001100011111111111111111111111111111111CF
:1001200011111111111111111111111111111111BF
:10013000111111111111111111111111111111219F
:100140002222222222222222111111111111CC1C51
:10015000111111111111111111111111111111118F
:10016000111111111111111111111111111111117F
:100170001111111111111111111122222222222209
:10018000222222221111111111CC11111111111160
:10019000111111111111111111111111111111114F
:1001A000111111111111111111111111111111113F
:1001B0001111111111222222222222222222222274
:1001C00011111111111CCC11111111111111111159
:1001D000111111111111111111111111111111110F
:1001E00011111111111111111111111111111111FF
:1001F0002222222222222222222222221111111123
:10020000111CCC1C1111111111111111111111110D
:1002100011111111111111111111111111111111CE
:100220001111111111111111111111222222222269
:1002300022222222222222221111111111C11CCCB0
:10024000111111111111111111111111111111119E
:10025000111111111111111111111111111111118E
:1002600011111111112122222222222222222222C4
:10027000222222221111111111111111111111112A
:10028000111111111111111111111111111111115E
:10029000111111111111111111111111111111114E
:1002A000212222222222222222222222222222222F
:1002B000111111111111111111111111111111112E
:1002C000111111111111111111111111111111111E
:1002D00011111111111111111111112122222222BA
:1002E0002222222222222222222222221111111132
:1002F00011CCCC1C1111111111111111111111116D
:1003000011111111111111111111111111111111DD
:100310001111111111112222222222222222222223
:10032000222222222222222211111111111C11CC6F
:1003300011111111111111111111111111111111AD
:10034000111111111111111111111111111111119D
:10035000112222222222222222222222222222228E
:100360002222222211111111111C11CC1111111173
:10037000111111111111111111111111111111116D
:100380001111111111111111111111112222222219
:10039000222222222222222222222222222222223D
:1003A0001111111111CC1C1C11111111111111116C
:1003B000111111111111111111111111111111112D
:1003C0001111111111112122222222222222222274
:1003D0002222222222222222222222221111111141
:1003E0001111CC1C11111111111111111111111137
:1003F00011111111111111111111111111111111ED
:1004000011212222222222222222222222222222DE
:100410002222222222222222111111111111111144
:1004200011111111111111111111111111111111BC
:100430001111111111111111111111112122222269
:10044000222222222222222222222222222222228C
:100450002222222211111111C11C11CC11111111D2
:10046000111111111111111111111111111111117C
:1004700011111111111111222222222222222222D3
:10048000222222222222222222222222222222224C
:1004900011111111C11C11CC1111111111111111D6
:1004A000111111111111111111111111111111113C
:1004B000111122222222222222222222222222223E
:1004C0002222222222222222222222221111111150
:1004D000111111111111111111111111111111110C
:1004E00011111111111111111111111111222222C9
:1004F00022222222222222222222222222222222DC
:100500002222222222222222111111111111111153
:1005100011111111111111111111111111111111CB
:100520001111111111111121222222222222222223
:10053000222222222222222222222222222222229B
:10054000222222221111111111CCCCCC1111111126
:10055000111111111111111111111111111111118B
:10056000111121222222222222222222222222228E
:10057000222222222222222222222222222222225B
:1005800011111111111C11C11111111111111111A0
:100590001111111111111111111111111121222219
:1005A000222222222222222222222222222222222B
:1005B000222222222222222222222222111111115F
:1005C000111C11C111111111111111111111111160
:1005D0001111111111111111212222222222222284
:1005E00022222222222222222222222222222222EB
:1005F000222222222222222211111111111C11CC9D
:1006000011111111111111111111111111111111DA
:1006100011111122222222222222222222222222ED
:1006200022222222222222222222222222222222AA
:10063000222222221111111111CCCC1C11111111E5
:100640001111111111111111111111111111222278
:10065000222222222222222222222222222222227A
:10066000222222222222222222222222222222226A
:10067000111111111111111111111111111111116A
:1006800011111111111111111122222222222222E3
:10069000222222222222222222222222222222223A
:1006A000222222222222222222222222111111116E
:1006B000111111111111111111111111111111112A
:1006C000111111212222222222222222222222223E
:1006D00022222222222222222222222222222222FA
:1006E00022222222222222221111111111C11C11B7
:1006F0001C111111111111111111111111112122BE
:1007000022222222222222222222222222222222C9
:1007100022222222222222222222222222222222B9
:10072000222222221111111111CC1C111C111111A4
:100730001111111111111111112122222222222233
:100740002222222222222222222222222222222289
:100750002222222222222222222222222222222279
:1007600011111111111C1C111C1111111111111158
:10077000111111112222222222222222222222229D
:100780002222222222222222222222222222222249
:10079000222222222222222222222222111111117D
:1007A000111CC1CC111111111111111111111122B2
:1007B0002222222222222222222222222222222219
:1007C0002222222222222222222222222222222209
:1007D0002222222222222222111111111111111181
:1007E0001111111111111111111122222222222293
:1007F00022222222222222222222222222222222D9
:1008000022222222222222222222222222222222C8
:100810002222222211111111111111111111111184
:1008200011111111212222222222222222222222ED
:100830002222222222222222222222222222222298
:100840002222222222222222222222222222222288
:100850001111111111111111111111111111112178
:100860002222222222222222222222222222222268
:100870002222222222222222222222222222222258
:10088000222222222222222222222222111111118C
:1008900011111111111111111111212222222222E3
:1008A0002222222222222222222222222222222228
:1008B0002222222222222222222222222222222218
:1008C0002222222222222222111111111111111190
:1008D000111111111122222222222222222222224D
:1008E00022222222222222222222222222222222E8
:1008F00022222222222222222222222222222222D8
:100900002222222211111111111111111111111193
:1009100022222222222222222222222222222222B7
:1009200022222222222222222222222222222222A7
:100930002222222222222222222222222222222297
:100940001111111111111111111111222222222242
:100950002222222222222222222222222222222277
:100960002222222222222222222222222222222267
:10097000222222222222222222222222111111119B
:1009800011111111111122222222222222222222AD
:100990002222222222222222222222222222222237
:1009A0002222222222222222222222222222222227
:1009B000222222222222222211111111111111119F
:1009C0002122222222222222222222222222222208
:1009D00022222222222222222222222222222222F7
:1009E00022222222222222222222222222222222E7
:1009F000222222221111111111111121222222224F
:100A000022222222222222222222222222222222C6
:100A100022222222222222222222222222222222B6
:100A200022222222222222222222222222222222A6
:100A300011111111111121222222222222222222FD
:100A40002222222222222222222222222222222286
:100A50002222222222222222222222222222222276
:100A600022222222222222222222222211111111AA
:100A70001122222222222222222222222222222267
:100A80002222222222222222222222222222222246
:100A90002222222222222222222222222222222236
:100AA000222222222222222211111111222222226A
:100AB0002222222222222222222222222222222216
:100AC0002222222222222222222222222222222206
:100AD00022222222222222222222222222222222F6
:100AE0002222222211111122222222222222222219
:100AF00022222222222222222222222222222222D6
:100B000022222222222222222222222222222222C5
:100B100022222222222222222222222222222222B5
:100B200011212222222222222222222222222222B7
:100B30002222222222222222222222222222222295
:100B40002222222222222222222222222222222285
:100B50002222222222222222222222222122222276
:100B60002222222222222222222222222222222265
:100B70002222222222222222222222222222222255
:100B80002222222222222222222222222222222245
:100B90002222222222222222222222222222222235
:100BA0002222222222222222222222222222222225
:100BB0002222222222222222222222222222222215
:100BC0002222222222222222222222222222222205
:100BD00022222222222222222222222222222222F5
:100BE00022222222222222222222222222222222E5
:100BF00022222222222222222222222222222222D5
:100C000022222222222222222222222222222222C4
:100C100022222222222222222222222222222222B4
:100C200022222222222222222222222222222222A4
:100C30002222222222222222222222222222222294
:100C40002222222222222222222222222222222284
:100C50002222222222222222222222222222222274
:100C60002222222222222222222222222222222264
:100C70002222222222222222222222222222222254
:100C80002222222222222222222222222222222244
:100C90002222222222222222222222222222222234
:100CA0002222222222222222222222222222222224
:100CB0002222222222222222222222222222222214
:100CC0002222222222222222222222222222222204
:100CD00022222222222222222222222222222222F4
:100CE00022222222222222222222222222222222E4
:100CF00022222222222222222222222222222222D4
:100D000022222222222222222222222222222222C3
:100D100022222222222222222222222222222222B3
:100D200022222222222222222222222222222222A3
:100D30002222222222222222222222222222222293
:100D40002222222222222222222222222222222283
:100D50002222222222222222222222222222222273
:100D60002222222222222222222222222222222263
:100D70002222222222222222222222222222222253
:100D80002222222222222222222222222222222243
:100D90002222222222222222222222222222222233
:100DA0002222222222222222222222222222222223
:100DB0002222222222222222222222222222222213
:100DC0002222222222222222222222222222222203
:100DD00022222222222222222222222222222222F3
:100DE00022222222222222222222222222222222E3
:100DF00022222222222222222222222222222222D3
:100E000022222222222222222222222222222222C2
:100E100022222222222222222222222222222222B2
:100E20002222222222222222222222322222222292
:100E30002222222222222222222222222222222292
:100E40002222222222222222222222222222222282
:100E50002222222222222222222222222222222272
:100E60002222222222222233222222222222222251
:100E70002222222222222222222222222222222252
:100E80002222222222222222222222222222222242
:100E90002222222222222222222222222222222232
:100EA0002222333322222222222222222222222200
:100EB0002222222222222222222222222222222212
:100EC0002222222222222222222222222222222202
:100ED00022222222222222222222222222323333C0
:100EE00022222222222222222222222222222222E2
:100EF00022222222222222222222222222222222D2
:100F000022222222222222222222222222222222C1
:100F1000222222222222222232333333222222226E
:100F200022222222222222222222222222222222A1
:100F30002222222222222222222222222222222291
:100F40002222222222222222222222222222222281
:100F5000222222223333333322222222222222222D
:100F60002222222222222222222222222222222261
:100F70002222222222222222222222222222222251
:100F80002222222222222222222222222222223330
:100F900033333333222222222222222222222222ED
:100FA0002222222222222222222222222222222221
:100FB0002222222222222222222222222222222211
:100FC000222222222222222222223333333333339B
:100FD00022222222222222222222222222222222F1
:100FE00022222222222222222222222222222222E1
:100FF00022222222222222222222222222222222D1
:10100000222222222232333333333333222222224A
:1010100022222222222222222222222222222222B0
:1010200022222222222222222222222222222222A0
:101030002222222222222222222222222222222290
:1010400033333333333333332222222222222222F8
:101050002222222222222222222222222222222270
:101060002222222222222222222222222222222260
:1010700022222222222222222222223333333333FB
:1010800033333333222222222222222222222222FC
:101090002222222222222222222222222222222230
:1010A0002222222222222222222222222222222220
:1010B0002222222222223333333333333333333366
:1010C0002222222222222222222222222222222200
:1010D00022222222222222222222222222222222F0
:1010E00022222222222222222222222222222222E0
:1010F0002232333333333333333333332222222216
:1011000022222222222222222222222222222222BF
:1011100022222222222222222222222222222222AF
:10112000222222222222222222222222323333335C
:101130003333333333333333222222222222222207
:10114000222222222222222222222222222222227F
:10115000222222222222222222222222222222226F
:1011600022222222222222323333333333333333C7
:10117000333333332222222222222222222222220B
:10118000222222222222222222222222222222223F
:10119000222222222222222222222222222222222F
:1011A0002222223333333333333333333333333342
:1011B000222222222222222222222222222222220F
:1011C00022222222222222222222222222222222FF
:1011D00022222222222222222222222222223333CD
:1011E0003333333333333333333333332222222213
:1011F00022222222222222222222222222222222CF
:1012000022222222222222222222222222222222BE
:101210002222222222222222223333333333333337
:101220003333333333333333222222222222222216
:10123000222222222222222222222222222222228E
:10124000222222222222222222222222222222227E
:1012500022222222323333333333333333333333A3
:10126000333333332222222222222222222222221A
:10127000222222222222222222222222222222224E
:10128000222222222222222222222222222222322E
:10129000333333333333333333333333333333331E
:1012A000222222222222222222222222222222221E
:1012B000222222222222222222222222222222220E
:1012C0002222222222222222222232333333333399
:1012D0003333333333333333333333332222222222
:1012E00022222222222222222222222222222222DE
:1012F00022222222222222222222222222222222CE
:101300002222222222223333333333333333333313
:101310003333333333333333222222222222222225
:10132000222222222222222222222222222222229D
:10133000222222222222222222222222222222228D
:10134000223333333333333333333333333333337E
:101350003333333322222222222222222222222229
:10136000222222222222222222222222222222225D
:101370002222222222222222222222223333333309
:10138000333333333333333333333333333333332D
:10139000222222222222222222222222222222222D
:1013A000222222222222222222222222222222221D
:1013B0002222222222222232333333333333333375
:1013C0003333333333333333333333332222222231
:1013D00022222222222222222222222222222222ED
:1013E00022222222222222222222222222222222DD
:1013F00022223233333333333333333333333333E0
:101400003333333333333333222222222222222234
:1014100022222222222222222222222222222222AC
:10142000222222222222222222222222223233336A
:10143000333333333333333333333333333333337C
:101440003333333322222222222222222222222238
:10145000222222222222222222222222222222226C
:1014600022222222222222223233333333333333D5
:10147000333333333333333333333333333333333C
:10148000222222222222222222222222222222223C
:10149000222222222222222222222222222222222C
:1014A0002222222233333333333333333333333350
:1014B0003333333333333333333333332222222240
:1014C00022222222222222222222222222222222FC
:1014D00022222222222222222222222222222233DB
:1014E00033333333333333333333333333333333CC
:1014F0003333333333333333222222222222222244
:1015000022222222222222222222222222222222BB
:101510002222222222222222222233333333333345
:10152000333333333333333333333333333333338B
:101530003333333322222222222222222222222247
:10154000222222222222222222222222222222227B
:1015500022222222223233333333333333333333B1
:10156000333333333333333333333333333333334B
:10157000222222222222222222222222222222224B
:10158000222222222222222222222222222222223B
:10159000323333333333333333333333333333331C
:1015A000333333333333333333333333222222224F
:1015B000222222222222222222222222222222220B
:1015C00022222222222222222222223233333333A7
:1015D00033333333333333333333333333333333DB
:1015E0003333333333333333222222222222222253
:1015F00022222222222222222222222222222222CB
:101600002222222222222233333333333333333321
:10161000333333333333333333333333333333339A
:101620003333333322222222222222222222222256
:10163000222222222222222222222222222222228A
:10164000222233333333333333333333333333338C
:10165000333333333333333333333333333333335A
:10166000222222222222222222222222222222225A
:101670002222222222222222222222222233333317
:10168000333333333333333333333333333333332A
:10169000333333333333333333333333222222225E
:1016A000222222222222222222222222222222221A
:1016B0002222222222222222323333333333333383
:1016C00033333333333333333333333333333333EA
:1016D0003333333333333333222222222222222262
:1016E00022222222222222222222222222222222DA
:1016F00022222232333333333333333333333333EE
:1017000033333333333333333333333333333333A9
:101710003333333322222222222222222222222265
:101720002222222222222222222222222222323378
:101730003333333333333333333333333333333379
:101740003333333333333333333333333333333369
:101750002222222222222222222222222222222269
:1017600022222222222222222222333333333333F3
:101770003333333333333333333333333333333339
:10178000333333333333333333333333222222226D
:101790002222222222222222222222222222222229
:1017A000222222222233333333333333333333335E
:1017B00033333333333333333333333333333333F9
:1017C0003333333333333333222222222222222271
:1017D00022222222222222222222222222222222E9
:1017E00033333333333333333333333333333333C9
:1017F00033333333333333333333333333333333B9
:101800003333333322222222222222222222222274
:101810002222222222222222222222323333333354
:101820003333333333333333333333333333333388
:101830003333333333333333333333333333333378
:101840002222222222222222222222222222222278
:1018500022222222222232333333333333333333BF
:101860003333333333333333333333333333333348
:10187000333333333333333333333333222222227C
:101880002222222222222222222222222222222238
:10189000223233333333333333333333333333332A
:1018A0003333333333333333333333333333333308
:1018B0003333333333333333222222222222222280
:1018C00022222222222222222222222232333333B5
:1018D00033333333333333333333333333333333D8
:1018E00033333333333333333333333333333333C8
:1018F0003333333322222222222222222222222284
:10190000222222222222222233333333333333332F
:101910003333333333333333333333333333333397
:101920003333333333333333333333333333333387
:101930002222222222222222222222222222222287
:10194000222222333333333333333333333333339A
:101950003333333333333333333333333333333357
:10196000333333333333333333333333222222228B
:101970002222222222222222222222222222333325
:101980003333333333333333333333333333333327
:101990003333333333333333333333333333333317
:1019A000333333333333333322222222222222228F
:1019B0002222222222222222223233333333333391
:1019C00033333333333333333333333333333333E7
:1019D00033333333333333333333333333333333D7
:1019E0003333333322222222222222222222222293
:1019F00022222222323333333333333333333333FC
:101A000033333333333333333333333333333333A6
:101A10003333333333333333333333333333333396
:101A20002222222222222222222222222222223286
:101A30003333333333333333333333333333333376
:101A40003333333333333333333333333333333366
:101A5000333333333333333333333333222222229A
:101A60002222222222222222222222333333333301
:101A70003333333333333333333333333333333336
:101A80003333333333333333333333333333333326
:101A9000333333333333333322222222222222229E
:101AA000222222222222333333333333333333336C
:101AB00033333333333333333333333333333333F6
:101AC00033333333333333333333333333333333E6
:101AD00033333333222222222222222222222222A2
:101AE00022333333333333333333333333333333D7
:101AF00033333333333333333333333333333333B6
:101B000033333333333333333333333333333333A5
:101B10002222222222222222222222223233333362
:101B20003333333333333333333333333333333385
:101B30003333333333333333333333333333333375
:101B400033333333333333333333333322222222A9
:101B500022222222222222323333333333333333CD
:101B60003333333333333333333333333333333345
:101B70003333333333333333333333333333333335
:101B800033333333333333332222222222222222AD
:101B90002222323333333333333333333333333338
:101BA0003333333333333333333333333333333305
:101BB00033333333333333333333333333333333F5
:101BC000333333332222222222222222222233338F
:101BD00033333333333333333333333333333333D5
:101BE00033333333333333333333333333333333C5
:101BF00033333333333333333333333333333333B5
:101C0000222222222222222222333333333333333D
:101C10003333333333333333333333333333333394
:101C20003333333333333333333333333333333384
:101C300033333333333333333333333322222222B8
:101C400022222222333333333333333333333333A8
:101C50003333333333333333333333333333333354
:101C60003333333333333333333333333333333344
:101C700033333333333333332222222222222233AB
:101C80003333333333333333333333333333333324
:101C90003333333333333333333333333333333314
:101CA0003333333333333333333333333333333304
:101CB000333333332222222222223233333333335B
:101CC00033333333333333333333333333333333E4
:101CD00033333333333333333333333333333333D4
:101CE00033333333333333333333333333333333C4
:101CF000222222222232333333333333333333330A
:101D000033333333333333333333333333333333A3
:101D10003333333333333333333333333333333393
:101D200033333333333333333333333322222222C7
:101D30003233333333333333333333333333333374
:101D40003333333333333333333333333333333363
:101D50003333333333333333333333333333333353
:101D60003333333333333333222222223333333387
:101D70003333333333333333333333333333333333
:101D80003333333333333333333333333333333323
:101D90003333333333333333333333333333333313
:101DA0003333333322222233333333333333333336
:101DB00033333333333333333333333333333333F3
:101DC00033333333333333333333333333333333E3
:101DD00033333333333333333333333333333333D3
:101DE00022223333333333333333333333333333E5
:101DF00033333333333333333333333333333333B3
:101E000033333333333333333333333333333333A2
:101E100033333333333333333333333322323333A4
:101E20003333333333333333333333333333333382
:101E30003333333333333333333333333333333372
:101E40003333333333333333333333333333333362
:101E50003333333333333333323333333333333353
:101E60003333333333333333333333333333333342
:101E70003333333333333333333333333333333332
:101E80003333333333333333333333333333333322
:101E90003333333333333333333333333333333312
:101EA0003333333333333333333333333333333302
:101EB00033333333333333333333333333333333F2
:101EC00033333333333333333333333333333333E2
:101ED00033333333333333333333333333333333D2
:101EE00033333333333333333333333333333333C2
:101EF00033333333333333333333333333333333B2
:101F000033333333333333333333333333333333A1
:101F10003333333333333333333333333333333391
:101F20003333333333333333333333333333333381
:101F30003333333333333333333333333333333371
:101F40003333333333333333333333333333333361
:101F50003333333333333333333333333333333351
:101F60003333333333333333333333333333333341
:101F70003333333333333333333333333333333331
:101F8000333333338CAE0100882500008704A00072
:101F900078000000000000000000000000000000C9
:101FA0000000000000000000000000000000000031
:101FB0000000000000000000000000000000000021
:101FC0000000000000000000000000000000000011
:101FD0000000000000000000000000000000000001
:101FE00000000000000000000000000000000000F1
:101FF00000000000000000000000000000000000E1
:1020000000000000000000000000000000000000D0
:1020100000000000000000000000000000000000C0
:1020200000000000000000000000000000000000B0
:1020300000000000000000000000000000000000A0
:102040000000000000000000000000000000000090
:102050000000000000000000000000000000000080
:102060000000000000000000000000000000000070
:1020700000000000000000000000000000777777FB
:1020800077777700000000000000000000000000EB
:102090000000000000000000000000000000000040
:1020A0000000000000000000000000000000000030
:1020B0000000000000000000007777777777770056
:1020C0000000000000000000000000000000000010
:1020D0000000000000000000000000000000000000
:1020E00000000000000000000000000000000000F0
:1020F0000000000000777777777777000000000016
:1021000000000000000000000000000000000000CF
:1021100000000000000000000000000000000000BF
:1021200000000000000000000000000000000000AF
:1021300000777777777777000000000000000000D5
:10214000000000000000000000000000000000008F
:10215000000000000000000000000000000000007F
:10216000000000000000000000000000007777770A
:1021700077777700000000000000000000000000FA
:10218000000000000000000000000000000000004F
:10219000000000000000000000000000000000003F
:1021A0000000000000000000007777777777770065
:1021B000000000000000000000000000000000001F
:1021C000000000000000000000000000000000000F
:1021D00000000000000000000000000000000000FF
:1021E0000000000000777777777777000000000025
:1021F00000000000000000000000000000000000DF
:1022000000000000000000000000000000000000CE
:1022100000000000000000000000000000000000BE
:1022200000777777777777000000000000000000E4
:10223000000000000000000000000000000000009E
:10224000000000000000000000000000000000008E
:102250000000000000000000000000000077777719
:102260007777770000000000000000000000000009
:10227000000000000000000000000000000000005E
:10228000000000000000000000000000000000004E
:102290000000000000000000007777777777770074
:1022A000000000000000000000000000000000002E
:1022B000000000000000000000000000000000001E
:1022C000000000000000000000000000000000000E
:1022D0000000000000777777777777000000000034
:1022E00000000000000000000000000000000000EE
:1022F00000000000000000000000000000000000DE
:1023000000000000000000000000000000000000CD
:1023100000777777777777000000000000000000F3
:1023200000000000000000000000000000000000AD
:10233000000000000000000000000000000000009D
:102340000000000000000000000000000077777728
:102350007777770000000000000000000000000018
:10236000000000000000000000000000000000006D
:10237000000000000000000000000000000000005D
:102380000000000000000000007777777777770083
:10239000000000000000000000000000000000003D
:1023A000000000000000000000000000000000002D
:1023B000000000000000000000000000000000001D
:1023C0000000000000777777777777000000000043
:1023D00000000000000000000000000000000000FD
:1023E00000000000000000000000000000000000ED
:1023F00000000000000000000000000000000000DD
:102400000077777777777700000000000000000002
:1024100000000000000000000000000000000000BC
:1024200000000000000000000000000000000000AC
:102430000000000000000000000000000077777737
:102440007777770000000000000000000000000027
:10245000000000000000000000000000000000007C
:10246000000000000000000000000000000000006C
:102470000000000000000000007777777777770092
:10248000000000000000000000000000000000004C
:10249000000000000000000000000000000000003C
:1024A000000000000000000000000000000000002C
:1024B0000000000000777777777777000000000052
:1024C000000000000000000000000000000000000C
:1024D00000000000000000000000000000000000FC
:1024E00000000000000000000000000000000000EC
:1024F0000077777777777700000000000000000012
:1025000000000000000000000000000000000000CB
:1025100000000000000000000000000000000000BB
:102520000000000000000000000000000077777746
:102530007777770000000000000000000000000036
:10254000000000000000000000000000000000008B
:10255000000000000000000000000000000000007B
:1025600000000000000000000077777777777700A1
:10257000000000000000000000000000000000005B
:10258000000000000000000000000000000000004B
:10259000000000000000000000000000000000003B
:1025A0000000000000777777777777000000000061
:1025B000000000000000000000000000000000001B
:1025C000000000000000000000000000000000000B
:1025D00000000000000000000000000000000000FB
:1025E0000077777777777700000000000000000021
:1025F00000000000000000000000000000000000DB
:1026000000000000000000000000000000000000CA
:102610000000000000000000000000000077777755
:102620007777770000000000000000000000000045
:10263000000000000000000000000000000000009A
:10264000000000000000000000000000000000008A
:1026500000000000000000000077777777777700B0
:10266000000000000000000000000000000000006A
:10267000000000000000000000000000000000005A
:10268000000000000000000000000000000000004A
:102690000000000000777777777777000000000070
:1026A000000000000000000000000000000000002A
:1026B000000000000000000000000000000000001A
:1026C000000000000000000000000000000000000A
:1026D0000077777777777700000000000000000030
:1026E00000000000000000000000000000000000EA
:1026F00000000000000000000000000000000000DA
:102700000000000000000000000000000077777764
:102710007777770000000000000000000000000054
:1027200000000000000000000000000000000000A9
:102730000000000000000000000000000000000099
:1027400000000000000000000077777777777700BF
:102750000000000000000000000000000000000079
:102760000000000000000000000000000000000069
:102770000000000000000000000000000000000059
:10278000000000000077777777777700000000007F
:102790000000000000000000000000000000000039
:1027A0000000000000000000000000000000000029
:1027B0000000000000000000000000000000000019
:1027C000007777777777770000000000000000003F
:1027D00000000000000000000000000000000000F9
:1027E00000000000000000000000000000000000E9
:1027F0000000000000000000000000000077777774
:102800007777770000000000000000000000000063
:1028100000000000000000000000000000000000B8
:1028200000000000000000000000000000000000A8
:1028300000000000000000000077777777777700CE
:102840000000000000000000000000000000000088
:102850000000000000000000000000000000000078
:102860000000000000000000000000000000000068
:10287000000000000077777777777700000000008E
:102880000000000000000000000000000000000048
:102890000000000000000000000000000000000038
:1028A0000000000000000000000000000000000028
:1028B000007777777777770000000000000000004E
:1028C0000000000000000000000000000000000008
:1028D00000000000000000000000000000000000F8
:1028E0000000000000000000000000000077777783
:1028F0007777770000000000000000000000000073
:1029000000000000000000000000000000000000C7
:1029100000000000000000000000000000000000B7
:1029200000000000000000000077777777777700DD
:102930000000000000000000000000000000000097
:102940000000000000000000000000000000000087
:102950000000000000000000000000000000000077
:10296000000000000077777777777700000000009D
:102970000000000000000000000000000000000057
:102980000000000000000000000000000000000047
:102990000000000000000000000000000000000037
:1029A000007777777777770000000000000000005D
:1029B0000000000000000000000000000000000017
:1029C0000000000000000000000000000000000007
:1029D0000000000000000000000000000077777792
:1029E0007777770000000000000000000000000082
:1029F00000000000000000000000000000000000D7
:102A000000000000000000000000000000000000C6
:102A100000000000000000000077777777777700EC
:102A200000000000000000000000000000000000A6
:102A30000000000000000000000000000000000096
:102A40000000000000000000000000000000000086
:102A500000000000007777777777770000000000AC
:102A60000000000000000000000000000000000066
:102A70000000000000000000000000000000000056
:102A80000000000000000000000000000000000046
:102A9000007777777777770000000000000000006C
:102AA0000000000000000000000000000000000026
:102AB0000000000000000000000000000000000016
:102AC00000000000000000000000000000777777A1
:102AD0007777770000000000000000000000000091
:102AE00000000000000000000000000000000000E6
:102AF00000000000000000000000000000000000D6
:102B000000000000000000000077777777777700FB
:102B100000000000000000000000000000000000B5
:102B200000000000000000000000000000000000A5
:102B30000000000000000000000000000000000095
:102B400000000000007777777777770000000000BB
:102B50000000000000000000000000000000000075
:102B60000000000000000000000000000000000065
:102B70000000000000000000000000000000000055
:102B8000007777777777770000000000000000007B
:102B90000000000000000000000000000000000035
:102BA0000000000000000000000000000000000025
:102BB00000000000000000000000000000777777B0
:102BC00077777700000000000000000000000000A0
:102BD00000000000000000000000000000000000F5
:102BE00000000000000000000000000000000000E5
:102BF000000000000000000000777777777777000B
:102C000000000000000000000000000000000000C4
:102C100000000000000000000000000000000000B4
:102C200000000000000000000000000000000000A4
:102C300000000000007777777777770000000000CA
:102C40000000000000000000000000000000000084
:102C50000000000000000000000000000000000074
:102C60000000000000000000000000000000000064
:102C7000007777777777770000000000000000008A
:102C80000000000000000000000000000000000044
:102C90000000000000000000000000000000000034
:102CA00000000000000000000000000000777777BF
:102CB00077777700000000000000000000000000AF
:102CC0000000000000000000000000000000000004
:102CD00000000000000000000000000000000000F4
:102CE000000000000000000000777777777777001A
:102CF00000000000000000000000000000000000D4
:102D000000000000000000000000000000000000C3
:102D100000000000000000000000000000000000B3
:102D200000000000007777777777770000000000D9
:102D30000000000000000000000000000000000093
:102D40000000000000000000000000000000000083
:102D50000000000000000000000000000000000073
:102D60000077777777777700000000000000000099
:102D70000000000000000000000000000000000053
:102D80000000000000000000000000000000000043
:102D900000000000000000000000000000777777CE
:102DA00077777700000000000000000000000000BE
:102DB0000000000000000000000000000000000013
:102DC0000000000000000000000000000000000003
:102DD0000000000000000000007777777777770029
:102DE00000000000000000000000000000000000E3
:102DF00000000000000000000000000000000000D3
:102E000000000000000000000000000000000000C2
:102E100000000000007777777777770000000000E8
:102E200000000000000000000000000000000000A2
:102E30000000000000000000000000000000000092
:102E40000000000000000000000000000000000082
:102E500000777777777777000000000000000000A8
:102E60000000000000000000000000000000000062
:102E70000000000000000000000000000000000052
:102E800000000000000000000000000000777777DD
:102E900077777700000000000000000000000000CD
:102EA0000000000000000000000000000000000022
:102EB0000000000000000000000000000000000012
:102EC0000000000000000000007777777777770038
:102ED00000000000000000000000000000000000F2
:102EE00000000000000000000000000000000000E2
:102EF00000000000000000000000000000000000D2
:102F000000000000007777777777770000000000F7
:102F100000000000000000000000000000000000B1
:102F200000000000000000000000000000000000A1
:102F30000000000000000000000000000000000091
:102F400000777777777777000000000000000000B7
:102F50000000000000000000000000000000000071
:102F60000000000000000000000000000000000061
:102F700000000000000000000000000000777777EC
:102F800077777700000000000000000000000000DC
:102F90000000000000000000000000000000000031
:102FA0000000000000000000000000000000000021
:102FB0000000000000000000007777777777770047
:102FC0000000000000000000000000000000000001
:102FD00000000000000000000000000000000000F1
:102FE00000000000000000000000000000000000E1
:102FF0000000000000777777777777000000000007
:1030000000000000000000000000000000000000C0
:1030100000000000000000000000000000000000B0
:1030200000000000000000000000000000000000A0
:1030300000777777777777000000000000000000C6
:103040000000000000000000000000000000000080
:103050000000000000000000000000000000000070
:1030600000000000000000000000000000777777FB
:1030700077777700000000000000000000000000EB
:103080000000000000000000000000000000000040
:103090000000000000000000000000000000000030
:1030A0000000000000000000007777777777770056
:1030B0000000000000000000000000000000000010
:1030C0000000000000000000000000000000000000
:1030D00000000000000000000000000000000000F0
:1030E0000000000000777777777777000000000016
:1030F00000000000000000000000000000000000D0
:1031000000000000000000000000000000000000BF
:1031100000000000000000000000000000000000AF
:1031200000777777777777000000000000000000D5
:10313000000000000000000000000000000000008F
:10314000000000000000000000000000000000007F
:10315000000000000000000000000000007777770A
:1031600077777700000000000000000000000000FA
:10317000000000000000000000000000000000004F
:10318000000000000000000000000000000000003F
:103190000000000000000000007777777777770065
:1031A000000000000000000000000000000000001F
:1031B000000000000000000000000000000000000F
:1031C00000000000000000000000000000000000FF
:1031D0000000000000777777777777000000000025
:1031E00000000000000000000000000000000000DF
:1031F00000000000000000000000000000000000CF
:1032000000000000000000000000000000000000BE
:1032100000777777777777000000000000000000E4
:10322000000000000000000000000000000000009E
:10323000000000000000000000000000000000008E
:103240000000000000000000000000000077777719
:103250007777770000000000000000000000000009
:10326000000000000000000000000000000000005E
:10327000000000000000000000000000000000004E
:103280000000000000000000007777777777770074
:10329000000000000000000000000000000000002E
:1032A000000000000000000000000000000000001E
:1032B000000000000000000000000000000000000E
:1032C0000000000000777777777777000000000034
:1032D00000000000000000000000000000000000EE
:1032E00000000000000000000000000000000000DE
:1032F00000000000000000000000000000000000CE
:1033000000777777777777000000000000000000F3
:1033100000000000000000000000000000000000AD
:10332000000000000000000000000000000000009D
:103330000000000000000000000000000077777728
:103340007777770000000000000000000000000018
:10335000000000000000000000000000000000006D
:10336000000000000000000000000000000000005D
:103370000000000000000000007777777777770083
:10338000000000000000000000000000000000003D
:10339000000000000000000000000000000000002D
:1033A000000000000000000000000000000000001D
:1033B0000000000000777777777777000000000043
:1033C00000000000000000000000000000000000FD
:1033D00000000000000000000000000000000000ED
:1033E00000000000000000000000000000000000DD
:1033F0000077777777777700000000000000000003
:1034000000000000000000000000000000000000BC
:1034100000000000000000000000000000000000AC
:103420000000000000000000000000000077777737
:103430007777770000000000000000000000000027
:10344000000000000000000000000000000000007C
:10345000000000000000000000000000000000006C
:103460000000000000000000007777777777770092
:10347000000000000000000000000000000000004C
:10348000000000000000000000000000000000003C
:10349000000000000000000000000000000000002C
:1034A0000000000000777777777777000000000052
:1034B000000000000000000000000000000000000C
:1034C00000000000000000000000000000000000FC
:1034D00000000000000000000000000000000000EC
:1034E0000077777777777700000000000000000012
:1034F00000000000000000000000000000000000CC
:1035000000000000000000000000000000000000BB
:103510000000000000000000000000000077777746
:103520007777770000000000000000000000000036
:10353000000000000000000000000000000000008B
:10354000000000000000000000000000000000007B
:1035500000000000000000000077777777777700A1
:10356000000000000000000000000000000000005B
:10357000000000000000000000000000000000004B
:10358000000000000000000000000000000000003B
:103590000000000000777777777777000000000061
:1035A000000000000000000000000000000000001B
:1035B000000000000000000000000000000000000B
:1035C00000000000000000000000000000000000FB
:1035D0000077777777777700000000000000000021
:1035E00000000000000000000000000000000000DB
:1035F00000000000000000000000000000000000CB
:103600000000000000000000000000000077777755
:103610007777770000000000000000000000000045
:10362000000000000000000000000000000000009A
:10363000000000000000000000000000000000008A
:1036400000000000000000000077777777777700B0
:10365000000000000000000000000000000000006A
:10366000000000000000000000000000000000005A
:10367000000000000000000000000000000000004A
:103680000000000000777777777777000000000070
:10369000000000000000000000000000000000002A
:1036A000000000000000000000000000000000001A
:1036B000000000000000000000000000000000000A
:1036C0000077777777777700000000000000000030
:1036D00000000000000000000000000000000000EA
:1036E00000000000000000000000000000000000DA
:1036F0000000000000000000000000000077777765
:103700007777770000000000000000000000000054
:1037100000000000000000000000000000000000A9
:103720000000000000000000000000000000000099
:1037300000000000000000000077777777777700BF
:103740000000000000000000000000000000000079
:103750000000000000000000000000000000000069
:103760000000000000000000000000000000000059
:10377000000000000077777777777700000000007F
:103780000000000000000000000000000000000039
:103790000000000000000000000000000000000029
:1037A0000000000000000000000000000000000019
:1037B000007777777777770000000000000000003F
:1037C00000000000000000000000000000000000F9
:1037D00000000000000000000000000000000000E9
:1037E0000000000000000000000000000077777774
:1037F0007777770000000000000000000000000064
:1038000000000000000000000000000000000000B8
:1038100000000000000000000000000000000000A8
:1038200000000000000000000077777777777700CE
:103830000000000000000000000000000000000088
:103840000000000000000000000000000000000078
:103850000000000000000000000000000000000068
:10386000000000000077777777777700000000008E
:103870000000000000000000000000000000000048
:103880000000000000000000000000000000000038
:103890000000000000000000000000000000000028
:1038A000007777777777770000000000000000004E
:1038B0000000000000000000000000000000000008
:1038C00000000000000000000000000000000000F8
:1038D0000000000000000000000000000077777783
:1038E0007777770000000000000000000000000073
:1038F00000000000000000000000000000000000C8
:1039000000000000000000000000000000000000B7
:1039100000000000000000000077777777777700DD
:103920000000000000000000000000000000000097
:103930000000000000000000000000000000000087
:103940000000000000000000000000000000000077
:10395000000000000077777777777700000000009D
:103960000000000000000000000000000000000057
:103970000000000000000000000000000000000047
:103980000000000000000000000000000000000037
:10399000007777777777770000000000000000005D
:1039A0000000000000000000000000000000000017
:1039B0000000000000000000000000000000000007
:1039C0000000000000000000000000000077777792
:1039D0007777770000000000000000000000000082
:1039E00000000000000000000000000000000000D7
:1039F00000000000000000000000000000000000C7
:103A000000000000000000000077777777777700EC
:103A100000000000000000000000000000000000A6
:103A20000000000000000000000000000000000096
:103A30000000000000000000000000000000000086
:103A400000000000007777777777770000000000AC
:103A50000000000000000000000000000000000066
:103A60000000000000000000000000000000000056
:103A70000000000000000000000000000000000046
:103A8000007777777777770000000000000000006C
:103A90000000000000000000000000000000000026
:103AA0000000000000000000000000000000000016
:103AB00000000000000000000000000000777777A1
:103AC0007777770000000000000000000000000091
:103AD00000000000000000000000000000000000E6
:103AE00000000000000000000000000000000000D6
:103AF00000000000000000000077777777777700FC
:103B000000000000000000000000000000000000B5
:103B100000000000000000000000000000000000A5
:103B20000000000000000000000000000000000095
:103B300000000000007777777777770000000000BB
:103B40000000000000000000000000000000000075
:103B50000000000000000000000000000000000065
:103B60000000000000000000000000000000000055
:103B7000007777777777770000000000000000007B
:103B80000000000000000000000000000000000035
:103B90000000000000000000000000000000000025
:103BA00000000000000000000000000000777777B0
:103BB00077777700000000000000000000000000A0
:103BC00000000000000000000000000000000000F5
:103BD00000000000000000000000000000000000E5
:103BE000000000000000000000777777777777000B
:103BF00000000000000000000000000000000000C5
:103C000000000000000000000000000000000000B4
:103C100000000000000000000000000000000000A4
:103C200000000000007777777777770000000000CA
:103C30000000000000000000000000000000000084
:103C40000000000000000000000000000000000074
:103C50000000000000000000000000000000000064
:103C6000007777777777770000000000000000008A
:103C70000000000000000000000000000000000044
:103C80000000000000000000000000000000000034
:103C900000000000000000000000000000777777BF
:103CA00077777700000000000000000000000000AF
:103CB0000000000000000000000000000000000004
:103CC00000000000000000000000000000000000F4
:103CD000000000000000000000777777777777001A
:103CE00000000000000000000000000000000000D4
:103CF00000000000000000000000000000000000C4
:103D000000000000000000000000000000000000B3
:103D100000000000007777777777770000000000D9
:103D20000000000000000000000000000000000093
:103D30000000000000000000000000000000000083
:103D40000000000000000000000000000000000073
:103D50000077777777777700000000000000000099
:103D60000000000000000000000000000000000053
:103D70000000000000000000000000000000000043
:103D800000000000000000000000000000777777CE
:103D900077777700000000000000000000000000BE
:103DA0000000000000000000000000000000000013
:103DB0000000000000000000000000000000000003
:103DC0000000000000000000007777777777770029
:103DD00000000000000000000000000000000000E3
:103DE00000000000000000000000000000000000D3
:103DF00000000000000000000000000000000000C3
:103E000000000000007777777777770000000000E8
:103E100000000000000000000000000000000000A2
:103E20000000000000000000000000000000000092
:103E30000000000000000000000000000000000082
:103E400000777777777777000000000000000000A8
:103E50000000000000000000000000000000000062
:103E60000000000000000000000000000000000052
:103E700000000000000000000000000000777777DD
:103E800077777700000000000000000000000000CD
:103E90000000000000000000000000000000000022
:103EA0000000000000000000000000000000000012
:103EB0000000000000000000007777777777770038
:103EC00000000000000000000000000000000000F2
:103ED00000000000000000000000000000000000E2
:103EE00000000000000000000000000000000000D2
:103EF00000000000007777777777770000000000F8
:103F000000000000000000000000000000000000B1
:103F100000000000000000000000000000000000A1
:103F20000000000000000000000000000000000091
:103F300000777777777777000000000000000000B7
:103F40000000000000000000000000000000000071
:103F50000000000000000000000000000000000061
:103F600000000000000000000000000000777777EC
:103F700077777700000000000000000000000000DC
:103F80000000000000000000000000000000000031
:103F90000000000000000000000000000000000021
:103FA0000000000000000000007777777777770047
:103FB0000000000000000000000000000000000001
:103FC00000000000000000000000000000000000F1
:103FD00000000000000000000000000000000000E1
:103FE0000000000000777777777777000000000007
:103FF00000000000000000000000000000000000C1
:1040000000000000000000000000000000000000B0
:1040100000000000000000000000000000000000A0
:1040200000777777777777000000000000000000C6
:104030000000000000000000000000000000000080
:104040000000000000000000000000000000000070
:1040500000000000000000000000000000777777FB
:1040600077777700000000000000000000000000EB
:104070000000000000000000000000000000000040
:104080000000000000000000000000000000000030
:104090000000000000000000007777777777770056
:1040A0000000000000000000000000000000000010
:1040B0000000000000000000000000000000000000
:1040C00000000000000000000000000000000000F0
:1040D0000000000000777777777777000000000016
:1040E00000000000000000000000000000000000D0
:1040F00000000000000000000000000000000000C0
:1041000000000000000000000000000000000000AF
:1041100000777777777777000000000000000000D5
:10412000000000000000000000000000000000008F
:10413000000000000000000000000000000000007F
:10414000000000000000000000000000007777770A
:1041500077777700000000000000000000000000FA
:10416000000000000000000000000000000000004F
:10417000000000000000000000000000000000003F
:104180000000000000000000007777777777770065
:10419000000000000000000000000000000000001F
:1041A000000000000000000000000000000000000F
:1041B00000000000000000000000000000000000FF
:1041C0000000000000777777777777000000000025
:1041D00000000000000000000000000000000000DF
:1041E00000000000000000000000000000000000CF
:1041F00000000000000000000000000000000000BF
:1042000000777777777777000000000000000000E4
:10421000000000000000000000000000000000009E
:10422000000000000000000000000000000000008E
:104230000000000000000000000000000077777719
:104240007777770000000000000000000000000009
:10425000000000000000000000000000000000005E
:10426000000000000000000000000000000000004E
:104270000000000000000000007777777777770074
:10428000000000000000000000000000000000002E
:10429000000000000000000000000000000000001E
:1042A000000000000000000000000000000000000E
:1042B0000000000000777777777777000000000034
:1042C00000000000000000000000000000000000EE
:1042D00000000000000000000000000000000000DE
:1042E00000000000000000000000000000000000CE
:1042F00000777777777777000000000000000000F4
:1043000000000000000000000000000000000000AD
:10431000000000000000000000000000000000009D
:104320000000000000000000000000000077777728
:104330007777770000000000000000000000000018
:10434000000000000000000000000000000000006D
:10435000000000000000000000000000000000005D
:104360000000000000000000007777777777770083
:10437000000000000000000000000000000000003D
:10438000000000000000000000000000000000002D
:10439000000000000000000000000000000000001D
:1043A0000000000000777777777777000000000043
:1043B00000000000000000000000000000000000FD
:1043C00000000000000000000000000000000000ED
:1043D00000000000000000000000000000000000DD
:1043E0000077777777777700000000000000000003
:1043F00000000000000000000000000000000000BD
:1044000000000000000000000000000000000000AC
:104410000000000000000000000000000077777737
:104420007777770000000000000000000000000027
:10443000000000000000000000000000000000007C
:10444000000000000000000000000000000000006C
:104450000000000000000000007777777777770092
:10446000000000000000000000000000000000004C
:10447000000000000000000000000000000000003C
:10448000000000000000000000000000000000002C
:10449000000000000000000000000000000000001C
:1044A000000000000000000000000000000000000C
:1044B00000000000000000000000000000000000FC
:1044C00000000000000000000000000000000000EC
:1044D00000000000000000000000000000000000DC
:1044E00000000000000000000000000000000000CC
:1044F00000000000000000000000000000000000BC
:1045000000000000000000000000000000000000AB
:10451000000000008CAE0100882500008704A00088
:104520007800000022222222020000000000000089
:10453000000000000000000000000000000000007B
:10454000000000000000000000000000000000006B
:10455000000000000000000000000000000000005B
:1045600022222222020000000000000000000000C1
:10457000000000000000000000000000000000003B
:10458000000000000000000000000000000000002B
:104590000000000000000000000000002222222293
:1045A0000200000000000000000000000000000009
:1045B00000000000000000000000000000000000FB
:1045C00000000000000000000000000000000000EB
:1045D0000000000000000000222222220200000051
:1045E00000000000000000000000000000000000CB
:1045F00000000000000000000000000000000000BB
:1046000000000000000000000000000000000000AA
:104610000000000022222222020000000000000010
:10462000000000000000000000000000000000008A
:10463000000000000000000000000000000000007A
:10464000000000000000000000000000000000006A
:1046500022222222020000000000000000000000D0
:10466000000000000000000000000000000000004A
:10467000000000000000000000000000000000003A
:1046800000000000000000000000000022222222A2
:104690000200000000000000000000000000000018
:1046A000000000000000000000000000000000000A
:1046B00000000000000000000000000000000000FA
:1046C0000000000000000000222222220200000060
:1046D00000000000000000000000000000000000DA
:1046E00000000000000000000000000000000000CA
:1046F00000000000000000000000000000000000BA
:10470000000000002222222202000000000000001F
:104710000000000000000000000000000000000099
:104720000000000000000000000000000000000089
:104730000000000000000000000000000000000079
:1047400022222222020000000000000000000000DF
:104750000000000000000000000000000000000059
:104760000000000000000000000000000000000049
:1047700000000000000000000000000022222222B1
:104780000200000000000000000000000000000027
:104790000000000000000000000000000000000019
:1047A0000000000000000000000000000000000009
:1047B000000000000000000022222222020000006F
:1047C00000000000000000000000000000000000E9
:1047D00000000000000000000000000000000000D9
:1047E00000000000000000000000000000000000C9
:1047F000000000002222222202000000000000002F
:1048000000000000000000000000000000000000A8
:104810000000000000000000000000000000000098
:104820000000000000000000000000000000000088
:1048300022222222020000000000000000000000EE
:104840000000000000000000000000000000000068
:104850000000000000000000000000000000000058
:1048600000000000000000000000000022222222C0
:104870000200000000000000000000000000000036
:104880000000000000000000000000000000000028
:104890000000000000000000000000000000000018
:1048A000000000000000000022222222020000007E
:1048B00000000000000000000000000000000000F8
:1048C00000000000000000000000000000000000E8
:1048D00000000000000000000000000000000000D8
:1048E000000000002222222202000000000000003E
:1048F00000000000000000000000000000000000B8
:1049000000000000000000000000000000000000A7
:104910000000000000000000000000000000000097
:1049200022222222020000000000000000000000FD
:104930000000000000000000000000000000000077
:104940000000000000000000000000000000000067
:1049500000000000000000000000000022222222CF
:104960000200000000000000000000000000000045
:104970000000000000000000000000000000000037
:104980000000000000000000000000000000000027
:10499000000000000000000022222222020000008D
:1049A0000000000000000000000000000000000007
:1049B00000000000000000000000000000000000F7
:1049C00000000000000000000000000000000000E7
:1049D000000000002222222202000000000000004D
:1049E00000000000000000000000000000000000C7
:1049F00000000000000000000000000000000000B7
:104A000000000000000000000000000000000000A6
:104A1000222222220200000000000000000000000C
:104A20000000000000000000000000000000000086
:104A30000000000000000000000000000000000076
:104A400000000000000000000000000022222222DE
:104A50000200000000000000000000000000000054
:104A60000000000000000000000000000000000046
:104A70000000000000000000000000000000000036
:104A8000000000000000000022222222020000009C
:104A90000000000000000000000000000000000016
:104AA0000000000000000000000000000000000006
:104AB00000000000000000000000000000000000F6
:104AC000000000002222222202000000000000005C
:104AD00000000000000000000000000000000000D6
:104AE00000000000000000000000000000000000C6
:104AF00000000000000000000000000000000000B6
:104B0000222222220200000000000000000000001B
:104B10000000000000000000000000000000000095
:104B20000000000000000000000000000000000085
:104B300000000000000000000000000022222222ED
:104B40000200000000000000000000000000000063
:104B50000000000000000000000000000000000055
:104B60000000000000000000000000000000000045
:104B700000000000000000002222222202000000AB
:104B80000000000000000000000000000000000025
:104B90000000000000000000000000000000000015
:104BA0000000000000000000000000000000000005
:104BB000000000002222222202000000000000006B
:104BC00000000000000000000000000000000000E5
:104BD00000000000000000000000000000000000D5
:104BE00000000000000000000000000000000000C5
:104BF000222222220200000000000000000000002B
:104C000000000000000000000000000000000000A4
:104C10000000000000000000000000000000000094
:104C200000000000000000000000000022222222FC
:104C30000200000000000000000000000000000072
:104C40000000000000000000000000000000000064
:104C50000000000000000000000000000000000054
:104C600000000000000000002222222202000000BA
:104C70000000000000000000000000000000000034
:104C80000000000000000000000000000000000024
:104C90000000000000000000000000000000000014
:104CA000000000002222222202000000000000007A
:104CB00000000000000000000000000000000000F4
:104CC00000000000000000000000000000000000E4
:104CD00000000000000000000000000000000000D4
:104CE000222222220200000000000000000000003A
:104CF00000000000000000000000000000000000B4
:104D000000000000000000000000000000000000A3
:104D1000000000000000000000000000222222220B
:104D20000200000000000000000000000000000081
:104D30000000000000000000000000000000000073
:104D40000000000000000000000000000000000063
:104D500000000000000000002222222202000000C9
:104D60000000000000000000000000000000000043
:104D70000000000000000000000000000000000033
:104D80000000000000000000000000000000000023
:104D90000000000022222222020000000000000089
:104DA0000000000000000000000000000000000003
:104DB00000000000000000000000000000000000F3
:104DC00000000000000000000000000000000000E3
:104DD0002222222202000000000000000000000049
:104DE00000000000000000000000000000000000C3
:104DF00000000000000000000000000000000000B3
:104E0000000000000000000000000000222222221A
:104E10000200000000000000000000000000000090
:104E20000000000000000000000000000000000082
:104E30000000000000000000000000000000000072
:104E400000000000000000002222222202000000D8
:104E50000000000000000000000000000000000052
:104E60000000000000000000000000000000000042
:104E70000000000000000000000000000000000032
:104E80000000000022222222020000000000000098
:104E90000000000000000000000000000000000012
:104EA0000000000000000000000000000000000002
:104EB00000000000000000000000000000000000F2
:104EC0002222222202000000000000000000000058
:104ED00000000000000000000000000000000000D2
:104EE00000000000000000000000000000000000C2
:104EF000000000000000000000000000222222222A
:104F0000020000000000000000000000000000009F
:104F10000000000000000000000000000000000091
:104F20000000000000000000000000000000000081
:104F300000000000000000002222222202000000E7
:104F40000000000000000000000000000000000061
:104F50000000000000000000000000000000000051
:104F60000000000000000000000000000000000041
:104F700000000000222222220200000000000000A7
:104F80000000000000000000000000000000000021
:104F90000000000000000000000000000000000011
:104FA0000000000000000000000000000000000001
:104FB0002222222202000000000000000000000067
:104FC00000000000000000000000000000000000E1
:104FD00000000000000000000000000000000000D1
:104FE0000000000000000000000000002222222239
:104FF00002000000000000000000000000000000AF
:1050000000000000000000000000000000000000A0
:105010000000000000000000000000000000000090
:1050200000000000000000002222222202000000F6
:105030000000000000000000000000000000000070
:105040000000000000000000000000000000000060
:105050000000000000000000000000000000000050
:1050600000000000222222220200000000000000B6
:105070000000000000000000000000000000000030
:105080000000000000000000000000000000000020
:105090000000000000000000000000000000000010
:1050A0002222222202000000000000000000000076
:1050B00000000000000000000000000000000000F0
:1050C00000000000000000000000000000000000E0
:1050D0000000000000000000000000002222222248
:1050E00002000000000000000000000000000000BE
:1050F00000000000000000000000000000000000B0
:10510000000000000000000000000000000000009F
:105110000000000000000000222222220200000005
:10512000000000000000000000000000000000007F
:10513000000000000000000000000000000000006F
:10514000000000000000000000000000000000005F
:1051500000000000222222220200000000000000C5
:10516000000000000000000000000000000000003F
:10517000000000000000000000000000000000002F
:10518000000000000000000000000000000000001F
:105190002222222202000000000000000000000085
:1051A00000000000000000000000000000000000FF
:1051B00000000000000000000000000000000000EF
:1051C0000000000000000000000000002222222257
:1051D00002000000000000000000000000000000CD
:1051E00000000000000000000000000000000000BF
:1051F00000000000000000000000000000000000AF
:105200000000000000000000222222220200000014
:10521000000000000000000000000000000000008E
:10522000000000000000000000000000000000007E
:10523000000000000000000000000000000000006E
:1052400000000000222222220200000000000000D4
:10525000000000000000000000000000000000004E
:10526000000000000000000000000000000000003E
:10527000000000000000000000000000000000002E
:105280002222222202000000000000000000000094
:10529000000000000000000000000000000000000E
:1052A00000000000000000000000000000000000FE
:1052B0000000000000000000000000002222222266
:1052C00002000000000000000000000000000000DC
:1052D00000000000000000000000000000000000CE
:1052E00000000000000000000000000000000000BE
:1052F0000000000000000000222222220200000024
:10530000000000000000000000000000000000009D
:10531000000000000000000000000000000000008D
:10532000000000000000000000000000000000007D
:1053300000000000222222220200000000000000E3
:10534000000000000000000000000000000000005D
:10535000000000000000000000000000000000004D
:10536000000000000000000000000000000000003D
:1053700022222222020000000000000000000000A3
:10538000000000000000000000000000000000001D
:10539000000000000000000000000000000000000D
:1053A0000000000000000000000000002222222275
:1053B00002000000000000000000000000000000EB
:1053C00000000000000000000000000000000000DD
:1053D00000000000000000000000000000000000CD
:1053E0000000000000000000222222220200000033
:1053F00000000000000000000000000000000000AD
:10540000000000000000000000000000000000009C
:10541000000000000000000000000000000000008C
:1054200000000000222222220200000000000000F2
:10543000000000000000000000000000000000006C
:10544000000000000000000000000000000000005C
:10545000000000000000000000000000000000004C
:1054600022222222020000000000000000000000B2
:10547000000000000000000000000000000000002C
:10548000000000000000000000000000000000001C
:105490000000000000000000000000002222222284
:1054A00002000000000000000000000000000000FA
:1054B00000000000000000000000000000000000EC
:1054C00000000000000000000000000000000000DC
:1054D0000000000000000000222222220200000042
:1054E00000000000000000000000000000000000BC
:1054F00000000000000000000000000000000000AC
:10550000000000000000000000000000000000009B
:105510000000000022222222020000000000000001
:10552000000000000000000000000000000000007B
:10553000000000000000000000000000000000006B
:10554000000000000000000000000000000000005B
:1055500022222222020000000000000000000000C1
:10556000000000000000000000000000000000003B
:10557000000000000000000000000000000000002B
:105580000000000000000000000000002222222293
:105590000200000000000000000000000000000009
:1055A00000000000000000000000000000000000FB
:1055B00000000000000000000000000000000000EB
:1055C0000000000000000000222222220200000051
:1055D00000000000000000000000000000000000CB
:1055E00000000000000000000000000000000000BB
:1055F00000000000000000000000000000000000AB
:105600000000000022222222020000000000000010
:10561000000000000000000000000000000000008A
:10562000000000000000000000000000000000007A
:10563000000000000000000000000000000000006A
:1056400022222222020000000000000000000000D0
:10565000000000000000000000000000000000004A
:10566000000000000000000000000000000000003A
:1056700000000000000000000000000022222222A2
:105680000200000000000000000000000000000018
:10569000000000000000000000000000000000000A
:1056A00000000000000000000000000000000000FA
:1056B0000000000000000000222222220200000060
:1056C00000000000000000000000000000000000DA
:1056D00000000000000000000000000000000000CA
:1056E00000000000000000000000000000000000BA
:1056F0000000000022222222020000000000000020
:105700000000000000000000000000000000000099
:105710000000000000000000000000000000000089
:105720000000000000000000000000000000000079
:1057300022222222020000000000000000000000DF
:105740000000000000000000000000000000000059
:105750000000000000000000000000000000000049
:1057600000000000000000000000000022222222B1
:105770000200000000000000000000000000000027
:105780000000000000000000000000000000000019
:105790000000000000000000000000000000000009
:1057A000000000000000000022222222020000006F
:1057B00000000000000000000000000000000000E9
:1057C00000000000000000000000000000000000D9
:1057D00000000000000000000000000000000000C9
:1057E000000000002222222202000000000000002F
:1057F00000000000000000000000000000000000A9
:105800000000000000000000000000000000000098
:105810000000000000000000000000000000000088
:1058200022222222020000000000000000000000EE
:105830000000000000000000000000000000000068
:105840000000000000000000000000000000000058
:1058500000000000000000000000000022222222C0
:105860000200000000000000000000000000000036
:105870000000000000000000000000000000000028
:105880000000000000000000000000000000000018
:10589000000000000000000022222222020000007E
:1058A00000000000000000000000000000000000F8
:1058B00000000000000000000000000000000000E8
:1058C00000000000000000000000000000000000D8
:1058D000000000002222222202000000000000003E
:1058E00000000000000000000000000000000000B8
:1058F00000000000000000000000000000000000A8
:105900000000000000000000000000000000000097
:1059100022222222020000000000000000000000FD
:105920000000000000000000000000000000000077
:105930000000000000000000000000000000000067
:1059400000000000000000000000000022222222CF
:105950000200000000000000000000000000000045
:105960000000000000000000000000000000000037
:105970000000000000000000000000000000000027
:10598000000000000000000022222222020000008D
:105990000000000000000000000000000000000007
:1059A00000000000000000000000000000000000F7
:1059B00000000000000000000000000000000000E7
:1059C000000000002222222202000000000000004D
:1059D00000000000000000000000000000000000C7
:1059E00000000000000000000000000000000000B7
:1059F00000000000000000000000000000000000A7
:105A0000222222220200000000000000000000000C
:105A10000000000000000000000000000000000086
:105A20000000000000000000000000000000000076
:105A300000000000000000000000000022222222DE
:105A40000200000000000000000000000000000054
:105A50000000000000000000000000000000000046
:105A60000000000000000000000000000000000036
:105A7000000000000000000022222222020000009C
:105A80000000000000000000000000000000000016
:105A90000000000000000000000000000000000006
:105AA00000000000000000000000000000000000F6
:105AB000000000002222222202000000000000005C
:105AC00000000000000000000000000000000000D6
:105AD00000000000000000000000000000000000C6
:105AE00000000000000000000000000000000000B6
:105AF000222222220200000000000000000000001C
:105B00000000000000000000000000000000000095
:105B10000000000000000000000000000000000085
:105B200000000000000000000000000022222222ED
:105B30000200000000000000000000000000000063
:105B40000000000000000000000000000000000055
:105B50000000000000000000000000000000000045
:105B600000000000000000002222222202000000AB
:105B70000000000000000000000000000000000025
:105B80000000000000000000000000000000000015
:105B90000000000000000000000000000000000005
:105BA000000000002222222202000000000000006B
:105BB00000000000000000000000000000000000E5
:105BC00000000000000000000000000000000000D5
:105BD00000000000000000000000000000000000C5
:105BE000222222220200000000000000000000002B
:105BF00000000000000000000000000000000000A5
:105C00000000000000000000000000000000000094
:105C100000000000000000000000000022222222FC
:105C20000200000000000000000000000000000072
:105C30000000000000000000000000000000000064
:105C40000000000000000000000000000000000054
:105C500000000000000000002222222202000000BA
:105C60000000000000000000000000000000000034
:105C70000000000000000000000000000000000024
:105C80000000000000000000000000000000000014
:105C9000000000002222222202000000000000007A
:105CA00000000000000000000000000000000000F4
:105CB00000000000000000000000000000000000E4
:105CC00000000000000000000000000000000000D4
:105CD000222222220200000000000000000000003A
:105CE00000000000000000000000000000000000B4
:105CF00000000000000000000000000000000000A4
:105D0000000000000000000000000000222222220B
:105D10000200000000000000000000000000000081
:105D20000000000000000000000000000000000073
:105D30000000000000000000000000000000000063
:105D400000000000000000002222222202000000C9
:105D50000000000000000000000000000000000043
:105D60000000000000000000000000000000000033
:105D70000000000000000000000000000000000023
:105D80000000000022222222020000000000000089
:105D90000000000000000000000000000000000003
:105DA00000000000000000000000000000000000F3
:105DB00000000000000000000000000000000000E3
:105DC0002222222202000000000000000000000049
:105DD00000000000000000000000000000000000C3
:105DE00000000000000000000000000000000000B3
:105DF000000000000000000000000000222222221B
:105E00000200000000000000000000000000000090
:105E10000000000000000000000000000000000082
:105E20000000000000000000000000000000000072
:105E300000000000000000002222222202000000D8
:105E40000000000000000000000000000000000052
:105E50000000000000000000000000000000000042
:105E60000000000000000000000000000000000032
:105E70000000000022222222020000000000000098
:105E80000000000000000000000000000000000012
:105E90000000000000000000000000000000000002
:105EA00000000000000000000000000000000000F2
:105EB0002222222202000000000000000000000058
:105EC00000000000000000000000000000000000D2
:105ED00000000000000000000000000000000000C2
:105EE000000000000000000000000000222222222A
:105EF00002000000000000000000000000000000A0
:105F00000000000000000000000000000000000091
:105F10000000000000000000000000000000000081
:105F200000000000000000002222222202000000E7
:105F30000000000000000000000000000000000061
:105F40000000000000000000000000000000000051
:105F50000000000000000000000000000000000041
:105F600000000000222222220200000000000000A7
:105F70000000000000000000000000000000000021
:105F80000000000000000000000000000000000011
:105F90000000000000000000000000000000000001
:105FA0002222222202000000000000000000000067
:105FB00000000000000000000000000000000000E1
:105FC00000000000000000000000000000000000D1
:105FD0000000000000000000000000002222222239
:105FE00002000000000000000000000000000000AF
:105FF00000000000000000000000000000000000A1
:106000000000000000000000000000000000000090
:1060100000000000000000002222222202000000F6
:106020000000000000000000000000000000000070
:106030000000000000000000000000000000000060
:106040000000000000000000000000000000000050
:1060500000000000222222220200000000000000B6
:106060000000000000000000000000000000000030
:106070000000000000000000000000000000000020
:106080000000000000000000000000000000000010
:106090002222222202000000000000000000000076
:1060A00000000000000000000000000000000000F0
:1060B00000000000000000000000000000000000E0
:1060C0000000000000000000000000002222222248
:1060D00002000000000000000000000000000000BE
:1060E00000000000000000000000000000000000B0
:1060F00000000000000000000000000000000000A0
:106100000000000000000000222222220200000005
:10611000000000000000000000000000000000007F
:10612000000000000000000000000000000000006F
:10613000000000000000000000000000000000005F
:1061400000000000222222220200000000000000C5
:10615000000000000000000000000000000000003F
:10616000000000000000000000000000000000002F
:10617000000000000000000000000000000000001F
:106180002222222202000000000000000000000085
:1061900000000000000000000000000000000000FF
:1061A00000000000000000000000000000000000EF
:1061B0000000000000000000000000002222222257
:1061C00002000000000000000000000000000000CD
:1061D00000000000000000000000000000000000BF
:1061E00000000000000000000000000000000000AF
:1061F0000000000000000000222222220200000015
:10620000000000000000000000000000000000008E
:10621000000000000000000000000000000000007E
:10622000000000000000000000000000000000006E
:1062300000000000222222220200000000000000D4
:10624000000000000000000000000000000000004E
:10625000000000000000000000000000000000003E
:10626000000000000000000000000000000000002E
:106270002222222202000000000000000000000094
:10628000000000000000000000000000000000000E
:1062900000000000000000000000000000000000FE
:1062A0000000000000000000000000002222222266
:1062B00002000000000000000000000000000000DC
:1062C00000000000000000000000000000000000CE
:1062D00000000000000000000000000000000000BE
:1062E0000000000000000000222222220200000024
:1062F000000000000000000000000000000000009E
:10630000000000000000000000000000000000008D
:10631000000000000000000000000000000000007D
:1063200000000000222222220200000000000000E3
:10633000000000000000000000000000000000005D
:10634000000000000000000000000000000000004D
:10635000000000000000000000000000000000003D
:1063600022222222020000000000000000000000A3
:10637000000000000000000000000000000000001D
:10638000000000000000000000000000000000000D
:106390000000000000000000000000002222222275
:1063A00002000000000000000000000000000000EB
:1063B00000000000000000000000000000000000DD
:1063C00000000000000000000000000000000000CD
:1063D0000000000000000000222222220200000033
:1063E00000000000000000000000000000000000AD
:1063F000000000000000000000000000000000009D
:10640000000000000000000000000000000000008C
:1064100000000000222222220200000000000000F2
:10642000000000000000000000000000000000006C
:10643000000000000000000000000000000000005C
:10644000000000000000000000000000000000004C
:1064500022222222020000000000000000000000B2
:10646000000000000000000000000000000000002C
:10647000000000000000000000000000000000001C
:106480000000000000000000000000002222222284
:1064900002000000000000000000000000000000FA
:1064A00000000000000000000000000000000000EC
:1064B00000000000000000000000000000000000DC
:1064C0000000000000000000222222220200000042
:1064D00000000000000000000000000000000000BC
:1064E00000000000000000000000000000000000AC
:1064F000000000000000000000000000000000009C
:106500000000000022222222020000000000000001
:10651000000000000000000000000000000000007B
:10652000000000000000000000000000000000006B
:10653000000000000000000000000000000000005B
:1065400022222222020000000000000000000000C1
:10655000000000000000000000000000000000003B
:10656000000000000000000000000000000000002B
:106570000000000000000000000000002222222293
:106580000200000000000000000000000000000009
:1065900000000000000000000000000000000000FB
:1065A00000000000000000000000000000000000EB
:1065B0000000000000000000222222220200000051
:1065C00000000000000000000000000000000000CB
:1065D00000000000000000000000000000000000BB
:1065E00000000000000000000000000000000000AB
:1065F0000000000022222222020000000000000011
:10660000000000000000000000000000000000008A
:10661000000000000000000000000000000000007A
:10662000000000000000000000000000000000006A
:1066300022222222020000000000000000000000D0
:10664000000000000000000000000000000000004A
:10665000000000000000000000000000000000003A
:1066600000000000000000000000000022222222A2
:106670000200000000000000000000000000000018
:10668000000000000000000000000000000000000A
:1066900000000000000000000000000000000000FA
:1066A0000000000000000000222222220200000060
:1066B00000000000000000000000000000000000DA
:1066C00000000000000000000000000000000000CA
:1066D00000000000000000000000000000000000BA
:1066E0000000000022222222020000000000000020
:1066F000000000000000000000000000000000009A
:106700000000000000000000000000000000000089
:106710000000000000000000000000000000000079
:1067200022222222020000000000000000000000DF
:106730000000000000000000000000000000000059
:106740000000000000000000000000000000000049
:1067500000000000000000000000000022222222B1
:106760000200000000000000000000000000000027
:106770000000000000000000000000000000000019
:106780000000000000000000000000000000000009
:10679000000000000000000022222222020000006F
:1067A00000000000000000000000000000000000E9
:1067B00000000000000000000000000000000000D9
:1067C00000000000000000000000000000000000C9
:1067D000000000002222222202000000000000002F
:1067E00000000000000000000000000000000000A9
:1067F0000000000000000000000000000000000099
:106800000000000000000000000000000000000088
:1068100022222222020000000000000000000000EE
:106820000000000000000000000000000000000068
:106830000000000000000000000000000000000058
:1068400000000000000000000000000022222222C0
:106850000200000000000000000000000000000036
:106860000000000000000000000000000000000028
:106870000000000000000000000000000000000018
:10688000000000000000000022222222020000007E
:1068900000000000000000000000000000000000F8
:1068A00000000000000000000000000000000000E8
:1068B00000000000000000000000000000000000D8
:1068C000000000002222222202000000000000003E
:1068D00000000000000000000000000000000000B8
:1068E00000000000000000000000000000000000A8
:1068F0000000000000000000000000000000000098
:1069000022222222020000000000000000000000FD
:106910000000000000000000000000000000000077
:106920000000000000000000000000000000000067
:1069300000000000000000000000000022222222CF
:106940000200000000000000000000000000000045
:106950000000000000000000000000000000000037
:106960000000000000000000000000000000000027
:10697000000000000000000022222222020000008D
:106980000000000000000000000000000000000007
:1069900000000000000000000000000000000000F7
:1069A00000000000000000000000000000000000E7
:1069B000000000002222222202000000000000004D
:1069C00000000000000000000000000000000000C7
:1069D00000000000000000000000000000000000B7
:1069E00000000000000000000000000000000000A7
:1069F000222222220200000000000000000000000D
:106A00000000000000000000000000000000000086
:106A10000000000000000000000000000000000076
:106A200000000000000000000000000022222222DE
:106A30000200000000000000000000000000000054
:106A40000000000000000000000000000000000046
:106A50000000000000000000000000000000000036
:106A6000000000000000000022222222020000009C
:106A70000000000000000000000000000000000016
:106A80000000000000000000000000000000000006
:106A900000000000000000000000000000000000F6
:106AA000000000008CAE01002800000087040800F0
:106AB00008000000103111011131111111311311B1
:106AC0003133333333111311111113111111131108
:106AD000101113018CAE0100880000008704100023
:106AE0001000000000000000000000000000000096
:106AF0000000000000000000000000000000000096
:106B00000000000000000000000000000000000085
:106B10000000000000000000000000000000000075
:106B20000000000000000000000000000000000065
:106B30000000000000000000000000000000000055
:106B40000000000000000000000000000000000045
:106B50000000000000000000000000000000000035
:106B60000000000000000000000000000000000025
:040000031000659DE7
:00000001FF

:1000000E41140E2FB82FA2BB97004119000000001B
:1000100E7B22636F6D7072657373696F6E223A2205
:1000200E4C5A4D41222C2268656164657253697A7F
:1000300E65223A3331342C227465787453697A65AB
:1000400E223A3132343235362C226E616D65223AC7
:1000500E224D6963726F3A4F53222C226555524CD2
:1000600E223A2268747470733A2F2F61726361643E
:1000700E652E6D616B65636F64652E636F6D2F22E8
:1000800E2C2265564552223A22312E31322E3537E8
:1000900E222C22707874546172676574223A226140
:1000A00E7263616465227D5D000080009AE6010046
:1000B00E00000000003D8889C65436C3174FE4E2A5
:1000C00EA55D4D7942DF06EAE0673224C22C24D7C3
:1000D00EE6FDE219FC2A68798D659EEE0C81E854E6
:1000E00E769AB167A2093DB6D24880B8660FB49130
:1000F00E785872C7CD20BA7A702DE3819F97FD494B
:1001000E3558E95146B17092269C840A8554CF1217
:1001100E81369DC2650FF121A0C48BA5C30E565A20
:1001200E04A1F14F5B285E4EB1A03486A4D296C4D2
:1001300ECC4B755203BE1631B716ABC242A4D43B9C
:1001400EE4977DF8897EC5A85A9A01569E205F35A0
:1001500E685160E8AD4F5C85E5A365469F6DC86745
:1001600E6C71E452CAF1EABFA2DF65E1D53B9A2277
:1001700EFE9EB46869569ADB1EFC0D95357F291CD0
:1001800E9E18B1999C81FE20995628DF3219477C22
:1001900EAEB5E3423D526EC8BED5B7B00C6A42F85A
:1001A00E5EAE67A09399EC7D049B4A28ED2EA39436
:1001B00E1E36646A864CE057BB95F27FAF1BA5A135
:1001C00EB82C4EE2B1456BE5704E6189ABC3FC4570
:1001D00EF4F571BA8A4A732296037C4AEFD9A48940
:1001E00E0F7789DD9CC03BFB117538E39BDD141A3C
:1001F00E0BC808A4B8960BE4927FC54FD9D397D4F9
:1002000E6FA1315FC6777858553F5BA39927BBEB3B
:1002100E0D4883E3F78C4483292A1AB9B28F2E2E08
:1002200E563DBA35837C46CA630F018844F1063CBD
:1002300E968564E132DA5EAB3739F8081FBBF78575
:1002400EB56F2E80EA47732FDDC43B9D67833967F8
:1002500E0BF7D60D6114B655B711D04B027E92FB3B
:1002600EF83101DA2EB3BFAABBC76809C74F326691
:1002700E386C18CF18EC7EE06BAF6FD118AD67A954
:1002800E101F71F92FBEDAF0BF08AB2ED78C6EDFC0
:1002900E68D84C5551C6B46E9CDCB8D9E273F47074
:1002A00EB08D77A69CF6BD349BFEE5CDD987C6CC26
:1002B00E66EFF2263DD94D836DA5185C801C8F6AC2
:1002C00EC2FC0800B72C0383D5A0B246DF2C792FD1
:1002D00E5C035E44E6D00F84E10430B306D79C4144
:1002E00EE81727A36A45D169750CB96B090B003362
:1002F00E494889238164FD0975963E31EE3F36CC1F
:1003000E3B51DAD7E2D98E8CFEA1A4ADA34F1E1BB2
:1003100E8119C920729C0444018ECF9A93CACAA235
:1003200E75388BEBF80755096E0D54C66F166FC1F5
:1003300E91891A703013D76E02FDC0C4F6D931A65A
:1003400E34E69419F99FA666348E7442FB4E76B746
:1003500E7DC1F05D90D63B4D55F7C763BBF8C72105
:1003600E86C8DE9B5F13A2FF60BCB66B9DC5A7055A
:1003700E183CA7442989A917D64F2FCFEEE89354DE
:1003800EC597DBF7A26D47A3AB9ADBE3ECC44AC378
:1003900E9A392A99E55FEAC585A46271CE3B82CD72
:1003A00E85920DFCC01555AA392B23BF6265E9272E
:1003B00EDF41EFC0CC1206157A7B863C814D4F088B
:1003C00EA5C4045F46701B7F34900ABA1E29D773EA
:1003D00EFC3BDBFF788BC151DB66C65D3D024941BC
:1003E00E396F9CCD6F90F6A0DCB10C637361D4B8FD
:1003F00E8AA7847EE6D8E41091F9840D8061B6C197
:1004000EB49A8F26115B5349BCDBFDD297CC9E0C60
:1004100ECE87F50F17322303F71A6913154EE94DE0
:1004200E407DE43281D2F7F7DCF12626457FD12ECE
:1004300E31468B27618A2A82A225616173AAF1ED6A
:1004400EA6E89A4EAEF24A0801B7953EC3ABC6CFA8
:1004500E78B5C9951CEF485DA9AAB784F7602A66DE
:1004600E91C8F6C3E0CF2C4964AD0AB2C60A8FBE5E
:1004700EAFAEB1EC83E6C36716045956F3D2D090F3
:1004800E5FBF98379923689470F2063482F1905EBC
:1004900E5D54F77CBFFEA421DDBB75120C3C354FBD
:1004A00E2B5093A39ECE474919EE557EA026E111FF
:1004B00E6678D281B49CF42E8C5B58EC2471521960
:1004C00ED3D3572293D8907B2D643602D62E576FF6
:1004D00E84FF7AE275EA957641770A9624B31B5427
:1004E00E1F7BC6DA6AFADF88242DAB0618EFC0F33D
:1004F00E6F3A9223498BBEE8E3F815E586C73F2B8A
:1005000EBC0C0AB93CFF24F39F7FF8C32647236C2B
:1005100EF24F630C2CFEA514843CE36476AF465870
:1005200EBAEB01462AD3D92096A80566F4DF6F8F61
:1005300EC205894BBF1A8CD5F1F9D0B0F32F978332
:1005400EC20AC0400C35D331E5BCD767CE8ECA3057
:1005500EA9F8949CA1F5DBC2AA0210D2010A4B5D48
:1005600E83C1EC672BEEE8A25885FE115C42620C4B
:1005700E26F6F32E186106D7544129622AB444A8F0
:1005800EEEC8525A5D28C528B108CF0E88989856E5
:1005900EC112FFBA07F281FFF4562826FA5338DF4C
:1005A00EA8335C437F5DD3828B23398828179C1F29
:1005B00EE1B10E18181B1F1E8829F805A70A7282B2
:1005C00EC81039D69C92E4CF50343DD66554D455DC
:1005D00E7C6F1520BFA619CFD89DC8835949978A1D
:1005E00E4F1397E0722F18EAA51AE0714F6FE7F8D4
:1005F00E30C8038DAFBAE647DC3BF10E700D7A873B
:1006000E9BD1A3FC5043F13A862214AF5250754C45
:1006100E949CECB2BE246BEAAE283218F6B10E7181
:1006200EB030CC2279AB9DA330C330DC0D31A9366E
:1006300EE71B86CCB276D8883D1FAD924581AD586A
:1006400E50A97343D267F99D13EC6086EE39901969
:1006500EA2812750475005A4FBDA7BF058803AE47C
:1006600E4FAA7D8381994402B68C5EAAA1891FC7C9
:1006700EBFFABB06934E22ECDD9444F39E49A8408C
:1006800E274D62C6A53E30E5EE8D3CE64DE451BDEC
:1006900EB6B82777145D193E3DC11F7C25FAB48E7E
:1006A00E355B92DE1A7030B2A52657BD40BCC948E4
:1006B00E2192A129A145EDAEBDE31F24C2E4D8B31A
:1006C00EC1A14853705D048433D4243F1AB8282244
:1006D00E903913E9CA2E1D3EBD65F4176659F1AB6C
:1006E00EDF56917A3080A0CB83C4839187A3DC98A8
:1006F00E40C60501E46D2FBB39EC565CA88B5B241C
:1007000EEE798896CD41D435A001A9A09AFC960920
:1007100EF05CE4B86480BE56F2B52A591E6C400AED
:1007200E68F754EC9DF4AFBC75EE420A85D55EFBBE
:1007300E59D7EF38416F301ECA51A209A8E7BF281A
:1007400EA6A14077B3B95B424120F3AD53D880796F
:1007500E53DEEE953D697D4FDD6BBC7955A3D555C6
:1007600E8F530159B6D5B8EAEDBE52999671514ED6
:1007700E0BFB99FF378524D5077CBED71A4039ACC1
:1007800E7D904DCD8EBB66A2DC5F166F91B6CCD53B
:1007900E9805FF2956545C70183889B3965E4C291B
:1007A00E31B4BDC33469BB606C313F06350D418237
:1007B00E52AACA616B3B43151CACC553E0CD9021C8
:1007C00EC38E01F27C43F272663542FAB0928061BA
:1007D00E848A53E343300192E1A9EA3E5A15076930
:1007E00E44A05EEBC9573A5CADC6EAF9490A92B528
:1007F00EC607E1C5CA0FFE910B840B564034F1D5E6
:1008000E3C2C561B16D8D4185D64B1D32A876F2C96
:1008100E79415927ABE96EBABCC90CBE9B53F5485A
:1008200E2959BCB868083A9042DDE292A1E01CC991
:1008300E92B32B8C5D5759008601617EE898BD48B6
:1008400E7811030C96B276F674A527B47FA2ED103C
:1008500EE0AC04590149E83FFD557BFD04A7FAB011
:1008600E8303FC31F34A9D57DC6583656B486E72DA
:1008700E7B4655CF2ABA1786F6882FBA7F09FED245
:1008800E43DC15EADF55808103CC8F778610546BDD
:1008900EC846758E2AB6F1807597547C9C27892B95
:1008A00E59B9FD666D0CEEBCD3C5FAC127BAB9278E
:1008B00EC2FAB5B5A7282CAC014804AE14C70CD9A2
:1008C00E1B1C9C5529CC1338795D8830B94F72BDED
:1008D00E8452B41D424B461586EE14FED91A3900C9
:1008E00E4C567CD842AA8B9D4F649056FE9DE7C411
:1008F00E5A86B8FC19B574849B348AA9EBC724CCEC
:1009000E600314A16C55D90CD91795F6D72A08FA9D
:1009100EF4DAF401E3917456DAB5C18DBE0654ECE7
:1009200E434CED55E364AC94E1B6663A77457CEB07
:1009300E2B5F5ACABF165F430B188A7E322158941A
:1009400E8307B1243B814C8093B9D74A5A0A6BDB9B
:1009500EC561091B42BCEE55D4EA6D35C5608D2FBD
:1009600E7DA5E11076F14234EB272340A3C6ACB748
:1009700E7E88C54409AADDEA2119F71DFD4B142F07
:1009800E9599985A5D759A0D9EF002CF422D6D7E07
:1009900E6DAA3A72C47ECCD7E84A33955BEB165BF0
:1009A00E9D866747DECE557241A63574462B066787
:1009B00E1B8B53DFF2C3D1FE85C0A74816E16C7EB8
:1009C00E34288ED98E464DC630D7D63F306E5DEE6A
:1009D00ECB76BE1ADF2FF6119FF01732E5D1D77BFB
:1009E00E8BD1639ABC8CD6D9D38574DB170402AA3B
:1009F00EE609E21D63B6722B6CDE7812A7D5922B38
:100A000E5A93BC25B0C7FBFBD7220FF37ADF1DF23A
:100A100E649E63444AF5F9BBACC1C26DA4AB87D6E4
:100A200EF1332D9196207C99F8FC92F715E3B7AC33
:100A300E599F814E0968BAF5A2AF78B36082C56A34
:100A400E62B3545C483C75CE42436942C4DEEAD878
:100A500E3922B37090BD0E95DFAB5237706C9FFA92
:100A600EB9693634C9C10C461441263E36E981B8FF
:100A700E4FD7FC3F8ECBDC2E0C2BAF3E2647713171
:100A800ED44D4C4F820A1CD5EC721BB533629E2995
:100A900ECE8BFDB603501D63E3441AC2530FB00F45
:100AA00EF94E15EA8559BD5D08D3E14F124AB47768
:100AB00E53EA07211D501C1C2FADB3D781D03CA685
:100AC00EF56E429EAD05F00EDCBB0508DF10808C86
:100AD00E88A5761CC68A33726D2FE39BDA9E4E353F
:100AE00E2F094F0B280492D3CCC9450BD6D18ED8E3
:100AF00E96FDD0C102F4BF8E1AA3B5D88DE8F76467
:100B000EE66490BF65A5F46C2765FA1CBA633F18BE
:100B100EC867446C9244A529F4A40C4CFD892B4E55
:100B200E781B681BDDA7C13B923946FF0124FB975A
:100B300E5EA77FD93A817F80DF39EB9B5FBD2BA00B
:100B400E9CB90B30B40F5A6C27D2F7AB09BDB91D47
:100B500EF8344D85872DD52B566F9BB6F7DF29C9F7
:100B600E0420E604AE12BF87A8E6C32EB0EFC85627
:100B700E204E758C95DC628C26FB8C8130B70EA8CE
:100B800E05BA3FFE46E268888544DDC64860035ECE
:100B900ED13F2D2D6EAFEFE7D6643F343981D4852A
:100BA00E5B59E33954AEE1C3BFE7146E91FE6F5447
:100BB00E5F7A95B2CB36B9A19E5A095A2BA7FC1073
:100BC00E4660ACDA2C94610EDE9DE3B4DA1D59D288
:100BD00E657327570E05C4B48BABF2C32A336E561A
:100BE00E543D625C0A0298EA9956CE81E8AF11E64E
:100BF00EA9C198387187BB56F198D242DB36E86F9F
:100C000E19DC818DF85E68B522556948138612FA93
:100C100E4EE3E6099BE339F31559AB4C91E212D042
:100C200EC7F50BABD814C751B5A7139D50654A77BE
:100C300EF7F4D71BADF42B9705ABF91F8F9FA57E4D
:100C400E8D676F25FE09B5F29FE18A415EA5F8E436
:100C500EE0F2A2641C004C5693DA8C3DA37B7A8A98
:100C600EC3EF8552A183B7345B4E5A9D8532C48241
:100C700E5E3FF74B532D37B3269A03A651D5A4DA10
:100C800EC80E1BED8D27A155F6A5AD9E5041FE1D3C
:100C900E17CD552FD4496AAEFF83027C95B0F4A4CC
:100CA00E85623719409DE52E68D5BA00E96AC2EB18
:100CB00E0B6543BE6DEE9B96D9EC483185793F3975
:100CC00E3249D64017AE15BA48825AEF4BC0F8BA21
:100CD00E4EEDCC8962F49F460C44B45AC802C7C587
:100CE00E469F5819C9584C4A135C89B37A9E6118AD
:100CF00EBE3D9AD7D41766EB67872613FE5D580460
:100D000E3542C4CE54E1C75ECD4A70281818FD7521
:100D100EE0C28249DE1D7EA7F1F1CC9DDC84283F26
:100D200E8B3BE90EC5187C18756FB429245162757A
:100D300E06E434ACC9B34B90BCAFF6F53BAD936A49
:100D400E8C8852EA4997B6989C7C1282994B569B96
:100D500E9F0D3A450DE73DFAC04B1EE6F2C1FFABC3
:100D600EF27A33D0F4B6A64EAA6B19E58BA4EAB389
:100D700E2A86493FFBEF5A378F4481F3355FBE9287
:100D800EF41AEF79C18DEFACC13E7FCD25E31F691B
:100D900E3026B0FA1E29B302AA2FFC26CF3D197EAB
:100DA00E9F1371AF0211F5703A62E06BFCF0C80C44
:100DB00E551FC5CE4B4400973BC7CBA774055B8030
:100DC00E0FB2EC07749EAFB1273E766D00684C5D96
:100DD00E3313A753AD46E425F75E2263342E2271FA
:100DE00E087AF6626F49791B08DD397FDD78E058A5
:100DF00EEC12235F9679456E993DDF0DB0B31787E0
:100E000E6CAD269A53A58FCD2CBC6E964EF6364FF2
:100E100E136049510F932DB728EB7B328242661C2B
:100E200ED073C797C857E94B204E026ED25D73B789
:100E300E2649BD1D44F7B6F9F501DE8DB573472879
:100E400E9D9D4757B8322D58AA4EF0A26CBA51222A
:100E500EFD1BD1DE0843F1BE01EF61D46E73634911
:100E600E985410C6AE4E35BDB5CF489349C0606E8E
:100E700EB9CB6EAD8EA211DB8A98D544CE20636AB3
:100E800EAC673EAF80D92B1AA33D389AD39F06F795
:100E900E92CDD905E0D9F3E5EE360BC522E032ADA1
:100EA00EB75A0AB8D840C19EAB7F149FF248C1D240
:100EB00E189CC50A0A6BEEB9F9BDCF40ACB80B0B46
:100EC00EF2AAF4EA95BA9635B0E1E749D0037BF978
:100ED00E551E144748E29BDA566AFD59AFBBBCD18A
:100EE00E25BE4BFE19BC6AA372BE7BA7B297B03467
:100EF00E9D3C88E88D463A11B4FA64B92446DABBB3
:100F000E5787AA7F4F80D309E435AE3E38E95D8816
:100F100E36BA857A3080C542AA1C9D33C50BF7922E
:100F200EE62CCBEC75CC5270EAC69394E17B4C98D0
:100F300E38C8DCC9B788152868D88A6866B875DEDF
:100F400E64B307424AE94A3DE62ECE4E965B12D274
:100F500ECDC34FADB7B0E038403C90CE34B56663EC
:100F600EBA0F681D675130E412C4CF4042F11BDD49
:100F700E0AEAE751FDD36EE0E1A7E0AF9A1E447690
:100F800EB0D8077802E23D1147623F257BE89E16F6
:100F900E7F5322EB32A8365873105DB63C5F30B3E8
:100FA00E6A6EC4956749BBDCACD2E1C96368916BCC
:100FB00EDF0F4EF08174CE7C77846947B1B7950D03
:100FC00EBC1D946EA50181D3644282529B757CDF59
:100FD00E800BE34A6874D3229C2F303C1C03E39AA7
:100FE00E61EF92B7A59DD13372B0866731E344A805
:100FF00E4C6D69F40F238A4AF772A2840620AF3231
:1010000E4B392A5414501C9FB14C0F3C698B57BB63
:1010100E975A24BC9B8CD4BB922CB50FE30099013C
:1010200E26ED7BE5FD8C188E0BD2FDFB9D6EB8B9BF
:1010300E8AB82FB1F29674F7897497CBA3B45C6813
:1010400E2C71C051116D88D906E3B76E20E7C78D9C
:1010500E98FDF17FE5E7C57A25A7240C020B7751A1
:1010600EB25C33B8D74EC1978F7CA13F5BAE0117F0
:1010700EA486D65601BEC27EB4DE53E5DC9B37870E
:1010800EB79CC46E3DADF29E18C865A02CEF0A67E2
:1010900E1AA125782D318055249AAD5B6506DE8028
:1010A00ED609EA885D0715B85E63DDAAD25A271EF7
:1010B00EE01C18C85E2D6366892FF117816BF090C6
:1010C00EBAD9FE04CF16D1FD54D46E3EA65179E6A0
:1010D00E1B83BFC4F93883A2105803FEF9A08B48B6
:1010E00E29B1B10195F327BBD112F484F678A8CDBE
:1010F00E3DD6B19439BD03D30BD30F56B392B61967
:1011000E7200FB5F9589DD329E12951D59C58C3795
:1011100E42A27162C008F6D61FA35E2071310A9EEC
:1011200E4DC5F16BAFA764287D9B1B74DE900D5DE2
:1011300E5FEBFA90FD879645EE06BB4C9CBD0EEB21
:1011400E37914E9E341D447C84B9B7F5A3C960D740
:1011500EFC1B7F5E3FC64253E46308EFDAED459910
:1011600EAD5019D5D64C07B670A7ED7C9214CDECC8
:1011700EDC8B4697B65169BEE7BDBF255D63184D42
:1011800E10EE85A405C9BBF36A0AED51995556CBED
:1011900ED83F03AFF25F78DEBA765A248A08770317
:1011A00EBD70D57083FA2F0C253B006CB0EE6F1F0F
:1011B00E2869E2D365ECAB2E9D49F1E7DEF728C72F
:1011C00E453462A0FF61203940D091FB77A662259D
:1011D00EAAC5837D3F1B7F06B325F8A936AAE199E0
:1011E00EF4963D48273C246382E124A6CAAD8D6C5B
:1011F00E4C2C706C142663A03C223B91203E67253C
:1012000E1C6A890F7DC5A82188B2107E07D65BD4D3
:1012100E8D29765FBA5CCBEBC58AA3955F9885FE68
:1012200EF4AF90C21169E3976EF92015B287099F4A
:1012300E9A9841C1ABCB16D55AF086FD6EEA645230
:1012400E01719E073F1927320B379362C2A7D470E4
:1012500E9CFD86AB7A6460CFB99A5B0C5DE35593C7
:1012600E060A77AA2C66408903AF8BF5740D1064BD
:1012700E305C8B693500C899248F42496893A1E58B
:1012800E683CCD878B3F6C11CD8CEA414C4AAED574
:1012900EF4DC5B8295CA4DEA1C60A24AE2B95A2E72
:1012A00E9D9DBCB070E358A008A8A76564AE51B868
:1012B00E3F2232FC5117A83726DDF394B410C262D8
:1012C00E6EDE014E5E1A1E4EBF516F442CF0921F01
:1012D00E9B190C36F134C643E9CA342C1B1CE67B31
:1012E00EB211FFDE38793A164E1FBA5D74CD0F5B20
:1012F00E94B7888A9B610D6AB782167CBE1996F7E1
:1013000ED5B54DC12FE177F3EFF01C01F4DA755A24
:1013100E0784BDB95DBD91A5B79F5013227569B203
:1013200ED805283ECB2A34D75271514BF79C6B17F8
:1013300EDE300CB948556AFCE60D90FB4DE9723073
:1013400E358858AC85FAEEDB9017B8244722AD5499
:1013500E63D7DF7E32B634861171EA0DBCCBAAE5B7
:1013600E7A3885BCD43E04488E78896EE87BD0BD31
:1013700E12AE619B7549A361803F1CB42306B294E3
:1013800E9CFEDA5B8A18978292F4D0EF65778C2FE9
:1013900EFCCB4B4AF7F9C70CE5198B3AC77ED01236
:1013A00E27A073CB530246E4712E93ABB82DFFA04A
:1013B00E4799056C2DB6CB019731C9B87DD94195AA
:1013C00EAB43B9AACEDE69DE804EE5CD3AC16A04E2
:1013D00ED2504B3C3F22D61B1D5FE950C60DFD8BF4
:1013E00EA64EC0B0FB2BC41A11843FA50B416E79DB
:1013F00EDBB9A1DA9614969C5A6002DBCC7738EEF4
:1014000EA4ADF24262244A65D5171CB01AABC2A035
:1014100EE51AE0BDEF9B6D53CE0C602B7A3629BCDE
:1014200E297C166A759E12884799B9EEB14D034014
:1014300EABB8AFF50B7689D72F69EF180D3F9978BA
:1014400EC6AFA9678B72BAA701579BE2CB4CF508C2
:1014500E627850C642028DBBB10D2FCA90C9BD9E97
:1014600EB9E3BB6CA2B4DD8079FEEE56890BE7447E
:1014700E0FDEE31C93C249BCFE817E7E78BF7039BD
:1014800E939E09E133D3AD8988564291DC5A1AE214
:1014900E59972414ECD11B93BA0C6D61C83FF546D5
:1014A00E78E86BB1D55C23990CEF36D05B6415E20E
:1014B00E087FA89C39D48008BBC324038F306D41AC
:1014C00E208CB3E49F48C26C1F65F1D4D7B5122CA3
:1014D00E3F549366836BB874058DBB43B237DDA75B
:1014E00EBD2A0500A94F8FD3E9453A01B77BE3BB6F
:1014F00EB3C0E431CE3705F5BB2E37AD68080EE725
:1015000EF87AF735019108DE0DDD06E363C49E33EC
:1015100E59BFAC55FF9513B30A02A2C5C9FC718E13
:1015200EA246F3536979ADDED68E15C4357342FBF0
:1015300E91A3128181D55365199EB4F06B8101C1BF
:1015400EBFF2A5E19A9AA6E0B79ED604339A282454
:1015500E63B11E4D85BA29DF310ECB0C19E95ED26F
:1015600E5ECF932CA6A8305B1F2D54CBC03698A609
:1015700E80612755E36684D6D5D734E935CD7E51C3
:1015800E3AF1E7366044F553307BDB298339766ECA
:1015900E6649C1C720C858F608BC0C4E3E28ECED73
:1015A00EE2719ECB3A15D7128CE9AB24AC70527C0B
:1015B00EDC0097EFE01C5EB561DB3511B2CB683B0A
:1015C00E34B8D51D29F90B80DFB921C8DDD9CA7110
:1015D00ED9C6FF96E3CCF7C24AEA54C22761D9595D
:1015E00E0C0F0068904A0A22B3C9CEDB6DABDB62EA
:1015F00EBB32EF9275338341017A0C666E779E2A69
:1016000E63A0DC829C622F86B7FBD9EBC59F2C01B1
:1016100E16A7822664A0CCA9F9773EBDA0F070C1B2
:1016200E5FDE7895CFB7A33D31C9DCB11C4F63C8DF
:1016300E6D0FE7D784F5B8436C6656EC778D2D0E9B
:1016400EF87856DF2218D9C92344674ABE040F1F03
:1016500ED22B28E516ADAC7FAFFFCF1630CBE1DF36
:1016600E2C2AA871AB35B81833D3B3DAF7571B97BA
:1016700EF3B87DF6EB0CF99BA1B209661C04C2E32C
:1016800E35C95AD8071EA786BA03C9C87683827091
:1016900EBF3F36859BF7D613D7BB8BD7F80F683471
:1016A00ED8BA8E227BF6B2E00E515DED52FAF5916C
:1016B00E883D6FF1F7D6D02391D58923EBBCCFF0BF
:1016C00E6438784ACAE33D4C5999EDAC1D445D042B
:1016D00EA3AFCB78F487996BEFFF54DE6A59E90D0F
:1016E00EB846F9389401B3FE8F3CA539DBC62E45BA
:1016F00E73222D1C0F3C475033790B7A98043DFE14
:1017000E4141D5658D2DB5B5FDDBA0A4AB5959BCB6
:1017100E06FCC2F6918AB7072BD15372974A682DF1
:1017200E86CD05B7D5E9D60B7A0DABFF42F20AE5A9
:1017300E5A88BA45B157DE17853E916BDD7E415111
:1017400EA3FCD7E9A05E5EF47612DF3DF922C11844
:1017500EE4F674CA1BFB34BBC3F28614BF402117D8
:1017600E910EFA8F27AD6B72D6E3ED0E9893B52BD3
:1017700E05ED9D9CA9009C5E297FC33FAE42EFA361
:1017800E470384B43306FF8374746E05918B86CF42
:1017900E7523A5DC8F882AEC37BCADD967F910B458
:1017A00E7EAD652B9F2473D7DB407D4ABD0EB5F110
:1017B00ED402D5448E66E4280196A8B9630ADB4CA0
:1017C00EBA617BE0AB5DB5617ED31977D81907128C
:1017D00E1EB7BF026F78C228ED640033ED9F8417E9
:1017E00EBA0A10D3C2DF901E3DFF6697B58F380A36
:1017F00ED2931F40BFF413C174B5A8394B019B118E
:1018000EB1196B91F4DD91A40B8E9A59E73A14A09D
:1018100EBAB9A28410C488A6D10392EA2CDDE14A9B
:1018200EE6B694A034A837EBB0BD6C6CFEBA22E0DD
:1018300EB23F54837B38C688CF9FBFCF3AAE40E3CA
:1018400E9E1758FF6120F1B24CC62CED6B41D03A79
:1018500E988026A6BA01063289AA81ABBE45386D9C
:1018600E09F98365F5F6570738F338E771C40F07A2
:1018700E7497038595B4F8D39EF72C44421FDC145D
:1018800E12426EDEE78ACD9F387C0BB6574B6D1435
:1018900E1DE5535F0F949EC6C03D02B6E2CAD10746
:1018A00E1664FB4D75B0F3B1244E825D09124312DE
:1018B00E8DBEEF310E77327646578F87D7D81018F8
:1018C00EF7F2698EF1820B0254B296F5EBFDA7D4B6
:1018D00EC82EE31594685DD0B2A28197EA08E3841E
:1018E00EF31CCA1D5AEFC42150DFE471C832A60999
:1018F00E9957E49051372799BB20289DCF01DF7768
:1019000E2687C74F274B56826B887EB7754C1F4F65
:1019100E313B42F69AC3F81F0FCA0DDFCCCDAA6E2B
:1019200E1FBCD254F66EEBA8615C1D128C69BE60B2
:1019300E83BBF8016AAE86F8E2379EDA5CEB9F56FF
:1019400EDECD7B7DFF3265B6E36DD92CA4754BA53C
:1019500EAD738C53D62D501995F0CC8C9CB3479B00
:1019600E1E316026FADF5688395F759C3A0B308D32
:1019700E7F050A3432393D3F67E043DE45F6E9180C
:1019800E91A0B3D639D1D85861358D27533D1A6FF2
:1019900EB8275A62E72AA9AFA08D83535E2E3EB3B5
:1019A00E9082E96EC10CE64D250A93FC58CF4CE6A9
:1019B00EDDD18F523A4559A5A3C5ADFB4F5E2ECC56
:1019C00E970E0E08EEF81656EA3E6A5B0A727C22F5
:1019D00EFE466795BB3030287E14B35AC14A5D71FE
:1019E00EF94E49FFE112D876000000000000000019
